{"credit":"Naruto RPG","textures":{"0":"kamui:item/kamui_traspaso","1":"kamui:item/kamui_apuntado","particle":"kamui:item/kamui_traspaso"},"elements":[{"from":[-1,0,2],"to":[17,19,2],"rotation":{"angle":45,"axis":"y","origin":[8,9.5,2]},"faces":{"north":{"uv":[0,0,16,16],"texture":"#0"},"east":{"uv":[0,0,16,16],"texture":"#0"},"south":{"uv":[16,0,0,16],"texture":"#0"},"west":{"uv":[0,0,16,16],"texture":"#0"},"up":{"uv":[0,0,16,16],"texture":"#0"},"down":{"uv":[0,0,16,16],"texture":"#0"}}},{"from":[-1,0,2],"to":[17,19,2],"rotation":{"angle":-45,"axis":"y","origin":[8,9.5,2]},"faces":{"north":{"uv":[0,0,16,16],"texture":"#0"},"east":{"uv":[0,0,16,16],"texture":"#0"},"south":{"uv":[16,0,0,16],"texture":"#0"},"west":{"uv":[0,0,16,16],"texture":"#0"},"up":{"uv":[0,0,16,16],"texture":"#0"},"down":{"uv":[0,0,16,16],"texture":"#0"}}},{"from":[8,0,-7],"to":[8,19,11],"rotation":{"angle":0,"axis":"y","origin":[8,9.5,2]},"faces":{"north":{"uv":[0,0,16,16],"texture":"#0"},"east":{"uv":[0,0,16,16],"texture":"#0"},"south":{"uv":[0,0,16,16],"texture":"#0"},"west":{"uv":[16,0,0,16],"texture":"#0"},"up":{"uv":[0,0,16,16],"rotation":90,"texture":"#0"},"down":{"uv":[0,0,16,16],"rotation":270,"texture":"#0"}}},{"from":[6.88077,12.185,-2.88236],"to":[12.17277,17.771,-2.88236],"rotation":{"angle":-22.5,"axis":"y","origin":[9.52677,14.553,-2.88236]},"faces":{"north":{"uv":[0,0,16,16],"texture":"#1"},"east":{"uv":[0,0,16,16],"texture":"#1"},"south":{"uv":[16,0,0,16],"texture":"#1"},"west":{"uv":[0,0,16,16],"texture":"#1"},"up":{"uv":[0,0,16,16],"texture":"#1"},"down":{"uv":[0,0,16,16],"texture":"#1"}}},{"from":[6.88077,12.185,-2.88236],"to":[12.17277,17.771,-2.88236],"rotation":{"angle":22.5,"axis":"y","origin":[9.52677,14.553,-2.88236]},"faces":{"north":{"uv":[0,0,16,16],"texture":"#1"},"east":{"uv":[0,0,16,16],"texture":"#1"},"south":{"uv":[16,0,0,16],"texture":"#1"},"west":{"uv":[0,0,16,16],"texture":"#1"},"up":{"uv":[0,0,16,16],"texture":"#1"},"down":{"uv":[0,0,16,16],"texture":"#1"}}}],"display":{"head":{"translation":[-0.5,-68.25,12.5],"scale":[2.5,3,2]}}}