{"credit":"Naruto RPG","textures":{"0":"kamui:item/kamui_portal_1","1":"kamui:item/kamui_portal_2","particle":"kamui:item/kamui_portal_1"},"elements":[{"from":[-6.04,0,8],"to":[22.04,29.64,8],"rotation":{"angle":22.5,"axis":"y","origin":[8,14.82,8]},"faces":{"north":{"uv":[16,0,0,16],"texture":"#0"},"east":{"uv":[0,0,16,16],"texture":"#0"},"south":{"uv":[0,0,16,16],"texture":"#0"},"west":{"uv":[0,0,16,16],"texture":"#0"},"up":{"uv":[0,0,16,16],"rotation":180,"texture":"#0"},"down":{"uv":[0,0,16,16],"rotation":180,"texture":"#0"}}},{"from":[-6.04,0,8],"to":[22.04,29.64,8],"rotation":{"angle":-22.5,"axis":"y","origin":[8,14.82,8]},"faces":{"north":{"uv":[16,0,0,16],"texture":"#0"},"east":{"uv":[0,0,16,16],"texture":"#0"},"south":{"uv":[0,0,16,16],"texture":"#0"},"west":{"uv":[0,0,16,16],"texture":"#0"},"up":{"uv":[0,0,16,16],"rotation":180,"texture":"#0"},"down":{"uv":[0,0,16,16],"rotation":180,"texture":"#0"}}},{"from":[-6.04,14.82,-16],"to":[22.04,14.82,32],"rotation":{"angle":-22.5,"axis":"x","origin":[8,14.82,8]},"faces":{"north":{"uv":[0,0,16,16],"texture":"#1"},"east":{"uv":[0,0,16,16],"rotation":270,"texture":"#1"},"south":{"uv":[0,0,16,16],"rotation":180,"texture":"#1"},"west":{"uv":[0,0,16,16],"rotation":90,"texture":"#1"},"up":{"uv":[16,0,0,16],"rotation":180,"texture":"#1"},"down":{"uv":[0,0,16,16],"texture":"#1"}}},{"from":[-16,14.82,-6.04],"to":[32,14.82,22.04],"rotation":{"angle":22.5,"axis":"z","origin":[8,14.82,8]},"faces":{"north":{"uv":[0,0,16,16],"rotation":90,"texture":"#1"},"east":{"uv":[0,0,16,16],"texture":"#1"},"south":{"uv":[0,0,16,16],"rotation":270,"texture":"#1"},"west":{"uv":[0,0,16,16],"rotation":180,"texture":"#1"},"up":{"uv":[16,0,0,16],"rotation":270,"texture":"#1"},"down":{"uv":[0,0,16,16],"rotation":270,"texture":"#1"}}},{"from":[-16,14.82,-6.04],"to":[32,14.82,22.04],"rotation":{"angle":-22.5,"axis":"z","origin":[8,14.82,8]},"faces":{"north":{"uv":[0,0,16,16],"rotation":90,"texture":"#1"},"east":{"uv":[0,0,16,16],"texture":"#1"},"south":{"uv":[0,0,16,16],"rotation":270,"texture":"#1"},"west":{"uv":[0,0,16,16],"rotation":180,"texture":"#1"},"up":{"uv":[16,0,0,16],"rotation":270,"texture":"#1"},"down":{"uv":[0,0,16,16],"rotation":270,"texture":"#1"}}},{"from":[-6.04,14.82,-16],"to":[22.04,14.82,32],"rotation":{"angle":22.5,"axis":"x","origin":[8,14.82,8]},"faces":{"north":{"uv":[0,0,16,16],"texture":"#1"},"east":{"uv":[0,0,16,16],"rotation":270,"texture":"#1"},"south":{"uv":[0,0,16,16],"rotation":180,"texture":"#1"},"west":{"uv":[0,0,16,16],"rotation":90,"texture":"#1"},"up":{"uv":[16,0,0,16],"rotation":180,"texture":"#1"},"down":{"uv":[0,0,16,16],"texture":"#1"}}}],"display":{"head":{"translation":[-0.5,-42,0.5],"scale":[4,4,4]}}}