{"providers":[{"file":"char/black.png","chars":[""],"height":1,"ascent":-5000,"type":"bitmap"},{"file":"char/black.png","chars":[""],"height":2,"ascent":-5000,"type":"bitmap"},{"file":"char/black.png","chars":[""],"height":3,"ascent":-5000,"type":"bitmap"},{"file":"char/black.png","chars":[""],"height":4,"ascent":-5000,"type":"bitmap"},{"file":"char/black.png","chars":[""],"height":5,"ascent":-5000,"type":"bitmap"},{"file":"char/black.png","chars":[""],"height":6,"ascent":-5000,"type":"bitmap"},{"file":"char/black.png","chars":[""],"height":7,"ascent":-5000,"type":"bitmap"},{"file":"char/black.png","chars":[""],"height":15,"ascent":-5000,"type":"bitmap"},{"file":"char/black.png","chars":[""],"height":31,"ascent":-5000,"type":"bitmap"},{"file":"char/black.png","chars":[""],"height":63,"ascent":-5000,"type":"bitmap"},{"file":"char/black.png","chars":[""],"height":127,"ascent":-5000,"type":"bitmap"},{"file":"char/black.png","chars":[""],"height":256,"ascent":-5000,"type":"bitmap"},{"file":"char/black.png","chars":[""],"height":512,"ascent":-5000,"type":"bitmap"},{"file":"char/black.png","chars":[""],"height":1024,"ascent":-5000,"type":"bitmap"},{"file":"char/black.png","chars":[""],"height":-3,"ascent":-5000,"type":"bitmap"},{"file":"char/black.png","chars":[""],"height":-4,"ascent":-5000,"type":"bitmap"},{"file":"char/black.png","chars":[""],"height":-5,"ascent":-5000,"type":"bitmap"},{"file":"char/black.png","chars":[""],"height":-6,"ascent":-5000,"type":"bitmap"},{"file":"char/black.png","chars":[""],"height":-7,"ascent":-5000,"type":"bitmap"},{"file":"char/black.png","chars":[""],"height":-8,"ascent":-5000,"type":"bitmap"},{"file":"char/black.png","chars":[""],"height":-9,"ascent":-5000,"type":"bitmap"},{"file":"char/black.png","chars":[""],"height":-10,"ascent":-5000,"type":"bitmap"},{"file":"char/black.png","chars":[""],"height":-18,"ascent":-5000,"type":"bitmap"},{"file":"char/black.png","chars":[""],"height":-34,"ascent":-5000,"type":"bitmap"},{"file":"char/black.png","chars":[""],"height":-66,"ascent":-5000,"type":"bitmap"},{"file":"char/black.png","chars":[""],"height":-130,"ascent":-5000,"type":"bitmap"},{"file":"char/black.png","chars":[""],"height":-259,"ascent":-5000,"type":"bitmap"},{"file":"char/black.png","chars":[""],"height":-515,"ascent":-5000,"type":"bitmap"},{"file":"char/black.png","chars":[""],"height":-1027,"ascent":-5000,"type":"bitmap"},{"file":"_iainternal:hud/small_cooldown_bar/0.png","chars":[""],"height":22,"ascent":-42,"type":"bitmap"},{"file":"_iainternal:hud/small_cooldown_bar/1.png","chars":[""],"height":22,"ascent":-42,"type":"bitmap"},{"file":"_iainternal:hud/small_cooldown_bar/2.png","chars":[""],"height":22,"ascent":-42,"type":"bitmap"},{"file":"_iainternal:hud/small_cooldown_bar/3.png","chars":[""],"height":22,"ascent":-42,"type":"bitmap"},{"file":"_iainternal:hud/small_cooldown_bar/4.png","chars":[""],"height":22,"ascent":-42,"type":"bitmap"},{"file":"_iainternal:hud/small_cooldown_bar/5.png","chars":[""],"height":22,"ascent":-42,"type":"bitmap"},{"file":"_iainternal:hud/small_cooldown_bar/6.png","chars":[""],"height":22,"ascent":-42,"type":"bitmap"},{"file":"_iainternal:hud/small_cooldown_bar/7.png","chars":[""],"height":22,"ascent":-42,"type":"bitmap"},{"file":"_iainternal:hud/small_cooldown_bar/8.png","chars":[""],"height":22,"ascent":-42,"type":"bitmap"},{"file":"_iainternal:hud/small_cooldown_bar/9.png","chars":[""],"height":22,"ascent":-42,"type":"bitmap"},{"file":"_iainternal:hud/small_cooldown_bar/10.png","chars":[""],"height":22,"ascent":-42,"type":"bitmap"},{"file":"_iainternal:hud/small_cooldown_bar/11.png","chars":[""],"height":22,"ascent":-42,"type":"bitmap"},{"file":"_iainternal:hud/small_cooldown_bar/12.png","chars":[""],"height":22,"ascent":-42,"type":"bitmap"},{"file":"_iainternal:hud/small_cooldown_bar/13.png","chars":[""],"height":22,"ascent":-42,"type":"bitmap"},{"file":"_iainternal:hud/small_cooldown_bar/14.png","chars":[""],"height":22,"ascent":-42,"type":"bitmap"},{"file":"_iainternal:hud/small_cooldown_bar/15.png","chars":[""],"height":22,"ascent":-42,"type":"bitmap"},{"file":"_iainternal:hud/small_cooldown_bar/16.png","chars":[""],"height":22,"ascent":-42,"type":"bitmap"},{"file":"_iainternal:hud/small_cooldown_bar/17.png","chars":[""],"height":22,"ascent":-42,"type":"bitmap"},{"file":"_iainternal:hud/small_cooldown_bar/18.png","chars":[""],"height":22,"ascent":-42,"type":"bitmap"},{"file":"_iainternal:hud/small_cooldown_bar/19.png","chars":[""],"height":22,"ascent":-42,"type":"bitmap"},{"file":"_iainternal:hud/small_cooldown_bar/20.png","chars":[""],"height":22,"ascent":-42,"type":"bitmap"},{"file":"battlepass:font/battlepass/portal.png","chars":[""],"height":170,"ascent":47,"type":"bitmap"},{"file":"battlepass:font/battlepass/daily_quests.png","chars":[""],"height":170,"ascent":47,"type":"bitmap"},{"file":"battlepass:font/battlepass/week.png","chars":[""],"height":170,"ascent":47,"type":"bitmap"},{"file":"battlepass:font/battlepass/quest_overview.png","chars":[""],"height":170,"ascent":47,"type":"bitmap"},{"file":"battlepass:font/battlepass/rewards.png","chars":[""],"height":170,"ascent":47,"type":"bitmap"},{"file":"battlepass:font/battlepass/progress_bar.png","chars":[""],"height":9,"ascent":8,"type":"bitmap"},{"file":"battlepass:font/battlepass/bp.png","chars":[""],"height":9,"ascent":8,"type":"bitmap"},{"file":"_iainternal:gui/no_recipe.png","chars":[""],"height":170,"ascent":47,"type":"bitmap"},{"file":"_iainternal:gui/crafting.png","chars":[""],"height":170,"ascent":47,"type":"bitmap"},{"file":"_iainternal:gui/cooking.png","chars":[""],"height":170,"ascent":47,"type":"bitmap"},{"file":"_iainternal:gui/blank_menu.png","chars":[""],"height":170,"ascent":47,"type":"bitmap"},{"file":"_iainternal:gui/anvil_repair.png","chars":[""],"height":170,"ascent":47,"type":"bitmap"},{"file":"_iainternal:gui/smithing.png","chars":[""],"height":170,"ascent":47,"type":"bitmap"},{"file":"_iainternal:gui/bg_herramientas.png","chars":[""],"height":256,"ascent":86,"type":"bitmap"},{"file":"_iainternal:gui/bg_atributos.png","chars":[""],"height":256,"ascent":86,"type":"bitmap"},{"file":"_iainternal:gui/bg_perfil.png","chars":[""],"height":256,"ascent":86,"type":"bitmap"},{"file":"_iainternal:gui/bg_atuendos.png","chars":[""],"height":256,"ascent":31,"type":"bitmap"},{"file":"_iainternal:gui/bg_armas.png","chars":[""],"height":256,"ascent":31,"type":"bitmap"},{"file":"_iainternal:gui/bg_sopas.png","chars":[""],"height":256,"ascent":31,"type":"bitmap"},{"file":"_iainternal:gui/bg_restaurante.png","chars":[""],"height":256,"ascent":31,"type":"bitmap"},{"file":"_iainternal:gui/bg_bar.png","chars":[""],"height":256,"ascent":31,"type":"bitmap"},{"file":"_iainternal:gui/bg_medicinas.png","chars":[""],"height":256,"ascent":31,"type":"bitmap"},{"file":"_iainternal:gui/bg_tienda_comprar.png","chars":[""],"height":256,"ascent":31,"type":"bitmap"},{"file":"_iainternal:gui/bg_tienda_comprar_mas.png","chars":[""],"height":256,"ascent":31,"type":"bitmap"},{"file":"_iainternal:gui/bg_tienda_vender.png","chars":[""],"height":256,"ascent":31,"type":"bitmap"},{"file":"_iainternal:gui/bg_tienda_vender_mas.png","chars":[""],"height":256,"ascent":31,"type":"bitmap"},{"file":"_iainternal:gui/bg_cofresabio.png","chars":[""],"height":256,"ascent":84,"type":"bitmap"},{"file":"_iainternal:gui/bg_cofreclan.png","chars":[""],"height":256,"ascent":84,"type":"bitmap"},{"file":"_iainternal:gui/bg_linaje.png","chars":[""],"height":256,"ascent":84,"type":"bitmap"},{"file":"_iainternal:gui/bg_titulos.png","chars":[""],"height":256,"ascent":31,"type":"bitmap"},{"file":"_iainternal:gui/bg_packs_sabio.png","chars":[""],"height":256,"ascent":31,"type":"bitmap"},{"file":"_iainternal:gui/bg_packs_clan.png","chars":[""],"height":256,"ascent":31,"type":"bitmap"},{"file":"_iainternal:gui/bg_packs.png","chars":[""],"height":256,"ascent":31,"type":"bitmap"},{"file":"emojis:amongus.png","chars":[""],"height":10,"ascent":8,"type":"bitmap"},{"file":"emojis:eyes.png","chars":[""],"height":10,"ascent":8,"type":"bitmap"},{"file":"emojis:joy.png","chars":[""],"height":10,"ascent":8,"type":"bitmap"},{"file":"emojis:joy_2.png","chars":[""],"height":10,"ascent":8,"type":"bitmap"},{"file":"emojis:angel.png","chars":[""],"height":10,"ascent":8,"type":"bitmap"},{"file":"emojis:stunned.png","chars":[""],"height":10,"ascent":8,"type":"bitmap"},{"file":"emojis:skull.png","chars":[""],"height":10,"ascent":8,"type":"bitmap"},{"file":"emojis:confused.png","chars":[""],"height":10,"ascent":8,"type":"bitmap"},{"file":"emojis:confused_2.png","chars":[""],"height":10,"ascent":8,"type":"bitmap"},{"file":"emojis:frozen.png","chars":[""],"height":10,"ascent":8,"type":"bitmap"},{"file":"emojis:contagious.png","chars":[""],"height":10,"ascent":8,"type":"bitmap"},{"file":"emojis:dislike.png","chars":[""],"height":10,"ascent":8,"type":"bitmap"},{"file":"emojis:sleeping.png","chars":[""],"height":10,"ascent":8,"type":"bitmap"},{"file":"emojis:elegant.png","chars":[""],"height":10,"ascent":8,"type":"bitmap"},{"file":"emojis:fachero.png","chars":[""],"height":10,"ascent":8,"type":"bitmap"},{"file":"emojis:fascinated.png","chars":[""],"height":10,"ascent":8,"type":"bitmap"},{"file":"emojis:angry.png","chars":[""],"height":10,"ascent":8,"type":"bitmap"},{"file":"emojis:wink.png","chars":[""],"height":10,"ascent":8,"type":"bitmap"},{"file":"emojis:scream.png","chars":[""],"height":10,"ascent":8,"type":"bitmap"},{"file":"emojis:like.png","chars":[""],"height":10,"ascent":8,"type":"bitmap"},{"file":"emojis:cry.png","chars":[""],"height":10,"ascent":8,"type":"bitmap"},{"file":"emojis:nerd.png","chars":[""],"height":10,"ascent":8,"type":"bitmap"},{"file":"emojis:nausea.png","chars":[""],"height":10,"ascent":8,"type":"bitmap"},{"file":"emojis:eyes_hearts.png","chars":[""],"height":10,"ascent":8,"type":"bitmap"},{"file":"emojis:concerned.png","chars":[""],"height":10,"ascent":8,"type":"bitmap"},{"file":"emojis:pull_tongue.png","chars":[""],"height":10,"ascent":8,"type":"bitmap"},{"file":"emojis:without_expresion.png","chars":[""],"height":10,"ascent":8,"type":"bitmap"},{"file":"emojis:smiling.png","chars":[""],"height":10,"ascent":8,"type":"bitmap"},{"file":"emojis:sad.png","chars":[""],"height":10,"ascent":8,"type":"bitmap"},{"file":"emojis:sad_2.png","chars":[""],"height":10,"ascent":8,"type":"bitmap"},{"file":"emojis:vomit.png","chars":[""],"height":10,"ascent":8,"type":"bitmap"},{"file":"emojis:heart.png","chars":["ඣ"],"height":10,"ascent":8,"type":"bitmap"},{"file":"emojis:chakra_icon.png","chars":["ට"],"height":10,"ascent":8,"type":"bitmap"},{"file":"emojis:broken_heart.png","chars":[""],"height":10,"ascent":8,"type":"bitmap"},{"file":"emojis:yellow_heart.png","chars":[""],"height":10,"ascent":8,"type":"bitmap"},{"file":"emojis:green_heart.png","chars":[""],"height":10,"ascent":8,"type":"bitmap"},{"file":"emojis:purple_heart.png","chars":[""],"height":10,"ascent":8,"type":"bitmap"},{"file":"emojis:blue_heart.png","chars":[""],"height":10,"ascent":8,"type":"bitmap"},{"file":"emojis:gif.png","chars":[""],"height":10,"ascent":8,"type":"bitmap"},{"file":"emojis:demon.png","chars":[""],"height":10,"ascent":8,"type":"bitmap"},{"file":"emojis:to_sigh.png","chars":[""],"height":10,"ascent":8,"type":"bitmap"},{"file":"emojis:sneeze.png","chars":[""],"height":10,"ascent":8,"type":"bitmap"},{"file":"emojis:gg.png","chars":[""],"height":10,"ascent":8,"type":"bitmap"},{"file":"emojis:hoja.png","chars":[""],"height":9,"ascent":8,"type":"bitmap"},{"file":"emojis:pergamino.png","chars":[""],"height":9,"ascent":8,"type":"bitmap"},{"file":"emojis:requisitos.png","chars":[""],"height":9,"ascent":8,"type":"bitmap"},{"file":"emojis:atk.png","chars":["𐌲"],"height":9,"ascent":8,"type":"bitmap"},{"file":"emojis:def.png","chars":["𐌳"],"height":9,"ascent":8,"type":"bitmap"},{"file":"emojis:jut.png","chars":["𐌴"],"height":9,"ascent":8,"type":"bitmap"},{"file":"emojis:dex.png","chars":["𐌵"],"height":9,"ascent":8,"type":"bitmap"},{"file":"emojis:cons.png","chars":["𐌶"],"height":9,"ascent":8,"type":"bitmap"},{"file":"emojis:hp.png","chars":["𐍉"],"height":9,"ascent":8,"type":"bitmap"},{"file":"emojis:chakra.png","chars":["𐌾"],"height":9,"ascent":8,"type":"bitmap"},{"file":"emojis:nivel.png","chars":["𐌰"],"height":9,"ascent":8,"type":"bitmap"},{"file":"emojis:nivel1.png","chars":[""],"height":9,"ascent":8,"type":"bitmap"},{"file":"emojis:nivel2.png","chars":[""],"height":9,"ascent":8,"type":"bitmap"},{"file":"emojis:nivel3.png","chars":[""],"height":9,"ascent":8,"type":"bitmap"},{"file":"emojis:nivel4.png","chars":[""],"height":9,"ascent":8,"type":"bitmap"},{"file":"emojis:nivel5.png","chars":[""],"height":9,"ascent":8,"type":"bitmap"},{"file":"emojis:nivel6.png","chars":[""],"height":9,"ascent":8,"type":"bitmap"},{"file":"emojis:nivel7.png","chars":[""],"height":9,"ascent":8,"type":"bitmap"},{"file":"emojis:nivel8.png","chars":[""],"height":9,"ascent":8,"type":"bitmap"},{"file":"emojis:nivel9.png","chars":[""],"height":9,"ascent":8,"type":"bitmap"},{"file":"emojis:nivel10.png","chars":[""],"height":9,"ascent":8,"type":"bitmap"},{"file":"emojis:nivel11.png","chars":[""],"height":9,"ascent":8,"type":"bitmap"},{"file":"emojis:nivel12.png","chars":[""],"height":9,"ascent":8,"type":"bitmap"},{"file":"emojis:nivel13.png","chars":[""],"height":9,"ascent":8,"type":"bitmap"},{"file":"emojis:nivel14.png","chars":[""],"height":9,"ascent":8,"type":"bitmap"},{"file":"emojis:nivel15.png","chars":[""],"height":9,"ascent":8,"type":"bitmap"},{"file":"emojis:nivel16.png","chars":[""],"height":9,"ascent":8,"type":"bitmap"},{"file":"emojis:nivel17.png","chars":[""],"height":9,"ascent":8,"type":"bitmap"},{"file":"emojis:nivel18.png","chars":[""],"height":9,"ascent":8,"type":"bitmap"},{"file":"emojis:nivel19.png","chars":[""],"height":9,"ascent":8,"type":"bitmap"},{"file":"emojis:nivel20.png","chars":[""],"height":9,"ascent":8,"type":"bitmap"},{"file":"emojis:nivel21.png","chars":[""],"height":9,"ascent":8,"type":"bitmap"},{"file":"emojis:nivel22.png","chars":[""],"height":9,"ascent":8,"type":"bitmap"},{"file":"emojis:nivel23.png","chars":[""],"height":9,"ascent":8,"type":"bitmap"},{"file":"emojis:nivel24.png","chars":[""],"height":9,"ascent":8,"type":"bitmap"},{"file":"emojis:nivel25.png","chars":[""],"height":9,"ascent":8,"type":"bitmap"},{"file":"emojis:nivel26.png","chars":[""],"height":9,"ascent":8,"type":"bitmap"},{"file":"emojis:nivel27.png","chars":[""],"height":9,"ascent":8,"type":"bitmap"},{"file":"emojis:nivel28.png","chars":[""],"height":9,"ascent":8,"type":"bitmap"},{"file":"emojis:nivel29.png","chars":[""],"height":9,"ascent":8,"type":"bitmap"},{"file":"emojis:nivel30.png","chars":[""],"height":9,"ascent":8,"type":"bitmap"},{"file":"emojis:nivel31.png","chars":[""],"height":9,"ascent":8,"type":"bitmap"},{"file":"emojis:nivel32.png","chars":[""],"height":9,"ascent":8,"type":"bitmap"},{"file":"emojis:nivel33.png","chars":[""],"height":9,"ascent":8,"type":"bitmap"},{"file":"emojis:nivel34.png","chars":[""],"height":9,"ascent":8,"type":"bitmap"},{"file":"emojis:nivel35.png","chars":[""],"height":9,"ascent":8,"type":"bitmap"},{"file":"emojis:nivel36.png","chars":[""],"height":9,"ascent":8,"type":"bitmap"},{"file":"emojis:nivel37.png","chars":[""],"height":9,"ascent":8,"type":"bitmap"},{"file":"emojis:nivel38.png","chars":[""],"height":9,"ascent":8,"type":"bitmap"},{"file":"emojis:nivel39.png","chars":[""],"height":9,"ascent":8,"type":"bitmap"},{"file":"emojis:nivel40.png","chars":[""],"height":9,"ascent":8,"type":"bitmap"},{"file":"emojis:nivel41.png","chars":[""],"height":9,"ascent":8,"type":"bitmap"},{"file":"emojis:nivel42.png","chars":[""],"height":9,"ascent":8,"type":"bitmap"},{"file":"emojis:nivel43.png","chars":[""],"height":9,"ascent":8,"type":"bitmap"},{"file":"emojis:nivel44.png","chars":[""],"height":9,"ascent":8,"type":"bitmap"},{"file":"emojis:nivel45.png","chars":[""],"height":9,"ascent":8,"type":"bitmap"},{"file":"emojis:nivel46.png","chars":[""],"height":9,"ascent":8,"type":"bitmap"},{"file":"emojis:nivel47.png","chars":[""],"height":9,"ascent":8,"type":"bitmap"},{"file":"emojis:nivel48.png","chars":[""],"height":9,"ascent":8,"type":"bitmap"},{"file":"emojis:nivel49.png","chars":[""],"height":9,"ascent":8,"type":"bitmap"},{"file":"emojis:nivel50.png","chars":[""],"height":9,"ascent":8,"type":"bitmap"},{"file":"emojis:nivel51.png","chars":[""],"height":9,"ascent":8,"type":"bitmap"},{"file":"emojis:nivel52.png","chars":[""],"height":9,"ascent":8,"type":"bitmap"},{"file":"emojis:nivel53.png","chars":[""],"height":9,"ascent":8,"type":"bitmap"},{"file":"emojis:nivel54.png","chars":[""],"height":9,"ascent":8,"type":"bitmap"},{"file":"emojis:nivel55.png","chars":[""],"height":9,"ascent":8,"type":"bitmap"},{"file":"emojis:nivel56.png","chars":[""],"height":9,"ascent":8,"type":"bitmap"},{"file":"emojis:nivel57.png","chars":[""],"height":9,"ascent":8,"type":"bitmap"},{"file":"emojis:nivel58.png","chars":[""],"height":9,"ascent":8,"type":"bitmap"},{"file":"emojis:nivel59.png","chars":[""],"height":9,"ascent":8,"type":"bitmap"},{"file":"emojis:nivel60.png","chars":[""],"height":9,"ascent":8,"type":"bitmap"},{"file":"emojis:nivel61.png","chars":[""],"height":9,"ascent":8,"type":"bitmap"},{"file":"emojis:nivel62.png","chars":[""],"height":9,"ascent":8,"type":"bitmap"},{"file":"emojis:nivel63.png","chars":[""],"height":9,"ascent":8,"type":"bitmap"},{"file":"emojis:nivel64.png","chars":[""],"height":9,"ascent":8,"type":"bitmap"},{"file":"emojis:nivel65.png","chars":[""],"height":9,"ascent":8,"type":"bitmap"},{"file":"emojis:nivel66.png","chars":[""],"height":9,"ascent":8,"type":"bitmap"},{"file":"emojis:nivel67.png","chars":[""],"height":9,"ascent":8,"type":"bitmap"},{"file":"emojis:nivel68.png","chars":[""],"height":9,"ascent":8,"type":"bitmap"},{"file":"emojis:nivel69.png","chars":[""],"height":9,"ascent":8,"type":"bitmap"},{"file":"emojis:nivel70.png","chars":[""],"height":9,"ascent":8,"type":"bitmap"},{"file":"emojis:nivel71.png","chars":[""],"height":9,"ascent":8,"type":"bitmap"},{"file":"emojis:nivel72.png","chars":[""],"height":9,"ascent":8,"type":"bitmap"},{"file":"emojis:nivel73.png","chars":[""],"height":9,"ascent":8,"type":"bitmap"},{"file":"emojis:nivel74.png","chars":[""],"height":9,"ascent":8,"type":"bitmap"},{"file":"emojis:nivel75.png","chars":[""],"height":9,"ascent":8,"type":"bitmap"},{"file":"emojis:nivel76.png","chars":[""],"height":9,"ascent":8,"type":"bitmap"},{"file":"emojis:nivel77.png","chars":[""],"height":9,"ascent":8,"type":"bitmap"},{"file":"emojis:nivel78.png","chars":[""],"height":9,"ascent":8,"type":"bitmap"},{"file":"emojis:nivel79.png","chars":[""],"height":9,"ascent":8,"type":"bitmap"},{"file":"emojis:nivel80.png","chars":[""],"height":9,"ascent":8,"type":"bitmap"},{"file":"emojis:nivel81.png","chars":[""],"height":9,"ascent":8,"type":"bitmap"},{"file":"emojis:nivel82.png","chars":[""],"height":9,"ascent":8,"type":"bitmap"},{"file":"emojis:nivel83.png","chars":[""],"height":9,"ascent":8,"type":"bitmap"},{"file":"emojis:nivel84.png","chars":[""],"height":9,"ascent":8,"type":"bitmap"},{"file":"emojis:nivel85.png","chars":[""],"height":9,"ascent":8,"type":"bitmap"},{"file":"emojis:nivel86.png","chars":[""],"height":9,"ascent":8,"type":"bitmap"},{"file":"emojis:nivel87.png","chars":[""],"height":9,"ascent":8,"type":"bitmap"},{"file":"emojis:nivel88.png","chars":[""],"height":9,"ascent":8,"type":"bitmap"},{"file":"emojis:nivel89.png","chars":[""],"height":9,"ascent":8,"type":"bitmap"},{"file":"emojis:nivel90.png","chars":[""],"height":9,"ascent":8,"type":"bitmap"},{"file":"emojis:nivel91.png","chars":[""],"height":9,"ascent":8,"type":"bitmap"},{"file":"emojis:nivel92.png","chars":[""],"height":9,"ascent":8,"type":"bitmap"},{"file":"emojis:nivel93.png","chars":[""],"height":9,"ascent":8,"type":"bitmap"},{"file":"emojis:nivel94.png","chars":[""],"height":9,"ascent":8,"type":"bitmap"},{"file":"emojis:nivel95.png","chars":[""],"height":9,"ascent":8,"type":"bitmap"},{"file":"emojis:nivel96.png","chars":[""],"height":9,"ascent":8,"type":"bitmap"},{"file":"emojis:nivel97.png","chars":[""],"height":9,"ascent":8,"type":"bitmap"},{"file":"emojis:nivel98.png","chars":[""],"height":9,"ascent":8,"type":"bitmap"},{"file":"emojis:nivel99.png","chars":[""],"height":9,"ascent":8,"type":"bitmap"},{"file":"emojis:nivel100.png","chars":[""],"height":9,"ascent":8,"type":"bitmap"},{"file":"emojis:prestigio1.png","chars":[""],"height":9,"ascent":8,"type":"bitmap"},{"file":"emojis:prestigio2.png","chars":[""],"height":9,"ascent":8,"type":"bitmap"},{"file":"emojis:prestigio3.png","chars":[""],"height":9,"ascent":8,"type":"bitmap"},{"file":"emojis:prestigio4.png","chars":[""],"height":9,"ascent":8,"type":"bitmap"},{"file":"emojis:prestigio5.png","chars":[""],"height":9,"ascent":8,"type":"bitmap"},{"file":"emojis:prestigio6.png","chars":[""],"height":9,"ascent":8,"type":"bitmap"},{"file":"emojis:prestigio7.png","chars":[""],"height":9,"ascent":8,"type":"bitmap"},{"file":"emojis:prestigio8.png","chars":[""],"height":9,"ascent":8,"type":"bitmap"},{"file":"emojis:prestigio9.png","chars":[""],"height":9,"ascent":8,"type":"bitmap"},{"file":"emojis:prestigio10.png","chars":[""],"height":9,"ascent":8,"type":"bitmap"},{"file":"emojis:prestigio11.png","chars":[""],"height":9,"ascent":8,"type":"bitmap"},{"file":"emojis:prestigio12.png","chars":[""],"height":9,"ascent":8,"type":"bitmap"},{"file":"emojis:prestigio13.png","chars":[""],"height":9,"ascent":8,"type":"bitmap"},{"file":"emojis:prestigio14.png","chars":[""],"height":9,"ascent":8,"type":"bitmap"},{"file":"emojis:prestigio15.png","chars":[""],"height":9,"ascent":8,"type":"bitmap"},{"file":"emojis:prestigio16.png","chars":[""],"height":9,"ascent":8,"type":"bitmap"},{"file":"emojis:prestigio17.png","chars":[""],"height":9,"ascent":8,"type":"bitmap"},{"file":"emojis:prestigio18.png","chars":[""],"height":9,"ascent":8,"type":"bitmap"},{"file":"emojis:prestigio19.png","chars":[""],"height":9,"ascent":8,"type":"bitmap"},{"file":"emojis:prestigio20.png","chars":[""],"height":9,"ascent":8,"type":"bitmap"},{"file":"emojis:prestigio21.png","chars":[""],"height":9,"ascent":8,"type":"bitmap"},{"file":"emojis:prestigio22.png","chars":[""],"height":9,"ascent":8,"type":"bitmap"},{"file":"emojis:prestigio23.png","chars":[""],"height":9,"ascent":8,"type":"bitmap"},{"file":"emojis:prestigio24.png","chars":[""],"height":9,"ascent":8,"type":"bitmap"},{"file":"emojis:prestigio25.png","chars":[""],"height":9,"ascent":8,"type":"bitmap"},{"file":"emojis:prestigio26.png","chars":[""],"height":9,"ascent":8,"type":"bitmap"},{"file":"emojis:prestigio27.png","chars":[""],"height":9,"ascent":8,"type":"bitmap"},{"file":"emojis:prestigio28.png","chars":[""],"height":9,"ascent":8,"type":"bitmap"},{"file":"emojis:prestigio29.png","chars":[""],"height":9,"ascent":8,"type":"bitmap"},{"file":"emojis:prestigio30.png","chars":[""],"height":9,"ascent":8,"type":"bitmap"},{"file":"emojis:prestigio31.png","chars":[""],"height":9,"ascent":8,"type":"bitmap"},{"file":"emojis:prestigio32.png","chars":[""],"height":9,"ascent":8,"type":"bitmap"},{"file":"emojis:prestigio33.png","chars":[""],"height":9,"ascent":8,"type":"bitmap"},{"file":"emojis:prestigio34.png","chars":[""],"height":9,"ascent":8,"type":"bitmap"},{"file":"emojis:prestigio35.png","chars":[""],"height":9,"ascent":8,"type":"bitmap"},{"file":"emojis:prestigio36.png","chars":[""],"height":9,"ascent":8,"type":"bitmap"},{"file":"emojis:prestigio37.png","chars":[""],"height":9,"ascent":8,"type":"bitmap"},{"file":"emojis:prestigio38.png","chars":[""],"height":9,"ascent":8,"type":"bitmap"},{"file":"emojis:prestigio39.png","chars":[""],"height":9,"ascent":8,"type":"bitmap"},{"file":"emojis:prestigio40.png","chars":[""],"height":9,"ascent":8,"type":"bitmap"},{"file":"emojis:prestigio41.png","chars":[""],"height":9,"ascent":8,"type":"bitmap"},{"file":"emojis:prestigio42.png","chars":[""],"height":9,"ascent":8,"type":"bitmap"},{"file":"emojis:prestigio43.png","chars":[""],"height":9,"ascent":8,"type":"bitmap"},{"file":"emojis:prestigio44.png","chars":[""],"height":9,"ascent":8,"type":"bitmap"},{"file":"emojis:prestigio45.png","chars":[""],"height":9,"ascent":8,"type":"bitmap"},{"file":"emojis:prestigio46.png","chars":[""],"height":9,"ascent":8,"type":"bitmap"},{"file":"emojis:prestigio47.png","chars":[""],"height":9,"ascent":8,"type":"bitmap"},{"file":"emojis:prestigio48.png","chars":[""],"height":9,"ascent":8,"type":"bitmap"},{"file":"emojis:prestigio49.png","chars":[""],"height":9,"ascent":8,"type":"bitmap"},{"file":"emojis:prestigio50.png","chars":[""],"height":9,"ascent":8,"type":"bitmap"},{"file":"emojis:prestigio51.png","chars":[""],"height":9,"ascent":8,"type":"bitmap"},{"file":"emojis:prestigio52.png","chars":[""],"height":9,"ascent":8,"type":"bitmap"},{"file":"emojis:prestigio53.png","chars":[""],"height":9,"ascent":8,"type":"bitmap"},{"file":"emojis:prestigio54.png","chars":[""],"height":9,"ascent":8,"type":"bitmap"},{"file":"emojis:prestigio55.png","chars":[""],"height":9,"ascent":8,"type":"bitmap"},{"file":"emojis:prestigio56.png","chars":[""],"height":9,"ascent":8,"type":"bitmap"},{"file":"emojis:prestigio57.png","chars":[""],"height":9,"ascent":8,"type":"bitmap"},{"file":"emojis:prestigio58.png","chars":[""],"height":9,"ascent":8,"type":"bitmap"},{"file":"emojis:prestigio59.png","chars":[""],"height":9,"ascent":8,"type":"bitmap"},{"file":"emojis:prestigio60.png","chars":[""],"height":9,"ascent":8,"type":"bitmap"},{"file":"emojis:prestigio61.png","chars":[""],"height":9,"ascent":8,"type":"bitmap"},{"file":"emojis:prestigio62.png","chars":[""],"height":9,"ascent":8,"type":"bitmap"},{"file":"emojis:prestigio63.png","chars":[""],"height":9,"ascent":8,"type":"bitmap"},{"file":"emojis:prestigio64.png","chars":[""],"height":9,"ascent":8,"type":"bitmap"},{"file":"emojis:prestigio65.png","chars":[""],"height":9,"ascent":8,"type":"bitmap"},{"file":"emojis:prestigio66.png","chars":[""],"height":9,"ascent":8,"type":"bitmap"},{"file":"emojis:prestigio67.png","chars":[""],"height":9,"ascent":8,"type":"bitmap"},{"file":"emojis:prestigio68.png","chars":[""],"height":9,"ascent":8,"type":"bitmap"},{"file":"emojis:prestigio69.png","chars":[""],"height":9,"ascent":8,"type":"bitmap"},{"file":"emojis:prestigio70.png","chars":[""],"height":9,"ascent":8,"type":"bitmap"},{"file":"emojis:prestigio71.png","chars":[""],"height":9,"ascent":8,"type":"bitmap"},{"file":"emojis:prestigio72.png","chars":[""],"height":9,"ascent":8,"type":"bitmap"},{"file":"emojis:prestigio73.png","chars":[""],"height":9,"ascent":8,"type":"bitmap"},{"file":"emojis:prestigio74.png","chars":[""],"height":9,"ascent":8,"type":"bitmap"},{"file":"emojis:prestigio75.png","chars":[""],"height":9,"ascent":8,"type":"bitmap"},{"file":"emojis:prestigio76.png","chars":[""],"height":9,"ascent":8,"type":"bitmap"},{"file":"emojis:prestigio77.png","chars":[""],"height":9,"ascent":8,"type":"bitmap"},{"file":"emojis:prestigio78.png","chars":[""],"height":9,"ascent":8,"type":"bitmap"},{"file":"emojis:prestigio79.png","chars":[""],"height":9,"ascent":8,"type":"bitmap"},{"file":"emojis:prestigio80.png","chars":[""],"height":9,"ascent":8,"type":"bitmap"},{"file":"emojis:prestigio81.png","chars":[""],"height":9,"ascent":8,"type":"bitmap"},{"file":"emojis:prestigio82.png","chars":[""],"height":9,"ascent":8,"type":"bitmap"},{"file":"emojis:prestigio83.png","chars":[""],"height":9,"ascent":8,"type":"bitmap"},{"file":"emojis:prestigio84.png","chars":[""],"height":9,"ascent":8,"type":"bitmap"},{"file":"emojis:prestigio85.png","chars":[""],"height":9,"ascent":8,"type":"bitmap"},{"file":"emojis:prestigio86.png","chars":[""],"height":9,"ascent":8,"type":"bitmap"},{"file":"emojis:prestigio87.png","chars":[""],"height":9,"ascent":8,"type":"bitmap"},{"file":"emojis:prestigio88.png","chars":[""],"height":9,"ascent":8,"type":"bitmap"},{"file":"emojis:prestigio89.png","chars":[""],"height":9,"ascent":8,"type":"bitmap"},{"file":"emojis:prestigio90.png","chars":[""],"height":9,"ascent":8,"type":"bitmap"},{"file":"emojis:prestigio91.png","chars":[""],"height":9,"ascent":8,"type":"bitmap"},{"file":"emojis:prestigio92.png","chars":[""],"height":9,"ascent":8,"type":"bitmap"},{"file":"emojis:prestigio93.png","chars":[""],"height":9,"ascent":8,"type":"bitmap"},{"file":"emojis:prestigio94.png","chars":[""],"height":9,"ascent":8,"type":"bitmap"},{"file":"emojis:prestigio95.png","chars":[""],"height":9,"ascent":8,"type":"bitmap"},{"file":"emojis:prestigio96.png","chars":[""],"height":9,"ascent":8,"type":"bitmap"},{"file":"emojis:prestigio97.png","chars":[""],"height":9,"ascent":8,"type":"bitmap"},{"file":"emojis:prestigio98.png","chars":[""],"height":9,"ascent":8,"type":"bitmap"},{"file":"emojis:prestigio99.png","chars":[""],"height":9,"ascent":8,"type":"bitmap"},{"file":"emojis:bloqueado.png","chars":[""],"height":9,"ascent":8,"type":"bitmap"},{"file":"emojis:desbloqueado.png","chars":[""],"height":9,"ascent":8,"type":"bitmap"},{"file":"emojis:disponible.png","chars":[""],"height":9,"ascent":8,"type":"bitmap"},{"file":"emojis:nodisponible.png","chars":[""],"height":9,"ascent":8,"type":"bitmap"},{"file":"emojis:click_izquierdo.png","chars":["۵"],"height":9,"ascent":8,"type":"bitmap"},{"file":"emojis:click_derecho.png","chars":["۩"],"height":9,"ascent":8,"type":"bitmap"},{"file":"emojis:shift.png","chars":["⅊"],"height":9,"ascent":8,"type":"bitmap"},{"file":"emojis:ctrl.png","chars":[""],"height":9,"ascent":8,"type":"bitmap"},{"file":"emojis:w.png","chars":[""],"height":9,"ascent":8,"type":"bitmap"},{"file":"emojis:f.png","chars":[""],"height":9,"ascent":8,"type":"bitmap"},{"file":"emojis:q.png","chars":[""],"height":9,"ascent":8,"type":"bitmap"},{"file":"emojis:genin.png","chars":["؏"],"height":9,"ascent":8,"type":"bitmap"},{"file":"emojis:chunin.png","chars":["Ԓ"],"height":9,"ascent":8,"type":"bitmap"},{"file":"emojis:jounin.png","chars":["Ԏ"],"height":9,"ascent":8,"type":"bitmap"},{"file":"emojis:ap.png","chars":[""],"height":9,"ascent":8,"type":"bitmap"},{"file":"emojis:percha.png","chars":["Ѭ"],"height":9,"ascent":8,"type":"bitmap"},{"file":"emojis:star.png","chars":["༼"],"height":9,"ascent":8,"type":"bitmap"},{"file":"emojis:blackstar.png","chars":["༽"],"height":9,"ascent":8,"type":"bitmap"},{"file":"emojis:stats_dmg.png","chars":["අ"],"height":9,"ascent":8,"type":"bitmap"},{"file":"emojis:stats_veneno.png","chars":["ඉ"],"height":9,"ascent":8,"type":"bitmap"},{"file":"emojis:stats_debilidad.png","chars":["ඏ"],"height":9,"ascent":8,"type":"bitmap"},{"file":"emojis:stats_sangrado.png","chars":["ඛ"],"height":9,"ascent":8,"type":"bitmap"},{"file":"emojis:stats_probcritico.png","chars":["ග"],"height":9,"ascent":8,"type":"bitmap"},{"file":"emojis:stats_aturdimiento.png","chars":["ච"],"height":9,"ascent":8,"type":"bitmap"},{"file":"emojis:stats_maldicion.png","chars":["ෆ"],"height":9,"ascent":8,"type":"bitmap"},{"file":"emojis:shirogane.png","chars":["Ѡ"],"height":9,"ascent":8,"type":"bitmap"},{"file":"emojis:sharingan_2.png","chars":["Ѥ"],"height":9,"ascent":8,"type":"bitmap"},{"file":"emojis:early.png","chars":[""],"height":9,"ascent":8,"type":"bitmap"},{"file":"emojis:tester.png","chars":[""],"height":9,"ascent":8,"type":"bitmap"},{"file":"emojis:owner.png","chars":[""],"height":9,"ascent":8,"type":"bitmap"},{"file":"emojis:uchiha.png","chars":[""],"height":9,"ascent":8,"type":"bitmap"},{"file":"emojis:hoja.png","chars":[""],"height":9,"ascent":8,"type":"bitmap"},{"file":"emojis:sustitucion.png","chars":["ඨ"],"height":9,"ascent":8,"type":"bitmap"},{"file":"emojis:ryo.png","chars":["ཆ"],"height":9,"ascent":8,"type":"bitmap"},{"file":"emojis:narucoin.png","chars":["ཇ"],"height":9,"ascent":8,"type":"bitmap"},{"file":"emojis:pa.png","chars":["ཉ"],"height":9,"ascent":8,"type":"bitmap"},{"file":"emojis:titulo_cabezahueca.png","chars":["Ꭸ"],"height":9,"ascent":8,"type":"bitmap"},{"file":"emojis:titulo_genin.png","chars":["Ꭽ"],"height":9,"ascent":8,"type":"bitmap"},{"file":"emojis:titulo_chunin.png","chars":["Ꭾ"],"height":9,"ascent":8,"type":"bitmap"},{"file":"emojis:titulo_jounin.png","chars":["Ꭿ"],"height":9,"ascent":8,"type":"bitmap"},{"file":"emojis:titulo_ultimouchiha.png","chars":["Ꮀ"],"height":9,"ascent":8,"type":"bitmap"},{"file":"emojis:titulo_flordecerezo.png","chars":["Ꮁ"],"height":9,"ascent":8,"type":"bitmap"},{"file":"emojis:titulo_shinobilegendario.png","chars":["Ꮂ"],"height":9,"ascent":8,"type":"bitmap"},{"file":"emojis:titulo_ninjafundador.png","chars":["Ꮄ"],"height":9,"ascent":8,"type":"bitmap"},{"file":"emojis:titulo_ninjaquecopia.png","chars":["Ꮅ"],"height":9,"ascent":8,"type":"bitmap"},{"file":"emojis:titulo_demonioarena.png","chars":["Ꮆ"],"height":9,"ascent":8,"type":"bitmap"},{"file":"emojis:titulo_ninjagenio.png","chars":["Ꮈ"],"height":9,"ascent":8,"type":"bitmap"},{"file":"emojis:titulo_estudiante.png","chars":["Ꮉ"],"height":9,"ascent":8,"type":"bitmap"},{"file":"emojis:icon_whitelist.png","chars":[""],"height":36,"ascent":8,"type":"bitmap"},{"file":"effects:fullscreen.png","chars":[""],"height":2048,"ascent":256,"type":"bitmap"},{"file":"effects:fullscreen_transparent.png","chars":[""],"height":2048,"ascent":256,"type":"bitmap"}]}