{"credit":"Naruto RPG","texture_size":[128,128],"textures":{"0":"arteninja:item/arteninja_sello5elementos","particle":"arteninja:item/arteninja_sello5elementos"},"elements":[{"from":[-16,-16,5.8603],"to":[32,10,5.8603],"rotation":{"angle":45,"axis":"y","origin":[8,8,5.8603]},"faces":{"north":{"uv":[16,0,0,16],"texture":"#0"},"east":{"uv":[0,0,0,16],"texture":"#0"},"south":{"uv":[0,0,16,16],"texture":"#0"},"west":{"uv":[0,0,0,16],"texture":"#0"},"up":{"uv":[0,0,16,0],"texture":"#0"},"down":{"uv":[0,0,16,0],"texture":"#0"}}},{"from":[-16,-16,5.8603],"to":[32,10,5.8603],"rotation":{"angle":-45,"axis":"y","origin":[8,8,5.8603]},"faces":{"north":{"uv":[16,0,0,16],"texture":"#0"},"east":{"uv":[0,0,0,16],"texture":"#0"},"south":{"uv":[0,0,16,16],"texture":"#0"},"west":{"uv":[0,0,0,16],"texture":"#0"},"up":{"uv":[0,0,16,0],"texture":"#0"},"down":{"uv":[0,0,16,0],"texture":"#0"}}}],"display":{"head":{"translation":[-1.25,-48,7],"scale":[3,3,3]}}}