{"credit":"Naruto RPG","texture_size":[64,64],"textures":{"0":"shirogane:item/shirogane_hilo_2","particle":"shirogane:item/shirogane_hilo_2"},"elements":[{"from":[-1.25,13,4.5],"to":[17.25,14,5.5],"rotation":{"angle":0,"axis":"y","origin":[4,12,4.5]},"faces":{"north":{"uv":[0,0,4.75,0.25],"texture":"#0"},"east":{"uv":[1,5.25,1.25,5.5],"texture":"#0"},"south":{"uv":[0,0.25,4.75,0.5],"texture":"#0"},"west":{"uv":[1.25,5.25,1.5,5.5],"texture":"#0"},"up":{"uv":[4.75,0.75,0,0.5],"texture":"#0"},"down":{"uv":[4.75,0.75,0,1],"texture":"#0"}}},{"from":[-1.25,13,5.5],"to":[-0.5,14,10.5],"rotation":{"angle":0,"axis":"y","origin":[4,12,4.5]},"faces":{"north":{"uv":[1.75,5.25,2,5.5],"texture":"#0"},"east":{"uv":[4.75,1,6,1.25],"texture":"#0"},"south":{"uv":[5.25,1.75,5.5,2],"texture":"#0"},"west":{"uv":[4.75,1.25,6,1.5],"texture":"#0"},"up":{"uv":[5,2.75,4.75,1.5],"texture":"#0"},"down":{"uv":[5,2.75,4.75,4],"texture":"#0"}}},{"from":[16.5,13,5.5],"to":[17.25,14,10.5],"rotation":{"angle":0,"axis":"y","origin":[21.75,12,4.5]},"faces":{"north":{"uv":[2,5.25,2.25,5.5],"texture":"#0"},"east":{"uv":[4.75,4,6,4.25],"texture":"#0"},"south":{"uv":[5.25,2,5.5,2.25],"texture":"#0"},"west":{"uv":[4.75,4.25,6,4.5],"texture":"#0"},"up":{"uv":[5,5.75,4.75,4.5],"texture":"#0"},"down":{"uv":[0.25,5,0,6.25],"texture":"#0"}}},{"from":[-1.25,13,10.5],"to":[17.25,14,11.5],"rotation":{"angle":0,"axis":"y","origin":[4,12,10.5]},"faces":{"north":{"uv":[0,1,4.75,1.25],"texture":"#0"},"east":{"uv":[1.5,5.25,1.75,5.5],"texture":"#0"},"south":{"uv":[0,1.25,4.75,1.5],"texture":"#0"},"west":{"uv":[5.25,1.5,5.5,1.75],"texture":"#0"},"up":{"uv":[4.75,1.75,0,1.5],"texture":"#0"},"down":{"uv":[4.75,1.75,0,2],"texture":"#0"}}},{"from":[-1.25,16.75,4.5],"to":[17.25,17.75,5.5],"rotation":{"angle":0,"axis":"y","origin":[4,15.75,4.5]},"faces":{"north":{"uv":[0,3,4.75,3.25],"texture":"#0"},"east":{"uv":[3.5,5.25,3.75,5.5],"texture":"#0"},"south":{"uv":[0,3.25,4.75,3.5],"texture":"#0"},"west":{"uv":[3.75,5.25,4,5.5],"texture":"#0"},"up":{"uv":[4.75,3.75,0,3.5],"texture":"#0"},"down":{"uv":[4.75,3.75,0,4],"texture":"#0"}}},{"from":[-1.25,16.75,10.5],"to":[17.25,17.75,11.5],"rotation":{"angle":0,"axis":"y","origin":[4,15.75,10.5]},"faces":{"north":{"uv":[0,2,4.75,2.25],"texture":"#0"},"east":{"uv":[3,5.25,3.25,5.5],"texture":"#0"},"south":{"uv":[0,2.25,4.75,2.5],"texture":"#0"},"west":{"uv":[3.25,5.25,3.5,5.5],"texture":"#0"},"up":{"uv":[4.75,2.75,0,2.5],"texture":"#0"},"down":{"uv":[4.75,2.75,0,3],"texture":"#0"}}},{"from":[-1.25,16.75,5.5],"to":[-0.5,17.75,10.5],"rotation":{"angle":0,"axis":"y","origin":[4,15.75,4.5]},"faces":{"north":{"uv":[2.5,5.25,2.75,5.5],"texture":"#0"},"east":{"uv":[5,2.75,6.25,3],"texture":"#0"},"south":{"uv":[5.25,2.5,5.5,2.75],"texture":"#0"},"west":{"uv":[3,5,4.25,5.25],"texture":"#0"},"up":{"uv":[4.5,6.25,4.25,5],"texture":"#0"},"down":{"uv":[4.75,5,4.5,6.25],"texture":"#0"}}},{"from":[16.5,16.75,5.5],"to":[17.25,17.75,10.5],"rotation":{"angle":0,"axis":"y","origin":[21.75,15.75,4.5]},"faces":{"north":{"uv":[2.25,5.25,2.5,5.5],"texture":"#0"},"east":{"uv":[0.25,5,1.5,5.25],"texture":"#0"},"south":{"uv":[5.25,2.25,5.5,2.5],"texture":"#0"},"west":{"uv":[1.5,5,2.75,5.25],"texture":"#0"},"up":{"uv":[5.25,2.75,5,1.5],"texture":"#0"},"down":{"uv":[3,5,2.75,6.25],"texture":"#0"}}},{"from":[-1.25,20,4.5],"to":[17.25,21,5.5],"rotation":{"angle":0,"axis":"y","origin":[4,19,4.5]},"faces":{"north":{"uv":[4.75,0,9.5,0.25],"texture":"#0"},"east":{"uv":[1.25,5.5,1.5,5.75],"texture":"#0"},"south":{"uv":[4.75,0.25,9.5,0.5],"texture":"#0"},"west":{"uv":[1.5,5.5,1.75,5.75],"texture":"#0"},"up":{"uv":[9.5,0.75,4.75,0.5],"texture":"#0"},"down":{"uv":[9.5,0.75,4.75,1],"texture":"#0"}}},{"from":[-1.25,20,10.5],"to":[17.25,21,11.5],"rotation":{"angle":0,"axis":"y","origin":[4,19,10.5]},"faces":{"north":{"uv":[0,4,4.75,4.25],"texture":"#0"},"east":{"uv":[5.25,5.25,5.5,5.5],"texture":"#0"},"south":{"uv":[0,4.25,4.75,4.5],"texture":"#0"},"west":{"uv":[1,5.5,1.25,5.75],"texture":"#0"},"up":{"uv":[4.75,4.75,0,4.5],"texture":"#0"},"down":{"uv":[4.75,4.75,0,5],"texture":"#0"}}},{"from":[-1.25,20,5.5],"to":[-0.5,21,10.5],"rotation":{"angle":0,"axis":"y","origin":[4,19,4.5]},"faces":{"north":{"uv":[5.25,4.75,5.5,5],"texture":"#0"},"east":{"uv":[5,3.5,6.25,3.75],"texture":"#0"},"south":{"uv":[5.25,5,5.5,5.25],"texture":"#0"},"west":{"uv":[5,3.75,6.25,4],"texture":"#0"},"up":{"uv":[0.75,6.5,0.5,5.25],"texture":"#0"},"down":{"uv":[1,5.25,0.75,6.5],"texture":"#0"}}},{"from":[16.5,20,5.5],"to":[17.25,21,10.5],"rotation":{"angle":0,"axis":"y","origin":[21.75,19,4.5]},"faces":{"north":{"uv":[4,5.25,4.25,5.5],"texture":"#0"},"east":{"uv":[5,3,6.25,3.25],"texture":"#0"},"south":{"uv":[5.25,4.5,5.5,4.75],"texture":"#0"},"west":{"uv":[5,3.25,6.25,3.5],"texture":"#0"},"up":{"uv":[5.25,5.75,5,4.5],"texture":"#0"},"down":{"uv":[0.5,5.25,0.25,6.5],"texture":"#0"}}}],"display":{"head":{"translation":[0,-29.5,0],"scale":[1.5,1.5,1.5]}}}