{"credit":"Naruto RPG","textures":{"4":"arena:item/arena_defensa_hierro"},"elements":[{"from":[7,-1,8],"to":[23,15,8],"rotation":{"angle":22.5,"axis":"x","origin":[15,7,8]},"faces":{"north":{"uv":[16,0,0,16],"texture":"#4"},"east":{"uv":[0,0,0,16],"texture":"#4"},"south":{"uv":[0,0,16,16],"texture":"#4"},"west":{"uv":[0,0,0,16],"texture":"#4"},"up":{"uv":[0,0,16,0],"texture":"#4"},"down":{"uv":[0,0,16,0],"texture":"#4"}}},{"from":[7,-1,8],"to":[23,15,8],"rotation":{"angle":-22.5,"axis":"x","origin":[15,7,8]},"faces":{"north":{"uv":[16,0,0,16],"texture":"#4"},"east":{"uv":[0,0,0,16],"texture":"#4"},"south":{"uv":[0,0,16,16],"texture":"#4"},"west":{"uv":[0,0,0,16],"texture":"#4"},"up":{"uv":[0,0,16,0],"texture":"#4"},"down":{"uv":[0,0,16,0],"texture":"#4"}}},{"from":[13,-1,-5],"to":[13,15,11],"rotation":{"angle":-22.5,"axis":"y","origin":[13,7,3]},"faces":{"north":{"uv":[0,0,0,16],"texture":"#4"},"east":{"uv":[0,0,16,16],"texture":"#4"},"south":{"uv":[0,0,0,16],"texture":"#4"},"west":{"uv":[16,0,0,16],"texture":"#4"},"up":{"uv":[0,0,16,0],"rotation":270,"texture":"#4"},"down":{"uv":[0,0,16,0],"rotation":90,"texture":"#4"}}},{"from":[5,-1,3],"to":[21,15,3],"rotation":{"angle":22.5,"axis":"y","origin":[13,7,3]},"faces":{"north":{"uv":[16,0,0,16],"texture":"#4"},"east":{"uv":[0,0,0,16],"texture":"#4"},"south":{"uv":[0,0,16,16],"texture":"#4"},"west":{"uv":[0,0,0,16],"texture":"#4"},"up":{"uv":[0,0,16,0],"texture":"#4"},"down":{"uv":[0,0,16,0],"texture":"#4"}}},{"from":[5,-1,13],"to":[21,15,13],"rotation":{"angle":-22.5,"axis":"y","origin":[13,7,13]},"faces":{"north":{"uv":[16,0,0,16],"texture":"#4"},"east":{"uv":[0,0,0,16],"texture":"#4"},"south":{"uv":[0,0,16,16],"texture":"#4"},"west":{"uv":[0,0,0,16],"texture":"#4"},"up":{"uv":[0,0,16,0],"texture":"#4"},"down":{"uv":[0,0,16,0],"texture":"#4"}}},{"from":[13,-1,5],"to":[13,15,21],"rotation":{"angle":22.5,"axis":"y","origin":[13,7,13]},"faces":{"north":{"uv":[0,0,0,16],"texture":"#4"},"east":{"uv":[16,0,0,16],"texture":"#4"},"south":{"uv":[0,0,0,16],"texture":"#4"},"west":{"uv":[0,0,16,16],"texture":"#4"},"up":{"uv":[16,0,0,0],"rotation":270,"texture":"#4"},"down":{"uv":[16,0,0,0],"rotation":90,"texture":"#4"}}}],"display":{"head":{"rotation":[0,90,0],"translation":[0,-16.75,-18],"scale":[4,4,4]}}}