{"credit":"Naruto RPG","texture_size":[128,128],"textures":{"0":"shirogane:item/shirogane_templonirvana","particle":"shirogane:item/shirogane_templonirvana"},"elements":[{"from":[15,-11,6],"to":[32,2,6],"rotation":{"angle":0,"axis":"y","origin":[8,-6.5,6]},"faces":{"north":{"uv":[0,0,16,16],"texture":"#0"},"east":{"uv":[0,0,16,16],"texture":"#0"},"south":{"uv":[16,0,0,16],"texture":"#0"},"west":{"uv":[0,0,16,16],"texture":"#0"},"up":{"uv":[0,0,16,16],"texture":"#0"},"down":{"uv":[0,0,16,16],"texture":"#0"}}},{"from":[-16,-11,6],"to":[1,2,6],"rotation":{"angle":0,"axis":"y","origin":[8,-6.5,6]},"faces":{"north":{"uv":[0,0,16,16],"texture":"#0"},"east":{"uv":[0,0,16,16],"texture":"#0"},"south":{"uv":[16,0,0,16],"texture":"#0"},"west":{"uv":[0,0,16,16],"texture":"#0"},"up":{"uv":[0,0,16,16],"texture":"#0"},"down":{"uv":[0,0,16,16],"texture":"#0"}}},{"from":[-2,-15,6],"to":[15,-2,6],"rotation":{"angle":0,"axis":"y","origin":[8,-6.5,6]},"faces":{"north":{"uv":[0,16,16,0],"texture":"#0"},"east":{"uv":[0,0,16,16],"texture":"#0"},"south":{"uv":[16,16,0,0],"texture":"#0"},"west":{"uv":[0,0,16,16],"texture":"#0"},"up":{"uv":[0,0,16,16],"texture":"#0"},"down":{"uv":[0,0,16,16],"texture":"#0"}}},{"from":[10.46016,-12,-4.96016],"to":[27.46016,1,-4.96016],"rotation":{"angle":45,"axis":"y","origin":[18.96016,-5.5,-4.96016]},"faces":{"north":{"uv":[0,0,16,16],"texture":"#0"},"east":{"uv":[0,0,16,16],"texture":"#0"},"south":{"uv":[16,0,0,16],"texture":"#0"},"west":{"uv":[0,0,16,16],"texture":"#0"},"up":{"uv":[0,0,16,16],"texture":"#0"},"down":{"uv":[0,0,16,16],"texture":"#0"}}},{"from":[8,-16,-1],"to":[8,-3,16],"rotation":{"angle":-22.5,"axis":"y","origin":[8,-6.5,6]},"faces":{"north":{"uv":[0,0,16,16],"texture":"#0"},"east":{"uv":[16,16,0,0],"texture":"#0"},"south":{"uv":[0,0,16,16],"texture":"#0"},"west":{"uv":[0,16,16,0],"texture":"#0"},"up":{"uv":[0,0,16,16],"rotation":270,"texture":"#0"},"down":{"uv":[0,0,16,16],"rotation":90,"texture":"#0"}}},{"from":[8,-12,13],"to":[8,1,30],"rotation":{"angle":-22.5,"axis":"y","origin":[8,-6.5,6]},"faces":{"north":{"uv":[0,0,16,16],"texture":"#0"},"east":{"uv":[16,0,0,16],"texture":"#0"},"south":{"uv":[0,0,16,16],"texture":"#0"},"west":{"uv":[0,0,16,16],"texture":"#0"},"up":{"uv":[0,0,16,16],"rotation":270,"texture":"#0"},"down":{"uv":[0,0,16,16],"rotation":90,"texture":"#0"}}},{"from":[8,-12,13],"to":[8,1,30],"rotation":{"angle":22.5,"axis":"y","origin":[8,-6.5,6]},"faces":{"north":{"uv":[0,0,16,16],"texture":"#0"},"east":{"uv":[0,0,16,16],"texture":"#0"},"south":{"uv":[0,0,16,16],"texture":"#0"},"west":{"uv":[16,0,0,16],"texture":"#0"},"up":{"uv":[0,0,16,16],"rotation":90,"texture":"#0"},"down":{"uv":[0,0,16,16],"rotation":270,"texture":"#0"}}},{"from":[-2,-16,6],"to":[15,-3,6],"rotation":{"angle":-45,"axis":"y","origin":[8,-6.5,6]},"faces":{"north":{"uv":[0,16,16,0],"texture":"#0"},"east":{"uv":[0,0,16,16],"texture":"#0"},"south":{"uv":[16,16,0,0],"texture":"#0"},"west":{"uv":[0,0,16,16],"texture":"#0"},"up":{"uv":[0,0,16,16],"texture":"#0"},"down":{"uv":[0,0,16,16],"texture":"#0"}}},{"from":[-16,-12,6],"to":[1,1,6],"rotation":{"angle":-45,"axis":"y","origin":[8,-6.5,6]},"faces":{"north":{"uv":[0,0,16,16],"texture":"#0"},"east":{"uv":[0,0,16,16],"texture":"#0"},"south":{"uv":[16,0,0,16],"texture":"#0"},"west":{"uv":[0,0,16,16],"texture":"#0"},"up":{"uv":[0,0,16,16],"texture":"#0"},"down":{"uv":[0,0,16,16],"texture":"#0"}}},{"from":[15,-2,6],"to":[32,11,6],"rotation":{"angle":0,"axis":"y","origin":[8,2.5,6]},"faces":{"north":{"uv":[16,0,0,16],"texture":"#0"},"east":{"uv":[16,0,0,16],"texture":"#0"},"south":{"uv":[0,0,16,16],"texture":"#0"},"west":{"uv":[16,0,0,16],"texture":"#0"},"up":{"uv":[16,0,0,16],"texture":"#0"},"down":{"uv":[16,0,0,16],"texture":"#0"}}},{"from":[-2,-6,6],"to":[15,7,6],"rotation":{"angle":0,"axis":"y","origin":[8,2.5,6]},"faces":{"north":{"uv":[16,16,0,0],"texture":"#0"},"east":{"uv":[16,0,0,16],"texture":"#0"},"south":{"uv":[0,16,16,0],"texture":"#0"},"west":{"uv":[16,0,0,16],"texture":"#0"},"up":{"uv":[16,0,0,16],"texture":"#0"},"down":{"uv":[16,0,0,16],"texture":"#0"}}},{"from":[-16,-2,6],"to":[1,11,6],"rotation":{"angle":0,"axis":"y","origin":[8,2.5,6]},"faces":{"north":{"uv":[16,0,0,16],"texture":"#0"},"east":{"uv":[16,0,0,16],"texture":"#0"},"south":{"uv":[0,0,16,16],"texture":"#0"},"west":{"uv":[16,0,0,16],"texture":"#0"},"up":{"uv":[16,0,0,16],"texture":"#0"},"down":{"uv":[16,0,0,16],"texture":"#0"}}},{"from":[8,-3,13],"to":[8,10,30],"rotation":{"angle":-22.5,"axis":"y","origin":[8,2.5,6]},"faces":{"north":{"uv":[16,0,0,16],"texture":"#0"},"east":{"uv":[0,0,16,16],"texture":"#0"},"south":{"uv":[16,0,0,16],"texture":"#0"},"west":{"uv":[16,0,0,16],"texture":"#0"},"up":{"uv":[16,0,0,16],"rotation":270,"texture":"#0"},"down":{"uv":[16,0,0,16],"rotation":90,"texture":"#0"}}},{"from":[8,-7,-1],"to":[8,6,16],"rotation":{"angle":-22.5,"axis":"y","origin":[8,2.5,6]},"faces":{"north":{"uv":[16,0,0,16],"texture":"#0"},"east":{"uv":[0,16,16,0],"texture":"#0"},"south":{"uv":[16,0,0,16],"texture":"#0"},"west":{"uv":[16,16,0,0],"texture":"#0"},"up":{"uv":[16,0,0,16],"rotation":270,"texture":"#0"},"down":{"uv":[16,0,0,16],"rotation":90,"texture":"#0"}}},{"from":[15,-3,6],"to":[32,10,6],"rotation":{"angle":45,"axis":"y","origin":[8,2.5,6]},"faces":{"north":{"uv":[16,0,0,16],"texture":"#0"},"east":{"uv":[16,0,0,16],"texture":"#0"},"south":{"uv":[0,0,16,16],"texture":"#0"},"west":{"uv":[16,0,0,16],"texture":"#0"},"up":{"uv":[16,0,0,16],"texture":"#0"},"down":{"uv":[16,0,0,16],"texture":"#0"}}},{"from":[-16,-3,6],"to":[1,10,6],"rotation":{"angle":-45,"axis":"y","origin":[8,2.5,6]},"faces":{"north":{"uv":[16,0,0,16],"texture":"#0"},"east":{"uv":[16,0,0,16],"texture":"#0"},"south":{"uv":[0,0,16,16],"texture":"#0"},"west":{"uv":[16,0,0,16],"texture":"#0"},"up":{"uv":[16,0,0,16],"texture":"#0"},"down":{"uv":[16,0,0,16],"texture":"#0"}}},{"from":[-2,-7,6],"to":[15,6,6],"rotation":{"angle":-45,"axis":"y","origin":[8,2.5,6]},"faces":{"north":{"uv":[16,16,0,0],"texture":"#0"},"east":{"uv":[16,0,0,16],"texture":"#0"},"south":{"uv":[0,16,16,0],"texture":"#0"},"west":{"uv":[16,0,0,16],"texture":"#0"},"up":{"uv":[16,0,0,16],"texture":"#0"},"down":{"uv":[16,0,0,16],"texture":"#0"}}},{"from":[8,-3,13],"to":[8,10,30],"rotation":{"angle":22.5,"axis":"y","origin":[8,2.5,6]},"faces":{"north":{"uv":[16,0,0,16],"texture":"#0"},"east":{"uv":[16,0,0,16],"texture":"#0"},"south":{"uv":[16,0,0,16],"texture":"#0"},"west":{"uv":[0,0,16,16],"texture":"#0"},"up":{"uv":[16,0,0,16],"rotation":90,"texture":"#0"},"down":{"uv":[16,0,0,16],"rotation":270,"texture":"#0"}}},{"from":[15,7,6],"to":[32,20,6],"rotation":{"angle":0,"axis":"y","origin":[8,11.5,6]},"faces":{"north":{"uv":[16,0,0,16],"texture":"#0"},"east":{"uv":[16,0,0,16],"texture":"#0"},"south":{"uv":[0,0,16,16],"texture":"#0"},"west":{"uv":[16,0,0,16],"texture":"#0"},"up":{"uv":[16,0,0,16],"texture":"#0"},"down":{"uv":[16,0,0,16],"texture":"#0"}}},{"from":[-2,3,6],"to":[15,16,6],"rotation":{"angle":0,"axis":"y","origin":[8,11.5,6]},"faces":{"north":{"uv":[16,16,0,0],"texture":"#0"},"east":{"uv":[16,0,0,16],"texture":"#0"},"south":{"uv":[0,16,16,0],"texture":"#0"},"west":{"uv":[16,0,0,16],"texture":"#0"},"up":{"uv":[16,0,0,16],"texture":"#0"},"down":{"uv":[16,0,0,16],"texture":"#0"}}},{"from":[-16,7,6],"to":[1,20,6],"rotation":{"angle":0,"axis":"y","origin":[8,11.5,6]},"faces":{"north":{"uv":[16,0,0,16],"texture":"#0"},"east":{"uv":[16,0,0,16],"texture":"#0"},"south":{"uv":[0,0,16,16],"texture":"#0"},"west":{"uv":[16,0,0,16],"texture":"#0"},"up":{"uv":[16,0,0,16],"texture":"#0"},"down":{"uv":[16,0,0,16],"texture":"#0"}}},{"from":[8,6,13],"to":[8,19,30],"rotation":{"angle":-22.5,"axis":"y","origin":[8,11.5,6]},"faces":{"north":{"uv":[16,0,0,16],"texture":"#0"},"east":{"uv":[0,0,16,16],"texture":"#0"},"south":{"uv":[16,0,0,16],"texture":"#0"},"west":{"uv":[16,0,0,16],"texture":"#0"},"up":{"uv":[16,0,0,16],"rotation":270,"texture":"#0"},"down":{"uv":[16,0,0,16],"rotation":90,"texture":"#0"}}},{"from":[8,2,-1],"to":[8,15,16],"rotation":{"angle":-22.5,"axis":"y","origin":[8,11.5,6]},"faces":{"north":{"uv":[16,0,0,16],"texture":"#0"},"east":{"uv":[0,16,16,0],"texture":"#0"},"south":{"uv":[16,0,0,16],"texture":"#0"},"west":{"uv":[16,16,0,0],"texture":"#0"},"up":{"uv":[16,0,0,16],"rotation":270,"texture":"#0"},"down":{"uv":[16,0,0,16],"rotation":90,"texture":"#0"}}},{"from":[10.46016,6,-4.96016],"to":[27.46016,19,-4.96016],"rotation":{"angle":45,"axis":"y","origin":[18.96016,12.5,-4.96016]},"faces":{"north":{"uv":[16,0,0,16],"texture":"#0"},"east":{"uv":[16,0,0,16],"texture":"#0"},"south":{"uv":[0,0,16,16],"texture":"#0"},"west":{"uv":[16,0,0,16],"texture":"#0"},"up":{"uv":[16,0,0,16],"texture":"#0"},"down":{"uv":[16,0,0,16],"texture":"#0"}}},{"from":[-16,6,6],"to":[1,19,6],"rotation":{"angle":-45,"axis":"y","origin":[8,11.5,6]},"faces":{"north":{"uv":[16,0,0,16],"texture":"#0"},"east":{"uv":[16,0,0,16],"texture":"#0"},"south":{"uv":[0,0,16,16],"texture":"#0"},"west":{"uv":[16,0,0,16],"texture":"#0"},"up":{"uv":[16,0,0,16],"texture":"#0"},"down":{"uv":[16,0,0,16],"texture":"#0"}}},{"from":[-2,2,6],"to":[15,15,6],"rotation":{"angle":-45,"axis":"y","origin":[8,11.5,6]},"faces":{"north":{"uv":[16,16,0,0],"texture":"#0"},"east":{"uv":[16,0,0,16],"texture":"#0"},"south":{"uv":[0,16,16,0],"texture":"#0"},"west":{"uv":[16,0,0,16],"texture":"#0"},"up":{"uv":[16,0,0,16],"texture":"#0"},"down":{"uv":[16,0,0,16],"texture":"#0"}}},{"from":[8,6,13],"to":[8,19,30],"rotation":{"angle":22.5,"axis":"y","origin":[8,11.5,6]},"faces":{"north":{"uv":[16,0,0,16],"texture":"#0"},"east":{"uv":[16,0,0,16],"texture":"#0"},"south":{"uv":[16,0,0,16],"texture":"#0"},"west":{"uv":[0,0,16,16],"texture":"#0"},"up":{"uv":[16,0,0,16],"rotation":90,"texture":"#0"},"down":{"uv":[16,0,0,16],"rotation":270,"texture":"#0"}}},{"from":[8,15,13],"to":[8,28,30],"rotation":{"angle":22.5,"axis":"y","origin":[8,20.5,6]},"faces":{"north":{"uv":[0,0,16,16],"texture":"#0"},"east":{"uv":[0,0,16,16],"texture":"#0"},"south":{"uv":[0,0,16,16],"texture":"#0"},"west":{"uv":[16,0,0,16],"texture":"#0"},"up":{"uv":[0,0,16,16],"rotation":90,"texture":"#0"},"down":{"uv":[0,0,16,16],"rotation":270,"texture":"#0"}}},{"from":[-2,11,6],"to":[15,24,6],"rotation":{"angle":-45,"axis":"y","origin":[8,20.5,6]},"faces":{"north":{"uv":[0,16,16,0],"texture":"#0"},"east":{"uv":[0,0,16,16],"texture":"#0"},"south":{"uv":[16,16,0,0],"texture":"#0"},"west":{"uv":[0,0,16,16],"texture":"#0"},"up":{"uv":[0,0,16,16],"texture":"#0"},"down":{"uv":[0,0,16,16],"texture":"#0"}}},{"from":[-16,15,6],"to":[1,28,6],"rotation":{"angle":-45,"axis":"y","origin":[8,20.5,6]},"faces":{"north":{"uv":[0,0,16,16],"texture":"#0"},"east":{"uv":[0,0,16,16],"texture":"#0"},"south":{"uv":[16,0,0,16],"texture":"#0"},"west":{"uv":[0,0,16,16],"texture":"#0"},"up":{"uv":[0,0,16,16],"texture":"#0"},"down":{"uv":[0,0,16,16],"texture":"#0"}}},{"from":[15,15,6],"to":[32,28,6],"rotation":{"angle":45,"axis":"y","origin":[8,20.5,6]},"faces":{"north":{"uv":[0,0,16,16],"texture":"#0"},"east":{"uv":[0,0,16,16],"texture":"#0"},"south":{"uv":[16,0,0,16],"texture":"#0"},"west":{"uv":[0,0,16,16],"texture":"#0"},"up":{"uv":[0,0,16,16],"texture":"#0"},"down":{"uv":[0,0,16,16],"texture":"#0"}}},{"from":[8,11,-1],"to":[8,24,16],"rotation":{"angle":-22.5,"axis":"y","origin":[8,20.5,6]},"faces":{"north":{"uv":[0,0,16,16],"texture":"#0"},"east":{"uv":[16,16,0,0],"texture":"#0"},"south":{"uv":[0,0,16,16],"texture":"#0"},"west":{"uv":[0,16,16,0],"texture":"#0"},"up":{"uv":[0,0,16,16],"rotation":270,"texture":"#0"},"down":{"uv":[0,0,16,16],"rotation":90,"texture":"#0"}}},{"from":[8,15,13],"to":[8,28,30],"rotation":{"angle":-22.5,"axis":"y","origin":[8,20.5,6]},"faces":{"north":{"uv":[0,0,16,16],"texture":"#0"},"east":{"uv":[16,0,0,16],"texture":"#0"},"south":{"uv":[0,0,16,16],"texture":"#0"},"west":{"uv":[0,0,16,16],"texture":"#0"},"up":{"uv":[0,0,16,16],"rotation":270,"texture":"#0"},"down":{"uv":[0,0,16,16],"rotation":90,"texture":"#0"}}},{"from":[-16,16,6],"to":[1,29,6],"rotation":{"angle":0,"axis":"y","origin":[8,20.5,6]},"faces":{"north":{"uv":[0,0,16,16],"texture":"#0"},"east":{"uv":[0,0,16,16],"texture":"#0"},"south":{"uv":[16,0,0,16],"texture":"#0"},"west":{"uv":[0,0,16,16],"texture":"#0"},"up":{"uv":[0,0,16,16],"texture":"#0"},"down":{"uv":[0,0,16,16],"texture":"#0"}}},{"from":[-2,12,6],"to":[15,25,6],"rotation":{"angle":0,"axis":"y","origin":[8,20.5,6]},"faces":{"north":{"uv":[0,16,16,0],"texture":"#0"},"east":{"uv":[0,0,16,16],"texture":"#0"},"south":{"uv":[16,16,0,0],"texture":"#0"},"west":{"uv":[0,0,16,16],"texture":"#0"},"up":{"uv":[0,0,16,16],"texture":"#0"},"down":{"uv":[0,0,16,16],"texture":"#0"}}},{"from":[15,16,6],"to":[32,29,6],"rotation":{"angle":0,"axis":"y","origin":[8,20.5,6]},"faces":{"north":{"uv":[0,0,16,16],"texture":"#0"},"east":{"uv":[0,0,16,16],"texture":"#0"},"south":{"uv":[16,0,0,16],"texture":"#0"},"west":{"uv":[0,0,16,16],"texture":"#0"},"up":{"uv":[0,0,16,16],"texture":"#0"},"down":{"uv":[0,0,16,16],"texture":"#0"}}}],"display":{"head":{"translation":[0,-15.5,4.25],"scale":[2,2,2]}}}