{"credit":"Naruto RPG","texture_size":[240,240],"textures":{"1":"shirogane:item/shirogane_marionetatrampa"},"elements":[{"from":[4.57,0,6.88],"to":[12.41,0.98,13.74],"rotation":{"angle":0,"axis":"y","origin":[8.49,0,10.31]},"faces":{"north":{"uv":[9.26667,0,10.33333,0.13333],"texture":"#1"},"east":{"uv":[9.86667,3,10.8,3.13333],"texture":"#1"},"south":{"uv":[9.26667,0.2,10.33333,0.33333],"texture":"#1"},"west":{"uv":[9.93333,6.2,10.86667,6.33333],"texture":"#1"},"up":{"uv":[1.06667,7.73333,0,6.8],"texture":"#1"},"down":{"uv":[8,1.93333,6.93333,1],"texture":"#1"}}},{"from":[4.57,0,5.9],"to":[12.41,0.98,6.88],"rotation":{"angle":0,"axis":"y","origin":[8.49,0,9.82]},"faces":{"north":{"uv":[9.26667,0.4,10.33333,0.53333],"texture":"#1"},"east":{"uv":[11.86667,4,12,4.13333],"texture":"#1"},"south":{"uv":[9.26667,6.46667,10.33333,6.6],"texture":"#1"},"west":{"uv":[6.13333,11.93333,6.26667,12.06667],"texture":"#1"},"up":{"uv":[10.33333,6.8,9.26667,6.66667],"texture":"#1"},"down":{"uv":[10.33333,7.8,9.26667,7.93333],"texture":"#1"}}},{"from":[4.57,0,13.74],"to":[12.41,0.98,14.72],"rotation":{"angle":0,"axis":"y","origin":[8.49,0,10.8]},"faces":{"north":{"uv":[9.26667,8,10.33333,8.13333],"texture":"#1"},"east":{"uv":[5.6,12.86667,5.73333,13],"texture":"#1"},"south":{"uv":[9.26667,8.2,10.33333,8.33333],"texture":"#1"},"west":{"uv":[12.86667,10.66667,13,10.8],"texture":"#1"},"up":{"uv":[10.33333,8.53333,9.26667,8.4],"texture":"#1"},"down":{"uv":[10.33333,8.6,9.26667,8.73333],"texture":"#1"}}},{"from":[3.59,0,6.88],"to":[4.57,0.98,13.74],"rotation":{"angle":0,"axis":"y","origin":[0.65,0,10.31]},"faces":{"north":{"uv":[10.4,9.2,10.53333,9.33333],"texture":"#1"},"east":{"uv":[3.33333,10,4.26667,10.13333],"texture":"#1"},"south":{"uv":[11.46667,3.46667,11.6,3.6],"texture":"#1"},"west":{"uv":[10,3.66667,10.93333,3.8],"texture":"#1"},"up":{"uv":[9.2,10.93333,9.06667,10],"texture":"#1"},"down":{"uv":[9.4,10,9.26667,10.93333],"texture":"#1"}}},{"from":[12.41,0,6.88],"to":[13.39,0.98,13.74],"rotation":{"angle":0,"axis":"y","origin":[16.33,0,10.31]},"faces":{"north":{"uv":[11.6,4.2,11.73333,4.33333],"texture":"#1"},"east":{"uv":[10,3.86667,10.93333,4],"texture":"#1"},"south":{"uv":[11.66667,3.73333,11.8,3.86667],"texture":"#1"},"west":{"uv":[10,4.06667,10.93333,4.2],"texture":"#1"},"up":{"uv":[9.6,10.93333,9.46667,10],"texture":"#1"},"down":{"uv":[9.8,10,9.66667,10.93333],"texture":"#1"}}},{"from":[-2.19259,0,12.77767],"to":[-0.23259,0.98,13.75767],"rotation":{"angle":22.5,"axis":"y","origin":[-3.93679,0.49,24.49402]},"faces":{"north":{"uv":[12.26667,9.26667,12.53333,9.4],"texture":"#1"},"east":{"uv":[13,4.13333,13.13333,4.26667],"texture":"#1"},"south":{"uv":[12.26667,9.46667,12.53333,9.6],"texture":"#1"},"west":{"uv":[4.4,13,4.53333,13.13333],"texture":"#1"},"up":{"uv":[12.53333,9.8,12.26667,9.66667],"texture":"#1"},"down":{"uv":[12.53333,10.46667,12.26667,10.6],"texture":"#1"}}},{"from":[-9.73607,0,13.04192],"to":[-7.77607,0.98,14.02192],"rotation":{"angle":-22.5,"axis":"y","origin":[-3.78566,0.49,20.48706]},"faces":{"north":{"uv":[12.2,9.06667,12.46667,9.2],"texture":"#1"},"east":{"uv":[3.33333,13,3.46667,13.13333],"texture":"#1"},"south":{"uv":[12.26667,2.86667,12.53333,3],"texture":"#1"},"west":{"uv":[13,3.66667,13.13333,3.8],"texture":"#1"},"up":{"uv":[12.53333,8.46667,12.26667,8.33333],"texture":"#1"},"down":{"uv":[12.53333,8.53333,12.26667,8.66667],"texture":"#1"}}},{"from":[-5.3859,0,11.85677],"to":[-3.4259,1.47,13.32677],"rotation":{"angle":0,"axis":"y","origin":[-6.35816,0,20.48706]},"faces":{"north":{"uv":[11.33333,2.66667,11.6,2.86667],"texture":"#1"},"east":{"uv":[11.6,2.33333,11.8,2.53333],"texture":"#1"},"south":{"uv":[3.06667,11.33333,3.33333,11.53333],"texture":"#1"},"west":{"uv":[2.86667,11.6,3.06667,11.8],"texture":"#1"},"up":{"uv":[11.6,3.4,11.33333,3.2],"texture":"#1"},"down":{"uv":[3.66667,11.33333,3.4,11.53333],"texture":"#1"}}},{"from":[-2.85905,-0.47865,11.86167],"to":[-1.39885,6.37155,13.32187],"rotation":{"angle":-22.5,"axis":"z","origin":[-0.5187,6.20696,20.48706]},"faces":{"north":{"uv":[8.8,3.73333,9,4.66667],"texture":"#1"},"east":{"uv":[4.4,8.8,4.6,9.73333],"texture":"#1"},"south":{"uv":[4.66667,8.8,4.86667,9.73333],"texture":"#1"},"west":{"uv":[8.8,4.73333,9,5.66667],"texture":"#1"},"up":{"uv":[11.8,1.06667,11.6,0.86667],"texture":"#1"},"down":{"uv":[11.8,1.13333,11.6,1.33333],"texture":"#1"}}},{"from":[-4.76093,-0.06492,11.85677],"to":[3.56907,1.40508,13.32677],"rotation":{"angle":-45,"axis":"z","origin":[4.12399,0.49,20.48706]},"faces":{"north":{"uv":[8.66667,1.66667,9.8,1.86667],"texture":"#1"},"east":{"uv":[11.4,6.6,11.6,6.8],"texture":"#1"},"south":{"uv":[8.66667,1.93333,9.8,2.13333],"texture":"#1"},"west":{"uv":[11.46667,2.93333,11.66667,3.13333],"texture":"#1"},"up":{"uv":[9.8,2.4,8.66667,2.2],"texture":"#1"},"down":{"uv":[9.8,2.46667,8.66667,2.66667],"texture":"#1"}}},{"from":[12.43093,-0.06492,11.85677],"to":[20.76093,1.40508,13.32677],"rotation":{"angle":45,"axis":"z","origin":[11.87601,0.49,20.48706]},"faces":{"north":{"uv":[9.8,1.66667,8.66667,1.86667],"texture":"#1"},"east":{"uv":[11.66667,2.93333,11.46667,3.13333],"texture":"#1"},"south":{"uv":[9.8,1.93333,8.66667,2.13333],"texture":"#1"},"west":{"uv":[11.6,6.6,11.4,6.8],"texture":"#1"},"up":{"uv":[8.66667,2.4,9.8,2.2],"texture":"#1"},"down":{"uv":[8.66667,2.46667,9.8,2.66667],"texture":"#1"}}},{"from":[17.39885,-0.47865,11.86167],"to":[18.85905,6.37155,13.32187],"rotation":{"angle":22.5,"axis":"z","origin":[16.5187,6.20696,20.48706]},"faces":{"north":{"uv":[9,3.73333,8.8,4.66667],"texture":"#1"},"east":{"uv":[9,4.73333,8.8,5.66667],"texture":"#1"},"south":{"uv":[4.86667,8.8,4.66667,9.73333],"texture":"#1"},"west":{"uv":[4.6,8.8,4.4,9.73333],"texture":"#1"},"up":{"uv":[11.6,1.06667,11.8,0.86667],"texture":"#1"},"down":{"uv":[11.6,1.13333,11.8,1.33333],"texture":"#1"}}},{"from":[19.4259,0,11.85677],"to":[21.3859,1.47,13.32677],"rotation":{"angle":0,"axis":"y","origin":[22.35816,0,20.48706]},"faces":{"north":{"uv":[11.6,2.66667,11.33333,2.86667],"texture":"#1"},"east":{"uv":[3.06667,11.6,2.86667,11.8],"texture":"#1"},"south":{"uv":[3.33333,11.33333,3.06667,11.53333],"texture":"#1"},"west":{"uv":[11.8,2.33333,11.6,2.53333],"texture":"#1"},"up":{"uv":[11.33333,3.4,11.6,3.2],"texture":"#1"},"down":{"uv":[3.4,11.33333,3.66667,11.53333],"texture":"#1"}}},{"from":[23.77607,0,13.04192],"to":[25.73607,0.98,14.02192],"rotation":{"angle":22.5,"axis":"y","origin":[19.78566,0.49,20.48706]},"faces":{"north":{"uv":[12.46667,9.06667,12.2,9.2],"texture":"#1"},"east":{"uv":[13.13333,3.66667,13,3.8],"texture":"#1"},"south":{"uv":[12.53333,2.86667,12.26667,3],"texture":"#1"},"west":{"uv":[3.46667,13,3.33333,13.13333],"texture":"#1"},"up":{"uv":[12.26667,8.46667,12.53333,8.33333],"texture":"#1"},"down":{"uv":[12.26667,8.53333,12.53333,8.66667],"texture":"#1"}}},{"from":[16.23259,0,12.77767],"to":[18.19259,0.98,13.75767],"rotation":{"angle":-22.5,"axis":"y","origin":[19.93679,0.49,24.49402]},"faces":{"north":{"uv":[12.53333,9.26667,12.26667,9.4],"texture":"#1"},"east":{"uv":[4.53333,13,4.4,13.13333],"texture":"#1"},"south":{"uv":[12.53333,9.46667,12.26667,9.6],"texture":"#1"},"west":{"uv":[13.13333,4.13333,13,4.26667],"texture":"#1"},"up":{"uv":[12.26667,9.8,12.53333,9.66667],"texture":"#1"},"down":{"uv":[12.26667,10.46667,12.53333,10.6],"texture":"#1"}}},{"from":[-4.76093,-0.06492,7.85677],"to":[3.56907,1.40508,9.32677],"rotation":{"angle":-45,"axis":"z","origin":[4.12399,0.49,16.48706]},"faces":{"north":{"uv":[8.66667,1.66667,9.8,1.86667],"texture":"#1"},"east":{"uv":[11.4,6.6,11.6,6.8],"texture":"#1"},"south":{"uv":[8.66667,1.93333,9.8,2.13333],"texture":"#1"},"west":{"uv":[11.46667,2.93333,11.66667,3.13333],"texture":"#1"},"up":{"uv":[9.8,2.4,8.66667,2.2],"texture":"#1"},"down":{"uv":[9.8,2.46667,8.66667,2.66667],"texture":"#1"}}},{"from":[-2.85905,-0.47865,7.86167],"to":[-1.39885,6.37155,9.32187],"rotation":{"angle":-22.5,"axis":"z","origin":[-0.5187,6.20696,16.48706]},"faces":{"north":{"uv":[8.8,3.73333,9,4.66667],"texture":"#1"},"east":{"uv":[4.4,8.8,4.6,9.73333],"texture":"#1"},"south":{"uv":[4.66667,8.8,4.86667,9.73333],"texture":"#1"},"west":{"uv":[8.8,4.73333,9,5.66667],"texture":"#1"},"up":{"uv":[11.8,1.06667,11.6,0.86667],"texture":"#1"},"down":{"uv":[11.8,1.13333,11.6,1.33333],"texture":"#1"}}},{"from":[-5.3859,0,7.85677],"to":[-3.4259,1.47,9.32677],"rotation":{"angle":0,"axis":"y","origin":[-6.35816,0,16.48706]},"faces":{"north":{"uv":[11.33333,2.66667,11.6,2.86667],"texture":"#1"},"east":{"uv":[11.6,2.33333,11.8,2.53333],"texture":"#1"},"south":{"uv":[3.06667,11.33333,3.33333,11.53333],"texture":"#1"},"west":{"uv":[2.86667,11.6,3.06667,11.8],"texture":"#1"},"up":{"uv":[11.6,3.4,11.33333,3.2],"texture":"#1"},"down":{"uv":[3.66667,11.33333,3.4,11.53333],"texture":"#1"}}},{"from":[-9.73607,0,9.04192],"to":[-7.77607,0.98,10.02192],"rotation":{"angle":-22.5,"axis":"y","origin":[-3.78566,0.49,16.48706]},"faces":{"north":{"uv":[12.2,9.06667,12.46667,9.2],"texture":"#1"},"east":{"uv":[3.33333,13,3.46667,13.13333],"texture":"#1"},"south":{"uv":[12.26667,2.86667,12.53333,3],"texture":"#1"},"west":{"uv":[13,3.66667,13.13333,3.8],"texture":"#1"},"up":{"uv":[12.53333,8.46667,12.26667,8.33333],"texture":"#1"},"down":{"uv":[12.53333,8.53333,12.26667,8.66667],"texture":"#1"}}},{"from":[-2.19259,0,8.77767],"to":[-0.23259,0.98,9.75767],"rotation":{"angle":22.5,"axis":"y","origin":[-3.93679,0.49,20.49402]},"faces":{"north":{"uv":[12.26667,9.26667,12.53333,9.4],"texture":"#1"},"east":{"uv":[13,4.13333,13.13333,4.26667],"texture":"#1"},"south":{"uv":[12.26667,9.46667,12.53333,9.6],"texture":"#1"},"west":{"uv":[4.4,13,4.53333,13.13333],"texture":"#1"},"up":{"uv":[12.53333,9.8,12.26667,9.66667],"texture":"#1"},"down":{"uv":[12.53333,10.46667,12.26667,10.6],"texture":"#1"}}},{"from":[17.22852,0,5.77061],"to":[19.18852,0.98,6.75061],"rotation":{"angle":-22.5,"axis":"y","origin":[12.87601,5.49,16.48706]},"faces":{"north":{"uv":[12.53333,9.26667,12.26667,9.4],"texture":"#1"},"east":{"uv":[4.53333,13,4.4,13.13333],"texture":"#1"},"south":{"uv":[12.53333,9.46667,12.26667,9.6],"texture":"#1"},"west":{"uv":[13.13333,4.13333,13,4.26667],"texture":"#1"},"up":{"uv":[12.26667,9.8,12.53333,9.66667],"texture":"#1"},"down":{"uv":[12.26667,10.46667,12.53333,10.6],"texture":"#1"}}},{"from":[23.2501,0,11.68613],"to":[25.2101,0.98,12.66613],"rotation":{"angle":22.5,"axis":"y","origin":[12.87601,5.49,16.48706]},"faces":{"north":{"uv":[12.46667,9.06667,12.2,9.2],"texture":"#1"},"east":{"uv":[13.13333,3.66667,13,3.8],"texture":"#1"},"south":{"uv":[12.53333,2.86667,12.26667,3],"texture":"#1"},"west":{"uv":[3.46667,13,3.33333,13.13333],"texture":"#1"},"up":{"uv":[12.26667,8.46667,12.53333,8.33333],"texture":"#1"},"down":{"uv":[12.26667,8.53333,12.53333,8.66667],"texture":"#1"}}},{"from":[19.4259,0,7.85677],"to":[21.3859,1.47,9.32677],"rotation":{"angle":0,"axis":"z","origin":[12.87601,5.49,16.48706]},"faces":{"north":{"uv":[11.6,2.66667,11.33333,2.86667],"texture":"#1"},"east":{"uv":[3.06667,11.6,2.86667,11.8],"texture":"#1"},"south":{"uv":[3.33333,11.33333,3.06667,11.53333],"texture":"#1"},"west":{"uv":[11.8,2.33333,11.6,2.53333],"texture":"#1"},"up":{"uv":[11.33333,3.4,11.6,3.2],"texture":"#1"},"down":{"uv":[3.4,11.33333,3.66667,11.53333],"texture":"#1"}}},{"from":[17.39594,-1.92722,7.86167],"to":[18.85614,4.92298,9.32187],"rotation":{"angle":22.5,"axis":"z","origin":[12.87601,5.49,16.48706]},"faces":{"north":{"uv":[9,3.73333,8.8,4.66667],"texture":"#1"},"east":{"uv":[9,4.73333,8.8,5.66667],"texture":"#1"},"south":{"uv":[4.86667,8.8,4.66667,9.73333],"texture":"#1"},"west":{"uv":[4.6,8.8,4.4,9.73333],"texture":"#1"},"up":{"uv":[11.6,1.06667,11.8,0.86667],"texture":"#1"},"down":{"uv":[11.6,1.13333,11.8,1.33333],"texture":"#1"}}},{"from":[9.18829,2.10665,7.85677],"to":[17.51829,3.57665,9.32677],"rotation":{"angle":45,"axis":"z","origin":[12.87601,5.49,16.48706]},"faces":{"north":{"uv":[9.8,1.66667,8.66667,1.86667],"texture":"#1"},"east":{"uv":[11.66667,2.93333,11.46667,3.13333],"texture":"#1"},"south":{"uv":[9.8,1.93333,8.66667,2.13333],"texture":"#1"},"west":{"uv":[11.6,6.6,11.4,6.8],"texture":"#1"},"up":{"uv":[8.66667,2.4,9.8,2.2],"texture":"#1"},"down":{"uv":[8.66667,2.46667,9.8,2.66667],"texture":"#1"}}}],"display":{"head":{"rotation":[90,0,0],"translation":[-1,-35.75,11.25],"scale":[4,3,4]}}}