{"credit":"Naruto RPG","textures":{"1":"agua:item/agua_pistola","2":"agua:item/agua_pistola_2","particle":"agua:item/agua_pistola_2"},"elements":[{"from":[-1.75,0.75,-0.75],"to":[6,3.75,2.25],"rotation":{"angle":0,"axis":"y","origin":[2.5,-0.25,-1.25]},"faces":{"north":{"uv":[0,0,7,4],"texture":"#1"},"east":{"uv":[0,8,4,12],"texture":"#1"},"south":{"uv":[0,4,7,8],"texture":"#1"},"west":{"uv":[4,8,8,12],"texture":"#1"},"up":{"uv":[14,4,7,0],"texture":"#1"},"down":{"uv":[14,4,7,8],"texture":"#1"}}},{"from":[-1,-9.25,0.75],"to":[14,13.75,0.75],"rotation":{"angle":45,"axis":"x","origin":[6.5,2.25,0.75]},"faces":{"north":{"uv":[0,16,16,0],"rotation":90,"texture":"#2"},"east":{"uv":[0,0,16,0],"rotation":270,"texture":"#2"},"south":{"uv":[0,0,16,16],"rotation":90,"texture":"#2"},"west":{"uv":[0,0,16,0],"rotation":270,"texture":"#2"},"up":{"uv":[0,0,0,10],"rotation":270,"texture":"#2"},"down":{"uv":[0,0,0,10],"rotation":270,"texture":"#2"}}},{"from":[-1,-9.25,0.75],"to":[14,13.75,0.75],"rotation":{"angle":-45,"axis":"x","origin":[6.5,2.25,0.75]},"faces":{"north":{"uv":[0,16,16,0],"rotation":90,"texture":"#2"},"east":{"uv":[0,0,16,0],"rotation":270,"texture":"#2"},"south":{"uv":[0,0,16,16],"rotation":90,"texture":"#2"},"west":{"uv":[0,0,16,0],"rotation":270,"texture":"#2"},"up":{"uv":[0,0,0,10],"rotation":270,"texture":"#2"},"down":{"uv":[0,0,0,10],"rotation":270,"texture":"#2"}}}],"display":{"head":{"rotation":[0,-90,0],"translation":[-22,-27.75,-55],"scale":[3,3,3]}}}