{"credit":"Naruto RPG","texture_size":[64,64],"textures":{"0":"shirogane:item/shirogane_mordedora","particle":"shirogane:item/shirogane_mordedora"},"elements":[{"from":[2.5,8.5,1],"to":[4.5,11,2.5],"rotation":{"angle":0,"axis":"y","origin":[3.5,8.6875,1.8125]},"faces":{"north":{"uv":[1.5,13.875,2,14.5],"texture":"#0"},"east":{"uv":[0.125,14.25,0.5,14.875],"texture":"#0"},"south":{"uv":[0.125,13.375,0.625,14],"texture":"#0"},"west":{"uv":[0.875,13.375,1.25,14],"texture":"#0"},"up":{"uv":[0.125,10.75,0.625,11.125],"texture":"#0"},"down":{"uv":[0.875,10.5,1.375,10.875],"texture":"#0"}}},{"from":[2.75,6.75,1.25],"to":[4.25,8.5,2.5],"rotation":{"angle":0,"axis":"y","origin":[3.5,8.6875,1.8125]},"faces":{"north":{"uv":[1.5,13.875,2,14.5],"texture":"#0"},"east":{"uv":[0.125,14.25,0.5,14.875],"texture":"#0"},"south":{"uv":[0.125,13.375,0.625,14],"texture":"#0"},"west":{"uv":[0.875,13.375,1.25,14],"texture":"#0"},"up":{"uv":[0.125,10.75,0.625,11.125],"texture":"#0"},"down":{"uv":[0.875,10.5,1.375,10.875],"texture":"#0"}}},{"from":[1.4875,8.5,2.7625],"to":[2.9875,11,4.7625],"rotation":{"angle":0,"axis":"y","origin":[2.3,6.625,4.9125]},"faces":{"north":{"uv":[0.125,14.25,0.5,14.875],"texture":"#0"},"east":{"uv":[0.125,13.375,0.625,14],"texture":"#0"},"south":{"uv":[0.875,13.375,1.25,14],"texture":"#0"},"west":{"uv":[1.5,13.875,2,14.5],"texture":"#0"},"up":{"uv":[0.125,10.75,0.625,11.125],"rotation":270,"texture":"#0"},"down":{"uv":[0.875,10.5,1.375,10.875],"rotation":90,"texture":"#0"}}},{"from":[1.7375,6.75,3.0125],"to":[2.9875,8.5,4.5125],"rotation":{"angle":0,"axis":"y","origin":[2.3,6.625,4.9125]},"faces":{"north":{"uv":[0.125,14.25,0.5,14.875],"texture":"#0"},"east":{"uv":[0.125,13.375,0.625,14],"texture":"#0"},"south":{"uv":[0.875,13.375,1.25,14],"texture":"#0"},"west":{"uv":[1.5,13.875,2,14.5],"texture":"#0"},"up":{"uv":[0.125,10.75,0.625,11.125],"rotation":270,"texture":"#0"},"down":{"uv":[0.875,10.5,1.375,10.875],"rotation":90,"texture":"#0"}}},{"from":[1.4875,8.5,5.0625],"to":[2.9875,11,7.0625],"rotation":{"angle":0,"axis":"y","origin":[2.3,6.625,4.9125]},"faces":{"north":{"uv":[0.125,14.25,0.5,14.875],"texture":"#0"},"east":{"uv":[0.125,13.375,0.625,14],"texture":"#0"},"south":{"uv":[0.875,13.375,1.25,14],"texture":"#0"},"west":{"uv":[1.5,13.875,2,14.5],"texture":"#0"},"up":{"uv":[0.125,10.75,0.625,11.125],"rotation":270,"texture":"#0"},"down":{"uv":[0.875,10.5,1.375,10.875],"rotation":90,"texture":"#0"}}},{"from":[1.7375,6.75,5.3125],"to":[2.9875,8.5,6.8125],"rotation":{"angle":0,"axis":"y","origin":[2.3,6.625,4.9125]},"faces":{"north":{"uv":[0.125,14.25,0.5,14.875],"texture":"#0"},"east":{"uv":[0.125,13.375,0.625,14],"texture":"#0"},"south":{"uv":[0.875,13.375,1.25,14],"texture":"#0"},"west":{"uv":[1.5,13.875,2,14.5],"texture":"#0"},"up":{"uv":[0.125,10.75,0.625,11.125],"rotation":270,"texture":"#0"},"down":{"uv":[0.875,10.5,1.375,10.875],"rotation":90,"texture":"#0"}}},{"from":[1.4875,2.25,4.0625],"to":[2.9875,4.75,6.0625],"rotation":{"angle":0,"axis":"y","origin":[2.3,6.625,4.9125]},"faces":{"north":{"uv":[0.125,14.875,0.5,14.25],"texture":"#0"},"east":{"uv":[0.125,14,0.625,13.375],"texture":"#0"},"south":{"uv":[0.875,14,1.25,13.375],"texture":"#0"},"west":{"uv":[1.5,14.5,2,13.875],"texture":"#0"},"up":{"uv":[1.375,10.5,0.875,10.875],"rotation":90,"texture":"#0"},"down":{"uv":[0.625,10.75,0.125,11.125],"rotation":270,"texture":"#0"}}},{"from":[1.7375,4.75,4.3125],"to":[2.9875,6.5,5.8125],"rotation":{"angle":0,"axis":"y","origin":[2.3,6.625,4.9125]},"faces":{"north":{"uv":[0.125,14.875,0.5,14.25],"texture":"#0"},"east":{"uv":[0.125,14,0.625,13.375],"texture":"#0"},"south":{"uv":[0.875,14,1.25,13.375],"texture":"#0"},"west":{"uv":[1.5,14.5,2,13.875],"texture":"#0"},"up":{"uv":[1.375,10.5,0.875,10.875],"rotation":90,"texture":"#0"},"down":{"uv":[0.625,10.75,0.125,11.125],"rotation":270,"texture":"#0"}}},{"from":[13.0125,4.75,4.3125],"to":[14.2625,6.5,5.8125],"rotation":{"angle":0,"axis":"y","origin":[13.7,6.625,4.9125]},"faces":{"north":{"uv":[0.5,14.875,0.125,14.25],"texture":"#0"},"east":{"uv":[2,14.5,1.5,13.875],"texture":"#0"},"south":{"uv":[1.25,14,0.875,13.375],"texture":"#0"},"west":{"uv":[0.625,14,0.125,13.375],"texture":"#0"},"up":{"uv":[1.375,10.875,0.875,10.5],"rotation":90,"texture":"#0"},"down":{"uv":[0.625,11.125,0.125,10.75],"rotation":270,"texture":"#0"}}},{"from":[13.0125,2.25,4.0625],"to":[14.5125,4.75,6.0625],"rotation":{"angle":0,"axis":"y","origin":[13.7,6.625,4.9125]},"faces":{"north":{"uv":[0.5,14.875,0.125,14.25],"texture":"#0"},"east":{"uv":[2,14.5,1.5,13.875],"texture":"#0"},"south":{"uv":[1.25,14,0.875,13.375],"texture":"#0"},"west":{"uv":[0.625,14,0.125,13.375],"texture":"#0"},"up":{"uv":[1.375,10.875,0.875,10.5],"rotation":90,"texture":"#0"},"down":{"uv":[0.625,11.125,0.125,10.75],"rotation":270,"texture":"#0"}}},{"from":[13.0125,8.5,2.7625],"to":[14.5125,11,4.7625],"rotation":{"angle":0,"axis":"y","origin":[13.7,6.625,4.9125]},"faces":{"north":{"uv":[0.5,14.25,0.125,14.875],"texture":"#0"},"east":{"uv":[2,13.875,1.5,14.5],"texture":"#0"},"south":{"uv":[1.25,13.375,0.875,14],"texture":"#0"},"west":{"uv":[0.625,13.375,0.125,14],"texture":"#0"},"up":{"uv":[0.125,11.125,0.625,10.75],"rotation":270,"texture":"#0"},"down":{"uv":[0.875,10.875,1.375,10.5],"rotation":90,"texture":"#0"}}},{"from":[13.0125,6.75,3.0125],"to":[14.2625,8.5,4.5125],"rotation":{"angle":0,"axis":"y","origin":[13.7,6.625,4.9125]},"faces":{"north":{"uv":[0.5,14.25,0.125,14.875],"texture":"#0"},"east":{"uv":[2,13.875,1.5,14.5],"texture":"#0"},"south":{"uv":[1.25,13.375,0.875,14],"texture":"#0"},"west":{"uv":[0.625,13.375,0.125,14],"texture":"#0"},"up":{"uv":[0.125,11.125,0.625,10.75],"rotation":270,"texture":"#0"},"down":{"uv":[0.875,10.875,1.375,10.5],"rotation":90,"texture":"#0"}}},{"from":[13.0125,8.5,5.0625],"to":[14.5125,11,7.0625],"rotation":{"angle":0,"axis":"y","origin":[13.7,6.625,4.9125]},"faces":{"north":{"uv":[0.5,14.25,0.125,14.875],"texture":"#0"},"east":{"uv":[2,13.875,1.5,14.5],"texture":"#0"},"south":{"uv":[1.25,13.375,0.875,14],"texture":"#0"},"west":{"uv":[0.625,13.375,0.125,14],"texture":"#0"},"up":{"uv":[0.125,11.125,0.625,10.75],"rotation":270,"texture":"#0"},"down":{"uv":[0.875,10.875,1.375,10.5],"rotation":90,"texture":"#0"}}},{"from":[13.0125,6.75,5.3125],"to":[14.2625,8.5,6.8125],"rotation":{"angle":0,"axis":"y","origin":[13.7,6.625,4.9125]},"faces":{"north":{"uv":[0.5,14.25,0.125,14.875],"texture":"#0"},"east":{"uv":[2,13.875,1.5,14.5],"texture":"#0"},"south":{"uv":[1.25,13.375,0.875,14],"texture":"#0"},"west":{"uv":[0.625,13.375,0.125,14],"texture":"#0"},"up":{"uv":[0.125,11.125,0.625,10.75],"rotation":270,"texture":"#0"},"down":{"uv":[0.875,10.875,1.375,10.5],"rotation":90,"texture":"#0"}}},{"from":[5.5,8.5,1],"to":[7.5,11,2.5],"rotation":{"angle":0,"axis":"y","origin":[8,8.6875,1.8125]},"faces":{"north":{"uv":[1.5,13.875,2,14.5],"texture":"#0"},"east":{"uv":[0.125,14.25,0.5,14.875],"texture":"#0"},"south":{"uv":[0.125,13.375,0.625,14],"texture":"#0"},"west":{"uv":[0.875,13.375,1.25,14],"texture":"#0"},"up":{"uv":[0.125,10.75,0.625,11.125],"texture":"#0"},"down":{"uv":[0.875,10.5,1.375,10.875],"texture":"#0"}}},{"from":[5.75,6.75,1.25],"to":[7.25,8.5,2.5],"rotation":{"angle":0,"axis":"y","origin":[8,8.6875,1.8125]},"faces":{"north":{"uv":[1.5,13.875,2,14.5],"texture":"#0"},"east":{"uv":[0.125,14.25,0.5,14.875],"texture":"#0"},"south":{"uv":[0.125,13.375,0.625,14],"texture":"#0"},"west":{"uv":[0.875,13.375,1.25,14],"texture":"#0"},"up":{"uv":[0.125,10.75,0.625,11.125],"texture":"#0"},"down":{"uv":[0.875,10.5,1.375,10.875],"texture":"#0"}}},{"from":[8.5,8.5,1],"to":[10.5,11,2.5],"rotation":{"angle":0,"axis":"y","origin":[8,8.6875,1.8125]},"faces":{"north":{"uv":[1.5,13.875,2,14.5],"texture":"#0"},"east":{"uv":[0.125,14.25,0.5,14.875],"texture":"#0"},"south":{"uv":[0.125,13.375,0.625,14],"texture":"#0"},"west":{"uv":[0.875,13.375,1.25,14],"texture":"#0"},"up":{"uv":[0.125,10.75,0.625,11.125],"texture":"#0"},"down":{"uv":[0.875,10.5,1.375,10.875],"texture":"#0"}}},{"from":[8.75,6.75,1.25],"to":[10.25,8.5,2.5],"rotation":{"angle":0,"axis":"y","origin":[8,8.6875,1.8125]},"faces":{"north":{"uv":[1.5,13.875,2,14.5],"texture":"#0"},"east":{"uv":[0.125,14.25,0.5,14.875],"texture":"#0"},"south":{"uv":[0.125,13.375,0.625,14],"texture":"#0"},"west":{"uv":[0.875,13.375,1.25,14],"texture":"#0"},"up":{"uv":[0.125,10.75,0.625,11.125],"texture":"#0"},"down":{"uv":[0.875,10.5,1.375,10.875],"texture":"#0"}}},{"from":[11.5,8.5,1],"to":[13.5,11,2.5],"rotation":{"angle":0,"axis":"y","origin":[8,8.6875,1.8125]},"faces":{"north":{"uv":[1.5,13.875,2,14.5],"texture":"#0"},"east":{"uv":[0.125,14.25,0.5,14.875],"texture":"#0"},"south":{"uv":[0.125,13.375,0.625,14],"texture":"#0"},"west":{"uv":[0.875,13.375,1.25,14],"texture":"#0"},"up":{"uv":[0.125,10.75,0.625,11.125],"texture":"#0"},"down":{"uv":[0.875,10.5,1.375,10.875],"texture":"#0"}}},{"from":[11.75,6.75,1.25],"to":[13.25,8.5,2.5],"rotation":{"angle":0,"axis":"y","origin":[8,8.6875,1.8125]},"faces":{"north":{"uv":[1.5,13.875,2,14.5],"texture":"#0"},"east":{"uv":[0.125,14.25,0.5,14.875],"texture":"#0"},"south":{"uv":[0.125,13.375,0.625,14],"texture":"#0"},"west":{"uv":[0.875,13.375,1.25,14],"texture":"#0"},"up":{"uv":[0.125,10.75,0.625,11.125],"texture":"#0"},"down":{"uv":[0.875,10.5,1.375,10.875],"texture":"#0"}}},{"from":[12.5,2.25,1],"to":[14.5,4.75,2.5],"rotation":{"angle":0,"axis":"y","origin":[9,4.5625,1.8125]},"faces":{"north":{"uv":[1.5,14.5,2,13.875],"texture":"#0"},"east":{"uv":[0.125,14.875,0.5,14.25],"texture":"#0"},"south":{"uv":[0.125,14,0.625,13.375],"texture":"#0"},"west":{"uv":[0.875,14,1.25,13.375],"texture":"#0"},"up":{"uv":[0.875,10.875,1.375,10.5],"texture":"#0"},"down":{"uv":[0.125,11.125,0.625,10.75],"texture":"#0"}}},{"from":[12.75,4.75,1.25],"to":[14.25,6.5,2.5],"rotation":{"angle":0,"axis":"y","origin":[9,4.5625,1.8125]},"faces":{"north":{"uv":[1.5,14.5,2,13.875],"texture":"#0"},"east":{"uv":[0.125,14.875,0.5,14.25],"texture":"#0"},"south":{"uv":[0.125,14,0.625,13.375],"texture":"#0"},"west":{"uv":[0.875,14,1.25,13.375],"texture":"#0"},"up":{"uv":[0.875,10.875,1.375,10.5],"texture":"#0"},"down":{"uv":[0.125,11.125,0.625,10.75],"texture":"#0"}}},{"from":[9.5,2.25,1],"to":[11.5,4.75,2.5],"rotation":{"angle":0,"axis":"y","origin":[9,4.5625,1.8125]},"faces":{"north":{"uv":[1.5,14.5,2,13.875],"texture":"#0"},"east":{"uv":[0.125,14.875,0.5,14.25],"texture":"#0"},"south":{"uv":[0.125,14,0.625,13.375],"texture":"#0"},"west":{"uv":[0.875,14,1.25,13.375],"texture":"#0"},"up":{"uv":[0.875,10.875,1.375,10.5],"texture":"#0"},"down":{"uv":[0.125,11.125,0.625,10.75],"texture":"#0"}}},{"from":[9.75,4.75,1.25],"to":[11.25,6.5,2.5],"rotation":{"angle":0,"axis":"y","origin":[9,4.5625,1.8125]},"faces":{"north":{"uv":[1.5,14.5,2,13.875],"texture":"#0"},"east":{"uv":[0.125,14.875,0.5,14.25],"texture":"#0"},"south":{"uv":[0.125,14,0.625,13.375],"texture":"#0"},"west":{"uv":[0.875,14,1.25,13.375],"texture":"#0"},"up":{"uv":[0.875,10.875,1.375,10.5],"texture":"#0"},"down":{"uv":[0.125,11.125,0.625,10.75],"texture":"#0"}}},{"from":[4.5,2.25,1],"to":[6.5,4.75,2.5],"rotation":{"angle":0,"axis":"y","origin":[7,4.5625,1.8125]},"faces":{"north":{"uv":[1.5,14.5,2,13.875],"texture":"#0"},"east":{"uv":[0.125,14.875,0.5,14.25],"texture":"#0"},"south":{"uv":[0.125,14,0.625,13.375],"texture":"#0"},"west":{"uv":[0.875,14,1.25,13.375],"texture":"#0"},"up":{"uv":[0.875,10.875,1.375,10.5],"texture":"#0"},"down":{"uv":[0.125,11.125,0.625,10.75],"texture":"#0"}}},{"from":[4.75,4.75,1.25],"to":[6.25,6.5,2.5],"rotation":{"angle":0,"axis":"y","origin":[7,4.5625,1.8125]},"faces":{"north":{"uv":[1.5,14.5,2,13.875],"texture":"#0"},"east":{"uv":[0.125,14.875,0.5,14.25],"texture":"#0"},"south":{"uv":[0.125,14,0.625,13.375],"texture":"#0"},"west":{"uv":[0.875,14,1.25,13.375],"texture":"#0"},"up":{"uv":[0.875,10.875,1.375,10.5],"texture":"#0"},"down":{"uv":[0.125,11.125,0.625,10.75],"texture":"#0"}}},{"from":[7.25,4.75,1.25],"to":[8.75,6.5,2.5],"rotation":{"angle":0,"axis":"y","origin":[9.5,4.5625,1.8125]},"faces":{"north":{"uv":[1.5,14.5,2,13.875],"texture":"#0"},"east":{"uv":[0.125,14.875,0.5,14.25],"texture":"#0"},"south":{"uv":[0.125,14,0.625,13.375],"texture":"#0"},"west":{"uv":[0.875,14,1.25,13.375],"texture":"#0"},"up":{"uv":[0.875,10.875,1.375,10.5],"texture":"#0"},"down":{"uv":[0.125,11.125,0.625,10.75],"texture":"#0"}}},{"from":[7,2.25,1],"to":[9,4.75,2.5],"rotation":{"angle":0,"axis":"y","origin":[9.5,4.5625,1.8125]},"faces":{"north":{"uv":[1.5,14.5,2,13.875],"texture":"#0"},"east":{"uv":[0.125,14.875,0.5,14.25],"texture":"#0"},"south":{"uv":[0.125,14,0.625,13.375],"texture":"#0"},"west":{"uv":[0.875,14,1.25,13.375],"texture":"#0"},"up":{"uv":[0.875,10.875,1.375,10.5],"texture":"#0"},"down":{"uv":[0.125,11.125,0.625,10.75],"texture":"#0"}}},{"from":[1.5,2.25,1],"to":[3.5,4.75,2.5],"rotation":{"angle":0,"axis":"y","origin":[7,4.5625,1.8125]},"faces":{"north":{"uv":[1.5,14.5,2,13.875],"texture":"#0"},"east":{"uv":[0.125,14.875,0.5,14.25],"texture":"#0"},"south":{"uv":[0.125,14,0.625,13.375],"texture":"#0"},"west":{"uv":[0.875,14,1.25,13.375],"texture":"#0"},"up":{"uv":[0.875,10.875,1.375,10.5],"texture":"#0"},"down":{"uv":[0.125,11.125,0.625,10.75],"texture":"#0"}}},{"from":[1.75,4.75,1.25],"to":[3.25,6.5,2.5],"rotation":{"angle":0,"axis":"y","origin":[7,4.5625,1.8125]},"faces":{"north":{"uv":[1.5,14.5,2,13.875],"texture":"#0"},"east":{"uv":[0.125,14.875,0.5,14.25],"texture":"#0"},"south":{"uv":[0.125,14,0.625,13.375],"texture":"#0"},"west":{"uv":[0.875,14,1.25,13.375],"texture":"#0"},"up":{"uv":[0.875,10.875,1.375,10.5],"texture":"#0"},"down":{"uv":[0.125,11.125,0.625,10.75],"texture":"#0"}}},{"from":[1,11,0],"to":[15,13,5],"rotation":{"angle":0,"axis":"y","origin":[8,12.5,5.5]},"faces":{"north":{"uv":[9,3.75,12.5,4.25],"texture":"#0"},"east":{"uv":[7,2.5,8.25,3],"texture":"#0"},"south":{"uv":[5,9.5,8.5,10],"texture":"#0"},"west":{"uv":[10,2,11.25,2.5],"texture":"#0"},"up":{"uv":[9,4.5,5.5,3.25],"texture":"#0"},"down":{"uv":[10,4.5,6.5,5.75],"texture":"#0"}}},{"from":[13,0,7.25],"to":[15,13,13],"rotation":{"angle":0,"axis":"y","origin":[8,12.5,5.5]},"faces":{"north":{"uv":[1.5,9.75,2,13],"texture":"#0"},"east":{"uv":[5,4.5,6.5,7.75],"texture":"#0"},"south":{"uv":[2,9.75,2.5,13],"texture":"#0"},"west":{"uv":[5.5,0,7,3.25],"texture":"#0"},"up":{"uv":[7,11.5,6.5,10],"texture":"#0"},"down":{"uv":[7.5,10,7,11.5],"texture":"#0"}}},{"from":[1,0,7.25],"to":[3,13,13],"rotation":{"angle":0,"axis":"y","origin":[8,12.5,5.5]},"faces":{"north":{"uv":[2.5,9.75,3,13],"texture":"#0"},"east":{"uv":[0,6,1.5,9.25],"texture":"#0"},"south":{"uv":[5,10,5.5,13.25],"texture":"#0"},"west":{"uv":[1.5,6.5,3,9.75],"texture":"#0"},"up":{"uv":[8,11.5,7.5,10],"texture":"#0"},"down":{"uv":[8.5,10,8,11.5],"texture":"#0"}}},{"from":[1,11,5],"to":[3,13,7.25],"rotation":{"angle":0,"axis":"y","origin":[8,12.5,5.5]},"faces":{"north":{"uv":[2.5,4,3,4.5],"texture":"#0"},"east":{"uv":[8.25,2.5,8.75,3],"texture":"#0"},"south":{"uv":[5,9,5.5,9.5],"texture":"#0"},"west":{"uv":[10,5.25,10.5,5.75],"texture":"#0"},"up":{"uv":[10.5,8.75,10,8.25],"texture":"#0"},"down":{"uv":[10.5,8.75,10,9.25],"texture":"#0"}}},{"from":[13,11,5],"to":[15,13,7.25],"rotation":{"angle":0,"axis":"y","origin":[8,12.5,5.5]},"faces":{"north":{"uv":[10,9.25,10.5,9.75],"texture":"#0"},"east":{"uv":[10,9.75,10.5,10.25],"texture":"#0"},"south":{"uv":[3,10.25,3.5,10.75],"texture":"#0"},"west":{"uv":[3.5,10.25,4,10.75],"texture":"#0"},"up":{"uv":[4.5,10.75,4,10.25],"texture":"#0"},"down":{"uv":[5,10.25,4.5,10.75],"texture":"#0"}}},{"from":[3,11,5],"to":[13,16,13],"rotation":{"angle":0,"axis":"y","origin":[8,12.5,5.5]},"faces":{"north":{"uv":[3,7.75,5.5,9],"texture":"#0"},"east":{"uv":[3,6.5,5,7.75],"texture":"#0"},"south":{"uv":[5.5,8.25,8,9.5],"texture":"#0"},"west":{"uv":[8,8.25,10,9.5],"texture":"#0"},"up":{"uv":[2.5,6,0,4],"texture":"#0"},"down":{"uv":[5,4.5,2.5,6.5],"texture":"#0"}}},{"from":[2,16,5],"to":[14,21,13],"rotation":{"angle":0,"axis":"y","origin":[8,12.5,5.5]},"faces":{"north":{"uv":[6.5,5.75,9.5,7],"texture":"#0"},"east":{"uv":[9,2.5,11,3.75],"texture":"#0"},"south":{"uv":[7,0,10,1.25],"texture":"#0"},"west":{"uv":[3,9,5,10.25],"texture":"#0"},"up":{"uv":[3,2,0,0],"texture":"#0"},"down":{"uv":[3,2,0,4],"texture":"#0"}}},{"from":[6,13,1],"to":[10,14,5],"rotation":{"angle":0,"axis":"y","origin":[8,12.5,5.5]},"faces":{"north":{"uv":[1.5,6,2.5,6.25],"texture":"#0"},"east":{"uv":[1.5,6.25,2.5,6.5],"texture":"#0"},"south":{"uv":[7,3,8,3.25],"texture":"#0"},"west":{"uv":[5.5,7.75,6.5,8],"texture":"#0"},"up":{"uv":[11,2,10,1],"texture":"#0"},"down":{"uv":[11,4.25,10,5.25],"texture":"#0"}}},{"from":[1,0,0],"to":[15,2,5],"rotation":{"angle":0,"axis":"y","origin":[8,0.5,5.5]},"faces":{"north":{"uv":[9,4.25,12.5,3.75],"texture":"#0"},"east":{"uv":[7,3,8.25,2.5],"texture":"#0"},"south":{"uv":[5,10,8.5,9.5],"texture":"#0"},"west":{"uv":[10,2.5,11.25,2],"texture":"#0"},"up":{"uv":[10,5.75,6.5,4.5],"texture":"#0"},"down":{"uv":[9,3.25,5.5,4.5],"texture":"#0"}}},{"from":[3,-3,5],"to":[13,2,13],"rotation":{"angle":0,"axis":"y","origin":[8,0.5,5.5]},"faces":{"north":{"uv":[3,9,5.5,7.75],"texture":"#0"},"east":{"uv":[3,7.75,5,6.5],"texture":"#0"},"south":{"uv":[5.5,9.5,8,8.25],"texture":"#0"},"west":{"uv":[8,9.5,10,8.25],"texture":"#0"},"up":{"uv":[5,6.5,2.5,4.5],"texture":"#0"},"down":{"uv":[2.5,4,0,6],"texture":"#0"}}},{"from":[6,-1,1],"to":[10,0,5],"rotation":{"angle":0,"axis":"y","origin":[8,0.5,5.5]},"faces":{"north":{"uv":[1.5,6.25,2.5,6],"texture":"#0"},"east":{"uv":[1.5,6.5,2.5,6.25],"texture":"#0"},"south":{"uv":[7,3.25,8,3],"texture":"#0"},"west":{"uv":[5.5,8,6.5,7.75],"texture":"#0"},"up":{"uv":[11,5.25,10,4.25],"texture":"#0"},"down":{"uv":[11,1,10,2],"texture":"#0"}}},{"from":[2,-8,5],"to":[14,-3,13],"rotation":{"angle":0,"axis":"y","origin":[8,0.5,5.5]},"faces":{"north":{"uv":[6.5,7,9.5,5.75],"texture":"#0"},"east":{"uv":[9,3.75,11,2.5],"texture":"#0"},"south":{"uv":[7,1.25,10,0],"texture":"#0"},"west":{"uv":[3,10.25,5,9],"texture":"#0"},"up":{"uv":[3,4,0,2],"texture":"#0"},"down":{"uv":[3,0,0,2],"texture":"#0"}}},{"from":[1,0,5],"to":[3,2,7.25],"rotation":{"angle":0,"axis":"y","origin":[8,0.5,5.5]},"faces":{"north":{"uv":[2.5,4.5,3,4],"texture":"#0"},"east":{"uv":[8.25,3,8.75,2.5],"texture":"#0"},"south":{"uv":[5,9.5,5.5,9],"texture":"#0"},"west":{"uv":[10,5.75,10.5,5.25],"texture":"#0"},"up":{"uv":[10.5,9.25,10,8.75],"texture":"#0"},"down":{"uv":[10.5,8.25,10,8.75],"texture":"#0"}}},{"from":[13,0,5],"to":[15,2,7.25],"rotation":{"angle":0,"axis":"y","origin":[8,0.5,5.5]},"faces":{"north":{"uv":[10,9.75,10.5,9.25],"texture":"#0"},"east":{"uv":[10,10.25,10.5,9.75],"texture":"#0"},"south":{"uv":[3,10.75,3.5,10.25],"texture":"#0"},"west":{"uv":[3.5,10.75,4,10.25],"texture":"#0"},"up":{"uv":[5,10.75,4.5,10.25],"texture":"#0"},"down":{"uv":[4.5,10.25,4,10.75],"texture":"#0"}}},{"from":[3,2,11],"to":[13,11,13],"rotation":{"angle":0,"axis":"y","origin":[8,-4,6.75]},"faces":{"north":{"uv":[3,0,5.5,2.25],"texture":"#0"},"east":{"uv":[5.5,10,6,12.25],"texture":"#0"},"south":{"uv":[3,2.25,5.5,4.5],"texture":"#0"},"west":{"uv":[6,10,6.5,12.25],"texture":"#0"},"up":{"uv":[12.5,0.5,10,0],"texture":"#0"},"down":{"uv":[12.5,0.5,10,1],"texture":"#0"}}}],"display":{"head":{"rotation":[0,0,-90.75],"translation":[4.5,-22.75,11.5],"scale":[3,3,3]}}}