{"format_version":"1.21.6","credit":"Naruto RPG","texture_size":[64,64],"textures":{"0":"accesorios:item/accesorio_trajesabio","particle":"accesorios:item/accesorio_trajesabio"},"elements":[{"from":[-0.2,21.5,5.725],"to":[3.8,24.075,5.725],"rotation":{"angle":0,"axis":"y","origin":[0,21.5,3.725]},"faces":{"north":{"uv":[4.5,3,5.625,3.5],"texture":"#0"},"east":{"uv":[0,0,0,0.5],"texture":"#0"},"south":{"uv":[5.5,7.75,6.625,8.25],"texture":"#0"},"west":{"uv":[0,0,0,0.5],"texture":"#0"},"up":{"uv":[1.125,0,0,0],"texture":"#0"},"down":{"uv":[1.125,0,0,0],"texture":"#0"}}},{"from":[12.2,11.5,5.7],"to":[12.2,24.075,11.65],"rotation":{"angle":0,"axis":"y","origin":[11.8,21.5,12.2]},"faces":{"north":{"uv":[0,0,0,3.625],"texture":"#0"},"east":{"uv":[2.375,3.75,1.25,7.375],"texture":"#0"},"south":{"uv":[0,0,0,3.625],"texture":"#0"},"west":{"uv":[12,3.8875,10.875,7.5125],"texture":"#0"},"up":{"uv":[0,1.125,0,0],"texture":"#0"},"down":{"uv":[0,0,0,1.125],"texture":"#0"}}},{"from":[8.7,11.5,5.7],"to":[12.2,24.075,5.7],"rotation":{"angle":0,"axis":"y","origin":[11.6,21.5,3.7]},"faces":{"north":{"uv":[3.25,6.25,2.5,9.875],"texture":"#0"},"east":{"uv":[0,0,0,3.625],"texture":"#0"},"south":{"uv":[7.75,8.875,8.5,12.5],"texture":"#0"},"west":{"uv":[0,0,0,3.625],"texture":"#0"},"up":{"uv":[0,0,0.75,0],"texture":"#0"},"down":{"uv":[0,0,0.75,0],"texture":"#0"}}},{"from":[12.2,24.074,5.726],"to":[16.2,24.074,11.651],"rotation":{"angle":0,"axis":"y","origin":[16.4,21.874,3.826]},"faces":{"north":{"uv":[1.125,0,0,0],"texture":"#0"},"east":{"uv":[1.125,0,0,0],"texture":"#0"},"south":{"uv":[1.125,0,0,0],"texture":"#0"},"west":{"uv":[1.125,0,0,0],"texture":"#0"},"up":{"uv":[0,8.625,1.125,7.5],"texture":"#0"},"down":{"uv":[1.25,7.5,2.375,8.625],"texture":"#0"}}},{"from":[12.2,21.5,11.625],"to":[16.2,24.075,11.625],"rotation":{"angle":0,"axis":"y","origin":[16,21.5,9.625]},"faces":{"north":{"uv":[9.375,0,8.25,0.5],"texture":"#0"},"east":{"uv":[0,0,0,0.5],"texture":"#0"},"south":{"uv":[9.375,0.5,8.25,1],"texture":"#0"},"west":{"uv":[0,0,0,0.5],"texture":"#0"},"up":{"uv":[0,0,1.125,0],"texture":"#0"},"down":{"uv":[0,0,1.125,0],"texture":"#0"}}},{"from":[16.2,21.5,5.725],"to":[16.2,24.075,11.625],"rotation":{"angle":0,"axis":"y","origin":[16,21.5,3.8]},"faces":{"north":{"uv":[0,0,0,0.5],"texture":"#0"},"east":{"uv":[9.125,7.75,8,8.25],"texture":"#0"},"south":{"uv":[0,0,0,0.5],"texture":"#0"},"west":{"uv":[7.875,7.75,6.75,8.25],"texture":"#0"},"up":{"uv":[0,1.125,0,0],"texture":"#0"},"down":{"uv":[0,0,0,1.125],"texture":"#0"}}},{"from":[12.2,21.5,5.725],"to":[16.2,24.075,5.725],"rotation":{"angle":0,"axis":"y","origin":[16,21.5,3.725]},"faces":{"north":{"uv":[5.625,3,4.5,3.5],"texture":"#0"},"east":{"uv":[0,0,0,0.5],"texture":"#0"},"south":{"uv":[6.625,7.75,5.5,8.25],"texture":"#0"},"west":{"uv":[0,0,0,0.5],"texture":"#0"},"up":{"uv":[0,0,1.125,0],"texture":"#0"},"down":{"uv":[0,0,1.125,0],"texture":"#0"}}},{"from":[3.8,11.5,5.7],"to":[7.3,24.075,5.7],"rotation":{"angle":0,"axis":"y","origin":[4.4,21.5,3.7]},"faces":{"north":{"uv":[2.5,6.25,3.25,9.875],"texture":"#0"},"east":{"uv":[0,0,0,3.625],"texture":"#0"},"south":{"uv":[8.5,8.875,7.75,12.5],"texture":"#0"},"west":{"uv":[0,0,0,3.625],"texture":"#0"},"up":{"uv":[0.75,0,0,0],"texture":"#0"},"down":{"uv":[0.75,0,0,0],"texture":"#0"}}},{"from":[3.8,11.5,11.65],"to":[12.2,24.075,11.65],"rotation":{"angle":0,"axis":"y","origin":[4.4,21.5,13.65]},"faces":{"north":{"uv":[4.375,0,2.25,3.625],"texture":"#0"},"east":{"uv":[0,0,0,3.625],"texture":"#0"},"south":{"uv":[2.25,0,4.375,3.625],"texture":"#0"},"west":{"uv":[0,0,0,3.625],"texture":"#0"},"up":{"uv":[2.125,0,0,0],"texture":"#0"},"down":{"uv":[2.125,0,0,0],"texture":"#0"}}},{"from":[0.6,13,11.6],"to":[15.4,17,15.6],"rotation":{"angle":0,"axis":"y","origin":[4.4,19.5,13.3]},"faces":{"north":{"uv":[8.25,0,4.5,1],"texture":"#0"},"east":{"uv":[7.5,5.75,8.5,6.75],"texture":"#0"},"south":{"uv":[4.5,0,8.25,1],"texture":"#0"},"west":{"uv":[7.5,6.75,8.5,7.75],"texture":"#0"},"up":{"uv":[8.25,2,4.5,1],"texture":"#0"},"down":{"uv":[8.25,2,4.5,3],"texture":"#0"}}},{"from":[3.8,24.075,9.7],"to":[12.2,24.075,11.65],"rotation":{"angle":0,"axis":"y","origin":[4.4,21.875,12.3]},"faces":{"north":{"uv":[0,0,2.125,0],"texture":"#0"},"east":{"uv":[0,0,1.125,0],"texture":"#0"},"south":{"uv":[0,0,2.125,0],"texture":"#0"},"west":{"uv":[0,0,1.125,0],"texture":"#0"},"up":{"uv":[8.375,4.125,6.25,3],"texture":"#0"},"down":{"uv":[6.125,6.25,4,7.375],"texture":"#0"}}},{"from":[3.8,11.5,5.7],"to":[3.8,24.075,11.65],"rotation":{"angle":0,"axis":"y","origin":[4.2,21.5,12.2]},"faces":{"north":{"uv":[0,0,0,3.625],"texture":"#0"},"east":{"uv":[12,3.8875,10.875,7.5125],"texture":"#0"},"south":{"uv":[0,0,0,3.625],"texture":"#0"},"west":{"uv":[1.25,3.75,2.375,7.375],"texture":"#0"},"up":{"uv":[0,1.125,0,0],"texture":"#0"},"down":{"uv":[0,0,0,1.125],"texture":"#0"}}},{"from":[1.08295,3.84046,5.7],"to":[1.08295,12.04046,11.65],"rotation":{"angle":-22.5,"axis":"z","origin":[1.08295,4.94046,8]},"faces":{"north":{"uv":[0,0,0,1.5],"texture":"#0"},"east":{"uv":[8.125,4.25,7,5.75],"texture":"#0"},"south":{"uv":[0,0,0,1.5],"texture":"#0"},"west":{"uv":[7,4.25,8.125,5.75],"texture":"#0"},"up":{"uv":[0,1.125,0,0],"texture":"#0"},"down":{"uv":[0,0,0,1.125],"texture":"#0"}}},{"from":[8.7,3.05893,2.26059],"to":[12.2,11.30893,2.26059],"rotation":{"angle":22.5,"axis":"x","origin":[11.9,2.75893,4.46059]},"faces":{"north":{"uv":[4.75,7.5,4,9.375],"texture":"#0"},"east":{"uv":[0,0,0,1.625],"texture":"#0"},"south":{"uv":[4,7.5,4.75,9.375],"texture":"#0"},"west":{"uv":[0,0,0,1.625],"texture":"#0"},"up":{"uv":[0,0,0.75,0],"texture":"#0"},"down":{"uv":[0,0,0.75,0],"texture":"#0"}}},{"from":[14.91705,3.84046,5.7],"to":[14.91705,12.04046,11.65],"rotation":{"angle":22.5,"axis":"z","origin":[14.91705,4.94046,8]},"faces":{"north":{"uv":[0,0,0,1.5],"texture":"#0"},"east":{"uv":[8.125,4.25,7,5.75],"texture":"#0"},"south":{"uv":[0,0,0,1.5],"texture":"#0"},"west":{"uv":[7,4.25,8.125,5.75],"texture":"#0"},"up":{"uv":[0,1.125,0,0],"texture":"#0"},"down":{"uv":[0,0,0,1.125],"texture":"#0"}}},{"from":[3.8,3.05893,2.26059],"to":[7.3,11.30893,2.26059],"rotation":{"angle":22.5,"axis":"x","origin":[4.1,2.75893,4.46059]},"faces":{"north":{"uv":[4,7.5,4.75,9.375],"texture":"#0"},"east":{"uv":[0,0,0,1.625],"texture":"#0"},"south":{"uv":[4.75,7.5,4,9.375],"texture":"#0"},"west":{"uv":[0,0,0,1.625],"texture":"#0"},"up":{"uv":[0.75,0,0,0],"texture":"#0"},"down":{"uv":[0.75,0,0,0],"texture":"#0"}}},{"from":[3.8,3.18899,15.24256],"to":[12.2,11.33899,15.24256],"rotation":{"angle":-22.5,"axis":"x","origin":[3.8,2.38899,13.04256]},"faces":{"north":{"uv":[6.875,4.75,4.75,6.25],"texture":"#0"},"east":{"uv":[0,0,0,1.5],"texture":"#0"},"south":{"uv":[4.75,4.75,6.875,6.5],"texture":"#0"},"west":{"uv":[0,0,0,1.5],"texture":"#0"},"up":{"uv":[2.125,0,0,0],"texture":"#0"},"down":{"uv":[2.125,0,0,0],"texture":"#0"}}},{"from":[-0.2,24.074,5.701],"to":[3.825,24.074,11.651],"rotation":{"angle":0,"axis":"y","origin":[-0.35,21.874,3.826]},"faces":{"north":{"uv":[0,0,1.125,0],"texture":"#0"},"east":{"uv":[0,0,1.125,0],"texture":"#0"},"south":{"uv":[0,0,1.125,0],"texture":"#0"},"west":{"uv":[0,0,1.125,0],"texture":"#0"},"up":{"uv":[1.125,8.625,0,7.5],"texture":"#0"},"down":{"uv":[2.375,7.5,1.25,8.625],"texture":"#0"}}},{"from":[-0.2,21.5,11.625],"to":[3.8,24.075,11.625],"rotation":{"angle":0,"axis":"y","origin":[0,21.5,9.625]},"faces":{"north":{"uv":[8.25,0,9.375,0.5],"texture":"#0"},"east":{"uv":[0,0,0,0.5],"texture":"#0"},"south":{"uv":[8.25,0.5,9.375,1],"texture":"#0"},"west":{"uv":[0,0,0,0.5],"texture":"#0"},"up":{"uv":[1.125,0,0,0],"texture":"#0"},"down":{"uv":[1.125,0,0,0],"texture":"#0"}}},{"from":[-0.2,21.5,5.725],"to":[-0.2,24.075,11.625],"rotation":{"angle":0,"axis":"y","origin":[0,21.5,3.8]},"faces":{"north":{"uv":[0,0,0,0.5],"texture":"#0"},"east":{"uv":[6.75,7.75,7.875,8.25],"texture":"#0"},"south":{"uv":[0,0,0,0.5],"texture":"#0"},"west":{"uv":[8,7.75,9.125,8.25],"texture":"#0"},"up":{"uv":[0,1.125,0,0],"texture":"#0"},"down":{"uv":[0,0,0,1.125],"texture":"#0"}}},{"from":[-0.1,13.9,12.225],"to":[0.6,16.1,14.425],"rotation":{"angle":0,"axis":"y","origin":[-1.4,15,11.325]},"faces":{"north":{"uv":[0.25,8.625,0.425,9.175],"texture":"#0"},"east":{"uv":[0,9.25,0.55,9.8],"texture":"#0"},"south":{"uv":[0.5,8.625,0.675,9.175],"texture":"#0"},"west":{"uv":[0.625,9.25,1.175,9.8],"texture":"#0"},"up":{"uv":[0.75,8.625,0.925,9.175],"texture":"#0"},"down":{"uv":[0,8.625,0.175,9.175],"texture":"#0"}}},{"from":[15.4,13.9,12.5],"to":[16.1,16.1,14.7],"rotation":{"angle":0,"axis":"y","origin":[17.4,15,11.6]},"faces":{"north":{"uv":[0.425,8.625,0.25,9.175],"texture":"#0"},"east":{"uv":[1.175,9.25,0.625,9.8],"texture":"#0"},"south":{"uv":[0.675,8.625,0.5,9.175],"texture":"#0"},"west":{"uv":[0.55,9.25,0,9.8],"texture":"#0"},"up":{"uv":[0.925,8.625,0.75,9.175],"texture":"#0"},"down":{"uv":[0.175,8.625,0,9.175],"texture":"#0"}}}],"gui_light":"front","display":{"thirdperson_righthand":{"rotation":[-133,0,-180],"translation":[0,-6.25,-5.5],"scale":[0.8,0.8,0.8]},"thirdperson_lefthand":{"rotation":[-133,0,-180],"translation":[0,-6.25,-5.5],"scale":[0,0,0]},"firstperson_righthand":{"rotation":[-152.07,77,150.47],"translation":[2,-1,0],"scale":[0.46,0.46,0.46]},"firstperson_lefthand":{"rotation":[-152.07,77,150.47],"translation":[2,-1,0],"scale":[0,0,0]},"ground":{"rotation":[3.74,-0.24,-7.63],"translation":[0,5.5,0]},"gui":{"rotation":[-174.35,35.02,-173.32],"translation":[-0.75,-4.25,0],"scale":[0.7,0.7,0.7]},"head":{"translation":[0,-77,-0.5],"scale":[1.79,1.7,1.8]},"fixed":{"translation":[0,-6,0]}}}