{"format_version":"1.21.6","credit":"Naruto RPG","texture_size":[32,32],"textures":{"0":"accesorios:item/accesorio_cascabeles"},"elements":[{"from":[6.1,6.5,7],"to":[7.1,7.5,8],"rotation":{"angle":0,"axis":"y","origin":[7,0,7]},"faces":{"north":{"uv":[0,6.5,6,12.5],"texture":"#0"},"east":{"uv":[0,0,6,6],"texture":"#0"},"south":{"uv":[0,0,6,6],"texture":"#0"},"west":{"uv":[0,0,6,6],"texture":"#0"},"up":{"uv":[0,0,6,6],"texture":"#0"},"down":{"uv":[0,0,6,6],"texture":"#0"}}},{"from":[7.4,6.425,7],"to":[8.4,7.425,8],"rotation":{"angle":22.5,"axis":"z","origin":[7.725,7,7.5]},"faces":{"north":{"uv":[0,6.5,6,12.5],"texture":"#0"},"east":{"uv":[0,0,6,6],"texture":"#0"},"south":{"uv":[0,0,6,6],"texture":"#0"},"west":{"uv":[0,0,6,6],"texture":"#0"},"up":{"uv":[0,0,6,6],"texture":"#0"},"down":{"uv":[0,0,6,6],"texture":"#0"}}},{"from":[6.7,7.5,7.425],"to":[6.775,7.575,7.5],"rotation":{"angle":0,"axis":"y","origin":[7.25,-0.25,6.525]},"faces":{"north":{"uv":[0,0,6,6],"texture":"#0"},"east":{"uv":[0,0,6,6],"texture":"#0"},"south":{"uv":[0,0,6,6],"texture":"#0"},"west":{"uv":[0,0,6,6],"texture":"#0"},"up":{"uv":[0,0,6,6],"texture":"#0"},"down":{"uv":[0,0,6,6],"texture":"#0"}}},{"from":[6.425,7.5,7.425],"to":[6.5,7.575,7.5],"rotation":{"angle":0,"axis":"y","origin":[6.725,-0.25,6.525]},"faces":{"north":{"uv":[0,0,6,6],"texture":"#0"},"east":{"uv":[0,0,6,6],"texture":"#0"},"south":{"uv":[0,0,6,6],"texture":"#0"},"west":{"uv":[0,0,6,6],"texture":"#0"},"up":{"uv":[0,0,6,6],"texture":"#0"},"down":{"uv":[0,0,6,6],"texture":"#0"}}},{"from":[6.425,7.575,7.425],"to":[6.775,7.625,7.5],"rotation":{"angle":0,"axis":"y","origin":[6.725,-0.125,6.525]},"faces":{"north":{"uv":[0,0,6,6],"texture":"#0"},"east":{"uv":[0,0,6,6],"texture":"#0"},"south":{"uv":[0,0,6,6],"texture":"#0"},"west":{"uv":[0,0,6,6],"texture":"#0"},"up":{"uv":[0,0,6,6],"texture":"#0"},"down":{"uv":[0,0,6,6],"texture":"#0"}}},{"from":[6.575,7.55,7.4],"to":[6.625,7.65,7.525],"rotation":{"angle":0,"axis":"y","origin":[6.725,-0.125,6.525]},"faces":{"north":{"uv":[6.5,0,8,1.5],"texture":"#0"},"east":{"uv":[6.5,0,8,1.5],"texture":"#0"},"south":{"uv":[6.5,0,8,1.5],"texture":"#0"},"west":{"uv":[6.5,0,8,1.5],"texture":"#0"},"up":{"uv":[6.5,0,8,1.5],"texture":"#0"},"down":{"uv":[6.5,0,8,1.5],"texture":"#0"}}},{"from":[7.85,6.475,7.425],"to":[7.925,7.55,7.5],"rotation":{"angle":22.5,"axis":"z","origin":[7.725,7.50625,7.4625]},"faces":{"north":{"uv":[0,0,6,6],"texture":"#0"},"east":{"uv":[0,0,6,6],"texture":"#0"},"south":{"uv":[0,0,6,6],"texture":"#0"},"west":{"uv":[0,0,6,6],"texture":"#0"},"up":{"uv":[0,0,6,6],"texture":"#0"},"down":{"uv":[0,0,6,6],"texture":"#0"}}},{"from":[7.575,7.225,7.425],"to":[7.65,7.55,7.5],"rotation":{"angle":22.5,"axis":"z","origin":[7.725,7.50625,7.4625]},"faces":{"north":{"uv":[0,0,6,6],"texture":"#0"},"east":{"uv":[0,0,6,6],"texture":"#0"},"south":{"uv":[0,0,6,6],"texture":"#0"},"west":{"uv":[0,0,6,6],"texture":"#0"},"up":{"uv":[0,0,6,6],"texture":"#0"},"down":{"uv":[0,0,6,6],"texture":"#0"}}},{"from":[7.575,7.55,7.425],"to":[7.925,7.6,7.5],"rotation":{"angle":22.5,"axis":"z","origin":[7.725,7.50625,7.4625]},"faces":{"north":{"uv":[0,0,6,6],"texture":"#0"},"east":{"uv":[0,0,6,6],"texture":"#0"},"south":{"uv":[0,0,6,6],"texture":"#0"},"west":{"uv":[0,0,6,6],"texture":"#0"},"up":{"uv":[0,0,6,6],"texture":"#0"},"down":{"uv":[0,0,6,6],"texture":"#0"}}},{"from":[7.7,7.525,7.4],"to":[7.75,7.625,7.525],"rotation":{"angle":0,"axis":"y","origin":[6.725,-0.125,6.525]},"faces":{"north":{"uv":[6.5,0,8,1.5],"texture":"#0"},"east":{"uv":[6.5,0,8,1.5],"texture":"#0"},"south":{"uv":[6.5,0,8,1.5],"texture":"#0"},"west":{"uv":[6.5,0,8,1.5],"texture":"#0"},"up":{"uv":[6.5,0,8,1.5],"texture":"#0"},"down":{"uv":[6.5,0,8,1.5],"texture":"#0"}}},{"from":[6.68357,7.59857,7.45],"to":[6.73357,8.69857,7.5],"rotation":{"angle":-22.5,"axis":"z","origin":[6.70857,7.89857,7.475]},"faces":{"north":{"uv":[8.5,0,9.5,6],"texture":"#0"},"east":{"uv":[8.5,0,9.5,6],"texture":"#0"},"south":{"uv":[8.5,0,9.5,6],"texture":"#0"},"west":{"uv":[8.5,0,9.5,6],"texture":"#0"},"up":{"uv":[8.5,0,9.5,6],"texture":"#0"},"down":{"uv":[8.5,0,9.5,6],"texture":"#0"}}},{"from":[6.98782,8.6281,7.45],"to":[7.03782,9.9781,7.5],"rotation":{"angle":0,"axis":"y","origin":[7.01282,9.3031,7.475]},"faces":{"north":{"uv":[8.5,0,9.5,6],"texture":"#0"},"east":{"uv":[8.5,0,9.5,6],"texture":"#0"},"south":{"uv":[8.5,0,9.5,6],"texture":"#0"},"west":{"uv":[8.5,0,9.5,6],"texture":"#0"},"up":{"uv":[8.5,0,9.5,6],"texture":"#0"},"down":{"uv":[8.5,0,9.5,6],"texture":"#0"}}},{"from":[6.98782,9.93968,7.45818],"to":[7.03782,9.98968,8.30818],"rotation":{"angle":-45,"axis":"x","origin":[7.01282,9.96332,7.48319]},"faces":{"north":{"uv":[8.5,0,9.5,6],"rotation":180,"texture":"#0"},"east":{"uv":[8.5,0,9.5,6],"rotation":270,"texture":"#0"},"south":{"uv":[8.5,0,9.5,6],"texture":"#0"},"west":{"uv":[8.5,0,9.5,6],"rotation":90,"texture":"#0"},"up":{"uv":[8.5,0,9.5,6],"rotation":180,"texture":"#0"},"down":{"uv":[8.5,0,9.5,6],"texture":"#0"}}},{"from":[7.2002,8.1604,7.45],"to":[7.2502,10.0104,7.5],"rotation":{"angle":22.5,"axis":"z","origin":[7.2252,9.4604,7.475]},"faces":{"north":{"uv":[8.5,0,9.5,6],"texture":"#0"},"east":{"uv":[8.5,0,9.5,6],"texture":"#0"},"south":{"uv":[8.5,0,9.5,6],"texture":"#0"},"west":{"uv":[8.5,0,9.5,6],"texture":"#0"},"up":{"uv":[8.5,0,9.5,6],"texture":"#0"},"down":{"uv":[8.5,0,9.5,6],"texture":"#0"}}},{"from":[7.69578,7.61893,7.45],"to":[7.74578,8.26893,7.5],"rotation":{"angle":0,"axis":"y","origin":[7.72078,7.71893,7.475]},"faces":{"north":{"uv":[8.5,0,9.5,6],"texture":"#0"},"east":{"uv":[8.5,0,9.5,6],"texture":"#0"},"south":{"uv":[8.5,0,9.5,6],"texture":"#0"},"west":{"uv":[8.5,0,9.5,6],"texture":"#0"},"up":{"uv":[8.5,0,9.5,6],"texture":"#0"},"down":{"uv":[8.5,0,9.5,6],"texture":"#0"}}}],"gui_light":"front","display":{"thirdperson_righthand":{"rotation":[92.25,0,0],"translation":[1.25,-1.25,-2.5],"scale":[1.7168,1.5793,1.71055]},"thirdperson_lefthand":{"rotation":[92.25,0,0],"translation":[-0.75,-1.25,-1.5],"scale":[0,0,0]},"firstperson_righthand":{"translation":[5.5,2.5,-0.25],"scale":[1.81641,1.88203,1.06055]},"firstperson_lefthand":{"translation":[3.5,1.75,0],"scale":[0,0,0]},"ground":{"translation":[1.5,-0.25,-0.25],"scale":[2.3,2.5,2.3]},"gui":{"rotation":[-180,26,-180],"translation":[-1.5,-0.5,0],"scale":[4,4,4]},"head":{"rotation":[19.25,0,0],"translation":[8,-74,-5.5],"scale":[2.73828,2.86719,2.33398]},"fixed":{"translation":[2.25,0.75,1.25],"scale":[2.96289,2.56445,2.60156]}}}