{"format_version":"1.21.6","credit":"Naruto RPG","textures":{"0":"arena:item/arena_ataque_1","particle":"arena:item/arena_ataque_1"},"elements":[{"name":"hexadecagon","from":[9.67475,7.6,-5.65343],"to":[19.52169,22.8,-5.65343],"rotation":{"angle":-22.5,"axis":"y","origin":[10.22229,15.2,-1.95601]},"faces":{"north":{"uv":[3.75,0,7.5,16],"texture":"#0"},"east":{"uv":[3.75,0,7.5,16],"texture":"#0"},"south":{"uv":[7.5,0,3.75,16],"texture":"#0"},"west":{"uv":[3.75,0,7.5,16],"texture":"#0"},"up":{"uv":[3.75,0,7.5,16],"texture":"#0"},"down":{"uv":[3.75,0,7.5,16],"texture":"#0"}}},{"name":"hexadecagon","from":[1.28444,7.6,-5.58152],"to":[11.13137,22.8,-5.58152],"rotation":{"angle":0,"axis":"y","origin":[10.22229,15.2,-1.95601]},"faces":{"north":{"uv":[7.5,0,11.25,16],"texture":"#0"},"east":{"uv":[7.5,0,11.25,16],"texture":"#0"},"south":{"uv":[11.25,0,7.5,16],"texture":"#0"},"west":{"uv":[7.5,0,11.25,16],"texture":"#0"},"up":{"uv":[7.5,0,11.25,16],"texture":"#0"},"down":{"uv":[7.5,0,11.25,16],"texture":"#0"}}},{"name":"hexadecagon","from":[-6.49472,7.6,-8.72591],"to":[3.35221,22.8,-8.72591],"rotation":{"angle":22.5,"axis":"y","origin":[10.22229,15.2,-1.95601]},"faces":{"north":{"uv":[11.25,0,16,16],"texture":"#0"},"east":{"uv":[11.25,0,16,16],"texture":"#0"},"south":{"uv":[16,0,11.25,16],"texture":"#0"},"west":{"uv":[11.25,0,16,16],"texture":"#0"},"up":{"uv":[11.25,0,16,16],"texture":"#0"},"down":{"uv":[11.25,0,16,16],"texture":"#0"}}},{"name":"hexadecagon","from":[17.39887,7.6,-8.92881],"to":[27.2458,22.8,-8.92881],"rotation":{"angle":-45,"axis":"y","origin":[10.22229,15.2,-1.95601]},"faces":{"north":{"uv":[0,0,3.75,16],"texture":"#0"},"east":{"uv":[0,0,3.75,16],"texture":"#0"},"south":{"uv":[3.75,0,0,16],"texture":"#0"},"west":{"uv":[0,0,3.75,16],"texture":"#0"},"up":{"uv":[0,0,3.75,16],"texture":"#0"},"down":{"uv":[0,0,3.75,16],"texture":"#0"}}}],"display":{"head":{"rotation":[0,11.75,0],"translation":[-7.5,-37,11.25],"scale":[4,3,4]}}}