{"format_version":"1.21.6","credit":"Naruto RPG","textures":{"1":"arena:item/arena_2"},"elements":[{"name":"hexadecagon","from":[8.21813,7.6,-5.72535],"to":[18.06506,22.8,-5.72535],"rotation":{"angle":-22.5,"axis":"y","origin":[8.76566,15.2,-2.02792]},"faces":{"north":{"uv":[3.75,0,7.5,16],"texture":"#1"},"east":{"uv":[3.75,0,7.5,16],"texture":"#1"},"south":{"uv":[7.5,0,3.75,16],"texture":"#1"},"west":{"uv":[3.75,0,7.5,16],"texture":"#1"},"up":{"uv":[3.75,0,7.5,16],"texture":"#1"},"down":{"uv":[3.75,0,7.5,16],"texture":"#1"}}},{"name":"hexadecagon","from":[1.28444,7.6,-5.58152],"to":[11.13137,22.8,-5.58152],"rotation":{"angle":22.5,"axis":"y","origin":[10.22229,15.2,-1.95601]},"faces":{"north":{"uv":[7.5,0,11.25,16],"texture":"#1"},"east":{"uv":[7.5,0,11.25,16],"texture":"#1"},"south":{"uv":[11.25,0,7.5,16],"texture":"#1"},"west":{"uv":[7.5,0,11.25,16],"texture":"#1"},"up":{"uv":[7.5,0,11.25,16],"texture":"#1"},"down":{"uv":[7.5,0,11.25,16],"texture":"#1"}}},{"name":"hexadecagon","from":[-6.49472,7.6,-8.72591],"to":[3.35221,22.8,-8.72591],"rotation":{"angle":45,"axis":"y","origin":[10.22229,15.2,-1.95601]},"faces":{"north":{"uv":[11.25,0,16,16],"texture":"#1"},"east":{"uv":[11.25,0,16,16],"texture":"#1"},"south":{"uv":[16,0,11.25,16],"texture":"#1"},"west":{"uv":[11.25,0,16,16],"texture":"#1"},"up":{"uv":[11.25,0,16,16],"texture":"#1"},"down":{"uv":[11.25,0,16,16],"texture":"#1"}}},{"name":"hexadecagon","from":[17.33008,7.6,1.59624],"to":[27.17702,22.8,1.59624],"rotation":{"angle":-45,"axis":"y","origin":[22.25355,15.2,1.59624]},"faces":{"north":{"uv":[0,0,3.75,16],"texture":"#1"},"east":{"uv":[0,0,3.75,16],"texture":"#1"},"south":{"uv":[3.75,0,0,16],"texture":"#1"},"west":{"uv":[0,0,3.75,16],"texture":"#1"},"up":{"uv":[0,0,3.75,16],"texture":"#1"},"down":{"uv":[0,0,3.75,16],"texture":"#1"}}}],"display":{"head":{"translation":[-7.5,-19.25,-7],"scale":[3,2,2]}}}