{"format_version":"1.21.6","credit":"Naruto RPG","texture_size":[128,128],"textures":{"0":"arena:item/arena_sello","particle":"arena:item/arena_sello"},"elements":[{"from":[-2,11,2],"to":[18,17,5.5],"rotation":{"angle":0,"axis":"y","origin":[0,11,2]},"faces":{"north":{"uv":[2.875,0,5.375,0.75],"texture":"#0"},"east":{"uv":[1.25,6.25,1.5,7],"texture":"#0"},"south":{"uv":[2.875,0,5.375,0.75],"texture":"#0"},"west":{"uv":[1.5,6.25,1.75,7],"texture":"#0"},"up":{"uv":[2.5,5.25,0,5],"texture":"#0"},"down":{"uv":[5,5,2.5,5.25],"texture":"#0"}}},{"from":[-2,11,5.5],"to":[1.5,17,10.5],"rotation":{"angle":0,"axis":"y","origin":[0,11,3.5]},"faces":{"north":{"uv":[4.25,6.5,4.4375,7.25],"texture":"#0"},"east":{"uv":[5.375,0,6,0.75],"texture":"#0"},"south":{"uv":[4.5,6.5,4.6875,7.25],"texture":"#0"},"west":{"uv":[5.375,0,6,0.75],"texture":"#0"},"up":{"uv":[7.0625,1.375,6.875,0.75],"texture":"#0"},"down":{"uv":[7.0625,1.375,6.875,2],"texture":"#0"}}},{"from":[14.5,11,5.5],"to":[18,17,10.5],"rotation":{"angle":0,"axis":"y","origin":[18.5,11,3.5]},"faces":{"north":{"uv":[4.75,6.5,4.9375,7.25],"texture":"#0"},"east":{"uv":[5.375,0.75,6,1.5],"texture":"#0"},"south":{"uv":[5,6.5,5.1875,7.25],"texture":"#0"},"west":{"uv":[5.375,0.75,6,1.5],"texture":"#0"},"up":{"uv":[7.0625,2.625,6.875,2],"texture":"#0"},"down":{"uv":[7.0625,6,6.875,6.625],"texture":"#0"}}},{"from":[-2,11,10.5],"to":[18,17,14],"rotation":{"angle":0,"axis":"y","origin":[0,11,12]},"faces":{"north":{"uv":[2.875,2.25,5.375,3],"texture":"#0"},"east":{"uv":[2.5,6.375,2.75,7.125],"texture":"#0"},"south":{"uv":[2.875,2.25,5.375,3],"texture":"#0"},"west":{"uv":[2.75,6.375,3,7.125],"texture":"#0"},"up":{"uv":[7.5,5.25,5,5],"texture":"#0"},"down":{"uv":[2.5,5.25,0,5.5],"texture":"#0"}}},{"from":[2,2.5,3],"to":[14,6.5,5.5],"rotation":{"angle":0,"axis":"y","origin":[0,2.5,3]},"faces":{"north":{"uv":[3.75,4,5.25,4.5],"texture":"#0"},"east":{"uv":[2.25,6.625,2.5,7.125],"texture":"#0"},"south":{"uv":[3.75,4,5.25,4.5],"texture":"#0"},"west":{"uv":[6.625,2.25,6.875,2.75],"texture":"#0"},"up":{"uv":[7.5,0.5,6,0.25],"texture":"#0"},"down":{"uv":[7.5,0.5,6,0.75],"texture":"#0"}}},{"from":[2,2.5,10.5],"to":[14,6.5,13],"rotation":{"angle":0,"axis":"y","origin":[0,2.5,11]},"faces":{"north":{"uv":[3.75,3.5,5.25,4],"texture":"#0"},"east":{"uv":[6.5,5.5,6.75,6],"texture":"#0"},"south":{"uv":[3.75,3.5,5.25,4],"texture":"#0"},"west":{"uv":[2,6.625,2.25,7.125],"texture":"#0"},"up":{"uv":[7.25,5,5.75,4.75],"texture":"#0"},"down":{"uv":[7.5,0,6,0.25],"texture":"#0"}}},{"from":[2,2.5,5.5],"to":[3.5,6.5,10.5],"rotation":{"angle":0,"axis":"y","origin":[4,2.5,3.5]},"faces":{"north":{"uv":[0.25,7.125,0.4375,7.625],"texture":"#0"},"east":{"uv":[6,1.25,6.625,1.75],"texture":"#0"},"south":{"uv":[0.5,7.125,0.6875,7.625],"texture":"#0"},"west":{"uv":[6,1.25,6.625,1.75],"texture":"#0"},"up":{"uv":[6.3125,7.625,6.125,7],"texture":"#0"},"down":{"uv":[6.5625,7,6.375,7.625],"texture":"#0"}}},{"from":[12.5,2.5,5.5],"to":[14,6.5,10.5],"rotation":{"angle":0,"axis":"y","origin":[14.5,2.5,3.5]},"faces":{"north":{"uv":[7,5.5,7.1875,6],"texture":"#0"},"east":{"uv":[3.75,5.75,4.375,6.25],"texture":"#0"},"south":{"uv":[0,7.125,0.1875,7.625],"texture":"#0"},"west":{"uv":[4.375,5.75,5,6.25],"texture":"#0"},"up":{"uv":[7.1875,3.625,7,3],"texture":"#0"},"down":{"uv":[6.0625,7,5.875,7.625],"texture":"#0"}}},{"from":[13.4,6.4,5.5],"to":[15.2,11.4,10.5],"rotation":{"angle":0,"axis":"y","origin":[15.8,6.4,3.5]},"faces":{"north":{"uv":[1,6.5,1.25,7.125],"texture":"#0"},"east":{"uv":[2.5,5.75,3.125,6.375],"texture":"#0"},"south":{"uv":[6.5,3,6.75,3.625],"texture":"#0"},"west":{"uv":[2.5,5.75,3.125,6.375],"texture":"#0"},"up":{"uv":[4,7.125,3.75,6.5],"texture":"#0"},"down":{"uv":[4.25,6.5,4,7.125],"texture":"#0"}}},{"from":[0.8,6.4,5.5],"to":[2.6,11.4,10.5],"rotation":{"angle":0,"axis":"y","origin":[3.2,6.4,3.5]},"faces":{"north":{"uv":[0,6.5,0.25,7.125],"texture":"#0"},"east":{"uv":[5.625,5.5,6.25,6.125],"texture":"#0"},"south":{"uv":[0.25,6.5,0.5,7.125],"texture":"#0"},"west":{"uv":[5.625,5.5,6.25,6.125],"texture":"#0"},"up":{"uv":[0.75,7.125,0.5,6.5],"texture":"#0"},"down":{"uv":[1,6.5,0.75,7.125],"texture":"#0"}}},{"from":[0.8,6.4,10.5],"to":[15.2,11.4,13.5],"rotation":{"angle":0,"axis":"y","origin":[-1.6,6.4,11.5]},"faces":{"north":{"uv":[1.875,3.625,3.6875,4.25],"texture":"#0"},"east":{"uv":[6.125,6.375,6.375,7],"texture":"#0"},"south":{"uv":[1.875,3.625,3.6875,4.25],"texture":"#0"},"west":{"uv":[6.375,6.375,6.625,7],"texture":"#0"},"up":{"uv":[7.0625,4.5,5.25,4.25],"texture":"#0"},"down":{"uv":[7.4375,5.25,5.625,5.5],"texture":"#0"}}},{"from":[0.8,6.4,2.5],"to":[15.2,11.4,5.5],"rotation":{"angle":0,"axis":"y","origin":[-1.6,6.4,2.5]},"faces":{"north":{"uv":[0,3,1.8125,3.625],"texture":"#0"},"east":{"uv":[6.25,5.5,6.5,6.125],"texture":"#0"},"south":{"uv":[0,3,1.8125,3.625],"texture":"#0"},"west":{"uv":[5.875,6.375,6.125,7],"texture":"#0"},"up":{"uv":[3.3125,4.5,1.5,4.25],"texture":"#0"},"down":{"uv":[7.0625,4,5.25,4.25],"texture":"#0"}}},{"from":[11.6,-1.5,5.5],"to":[12.8,2.5,10.5],"rotation":{"angle":0,"axis":"y","origin":[13.2,-1.5,3.5]},"faces":{"north":{"uv":[7.125,1.375,7.25,1.875],"texture":"#0"},"east":{"uv":[5,6,5.625,6.5],"texture":"#0"},"south":{"uv":[5,6,5.625,6.5],"texture":"#0"},"west":{"uv":[1.875,6.125,2.5,6.625],"texture":"#0"},"up":{"uv":[7.25,1.375,7.125,0.75],"texture":"#0"},"down":{"uv":[1,7.125,0.875,7.75],"texture":"#0"}}},{"from":[4.35,-1.5,5.5],"to":[11.55,2.5,10.5],"rotation":{"angle":0,"axis":"y","origin":[11.95,-1.5,3.5]},"faces":{"north":{"uv":[7.125,1.375,7.25,1.875],"texture":"#0"},"east":{"uv":[5,6,5.625,6.5],"texture":"#0"},"south":{"uv":[5,6,5.625,6.5],"texture":"#0"},"west":{"uv":[1.875,6.125,2.5,6.625],"texture":"#0"},"up":{"uv":[6.75,0.75,6.0625,0],"texture":"#0"},"down":{"uv":[6.75,0.75,6.0625,0],"texture":"#0"}}},{"from":[3.2,-1.5,5.5],"to":[4.4,2.5,10.5],"rotation":{"angle":0,"axis":"y","origin":[4.8,-1.5,3.5]},"faces":{"north":{"uv":[1,7.125,1.125,7.625],"texture":"#0"},"east":{"uv":[6,2.25,6.625,2.75],"texture":"#0"},"south":{"uv":[1.125,7.125,1.25,7.625],"texture":"#0"},"west":{"uv":[6,2.25,6.625,2.75],"texture":"#0"},"up":{"uv":[5.625,7.125,5.5,6.5],"texture":"#0"},"down":{"uv":[0.875,7.125,0.75,7.75],"texture":"#0"}}},{"from":[3.2,-1.5,10.5],"to":[12.8,2.5,12.5],"rotation":{"angle":0,"axis":"y","origin":[1.6,-1.5,10.5]},"faces":{"north":{"uv":[3.75,5.25,4.9375,5.75],"texture":"#0"},"east":{"uv":[6.75,3.5,7,4],"texture":"#0"},"south":{"uv":[3.75,5.25,4.9375,5.75],"texture":"#0"},"west":{"uv":[6.75,5.5,7,6],"texture":"#0"},"up":{"uv":[1.1875,6.5,0,6.25],"texture":"#0"},"down":{"uv":[4.9375,6.25,3.75,6.5],"texture":"#0"}}},{"from":[3.2,-1.5,3.5],"to":[12.8,2.5,5.5],"rotation":{"angle":0,"axis":"y","origin":[1.6,-1.5,3.5]},"faces":{"north":{"uv":[2.5,5.25,3.6875,5.75],"texture":"#0"},"east":{"uv":[6.625,6.375,6.875,6.875],"texture":"#0"},"south":{"uv":[2.5,5.25,3.6875,5.75],"texture":"#0"},"west":{"uv":[6.75,3,7,3.5],"texture":"#0"},"up":{"uv":[7.1875,3,6,2.75],"texture":"#0"},"down":{"uv":[6.8125,6.125,5.625,6.375],"texture":"#0"}}},{"from":[-3.4,17,1.5],"to":[19.4,23,4.5],"rotation":{"angle":0,"axis":"y","origin":[-1.12,17,1.5]},"faces":{"north":{"uv":[0,1.5,2.875,2.25],"texture":"#0"},"east":{"uv":[3.5,6.375,3.75,7.125],"texture":"#0"},"south":{"uv":[0,1.5,2.875,2.25],"texture":"#0"},"west":{"uv":[5.625,6.375,5.875,7.125],"texture":"#0"},"up":{"uv":[2.875,5,0,4.75],"texture":"#0"},"down":{"uv":[5.75,4.75,2.875,5],"texture":"#0"}}},{"from":[-3.4,17,11.5],"to":[19.4,23,14.5],"rotation":{"angle":0,"axis":"y","origin":[-1.12,17,12.5]},"faces":{"north":{"uv":[0,0.75,2.875,1.5],"texture":"#0"},"east":{"uv":[3,6.375,3.25,7.125],"texture":"#0"},"south":{"uv":[0,0.75,2.875,1.5],"texture":"#0"},"west":{"uv":[3.25,6.375,3.5,7.125],"texture":"#0"},"up":{"uv":[4.375,4.75,1.5,4.5],"texture":"#0"},"down":{"uv":[7.25,4.5,4.375,4.75],"texture":"#0"}}},{"from":[-3.4,17,4.5],"to":[-1.69,23,11.5],"rotation":{"angle":0,"axis":"y","origin":[-1.12,17,3.5]},"faces":{"north":{"uv":[6.625,1.5,6.8125,2.25],"texture":"#0"},"east":{"uv":[1.25,5.5,1.875,6.25],"texture":"#0"},"south":{"uv":[1.75,6.625,1.9375,7.375],"texture":"#0"},"west":{"uv":[1.25,5.5,1.875,6.25],"texture":"#0"},"up":{"uv":[1.4375,7.625,1.25,7],"texture":"#0"},"down":{"uv":[1.6875,7,1.5,7.625],"texture":"#0"}}},{"from":[17.69,17,4.5],"to":[19.4,23,11.5],"rotation":{"angle":0,"axis":"y","origin":[19.97,17,3.5]},"faces":{"north":{"uv":[5.25,6.5,5.4375,7.25],"texture":"#0"},"east":{"uv":[5.375,2.25,6,3],"texture":"#0"},"south":{"uv":[6.625,0.75,6.8125,1.5],"texture":"#0"},"west":{"uv":[5.375,2.25,6,3],"texture":"#0"},"up":{"uv":[6.8125,7.5,6.625,6.875],"texture":"#0"},"down":{"uv":[7.0625,6.625,6.875,7.25],"texture":"#0"}}},{"from":[2.5,-2.5,12.75],"to":[13.25,2.5,12.75],"rotation":{"angle":0,"axis":"y","origin":[7.5,9,12.75]},"faces":{"north":{"uv":[3.875,14.8125,6.4375,8.5625],"rotation":90,"texture":"#0"},"east":{"uv":[0,0,2.875,0],"rotation":90,"texture":"#0"},"south":{"uv":[3.875,8.5625,6.4375,14.8125],"rotation":90,"texture":"#0"},"west":{"uv":[0,0,2.875,0],"rotation":90,"texture":"#0"},"up":{"uv":[0.5,11.25,2.9375,14.25],"rotation":90,"texture":"#0"},"down":{"uv":[0,0,0,3],"rotation":90,"texture":"#0"}}},{"from":[2.75,-2.5,3.25],"to":[2.75,2.5,12.75],"rotation":{"angle":0,"axis":"y","origin":[2.75,9,7.75]},"faces":{"north":{"uv":[0,0,2.875,0],"rotation":90,"texture":"#0"},"east":{"uv":[3.875,14.8125,6.4375,8.5625],"rotation":90,"texture":"#0"},"south":{"uv":[0,0,2.875,0],"rotation":90,"texture":"#0"},"west":{"uv":[3.875,8.5625,6.4375,14.8125],"rotation":90,"texture":"#0"},"up":{"uv":[0.5,11.25,2.9375,14.25],"rotation":180,"texture":"#0"},"down":{"uv":[0,0,0,3],"texture":"#0"}}},{"from":[13,-2.5,3.25],"to":[13,2.5,12.75],"rotation":{"angle":0,"axis":"y","origin":[13,0,8]},"faces":{"north":{"uv":[0,0,2.875,0],"rotation":90,"texture":"#0"},"east":{"uv":[3.875,14.8125,6.4375,8.5625],"rotation":90,"texture":"#0"},"south":{"uv":[0,0,2.875,0],"rotation":90,"texture":"#0"},"west":{"uv":[3.875,8.5625,6.4375,14.8125],"rotation":90,"texture":"#0"},"up":{"uv":[2.9375,11.25,0.5,14.25],"rotation":180,"texture":"#0"},"down":{"uv":[0,0,0,3],"texture":"#0"}}},{"from":[1.5,1.75,13.25],"to":[14.25,6.75,13.25],"rotation":{"angle":0,"axis":"y","origin":[7.875,4.25,13.25]},"faces":{"north":{"uv":[3.875,14.8125,6.4375,8.5625],"rotation":90,"texture":"#0"},"east":{"uv":[0,0,2.875,0],"rotation":90,"texture":"#0"},"south":{"uv":[3.875,8.5625,6.4375,14.8125],"rotation":90,"texture":"#0"},"west":{"uv":[0,0,2.875,0],"rotation":90,"texture":"#0"},"up":{"uv":[0.5,11.25,2.9375,14.25],"rotation":90,"texture":"#0"},"down":{"uv":[0,0,0,3],"rotation":90,"texture":"#0"}}},{"from":[1.625,1.75,2.625],"to":[1.625,6.75,13.375],"rotation":{"angle":0,"axis":"y","origin":[1.625,4.25,7.25]},"faces":{"north":{"uv":[0,0,2.875,0],"rotation":90,"texture":"#0"},"east":{"uv":[3.875,14.8125,6.4375,8.5625],"rotation":90,"texture":"#0"},"south":{"uv":[0,0,2.875,0],"rotation":90,"texture":"#0"},"west":{"uv":[3.875,8.5625,6.4375,14.8125],"rotation":90,"texture":"#0"},"up":{"uv":[0.5,11.25,2.9375,14.25],"rotation":180,"texture":"#0"},"down":{"uv":[0,0,0,3],"texture":"#0"}}},{"from":[14.125,1.75,2.625],"to":[14.125,6.75,13.375],"rotation":{"angle":0,"axis":"y","origin":[14.125,4.25,7.25]},"faces":{"north":{"uv":[0,0,2.875,0],"rotation":90,"texture":"#0"},"east":{"uv":[3.875,14.8125,6.4375,8.5625],"rotation":90,"texture":"#0"},"south":{"uv":[0,0,2.875,0],"rotation":90,"texture":"#0"},"west":{"uv":[3.875,8.5625,6.4375,14.8125],"rotation":90,"texture":"#0"},"up":{"uv":[2.9375,11.25,0.5,14.25],"rotation":180,"texture":"#0"},"down":{"uv":[0,0,0,3],"texture":"#0"}}},{"from":[2.5,-2.5,3.25],"to":[13.25,2.5,3.25],"rotation":{"angle":0,"axis":"y","origin":[7.5,9,3.25]},"faces":{"north":{"uv":[3.875,14.8125,6.4375,8.5625],"rotation":90,"texture":"#0"},"east":{"uv":[0,0,2.875,0],"rotation":90,"texture":"#0"},"south":{"uv":[3.875,8.5625,6.4375,14.8125],"rotation":90,"texture":"#0"},"west":{"uv":[0,0,2.875,0],"rotation":90,"texture":"#0"},"up":{"uv":[2.9375,11.25,0.5,14.25],"rotation":90,"texture":"#0"},"down":{"uv":[0,0,0,3],"rotation":90,"texture":"#0"}}},{"from":[1.5,1.75,2.75],"to":[14.25,6.75,2.75],"rotation":{"angle":0,"axis":"y","origin":[7.5,13.25,2.75]},"faces":{"north":{"uv":[3.875,14.8125,6.4375,8.5625],"rotation":90,"texture":"#0"},"east":{"uv":[0,0,2.875,0],"rotation":90,"texture":"#0"},"south":{"uv":[3.875,8.5625,6.4375,14.8125],"rotation":90,"texture":"#0"},"west":{"uv":[0,0,2.875,0],"rotation":90,"texture":"#0"},"up":{"uv":[2.9375,11.25,0.5,14.25],"rotation":90,"texture":"#0"},"down":{"uv":[0,0,0,3],"rotation":90,"texture":"#0"}}},{"from":[-3.625,10.875,1.75],"to":[4.375,16.625,1.75],"rotation":{"angle":0,"axis":"y","origin":[1.875,17.25,1.75]},"faces":{"north":{"uv":[0.125,14.75,3.125,12.1875],"rotation":180,"texture":"#0"},"east":{"uv":[0,0,0,3],"texture":"#0"},"south":{"uv":[3.125,14.75,0.125,12.1875],"rotation":180,"texture":"#0"},"west":{"uv":[2.9375,11.25,0.5,14.25],"texture":"#0"},"up":{"uv":[0,0,2.875,0],"texture":"#0"},"down":{"uv":[0,0,2.875,0],"texture":"#0"}}},{"from":[-3.625,10.875,1.75],"to":[-3.625,16.625,8.75],"rotation":{"angle":0,"axis":"y","origin":[-3.625,17.25,4.25]},"faces":{"north":{"uv":[0,0,0,3],"texture":"#0"},"east":{"uv":[3.125,14.75,0.125,12.1875],"rotation":180,"texture":"#0"},"south":{"uv":[2.9375,11.25,0.5,14.25],"texture":"#0"},"west":{"uv":[0.125,14.75,3.125,12.1875],"rotation":180,"texture":"#0"},"up":{"uv":[0,0,2.875,0],"rotation":270,"texture":"#0"},"down":{"uv":[0,0,2.875,0],"rotation":90,"texture":"#0"}}},{"from":[-3.625,10.875,7.75],"to":[-3.625,16.625,14.75],"rotation":{"angle":0,"axis":"y","origin":[-3.625,17.25,10.25]},"faces":{"north":{"uv":[0,0,0,3],"texture":"#0"},"east":{"uv":[3.125,14.75,0.125,12.1875],"rotation":180,"texture":"#0"},"south":{"uv":[2.9375,11.25,0.5,14.25],"texture":"#0"},"west":{"uv":[0.125,14.75,3.125,12.1875],"rotation":180,"texture":"#0"},"up":{"uv":[0,0,2.875,0],"rotation":270,"texture":"#0"},"down":{"uv":[0,0,2.875,0],"rotation":90,"texture":"#0"}}},{"from":[19.625,10.875,7.75],"to":[19.625,16.625,14.75],"rotation":{"angle":0,"axis":"y","origin":[19.625,17.25,10.25]},"faces":{"north":{"uv":[0,0,0,3],"texture":"#0"},"east":{"uv":[3.125,14.75,0.125,12.1875],"rotation":180,"texture":"#0"},"south":{"uv":[0.5,11.25,2.9375,14.25],"texture":"#0"},"west":{"uv":[0.125,14.75,3.125,12.1875],"rotation":180,"texture":"#0"},"up":{"uv":[0,0,2.875,0],"rotation":270,"texture":"#0"},"down":{"uv":[0,0,2.875,0],"rotation":90,"texture":"#0"}}},{"from":[19.625,10.875,1.75],"to":[19.625,16.625,8.75],"rotation":{"angle":0,"axis":"y","origin":[19.625,17.25,4.25]},"faces":{"north":{"uv":[0,0,0,3],"texture":"#0"},"east":{"uv":[3.125,14.75,0.125,12.1875],"rotation":180,"texture":"#0"},"south":{"uv":[0.5,11.25,2.9375,14.25],"texture":"#0"},"west":{"uv":[0.125,14.75,3.125,12.1875],"rotation":180,"texture":"#0"},"up":{"uv":[0,0,2.875,0],"rotation":270,"texture":"#0"},"down":{"uv":[0,0,2.875,0],"rotation":90,"texture":"#0"}}},{"from":[10.25,4.75,1.75],"to":[16,12.75,1.75],"rotation":{"angle":0,"axis":"y","origin":[13.125,8.75,1.75]},"faces":{"north":{"uv":[0.5625,12.125,3.5625,9.6875],"rotation":270,"texture":"#0"},"east":{"uv":[0,0,2.875,0],"rotation":270,"texture":"#0"},"south":{"uv":[3.5625,12.125,0.5625,9.6875],"rotation":270,"texture":"#0"},"west":{"uv":[0,0,2.875,0],"rotation":270,"texture":"#0"},"up":{"uv":[0,0,0,3],"rotation":270,"texture":"#0"},"down":{"uv":[2.9375,11.25,0.5,14.25],"rotation":270,"texture":"#0"}}},{"from":[0.25,4.75,1.75],"to":[6,12.75,1.75],"rotation":{"angle":-22.5,"axis":"z","origin":[3.125,8.75,1.75]},"faces":{"north":{"uv":[0.5625,12.125,3.5625,9.6875],"rotation":270,"texture":"#0"},"east":{"uv":[0,0,2.875,0],"rotation":270,"texture":"#0"},"south":{"uv":[3.5625,12.125,0.5625,9.6875],"rotation":270,"texture":"#0"},"west":{"uv":[0,0,2.875,0],"rotation":270,"texture":"#0"},"up":{"uv":[0,0,0,3],"rotation":270,"texture":"#0"},"down":{"uv":[2.9375,11.25,0.5,14.25],"rotation":270,"texture":"#0"}}},{"from":[5.25,4.75,1.75],"to":[11,12.75,1.75],"rotation":{"angle":0,"axis":"y","origin":[8.125,8.75,1.75]},"faces":{"north":{"uv":[0.5625,12.125,3.5625,9.6875],"rotation":270,"texture":"#0"},"east":{"uv":[0,0,2.875,0],"rotation":270,"texture":"#0"},"south":{"uv":[3.5625,12.125,0.5625,9.6875],"rotation":270,"texture":"#0"},"west":{"uv":[0,0,2.875,0],"rotation":270,"texture":"#0"},"up":{"uv":[0,0,0,3],"rotation":270,"texture":"#0"},"down":{"uv":[2.9375,11.25,0.5,14.25],"rotation":270,"texture":"#0"}}},{"from":[0.25,4.75,14.25],"to":[6,12.75,14.25],"rotation":{"angle":-22.5,"axis":"z","origin":[3.125,8.75,14.25]},"faces":{"north":{"uv":[3.5625,9.6875,0.5625,12.125],"rotation":270,"texture":"#0"},"east":{"uv":[0,0,2.875,0],"rotation":270,"texture":"#0"},"south":{"uv":[0.5625,9.6875,3.5625,12.125],"rotation":270,"texture":"#0"},"west":{"uv":[0,0,2.875,0],"rotation":270,"texture":"#0"},"up":{"uv":[0,0,0,3],"rotation":270,"texture":"#0"},"down":{"uv":[0.5,11.25,2.9375,14.25],"rotation":270,"texture":"#0"}}},{"from":[0.125,4.75,8.625],"to":[0.125,12.75,14.375],"rotation":{"angle":-22.5,"axis":"x","origin":[0.125,8.75,11.5]},"faces":{"north":{"uv":[0,0,2.875,0],"rotation":270,"texture":"#0"},"east":{"uv":[3.5625,9.6875,0.5625,12.125],"rotation":270,"texture":"#0"},"south":{"uv":[0,0,2.875,0],"rotation":270,"texture":"#0"},"west":{"uv":[0.5625,9.6875,3.5625,12.125],"rotation":270,"texture":"#0"},"up":{"uv":[0,0,0,3],"texture":"#0"},"down":{"uv":[0.5,11.25,2.9375,14.25],"rotation":180,"texture":"#0"}}},{"from":[0.125,4.75,2.625],"to":[0.125,12.75,8.375],"rotation":{"angle":22.5,"axis":"x","origin":[0.125,8.75,5.5]},"faces":{"north":{"uv":[0,0,2.875,0],"rotation":270,"texture":"#0"},"east":{"uv":[3.5625,9.6875,0.5625,12.125],"rotation":270,"texture":"#0"},"south":{"uv":[0,0,2.875,0],"rotation":270,"texture":"#0"},"west":{"uv":[0.5625,9.6875,3.5625,12.125],"rotation":270,"texture":"#0"},"up":{"uv":[0,0,0,3],"texture":"#0"},"down":{"uv":[0.5,11.25,2.9375,14.25],"rotation":180,"texture":"#0"}}},{"from":[15.875,4.75,7.625],"to":[15.875,12.75,13.375],"rotation":{"angle":-22.5,"axis":"x","origin":[15.875,8.75,10.5]},"faces":{"north":{"uv":[0,0,2.875,0],"rotation":270,"texture":"#0"},"east":{"uv":[3.5625,12.125,0.5625,9.6875],"rotation":270,"texture":"#0"},"south":{"uv":[0,0,2.875,0],"rotation":270,"texture":"#0"},"west":{"uv":[0.5625,12.125,3.5625,9.6875],"rotation":270,"texture":"#0"},"up":{"uv":[0,3,0,0],"texture":"#0"},"down":{"uv":[0.5,14.25,2.9375,11.25],"rotation":180,"texture":"#0"}}},{"from":[15.875,4.75,1.625],"to":[15.875,12.75,7.375],"rotation":{"angle":22.5,"axis":"x","origin":[15.875,8.75,4.5]},"faces":{"north":{"uv":[0,0,2.875,0],"rotation":270,"texture":"#0"},"east":{"uv":[3.5625,12.125,0.5625,9.6875],"rotation":270,"texture":"#0"},"south":{"uv":[0,0,2.875,0],"rotation":270,"texture":"#0"},"west":{"uv":[0.5625,12.125,3.5625,9.6875],"rotation":270,"texture":"#0"},"up":{"uv":[0,3,0,0],"texture":"#0"},"down":{"uv":[0.5,14.25,2.9375,11.25],"rotation":180,"texture":"#0"}}},{"from":[10.25,4.75,14.25],"to":[16,12.75,14.25],"rotation":{"angle":0,"axis":"y","origin":[13.125,8.75,14.25]},"faces":{"north":{"uv":[3.5625,9.6875,0.5625,12.125],"rotation":270,"texture":"#0"},"east":{"uv":[0,0,2.875,0],"rotation":270,"texture":"#0"},"south":{"uv":[0.5625,9.6875,3.5625,12.125],"rotation":270,"texture":"#0"},"west":{"uv":[0,0,2.875,0],"rotation":270,"texture":"#0"},"up":{"uv":[0,0,0,3],"rotation":270,"texture":"#0"},"down":{"uv":[0.5,11.25,2.9375,14.25],"rotation":270,"texture":"#0"}}},{"from":[5.25,4.75,14.25],"to":[11,12.75,14.25],"rotation":{"angle":0,"axis":"y","origin":[8.125,8.75,14.25]},"faces":{"north":{"uv":[3.5625,9.6875,0.5625,12.125],"rotation":270,"texture":"#0"},"east":{"uv":[0,0,2.875,0],"rotation":270,"texture":"#0"},"south":{"uv":[0.5625,9.6875,3.5625,12.125],"rotation":270,"texture":"#0"},"west":{"uv":[0,0,2.875,0],"rotation":270,"texture":"#0"},"up":{"uv":[0,0,0,3],"rotation":270,"texture":"#0"},"down":{"uv":[0.5,11.25,2.9375,14.25],"rotation":270,"texture":"#0"}}},{"from":[4.375,10.875,1.75],"to":[12.375,16.625,1.75],"rotation":{"angle":0,"axis":"y","origin":[9.875,17.25,1.75]},"faces":{"north":{"uv":[0.125,14.75,3.125,12.1875],"rotation":180,"texture":"#0"},"east":{"uv":[0,0,0,3],"texture":"#0"},"south":{"uv":[3.125,14.75,0.125,12.1875],"rotation":180,"texture":"#0"},"west":{"uv":[2.9375,11.25,0.5,14.25],"texture":"#0"},"up":{"uv":[0,0,2.875,0],"texture":"#0"},"down":{"uv":[0,0,2.875,0],"texture":"#0"}}},{"from":[-5.125,21.625,1.25],"to":[2.875,25.375,1.25],"rotation":{"angle":0,"axis":"y","origin":[0.375,28,1.25]},"faces":{"north":{"uv":[0.125,13.75,3.125,12.1875],"rotation":180,"texture":"#0"},"east":{"uv":[0,0,0,3],"texture":"#0"},"south":{"uv":[3.125,13.75,0.125,12.1875],"rotation":180,"texture":"#0"},"west":{"uv":[2.9375,11.25,0.5,14.25],"texture":"#0"},"up":{"uv":[0,0,2.875,0],"texture":"#0"},"down":{"uv":[0,0,2.875,0],"texture":"#0"}}},{"from":[1.875,21.625,1.25],"to":[9.875,25.375,1.25],"rotation":{"angle":0,"axis":"y","origin":[7.375,28,1.25]},"faces":{"north":{"uv":[0.125,13.75,3.125,12.1875],"rotation":180,"texture":"#0"},"east":{"uv":[0,0,0,3],"texture":"#0"},"south":{"uv":[3.125,13.75,0.125,12.1875],"rotation":180,"texture":"#0"},"west":{"uv":[2.9375,11.25,0.5,14.25],"texture":"#0"},"up":{"uv":[0,0,2.875,0],"texture":"#0"},"down":{"uv":[0,0,2.875,0],"texture":"#0"}}},{"from":[9.875,21.625,1.25],"to":[17.875,25.375,1.25],"rotation":{"angle":0,"axis":"y","origin":[15.375,28,1.25]},"faces":{"north":{"uv":[0.125,13.75,3.125,12.1875],"rotation":180,"texture":"#0"},"east":{"uv":[0,0,0,3],"texture":"#0"},"south":{"uv":[3.125,13.75,0.125,12.1875],"rotation":180,"texture":"#0"},"west":{"uv":[2.9375,11.25,0.5,14.25],"texture":"#0"},"up":{"uv":[0,0,2.875,0],"texture":"#0"},"down":{"uv":[0,0,2.875,0],"texture":"#0"}}},{"from":[-5.125,21.625,14.75],"to":[2.875,25.375,14.75],"rotation":{"angle":0,"axis":"y","origin":[0.375,28,14.75]},"faces":{"north":{"uv":[0.125,13.75,3.125,12.1875],"rotation":180,"texture":"#0"},"east":{"uv":[0,0,0,3],"texture":"#0"},"south":{"uv":[3.125,13.75,0.125,12.1875],"rotation":180,"texture":"#0"},"west":{"uv":[0.5,11.25,2.9375,14.25],"texture":"#0"},"up":{"uv":[0,0,2.875,0],"texture":"#0"},"down":{"uv":[0,0,2.875,0],"texture":"#0"}}},{"from":[1.875,21.625,14.75],"to":[9.875,25.375,14.75],"rotation":{"angle":0,"axis":"y","origin":[7.375,28,14.75]},"faces":{"north":{"uv":[0.125,13.75,3.125,12.1875],"rotation":180,"texture":"#0"},"east":{"uv":[0,0,0,3],"texture":"#0"},"south":{"uv":[3.125,13.75,0.125,12.1875],"rotation":180,"texture":"#0"},"west":{"uv":[0.5,11.25,2.9375,14.25],"texture":"#0"},"up":{"uv":[0,0,2.875,0],"texture":"#0"},"down":{"uv":[0,0,2.875,0],"texture":"#0"}}},{"from":[9.875,21.625,14.75],"to":[17.875,25.375,14.75],"rotation":{"angle":0,"axis":"y","origin":[15.375,28,14.75]},"faces":{"north":{"uv":[0.125,13.75,3.125,12.1875],"rotation":180,"texture":"#0"},"east":{"uv":[0,0,0,3],"texture":"#0"},"south":{"uv":[3.125,13.75,0.125,12.1875],"rotation":180,"texture":"#0"},"west":{"uv":[0.5,11.25,2.9375,14.25],"texture":"#0"},"up":{"uv":[0,0,2.875,0],"texture":"#0"},"down":{"uv":[0,0,2.875,0],"texture":"#0"}}},{"from":[21.375,21.625,7.75],"to":[21.375,25.375,15.75],"rotation":{"angle":0,"axis":"y","origin":[21.375,28,10.25]},"faces":{"north":{"uv":[0,0,0,3],"texture":"#0"},"east":{"uv":[3.125,13.75,0.125,12.1875],"rotation":180,"texture":"#0"},"south":{"uv":[0.5,11.25,2.9375,14.25],"texture":"#0"},"west":{"uv":[0.125,13.75,3.125,12.1875],"rotation":180,"texture":"#0"},"up":{"uv":[0,0,2.875,0],"rotation":270,"texture":"#0"},"down":{"uv":[0,0,2.875,0],"rotation":90,"texture":"#0"}}},{"from":[21.375,21.625,-0.25],"to":[21.375,25.375,7.75],"rotation":{"angle":0,"axis":"y","origin":[21.375,28,2.25]},"faces":{"north":{"uv":[0,0,0,3],"texture":"#0"},"east":{"uv":[3.125,13.75,0.125,12.1875],"rotation":180,"texture":"#0"},"south":{"uv":[0.5,11.25,2.9375,14.25],"texture":"#0"},"west":{"uv":[0.125,13.75,3.125,12.1875],"rotation":180,"texture":"#0"},"up":{"uv":[0,0,2.875,0],"rotation":270,"texture":"#0"},"down":{"uv":[0,0,2.875,0],"rotation":90,"texture":"#0"}}},{"from":[-5.375,21.625,-0.25],"to":[-5.375,25.375,7.75],"rotation":{"angle":0,"axis":"y","origin":[-5.375,28,2.25]},"faces":{"north":{"uv":[0,0,0,3],"texture":"#0"},"east":{"uv":[3.125,13.75,0.125,12.1875],"rotation":180,"texture":"#0"},"south":{"uv":[2.9375,11.25,0.5,14.25],"texture":"#0"},"west":{"uv":[0.125,13.75,3.125,12.1875],"rotation":180,"texture":"#0"},"up":{"uv":[0,0,2.875,0],"rotation":270,"texture":"#0"},"down":{"uv":[0,0,2.875,0],"rotation":90,"texture":"#0"}}},{"from":[-5.375,21.625,7.75],"to":[-5.375,25.375,15.75],"rotation":{"angle":0,"axis":"y","origin":[-5.375,28,10.25]},"faces":{"north":{"uv":[0,0,0,3],"texture":"#0"},"east":{"uv":[3.125,13.75,0.125,12.1875],"rotation":180,"texture":"#0"},"south":{"uv":[2.9375,11.25,0.5,14.25],"texture":"#0"},"west":{"uv":[0.125,13.75,3.125,12.1875],"rotation":180,"texture":"#0"},"up":{"uv":[0,0,2.875,0],"rotation":270,"texture":"#0"},"down":{"uv":[0,0,2.875,0],"rotation":90,"texture":"#0"}}},{"from":[11.625,10.875,1.75],"to":[19.625,16.625,1.75],"rotation":{"angle":0,"axis":"y","origin":[17.125,17.25,1.75]},"faces":{"north":{"uv":[0.125,14.75,3.125,12.1875],"rotation":180,"texture":"#0"},"east":{"uv":[0,0,0,3],"texture":"#0"},"south":{"uv":[3.125,14.75,0.125,12.1875],"rotation":180,"texture":"#0"},"west":{"uv":[2.9375,11.25,0.5,14.25],"texture":"#0"},"up":{"uv":[0,0,2.875,0],"texture":"#0"},"down":{"uv":[0,0,2.875,0],"texture":"#0"}}},{"from":[-3.625,10.875,14.25],"to":[4.375,16.625,14.25],"rotation":{"angle":0,"axis":"y","origin":[1.875,17.25,14.25]},"faces":{"north":{"uv":[0.125,14.75,3.125,12.1875],"rotation":180,"texture":"#0"},"east":{"uv":[0,0,0,3],"texture":"#0"},"south":{"uv":[3.125,14.75,0.125,12.1875],"rotation":180,"texture":"#0"},"west":{"uv":[0.5,11.25,2.9375,14.25],"texture":"#0"},"up":{"uv":[0,0,2.875,0],"texture":"#0"},"down":{"uv":[0,0,2.875,0],"texture":"#0"}}},{"from":[4.375,10.875,14.25],"to":[12.375,16.625,14.25],"rotation":{"angle":0,"axis":"y","origin":[9.875,17.25,14.25]},"faces":{"north":{"uv":[0.125,14.75,3.125,12.1875],"rotation":180,"texture":"#0"},"east":{"uv":[0,0,0,3],"texture":"#0"},"south":{"uv":[3.125,14.75,0.125,12.1875],"rotation":180,"texture":"#0"},"west":{"uv":[0.5,11.25,2.9375,14.25],"texture":"#0"},"up":{"uv":[0,0,2.875,0],"texture":"#0"},"down":{"uv":[0,0,2.875,0],"texture":"#0"}}},{"from":[11.625,10.875,14.25],"to":[19.625,16.625,14.25],"rotation":{"angle":0,"axis":"y","origin":[17.125,17.25,14.25]},"faces":{"north":{"uv":[0.125,14.75,3.125,12.1875],"rotation":180,"texture":"#0"},"east":{"uv":[0,0,0,3],"texture":"#0"},"south":{"uv":[3.125,14.75,0.125,12.1875],"rotation":180,"texture":"#0"},"west":{"uv":[0.5,11.25,2.9375,14.25],"texture":"#0"},"up":{"uv":[0,0,2.875,0],"texture":"#0"},"down":{"uv":[0,0,2.875,0],"texture":"#0"}}}],"display":{"head":{"rotation":[0,-180,0],"translation":[0,-35.5,0],"scale":[2,2,2.5]}}}