{"format_version":"1.21.6","credit":"Naruto RPG","texture_size":[256,256],"textures":{"0":"arena:item/arena_proyectilestaca","2":"arena:item/arena_2"},"elements":[{"from":[0.35,-7.2,7.55],"to":[15.65,8.1,15.65],"rotation":{"angle":0,"axis":"y","origin":[8,0,8]},"faces":{"north":{"uv":[0,0,2.125,2.125],"texture":"#0"},"east":{"uv":[4,0,5.125,2.125],"texture":"#0"},"south":{"uv":[0,2.125,2.125,4.25],"texture":"#0"},"west":{"uv":[0,4.25,1.125,6.375],"texture":"#0"},"up":{"uv":[6.125,3.25,4,2.125],"texture":"#0"},"down":{"uv":[7.25,0,5.125,1.125],"texture":"#0"}}},{"from":[1.295,-6.255,15.65],"to":[14.705,7.155,17.585],"rotation":{"angle":0,"axis":"y","origin":[8,0,16.1]},"faces":{"north":{"uv":[2.125,0,4,1.875],"texture":"#0"},"east":{"uv":[7,4.375,7.25,6.25],"texture":"#0"},"south":{"uv":[2.125,1.875,4,3.75],"texture":"#0"},"west":{"uv":[7,6.25,7.25,8.125],"texture":"#0"},"up":{"uv":[3,7.375,1.125,7.125],"texture":"#0"},"down":{"uv":[9.125,0,7.25,0.25],"texture":"#0"}}},{"from":[2.015,-5.535,-0.55],"to":[13.985,6.435,7.55],"rotation":{"angle":0,"axis":"y","origin":[8,0,-0.1]},"faces":{"north":{"uv":[2.125,3.75,3.8125,5.4375],"texture":"#0"},"east":{"uv":[1.125,5.4375,2.25,7.125],"texture":"#0"},"south":{"uv":[3.8125,3.75,5.5,5.4375],"texture":"#0"},"west":{"uv":[2.25,5.4375,3.375,7.125],"texture":"#0"},"up":{"uv":[5.0625,6.5625,3.375,5.4375],"texture":"#0"},"down":{"uv":[6.75,5.4375,5.0625,6.5625],"texture":"#0"}}},{"from":[3.59,-3.96,-8.8],"to":[12.41,4.86,-0.7],"rotation":{"angle":0,"axis":"y","origin":[8,0,-14.2]},"faces":{"north":{"uv":[5.5,3.25,6.75,4.5],"texture":"#0"},"east":{"uv":[0,6.375,1.125,7.625],"texture":"#0"},"south":{"uv":[6.125,1.125,7.375,2.375],"texture":"#0"},"west":{"uv":[3.375,6.5625,4.5,7.8125],"texture":"#0"},"up":{"uv":[5.75,7.6875,4.5,6.5625],"texture":"#0"},"down":{"uv":[7,6.5625,5.75,7.6875],"texture":"#0"}}},{"from":[5.345,-2.205,-15.8],"to":[10.655,3.105,-8.6],"rotation":{"angle":0,"axis":"y","origin":[8,0,-29.3]},"faces":{"north":{"uv":[5.5,4.5,6.25,5.25],"texture":"#0"},"east":{"uv":[1.125,4.25,2.125,5],"texture":"#0"},"south":{"uv":[6.25,4.5,7,5.25],"texture":"#0"},"west":{"uv":[5.125,1.125,6.125,1.875],"texture":"#0"},"up":{"uv":[7.5,3.375,6.75,2.375],"texture":"#0"},"down":{"uv":[7.5,3.375,6.75,4.375],"texture":"#0"}}},{"from":[0.1,-11,-2],"to":[0.1,14,30],"rotation":{"angle":-22.5,"axis":"z","origin":[0.1,1.5,14]},"faces":{"north":{"uv":[0,0,0,0.625],"texture":"#2"},"east":{"uv":[16,0,0,16],"texture":"#2"},"south":{"uv":[0,0,0,0.625],"texture":"#2"},"west":{"uv":[0,0,16,16],"texture":"#2"},"up":{"uv":[0,2.25,0,0],"texture":"#2"},"down":{"uv":[0,2.25,0,0],"texture":"#2"}}},{"from":[15.9,-11,-2],"to":[15.9,14,30],"rotation":{"angle":22.5,"axis":"z","origin":[15.9,1.5,14]},"faces":{"north":{"uv":[0,0,0,0.625],"texture":"#2"},"east":{"uv":[16,0,0,16],"texture":"#2"},"south":{"uv":[0,0,0,0.625],"texture":"#2"},"west":{"uv":[0,0,16,16],"texture":"#2"},"up":{"uv":[0,2.25,0,0],"texture":"#2"},"down":{"uv":[0,2.25,0,0],"texture":"#2"}}}],"display":{"head":{"translation":[0,-21.75,15.5],"scale":[4,3,4]}}}