{"credit":"Naruto RPG","texture_size":[128,128],"textures":{"0":"tierra:item/tierra_selloroca","particle":"tierra:item/tierra_selloroca"},"elements":[{"from":[-2,8,4],"to":[18,16,12],"rotation":{"angle":0,"axis":"y","origin":[5,13,3]},"faces":{"north":{"uv":[2.75,2.25,5.25,3.25],"texture":"#0"},"east":{"uv":[5.25,5.375,6.25,6.375],"texture":"#0"},"south":{"uv":[0,3,2.5,4],"texture":"#0"},"west":{"uv":[5.5,0,6.5,1],"texture":"#0"},"up":{"uv":[5,4.25,2.5,3.25],"texture":"#0"},"down":{"uv":[2.5,4,0,5],"texture":"#0"}}},{"from":[-3,16,2],"to":[19,25,14],"rotation":{"angle":0,"axis":"y","origin":[5,21,3]},"faces":{"north":{"uv":[2.75,0,5.5,1.125],"texture":"#0"},"east":{"uv":[0,5,1.5,6.125],"texture":"#0"},"south":{"uv":[2.75,1.125,5.5,2.25],"texture":"#0"},"west":{"uv":[5.25,2.25,6.75,3.375],"texture":"#0"},"up":{"uv":[2.75,1.5,0,0],"texture":"#0"},"down":{"uv":[2.75,1.5,0,3],"texture":"#0"}}},{"from":[1,-1,5],"to":[15,8,11],"rotation":{"angle":0,"axis":"y","origin":[5,5,3]},"faces":{"north":{"uv":[2.5,4.25,4.25,5.375],"texture":"#0"},"east":{"uv":[0,6.125,0.75,7.25],"texture":"#0"},"south":{"uv":[4.25,4.25,6,5.375],"texture":"#0"},"west":{"uv":[0.75,6.125,1.5,7.25],"texture":"#0"},"up":{"uv":[6.75,4.125,5,3.375],"texture":"#0"},"down":{"uv":[3.25,5.375,1.5,6.125],"texture":"#0"}}},{"from":[-1,-1.25,3],"to":[5,3,9],"rotation":{"angle":0,"axis":"y","origin":[1,-1,5]},"faces":{"north":{"uv":[7.5,4.75,8.25,5.25],"texture":"#0"},"east":{"uv":[7.625,0,8.375,0.5],"texture":"#0"},"south":{"uv":[7.625,2,8.375,2.5],"texture":"#0"},"west":{"uv":[7.625,2.5,8.375,3],"texture":"#0"},"up":{"uv":[5.25,7.25,4.5,6.5],"texture":"#0"},"down":{"uv":[7.5,3,6.75,3.75],"texture":"#0"}}},{"from":[-3,7.75,3],"to":[3,11.75,9],"rotation":{"angle":0,"axis":"y","origin":[-1,7.75,5]},"faces":{"north":{"uv":[3.375,7.875,4.125,8.375],"texture":"#0"},"east":{"uv":[6,7.875,6.75,8.375],"texture":"#0"},"south":{"uv":[0.75,8,1.5,8.5],"texture":"#0"},"west":{"uv":[4.125,8,4.875,8.5],"texture":"#0"},"up":{"uv":[7.5,4.5,6.75,3.75],"texture":"#0"},"down":{"uv":[7.5,4.5,6.75,5.25],"texture":"#0"}}},{"from":[14,11,3],"to":[19,15,9],"rotation":{"angle":0,"axis":"y","origin":[16,11,5]},"faces":{"north":{"uv":[8.25,4.75,8.875,5.25],"texture":"#0"},"east":{"uv":[8.125,5.25,8.875,5.75],"texture":"#0"},"south":{"uv":[8.25,6.75,8.875,7.25],"texture":"#0"},"west":{"uv":[0,8.25,0.75,8.75],"texture":"#0"},"up":{"uv":[5.25,8,4.625,7.25],"texture":"#0"},"down":{"uv":[2.75,7.5,2.125,8.25],"texture":"#0"}}},{"from":[7,10,2],"to":[13,14,5],"rotation":{"angle":0,"axis":"y","origin":[9,10,5]},"faces":{"north":{"uv":[8,7.25,8.75,7.75],"texture":"#0"},"east":{"uv":[8.875,5,9.25,5.5],"texture":"#0"},"south":{"uv":[8.125,3,8.875,3.5],"texture":"#0"},"west":{"uv":[6.125,8.875,6.5,9.375],"texture":"#0"},"up":{"uv":[7.25,1,6.5,0.625],"texture":"#0"},"down":{"uv":[9.125,1.125,8.375,1.5],"texture":"#0"}}},{"from":[10.5,4.25,4],"to":[15.75,7,7],"rotation":{"angle":0,"axis":"y","origin":[12,3,7]},"faces":{"north":{"uv":[5.5,8.375,6.1875,8.75],"texture":"#0"},"east":{"uv":[3.375,7.5,3.75,7.875],"texture":"#0"},"south":{"uv":[8.375,5.75,9.0625,6.125],"texture":"#0"},"west":{"uv":[9.125,1.125,9.5,1.5],"texture":"#0"},"up":{"uv":[1.4375,8.875,0.75,8.5],"texture":"#0"},"down":{"uv":[4.4375,8.5,3.75,8.875],"texture":"#0"}}},{"from":[2.5,4.25,4],"to":[7.75,7,7],"rotation":{"angle":0,"axis":"y","origin":[4,3,7]},"faces":{"north":{"uv":[8.5,6.125,9.1875,6.5],"texture":"#0"},"east":{"uv":[1.625,9.125,2,9.5],"texture":"#0"},"south":{"uv":[8.5,7.75,9.1875,8.125],"texture":"#0"},"west":{"uv":[9.125,1.875,9.5,2.25],"texture":"#0"},"up":{"uv":[9.3125,1.875,8.625,1.5],"texture":"#0"},"down":{"uv":[9.3125,8.125,8.625,8.5],"texture":"#0"}}},{"from":[4,15.4,1],"to":[13,20.4,4],"rotation":{"angle":0,"axis":"y","origin":[9,16.4,4]},"faces":{"north":{"uv":[6.25,6.125,7.375,6.75],"texture":"#0"},"east":{"uv":[4.5,8.5,4.875,9.125],"texture":"#0"},"south":{"uv":[6.5,0,7.625,0.625],"texture":"#0"},"west":{"uv":[2.125,8.75,2.5,9.375],"texture":"#0"},"up":{"uv":[8.5,6.75,7.375,6.375],"texture":"#0"},"down":{"uv":[8.625,1.625,7.5,2],"texture":"#0"}}},{"from":[-2,23.75,1],"to":[2.25,25.75,4],"rotation":{"angle":0,"axis":"y","origin":[2,22.5,4]},"faces":{"north":{"uv":[3.75,7,4.3125,7.25],"texture":"#0"},"east":{"uv":[1.125,7.25,1.5,7.5],"texture":"#0"},"south":{"uv":[1.5,8,2.0625,8.25],"texture":"#0"},"west":{"uv":[0.75,7.75,1.125,8],"texture":"#0"},"up":{"uv":[1.1875,9.25,0.625,8.875],"texture":"#0"},"down":{"uv":[9.4375,2.75,8.875,3.125],"texture":"#0"}}},{"from":[8,23.75,1],"to":[12.25,25.75,4],"rotation":{"angle":0,"axis":"y","origin":[12,22.5,4]},"faces":{"north":{"uv":[9.125,2.25,9.6875,2.5],"texture":"#0"},"east":{"uv":[8.5,6.5,8.875,6.75],"texture":"#0"},"south":{"uv":[2.5,9.125,3.0625,9.375],"texture":"#0"},"west":{"uv":[9.125,2.5,9.5,2.75],"texture":"#0"},"up":{"uv":[9.4375,5,8.875,4.625],"texture":"#0"},"down":{"uv":[5.4375,8.875,4.875,9.25],"texture":"#0"}}},{"from":[13,23.75,12],"to":[17.25,25.75,15],"rotation":{"angle":0,"axis":"y","origin":[17,22.5,15]},"faces":{"north":{"uv":[8.875,5.5,9.4375,5.75],"texture":"#0"},"east":{"uv":[4.875,8,5.25,8.25],"texture":"#0"},"south":{"uv":[8.875,7,9.4375,7.25],"texture":"#0"},"west":{"uv":[8.375,2.75,8.75,3],"texture":"#0"},"up":{"uv":[9.4375,3.5,8.875,3.125],"texture":"#0"},"down":{"uv":[4.3125,8.875,3.75,9.25],"texture":"#0"}}},{"from":[4,21.75,12],"to":[10.25,25.75,15],"rotation":{"angle":0,"axis":"y","origin":[8,22.5,15]},"faces":{"north":{"uv":[7.5,3.75,8.3125,4.25],"texture":"#0"},"east":{"uv":[0,9.125,0.375,9.625],"texture":"#0"},"south":{"uv":[7.5,4.25,8.3125,4.75],"texture":"#0"},"west":{"uv":[1.25,9.125,1.625,9.625],"texture":"#0"},"up":{"uv":[2.3125,5.375,1.5,5],"texture":"#0"},"down":{"uv":[9.1875,0,8.375,0.375],"texture":"#0"}}},{"from":[-3.75,18,1.25],"to":[1,21,7],"rotation":{"angle":0,"axis":"y","origin":[-1,17,4]},"faces":{"north":{"uv":[2.5,8.75,3.125,9.125],"texture":"#0"},"east":{"uv":[3,8.375,3.75,8.75],"texture":"#0"},"south":{"uv":[3.125,8.75,3.75,9.125],"texture":"#0"},"west":{"uv":[8.375,3.5,9.125,3.875],"texture":"#0"},"up":{"uv":[3.375,8.25,2.75,7.5],"texture":"#0"},"down":{"uv":[8.125,3,7.5,3.75],"texture":"#0"}}},{"from":[-3.5,21,9.75],"to":[1,24,14.5],"rotation":{"angle":0,"axis":"y","origin":[-0.75,20,12.5]},"faces":{"north":{"uv":[7.375,8.75,7.9375,9.125],"texture":"#0"},"east":{"uv":[5.5,8.75,6.125,9.125],"texture":"#0"},"south":{"uv":[8,8.75,8.5625,9.125],"texture":"#0"},"west":{"uv":[8.75,7.25,9.375,7.625],"texture":"#0"},"up":{"uv":[5.4375,8.875,4.875,8.25],"texture":"#0"},"down":{"uv":[7.3125,8.25,6.75,8.875],"texture":"#0"}}},{"from":[13,19,1],"to":[20,24,8],"rotation":{"angle":0,"axis":"y","origin":[17,20,4]},"faces":{"north":{"uv":[5.25,7.125,6.125,7.75],"texture":"#0"},"east":{"uv":[3.75,7.25,4.625,7.875],"texture":"#0"},"south":{"uv":[7.25,5.25,8.125,5.875],"texture":"#0"},"west":{"uv":[6.125,7.25,7,7.875],"texture":"#0"},"up":{"uv":[2.375,7,1.5,6.125],"texture":"#0"},"down":{"uv":[3.25,6.125,2.375,7],"texture":"#0"}}},{"from":[13,10,10],"to":[19,14,13],"rotation":{"angle":0,"axis":"y","origin":[15,10,13]},"faces":{"north":{"uv":[1.5,8.25,2.25,8.75],"texture":"#0"},"east":{"uv":[6.5,8.875,6.875,9.375],"texture":"#0"},"south":{"uv":[2.25,8.25,3,8.75],"texture":"#0"},"west":{"uv":[8.875,6.5,9.25,7],"texture":"#0"},"up":{"uv":[9.125,2.375,8.375,2],"texture":"#0"},"down":{"uv":[9.125,2.375,8.375,2.75],"texture":"#0"}}},{"from":[2,9,10],"to":[11,13,14],"rotation":{"angle":0,"axis":"y","origin":[4,9,13]},"faces":{"north":{"uv":[6.125,6.75,7.25,7.25],"texture":"#0"},"east":{"uv":[6.25,8.375,6.75,8.875],"texture":"#0"},"south":{"uv":[1.5,7,2.625,7.5],"texture":"#0"},"west":{"uv":[8.625,8.5,9.125,9],"texture":"#0"},"up":{"uv":[3.75,7.5,2.625,7],"texture":"#0"},"down":{"uv":[1.125,7.25,0,7.75],"texture":"#0"}}},{"from":[-3,12,9],"to":[2,15,13],"rotation":{"angle":0,"axis":"y","origin":[-2,11,13]},"faces":{"north":{"uv":[0,8.75,0.625,9.125],"texture":"#0"},"east":{"uv":[6.875,8.875,7.375,9.25],"texture":"#0"},"south":{"uv":[1.5,8.75,2.125,9.125],"texture":"#0"},"west":{"uv":[8.625,9,9.125,9.375],"texture":"#0"},"up":{"uv":[8,8.75,7.375,8.25],"texture":"#0"},"down":{"uv":[8.625,8.25,8,8.75],"texture":"#0"}}},{"from":[-3,4,7],"to":[5,8,13],"rotation":{"angle":0,"axis":"y","origin":[1,4,9]},"faces":{"north":{"uv":[7.25,6.75,8.25,7.25],"texture":"#0"},"east":{"uv":[7,7.75,7.75,8.25],"texture":"#0"},"south":{"uv":[7,7.25,8,7.75],"texture":"#0"},"west":{"uv":[7.75,7.75,8.5,8.25],"texture":"#0"},"up":{"uv":[7.25,1.75,6.25,1],"texture":"#0"},"down":{"uv":[7.25,5.375,6.25,6.125],"texture":"#0"}}},{"from":[11.75,5,7],"to":[18,8,13],"rotation":{"angle":0,"axis":"y","origin":[14,4,9]},"faces":{"north":{"uv":[8.375,0.375,9.1875,0.75],"texture":"#0"},"east":{"uv":[8.375,3.875,9.125,4.25],"texture":"#0"},"south":{"uv":[8.375,0.75,9.1875,1.125],"texture":"#0"},"west":{"uv":[8.375,4.25,9.125,4.625],"texture":"#0"},"up":{"uv":[6.0625,7.125,5.25,6.375],"texture":"#0"},"down":{"uv":[7.5625,2.25,6.75,3],"texture":"#0"}}},{"from":[10,-1.25,3],"to":[16,3,13],"rotation":{"angle":0,"axis":"y","origin":[12,-1,9]},"faces":{"north":{"uv":[0,7.75,0.75,8.25],"texture":"#0"},"east":{"uv":[6.25,1.75,7.5,2.25],"texture":"#0"},"south":{"uv":[5.25,7.75,6,8.25],"texture":"#0"},"west":{"uv":[3.25,6.5,4.5,7],"texture":"#0"},"up":{"uv":[6.25,2.25,5.5,1],"texture":"#0"},"down":{"uv":[6.75,4.125,6,5.375],"texture":"#0"}}},{"from":[2,-2.25,4],"to":[10,2,13],"rotation":{"angle":0,"axis":"y","origin":[6,-2,9]},"faces":{"north":{"uv":[7.375,5.875,8.375,6.375],"texture":"#0"},"east":{"uv":[7.25,0.625,8.375,1.125],"texture":"#0"},"south":{"uv":[1.125,7.5,2.125,8],"texture":"#0"},"west":{"uv":[7.25,1.125,8.375,1.625],"texture":"#0"},"up":{"uv":[4.25,6.5,3.25,5.375],"texture":"#0"},"down":{"uv":[5.25,5.375,4.25,6.5],"texture":"#0"}}}],"display":{"head":{"rotation":[180,0,180],"translation":[0,-36,-1.25],"scale":[1.8,1.8,2]}}}