{"credit":"Naruto RPG","texture_size":[128,128],"textures":{"0":"tierra:item/tierra_entierro","particle":"tierra:item/tierra_entierro"},"elements":[{"from":[-1,-1.9,-4.5],"to":[9,5,5.5],"rotation":{"angle":0,"axis":"y","origin":[2,0,3.5]},"faces":{"north":{"uv":[5.25,0,6.5,0.875],"texture":"#0"},"east":{"uv":[5.25,0.875,6.5,1.75],"texture":"#0"},"south":{"uv":[5.25,0,6.5,0.875],"texture":"#0"},"west":{"uv":[3,5.625,4.25,6.5],"texture":"#0"},"up":{"uv":[1.25,2.625,0,1.375],"texture":"#0"},"down":{"uv":[2.5,1.375,1.25,2.625],"texture":"#0"}}},{"from":[12,-1.9,-2.5],"to":[19,5,5.5],"rotation":{"angle":0,"axis":"y","origin":[9,0,3.5]},"faces":{"north":{"uv":[8.375,1.625,9.25,2.5],"texture":"#0"},"east":{"uv":[6.5,1.75,7.5,2.625],"texture":"#0"},"south":{"uv":[8.375,1.625,9.25,2.5],"texture":"#0"},"west":{"uv":[6.625,2.625,7.625,3.5],"texture":"#0"},"up":{"uv":[8,4.5,7.125,3.5],"texture":"#0"},"down":{"uv":[2.75,11.25,2.125,10.375],"texture":"#0"}}},{"from":[9,-1.9,-5.5],"to":[12,4,5.5],"rotation":{"angle":0,"axis":"y","origin":[6,0,3.5]},"faces":{"north":{"uv":[3,4.875,3.375,5.625],"texture":"#0"},"east":{"uv":[5.25,2.625,6.625,3.375],"texture":"#0"},"south":{"uv":[3,4.875,3.375,5.625],"texture":"#0"},"west":{"uv":[5.75,4.125,7.125,4.875],"texture":"#0"},"up":{"uv":[9.625,11.625,9.25,10.25],"texture":"#0"},"down":{"uv":[4.625,10.375,4.25,11.75],"texture":"#0"}}},{"from":[15,-2,-4.5],"to":[20,4.4,2.5],"rotation":{"angle":0,"axis":"y","origin":[14,0,4.5]},"faces":{"north":{"uv":[10.75,0.625,11.375,1.375],"texture":"#0"},"east":{"uv":[0,8.875,0.875,9.625],"texture":"#0"},"south":{"uv":[10.75,0.625,11.375,1.375],"texture":"#0"},"west":{"uv":[8.875,5,9.75,5.75],"texture":"#0"},"up":{"uv":[2.75,11.25,2.125,10.375],"texture":"#0"},"down":{"uv":[4.25,10.375,3.625,11.25],"texture":"#0"}}},{"from":[0,4,-0.5],"to":[6,9,5.5],"rotation":{"angle":0,"axis":"y","origin":[2,4,3.5]},"faces":{"north":{"uv":[10.25,6.875,11,7.5],"texture":"#0"},"east":{"uv":[10.375,9.75,11.125,10.375],"texture":"#0"},"south":{"uv":[10.25,6.875,11,7.5],"texture":"#0"},"west":{"uv":[10.5,0,11.25,0.625],"texture":"#0"},"up":{"uv":[10.25,7.5,9.5,6.75],"texture":"#0"},"down":{"uv":[1.375,9.875,0.625,10.625],"texture":"#0"}}},{"from":[6,4,-3.5],"to":[12,13,5.5],"rotation":{"angle":0,"axis":"y","origin":[8,4,3.5]},"faces":{"north":{"uv":[5.375,7.5,6.125,8.625],"texture":"#0"},"east":{"uv":[0,3.75,1.125,4.875],"texture":"#0"},"south":{"uv":[5.375,7.5,6.125,8.625],"texture":"#0"},"west":{"uv":[1.125,3.875,2.25,5],"texture":"#0"},"up":{"uv":[8.25,7.625,7.5,6.5],"texture":"#0"},"down":{"uv":[7.625,7.625,6.875,8.75],"texture":"#0"}}},{"from":[6,13,0.5],"to":[11.5,20.5,5.5],"rotation":{"angle":0,"axis":"y","origin":[8,13,3.5]},"faces":{"north":{"uv":[8.875,9.25,9.5625,10.1875],"texture":"#0"},"east":{"uv":[0.875,8.875,1.5,9.8125],"texture":"#0"},"south":{"uv":[8.875,9.25,9.5625,10.1875],"texture":"#0"},"west":{"uv":[6.5,9.375,7.125,10.3125],"texture":"#0"},"up":{"uv":[11.6875,4.625,11,4],"texture":"#0"},"down":{"uv":[11.6875,5.625,11,6.25],"texture":"#0"}}},{"from":[1,9,2.5],"to":[6,18,5.5],"rotation":{"angle":0,"axis":"y","origin":[2,9,3.5]},"faces":{"north":{"uv":[1.5,8.5,2.125,9.625],"texture":"#0"},"east":{"uv":[8.125,10.75,8.5,11.875],"texture":"#0"},"south":{"uv":[1.5,8.5,2.125,9.625],"texture":"#0"},"west":{"uv":[8.5,11,8.875,12.125],"texture":"#0"},"up":{"uv":[5.625,4.5,5,4.125],"texture":"#0"},"down":{"uv":[8.625,5,8,5.375],"texture":"#0"}}},{"from":[11.5,9,2.5],"to":[16.25,16.5,5.5],"rotation":{"angle":0,"axis":"y","origin":[13,9,3.5]},"faces":{"north":{"uv":[7.125,9.375,7.75,10.3125],"texture":"#0"},"east":{"uv":[0,11.25,0.375,12.1875],"texture":"#0"},"south":{"uv":[7.125,9.375,7.75,10.3125],"texture":"#0"},"west":{"uv":[0.375,11.25,0.75,12.1875],"texture":"#0"},"up":{"uv":[9.5,6.125,8.875,5.75],"texture":"#0"},"down":{"uv":[11.875,0,11.25,0.375],"texture":"#0"}}},{"from":[12,5,-0.5],"to":[17,10,5.5],"rotation":{"angle":0,"axis":"y","origin":[14,4,3.5]},"faces":{"north":{"uv":[6.5,3.5,7.125,4.125],"texture":"#0"},"east":{"uv":[0,10.625,0.75,11.25],"texture":"#0"},"south":{"uv":[6.5,3.5,7.125,4.125],"texture":"#0"},"west":{"uv":[0.75,10.625,1.5,11.25],"texture":"#0"},"up":{"uv":[2.125,11.375,1.5,10.625],"texture":"#0"},"down":{"uv":[3.375,10.625,2.75,11.375],"texture":"#0"}}},{"from":[-1,-1.9,10.5],"to":[9,5,20.5],"rotation":{"angle":0,"axis":"y","origin":[2,0,12.5]},"faces":{"north":{"uv":[6.5,0,5.25,0.875],"texture":"#0"},"east":{"uv":[6.5,0.875,5.25,1.75],"texture":"#0"},"south":{"uv":[6.5,0,5.25,0.875],"texture":"#0"},"west":{"uv":[4.25,5.625,3,6.5],"texture":"#0"},"up":{"uv":[1.25,1.375,0,2.625],"texture":"#0"},"down":{"uv":[2.5,2.625,1.25,1.375],"texture":"#0"}}},{"from":[0,4,10.5],"to":[6,9,16.5],"rotation":{"angle":0,"axis":"y","origin":[2,4,12.5]},"faces":{"north":{"uv":[11,6.875,10.25,7.5],"texture":"#0"},"east":{"uv":[11.125,9.75,10.375,10.375],"texture":"#0"},"south":{"uv":[11,6.875,10.25,7.5],"texture":"#0"},"west":{"uv":[11.25,0,10.5,0.625],"texture":"#0"},"up":{"uv":[10.25,6.75,9.5,7.5],"texture":"#0"},"down":{"uv":[1.375,10.625,0.625,9.875],"texture":"#0"}}},{"from":[6,4,10.5],"to":[12,13,19.5],"rotation":{"angle":0,"axis":"y","origin":[8,4,12.5]},"faces":{"north":{"uv":[6.125,7.5,5.375,8.625],"texture":"#0"},"east":{"uv":[1.125,3.75,0,4.875],"texture":"#0"},"south":{"uv":[6.125,7.5,5.375,8.625],"texture":"#0"},"west":{"uv":[2.25,3.875,1.125,5],"texture":"#0"},"up":{"uv":[8.25,6.5,7.5,7.625],"texture":"#0"},"down":{"uv":[7.625,8.75,6.875,7.625],"texture":"#0"}}},{"from":[12,-1.9,10.5],"to":[19,5,18.5],"rotation":{"angle":0,"axis":"y","origin":[9,0,12.5]},"faces":{"north":{"uv":[9.25,1.625,8.375,2.5],"texture":"#0"},"east":{"uv":[7.5,1.75,6.5,2.625],"texture":"#0"},"south":{"uv":[9.25,1.625,8.375,2.5],"texture":"#0"},"west":{"uv":[7.625,2.625,6.625,3.5],"texture":"#0"},"up":{"uv":[8,3.5,7.125,4.5],"texture":"#0"},"down":{"uv":[2.75,10.375,2.125,11.25],"texture":"#0"}}},{"from":[9,-1.9,10.5],"to":[12,4,21.5],"rotation":{"angle":0,"axis":"y","origin":[6,0,12.5]},"faces":{"north":{"uv":[3.375,4.875,3,5.625],"texture":"#0"},"east":{"uv":[6.625,2.625,5.25,3.375],"texture":"#0"},"south":{"uv":[3.375,4.875,3,5.625],"texture":"#0"},"west":{"uv":[7.125,4.125,5.75,4.875],"texture":"#0"},"up":{"uv":[9.625,10.25,9.25,11.625],"texture":"#0"},"down":{"uv":[4.625,11.75,4.25,10.375],"texture":"#0"}}},{"from":[12,5,10.5],"to":[17,10,16.5],"rotation":{"angle":0,"axis":"y","origin":[14,4,12.5]},"faces":{"north":{"uv":[7.125,3.5,6.5,4.125],"texture":"#0"},"east":{"uv":[0.75,10.625,0,11.25],"texture":"#0"},"south":{"uv":[7.125,3.5,6.5,4.125],"texture":"#0"},"west":{"uv":[1.5,10.625,0.75,11.25],"texture":"#0"},"up":{"uv":[2.125,10.625,1.5,11.375],"texture":"#0"},"down":{"uv":[3.375,11.375,2.75,10.625],"texture":"#0"}}},{"from":[1,9,10.5],"to":[6,18,13.5],"rotation":{"angle":0,"axis":"y","origin":[2,9,12.5]},"faces":{"north":{"uv":[2.125,8.5,1.5,9.625],"texture":"#0"},"east":{"uv":[8.5,10.75,8.125,11.875],"texture":"#0"},"south":{"uv":[2.125,8.5,1.5,9.625],"texture":"#0"},"west":{"uv":[8.875,11,8.5,12.125],"texture":"#0"},"up":{"uv":[5.625,4.125,5,4.5],"texture":"#0"},"down":{"uv":[8.625,5.375,8,5],"texture":"#0"}}},{"from":[6,13,10.5],"to":[11.5,20.5,15.5],"rotation":{"angle":0,"axis":"y","origin":[8,13,12.5]},"faces":{"north":{"uv":[9.5625,9.25,8.875,10.1875],"texture":"#0"},"east":{"uv":[1.5,8.875,0.875,9.8125],"texture":"#0"},"south":{"uv":[9.5625,9.25,8.875,10.1875],"texture":"#0"},"west":{"uv":[7.125,9.375,6.5,10.3125],"texture":"#0"},"up":{"uv":[11.6875,4,11,4.625],"texture":"#0"},"down":{"uv":[11.6875,6.25,11,5.625],"texture":"#0"}}},{"from":[11.5,9,10.5],"to":[16.25,16.5,13.6],"rotation":{"angle":0,"axis":"y","origin":[13,9,12.5]},"faces":{"north":{"uv":[7.75,9.375,7.125,10.3125],"texture":"#0"},"east":{"uv":[0.375,11.25,0,12.1875],"texture":"#0"},"south":{"uv":[7.75,9.375,7.125,10.3125],"texture":"#0"},"west":{"uv":[0.75,11.25,0.375,12.1875],"texture":"#0"},"up":{"uv":[9.5,5.75,8.875,6.125],"texture":"#0"},"down":{"uv":[11.875,0.375,11.25,0],"texture":"#0"}}},{"from":[15,-2,13.5],"to":[20,4,20.5],"rotation":{"angle":0,"axis":"y","origin":[14,0,11.5]},"faces":{"north":{"uv":[11.375,0.625,10.75,1.375],"texture":"#0"},"east":{"uv":[0.875,8.875,0,9.625],"texture":"#0"},"south":{"uv":[11.375,0.625,10.75,1.375],"texture":"#0"},"west":{"uv":[9.75,5,8.875,5.75],"texture":"#0"},"up":{"uv":[2.75,10.375,2.125,11.25],"texture":"#0"},"down":{"uv":[4.25,11.25,3.625,10.375],"texture":"#0"}}},{"from":[-5,-2.1,0.5],"to":[1,3.9,6.5],"rotation":{"angle":0,"axis":"y","origin":[2,-0.1,4.5]},"faces":{"north":{"uv":[2.875,9.875,3.625,10.625],"texture":"#0"},"east":{"uv":[10,1,10.75,1.75],"texture":"#0"},"south":{"uv":[10,1.75,10.75,2.5],"texture":"#0"},"west":{"uv":[10,7.5,10.75,8.25],"texture":"#0"},"up":{"uv":[8.5,10.75,7.75,10],"texture":"#0"},"down":{"uv":[10.875,2.5,10.125,3.25],"texture":"#0"}}},{"from":[-4,4,3.5],"to":[6,9,12.5],"rotation":{"angle":0,"axis":"y","origin":[2,4,10.5]},"faces":{"north":{"uv":[8,3.75,9.25,4.375],"texture":"#0"},"east":{"uv":[2.125,8.75,3.25,9.375],"texture":"#0"},"south":{"uv":[8,4.375,9.25,5],"texture":"#0"},"west":{"uv":[2.125,8.75,3.25,9.375],"texture":"#0"},"up":{"uv":[3.75,3.625,2.5,2.5],"texture":"#0"},"down":{"uv":[1.25,2.625,0,3.75],"texture":"#0"}}},{"from":[-2,9,4.5],"to":[6,17,12.5],"rotation":{"angle":0,"axis":"y","origin":[2,9,6.5]},"faces":{"north":{"uv":[6.5,0.75,7.5,1.75],"texture":"#0"},"east":{"uv":[4.5,6.5,5.5,7.5],"texture":"#0"},"south":{"uv":[3.5,6.5,4.5,7.5],"texture":"#0"},"west":{"uv":[4.5,6.5,5.5,7.5],"texture":"#0"},"up":{"uv":[6.5,7.5,5.5,6.5],"texture":"#0"},"down":{"uv":[7.5,6.5,6.5,7.5],"texture":"#0"}}},{"from":[-6,-2.1,5.5],"to":[6,4.9,11.5],"rotation":{"angle":0,"axis":"y","origin":[2,-0.1,9.5]},"faces":{"north":{"uv":[3.5,3.625,5,4.5],"texture":"#0"},"east":{"uv":[9.25,1.625,10,2.5],"texture":"#0"},"south":{"uv":[3.75,0,5.25,0.875],"texture":"#0"},"west":{"uv":[9.25,1.625,10,2.5],"texture":"#0"},"up":{"uv":[5.25,3.375,3.75,2.625],"texture":"#0"},"down":{"uv":[1.5,5,0,5.75],"texture":"#0"}}},{"from":[6,-2.1,5.5],"to":[10,1.9,11.5],"rotation":{"angle":0,"axis":"y","origin":[10,-0.1,9.5]},"faces":{"north":{"uv":[3.5,3.625,5,4.5],"texture":"#0"},"east":{"uv":[9.25,1.625,10,2.5],"texture":"#0"},"south":{"uv":[3.75,0,5.25,0.875],"texture":"#0"},"west":{"uv":[9.25,1.625,10,2.5],"texture":"#0"},"up":{"uv":[1.5,5,0,5.75],"texture":"#0"},"down":{"uv":[1.5,5,0,5.75],"texture":"#0"}}},{"from":[15,-2.1,0.5],"to":[21,3.9,6.5],"rotation":{"angle":0,"axis":"y","origin":[14,-0.1,4.5]},"faces":{"north":{"uv":[10.125,5.375,10.875,6.125],"texture":"#0"},"east":{"uv":[10.125,8.25,10.875,9],"texture":"#0"},"south":{"uv":[9.625,10.125,10.375,10.875],"texture":"#0"},"west":{"uv":[10.25,6.125,11,6.875],"texture":"#0"},"up":{"uv":[9.25,11,8.5,10.25],"texture":"#0"},"down":{"uv":[11,9,10.25,9.75],"texture":"#0"}}},{"from":[10,-2.1,5.5],"to":[22,4.9,11.5],"rotation":{"angle":0,"axis":"y","origin":[14,-0.1,9.5]},"faces":{"north":{"uv":[3.75,0.875,5.25,1.75],"texture":"#0"},"east":{"uv":[5.75,9.25,6.5,10.125],"texture":"#0"},"south":{"uv":[3.75,1.75,5.25,2.625],"texture":"#0"},"west":{"uv":[5.75,9.25,6.5,10.125],"texture":"#0"},"up":{"uv":[3,5.75,1.5,5],"texture":"#0"},"down":{"uv":[6.5,3.375,5,4.125],"texture":"#0"}}},{"from":[10,4,3.5],"to":[20,9,14.5],"rotation":{"angle":0,"axis":"y","origin":[14,4,10.5]},"faces":{"north":{"uv":[2.625,8.125,3.875,8.75],"texture":"#0"},"east":{"uv":[2.625,7.5,4,8.125],"texture":"#0"},"south":{"uv":[3.875,8.125,5.125,8.75],"texture":"#0"},"west":{"uv":[2.625,7.5,4,8.125],"texture":"#0"},"up":{"uv":[1.25,1.375,0,0],"texture":"#0"},"down":{"uv":[2.5,0,1.25,1.375],"texture":"#0"}}},{"from":[10,9,3.5],"to":[19,14,13.5],"rotation":{"angle":0,"axis":"y","origin":[14,9,10.5]},"faces":{"north":{"uv":[3.875,8.75,5,9.375],"texture":"#0"},"east":{"uv":[8.25,6.25,9.5,6.875],"texture":"#0"},"south":{"uv":[6.875,8.75,8,9.375],"texture":"#0"},"west":{"uv":[8.25,6.25,9.5,6.875],"texture":"#0"},"up":{"uv":[2.375,3.875,1.25,2.625],"texture":"#0"},"down":{"uv":[3.5,3.625,2.375,4.875],"texture":"#0"}}},{"from":[10,14,3.5],"to":[17,20,12.5],"rotation":{"angle":0,"axis":"y","origin":[14,14,10.5]},"faces":{"north":{"uv":[8,9.25,8.875,10],"texture":"#0"},"east":{"uv":[7.75,5.5,8.875,6.25],"texture":"#0"},"south":{"uv":[9.25,8.375,10.125,9.125],"texture":"#0"},"west":{"uv":[7.75,5.5,8.875,6.25],"texture":"#0"},"up":{"uv":[0.875,7.75,0,6.625],"texture":"#0"},"down":{"uv":[1.75,6.625,0.875,7.75],"texture":"#0"}}}],"display":{"head":{"translation":[0,-29,0],"scale":[1.6,1.6,1.6]}}}