{"credit":"Naruto RPG","texture_size":[4,4],"textures":{"0":"fuego:item/fuego_cuerdadefuego","particle":"fuego:item/fuego_cuerdadefuego"},"elements":[{"name":"hexadecagon","from":[15.88712,7.88284,5.00614],"to":[16.28712,8.88284,8.58874],"rotation":{"angle":-22.5,"axis":"y","origin":[8.08712,8.38284,6.79744]},"faces":{"north":{"uv":[1.03893,1.75676,1.5,2.51351],"rotation":90,"texture":"#0"},"east":{"uv":[0,0,1,7.5],"texture":"#0"},"south":{"uv":[1.03893,2.51351,1.5,3.27027],"rotation":90,"texture":"#0"},"west":{"uv":[0,0,1,7.5],"texture":"#0"},"up":{"uv":[1.96107,5.5,1,1.75676],"rotation":90,"texture":"#0"},"down":{"uv":[1.96107,5.5,1,1.75676],"rotation":90,"texture":"#0"}}},{"name":"hexadecagon","from":[15.88712,7.88284,5.00614],"to":[16.28712,8.88284,8.58874],"rotation":{"angle":-45,"axis":"y","origin":[8.08712,8.38284,6.79744]},"faces":{"north":{"uv":[1.03893,1.75676,1.5,2.51351],"rotation":90,"texture":"#0"},"east":{"uv":[0,0,1,7.5],"texture":"#0"},"south":{"uv":[1.03893,2.51351,1.5,3.27027],"rotation":90,"texture":"#0"},"west":{"uv":[0,0,1,7.5],"texture":"#0"},"up":{"uv":[1.96107,5.5,1,1.75676],"rotation":90,"texture":"#0"},"down":{"uv":[1.96107,5.5,1,1.75676],"rotation":90,"texture":"#0"}}},{"name":"hexadecagon","from":[6.29582,7.88284,-1.40256],"to":[9.87841,8.88284,-1.00256],"rotation":{"angle":22.5,"axis":"y","origin":[8.08712,8.38284,6.79744]},"faces":{"north":{"uv":[0,0,1.00676,7.46107],"texture":"#0"},"east":{"uv":[1.03893,2.51351,1.5,3.27027],"rotation":90,"texture":"#0"},"south":{"uv":[0,0,1.00676,7.46107],"texture":"#0"},"west":{"uv":[1.03893,2.51351,1.5,3.27027],"rotation":90,"texture":"#0"},"up":{"uv":[1.94324,5.51782,1,1.75676],"rotation":180,"texture":"#0"},"down":{"uv":[1.94324,5.51782,1,1.75676],"rotation":180,"texture":"#0"}}},{"name":"hexadecagon","from":[6.29582,7.88284,-1.40256],"to":[9.87841,8.88284,-1.00256],"rotation":{"angle":-22.5,"axis":"y","origin":[8.08712,8.38284,6.79744]},"faces":{"north":{"uv":[0,0,1.00676,7.46107],"texture":"#0"},"east":{"uv":[1.03893,2.51351,1.5,3.27027],"rotation":90,"texture":"#0"},"south":{"uv":[0,0,1.00676,7.46107],"texture":"#0"},"west":{"uv":[1.03893,2.51351,1.5,3.27027],"rotation":90,"texture":"#0"},"up":{"uv":[1.94324,5.51782,1,1.75676],"rotation":180,"texture":"#0"},"down":{"uv":[1.94324,5.51782,1,1.75676],"rotation":180,"texture":"#0"}}},{"name":"hexadecagon","from":[6.66258,7.88284,-1.46387],"to":[9.57017,8.88284,-1.06387],"rotation":{"angle":0,"axis":"y","origin":[7.77888,8.38284,-1.26387]},"faces":{"north":{"uv":[0,0,1.00676,7.46107],"texture":"#0"},"east":{"uv":[1.03893,2.51351,1.5,3.27027],"rotation":90,"texture":"#0"},"south":{"uv":[0,0,1.00676,7.46107],"texture":"#0"},"west":{"uv":[1.03893,2.51351,1.5,3.27027],"rotation":90,"texture":"#0"},"up":{"uv":[1.94324,5.51782,1,1.75676],"rotation":180,"texture":"#0"},"down":{"uv":[1.94324,5.51782,1,1.75676],"rotation":180,"texture":"#0"}}},{"name":"hexadecagon","from":[6.29582,7.88284,-1.40256],"to":[9.87841,8.88284,-1.00256],"rotation":{"angle":-45,"axis":"y","origin":[8.08712,8.38284,6.79744]},"faces":{"north":{"uv":[0,0,1.00676,7.46107],"texture":"#0"},"east":{"uv":[1.03893,2.51351,1.5,3.27027],"rotation":90,"texture":"#0"},"south":{"uv":[0,0,1.00676,7.46107],"texture":"#0"},"west":{"uv":[1.03893,2.51351,1.5,3.27027],"rotation":90,"texture":"#0"},"up":{"uv":[1.94324,5.51782,1,1.75676],"rotation":180,"texture":"#0"},"down":{"uv":[1.94324,5.51782,1,1.75676],"rotation":180,"texture":"#0"}}},{"name":"hexadecagon","from":[15.88712,7.88284,5.00614],"to":[16.28712,8.88284,8.58874],"rotation":{"angle":22.5,"axis":"y","origin":[8.08712,8.38284,6.79744]},"faces":{"north":{"uv":[1.03893,1.75676,1.5,2.51351],"rotation":90,"texture":"#0"},"east":{"uv":[0,0,1,7.5],"texture":"#0"},"south":{"uv":[1.03893,2.51351,1.5,3.27027],"rotation":90,"texture":"#0"},"west":{"uv":[0,0,1,7.5],"texture":"#0"},"up":{"uv":[1.96107,5.5,1,1.75676],"rotation":90,"texture":"#0"},"down":{"uv":[1.96107,5.5,1,1.75676],"rotation":90,"texture":"#0"}}},{"name":"hexadecagon","from":[-0.2036,10.13356,4.90614],"to":[0.1964,11.13356,8.48874],"rotation":{"angle":22.5,"axis":"y","origin":[7.9964,7.53356,6.69744]},"faces":{"north":{"uv":[1.03893,2.51351,1.5,3.27027],"rotation":90,"texture":"#0"},"east":{"uv":[0,0,1.00676,7.46107],"texture":"#0"},"south":{"uv":[1.03893,2.51351,1.5,3.27027],"rotation":90,"texture":"#0"},"west":{"uv":[0,0,1.00676,7.46107],"texture":"#0"},"up":{"uv":[1.94324,5.51782,1,1.75676],"rotation":270,"texture":"#0"},"down":{"uv":[1.94324,5.51782,1,1.75676],"rotation":90,"texture":"#0"}}},{"name":"hexadecagon","from":[6.29582,7.88284,14.59744],"to":[9.87841,8.88284,14.99744],"rotation":{"angle":0,"axis":"y","origin":[8.08712,8.38284,6.79744]},"faces":{"north":{"uv":[0,0,1.00676,7.46107],"texture":"#0"},"east":{"uv":[1.03893,2.51351,1.5,3.27027],"rotation":90,"texture":"#0"},"south":{"uv":[0,0,1.00676,7.46107],"texture":"#0"},"west":{"uv":[1.03893,2.51351,1.5,3.27027],"rotation":90,"texture":"#0"},"up":{"uv":[1.94324,5.51782,1,1.75676],"rotation":180,"texture":"#0"},"down":{"uv":[1.94324,5.51782,1,1.75676],"rotation":180,"texture":"#0"}}},{"name":"hexadecagon","from":[6.29582,7.88284,14.59744],"to":[9.87841,8.88284,14.99744],"rotation":{"angle":22.5,"axis":"y","origin":[8.08712,8.38284,6.79744]},"faces":{"north":{"uv":[0,0,1.00676,7.46107],"texture":"#0"},"east":{"uv":[1.03893,2.51351,1.5,3.27027],"rotation":90,"texture":"#0"},"south":{"uv":[0,0,1.00676,7.46107],"texture":"#0"},"west":{"uv":[1.03893,2.51351,1.5,3.27027],"rotation":90,"texture":"#0"},"up":{"uv":[1.94324,5.51782,1,1.75676],"rotation":180,"texture":"#0"},"down":{"uv":[1.94324,5.51782,1,1.75676],"rotation":180,"texture":"#0"}}},{"name":"hexadecagon","from":[-0.11288,7.88284,5.00614],"to":[0.28712,8.88284,8.58874],"rotation":{"angle":-45,"axis":"y","origin":[8.08712,8.38284,6.79744]},"faces":{"north":{"uv":[1.03893,1.75676,1.5,2.51351],"rotation":90,"texture":"#0"},"east":{"uv":[0,0,1,7.5],"texture":"#0"},"south":{"uv":[1.03893,2.51351,1.5,3.27027],"rotation":90,"texture":"#0"},"west":{"uv":[0,0,1,7.5],"texture":"#0"},"up":{"uv":[1.96107,5.5,1,1.75676],"rotation":90,"texture":"#0"},"down":{"uv":[1.96107,5.5,1,1.75676],"rotation":90,"texture":"#0"}}},{"name":"hexadecagon","from":[-0.11288,7.88284,5.00614],"to":[0.28712,8.88284,8.58874],"rotation":{"angle":-22.5,"axis":"y","origin":[8.08712,8.38284,6.79744]},"faces":{"north":{"uv":[1.03893,1.75676,1.5,2.51351],"rotation":90,"texture":"#0"},"east":{"uv":[0,0,1,7.5],"texture":"#0"},"south":{"uv":[1.03893,2.51351,1.5,3.27027],"rotation":90,"texture":"#0"},"west":{"uv":[0,0,1,7.5],"texture":"#0"},"up":{"uv":[1.96107,5.5,1,1.75676],"rotation":90,"texture":"#0"},"down":{"uv":[1.96107,5.5,1,1.75676],"rotation":90,"texture":"#0"}}},{"name":"hexadecagon","from":[-0.11288,7.88284,5.00614],"to":[0.28712,8.88284,8.58874],"rotation":{"angle":0,"axis":"y","origin":[8.08712,8.38284,6.79744]},"faces":{"north":{"uv":[1.03893,1.75676,1.5,2.51351],"rotation":90,"texture":"#0"},"east":{"uv":[0,0,1,7.5],"texture":"#0"},"south":{"uv":[1.03893,2.51351,1.5,3.27027],"rotation":90,"texture":"#0"},"west":{"uv":[0,0,1,7.5],"texture":"#0"},"up":{"uv":[1.96107,5.5,1,1.75676],"rotation":90,"texture":"#0"},"down":{"uv":[1.96107,5.5,1,1.75676],"rotation":90,"texture":"#0"}}},{"name":"hexadecagon","from":[-0.11288,7.88284,5.00614],"to":[0.28712,8.88284,8.58874],"rotation":{"angle":22.5,"axis":"y","origin":[8.08712,8.38284,6.79744]},"faces":{"north":{"uv":[1.03893,1.75676,1.5,2.51351],"rotation":90,"texture":"#0"},"east":{"uv":[0,0,1,7.5],"texture":"#0"},"south":{"uv":[1.03893,2.51351,1.5,3.27027],"rotation":90,"texture":"#0"},"west":{"uv":[0,0,1,7.5],"texture":"#0"},"up":{"uv":[1.96107,5.5,1,1.75676],"rotation":90,"texture":"#0"},"down":{"uv":[1.96107,5.5,1,1.75676],"rotation":90,"texture":"#0"}}},{"name":"hexadecagon","from":[6.29582,7.88284,14.59744],"to":[9.87841,8.88284,14.99744],"rotation":{"angle":-45,"axis":"y","origin":[8.08712,8.38284,6.79744]},"faces":{"north":{"uv":[0,0,1.00676,7.46107],"texture":"#0"},"east":{"uv":[1.03893,2.51351,1.5,3.27027],"rotation":90,"texture":"#0"},"south":{"uv":[0,0,1.00676,7.46107],"texture":"#0"},"west":{"uv":[1.03893,2.51351,1.5,3.27027],"rotation":90,"texture":"#0"},"up":{"uv":[1.94324,5.51782,1,1.75676],"rotation":180,"texture":"#0"},"down":{"uv":[1.94324,5.51782,1,1.75676],"rotation":180,"texture":"#0"}}},{"name":"hexadecagon","from":[6.29582,7.88284,14.59744],"to":[9.87841,8.88284,14.99744],"rotation":{"angle":-22.5,"axis":"y","origin":[8.08712,8.38284,6.79744]},"faces":{"north":{"uv":[0,0,1.00676,7.46107],"texture":"#0"},"east":{"uv":[1.03893,2.51351,1.5,3.27027],"rotation":90,"texture":"#0"},"south":{"uv":[0,0,1.00676,7.46107],"texture":"#0"},"west":{"uv":[1.03893,2.51351,1.5,3.27027],"rotation":90,"texture":"#0"},"up":{"uv":[1.94324,5.51782,1,1.75676],"rotation":180,"texture":"#0"},"down":{"uv":[1.94324,5.51782,1,1.75676],"rotation":180,"texture":"#0"}}},{"name":"hexadecagon","from":[-0.2036,10.13356,4.90614],"to":[0.1964,11.13356,8.48874],"rotation":{"angle":-22.5,"axis":"y","origin":[7.9964,10.63356,6.69744]},"faces":{"north":{"uv":[1.03893,2.51351,1.5,3.27027],"rotation":90,"texture":"#0"},"east":{"uv":[0,0,1.00676,7.46107],"texture":"#0"},"south":{"uv":[1.03893,2.51351,1.5,3.27027],"rotation":90,"texture":"#0"},"west":{"uv":[0,0,1.00676,7.46107],"texture":"#0"},"up":{"uv":[1.94324,5.51782,1,1.75676],"rotation":270,"texture":"#0"},"down":{"uv":[1.94324,5.51782,1,1.75676],"rotation":90,"texture":"#0"}}},{"name":"hexadecagon","from":[6.2051,10.13356,-1.50256],"to":[9.7877,11.13356,-1.10256],"rotation":{"angle":45,"axis":"y","origin":[7.9964,10.63356,6.69744]},"faces":{"north":{"uv":[0,0,1,7.5],"texture":"#0"},"east":{"uv":[1.03893,1.75676,1.5,2.51351],"rotation":90,"texture":"#0"},"south":{"uv":[0,0,1,7.5],"texture":"#0"},"west":{"uv":[1.03893,2.51351,1.5,3.27027],"rotation":90,"texture":"#0"},"up":{"uv":[1.96107,5.5,1,1.75676],"rotation":180,"texture":"#0"},"down":{"uv":[1.96107,5.5,1,1.75676],"texture":"#0"}}},{"name":"hexadecagon","from":[6.2051,10.13356,14.49744],"to":[9.7877,11.13356,14.89744],"rotation":{"angle":-22.5,"axis":"y","origin":[7.9964,10.63356,6.69744]},"faces":{"north":{"uv":[0,0,1,7.5],"texture":"#0"},"east":{"uv":[1.03893,1.75676,1.5,2.51351],"rotation":90,"texture":"#0"},"south":{"uv":[0,0,1,7.5],"texture":"#0"},"west":{"uv":[1.03893,2.51351,1.5,3.27027],"rotation":90,"texture":"#0"},"up":{"uv":[1.96107,5.5,1,1.75676],"rotation":180,"texture":"#0"},"down":{"uv":[1.96107,5.5,1,1.75676],"texture":"#0"}}},{"name":"hexadecagon","from":[-0.2036,10.13356,4.90614],"to":[0.1964,11.13356,8.48874],"rotation":{"angle":45,"axis":"y","origin":[7.9964,10.63356,6.69744]},"faces":{"north":{"uv":[1.03893,2.51351,1.5,3.27027],"rotation":90,"texture":"#0"},"east":{"uv":[0,0,1.00676,7.46107],"texture":"#0"},"south":{"uv":[1.03893,2.51351,1.5,3.27027],"rotation":90,"texture":"#0"},"west":{"uv":[0,0,1.00676,7.46107],"texture":"#0"},"up":{"uv":[1.94324,5.51782,1,1.75676],"rotation":270,"texture":"#0"},"down":{"uv":[1.94324,5.51782,1,1.75676],"rotation":90,"texture":"#0"}}},{"name":"hexadecagon","from":[15.85771,9.78612,6.1256],"to":[16.25771,10.78612,8.9082],"rotation":{"angle":-22.5,"axis":"x","origin":[16.05771,10.28612,7.9169]},"faces":{"north":{"uv":[1.03893,2.51351,1.5,3.27027],"rotation":90,"texture":"#0"},"east":{"uv":[0,0,1.00676,7.46107],"texture":"#0"},"south":{"uv":[1.03893,2.51351,1.5,3.27027],"rotation":90,"texture":"#0"},"west":{"uv":[0,0,1.00676,7.46107],"texture":"#0"},"up":{"uv":[1.94324,5.51782,1,1.75676],"rotation":270,"texture":"#0"},"down":{"uv":[1.94324,5.51782,1,1.75676],"rotation":90,"texture":"#0"}}},{"name":"hexadecagon","from":[15.85771,7.94237,4.86623],"to":[16.25771,8.94237,6.94883],"rotation":{"angle":-45,"axis":"x","origin":[16.05771,8.44237,5.15753]},"faces":{"north":{"uv":[1.03893,2.51351,1.5,3.27027],"rotation":90,"texture":"#0"},"east":{"uv":[0,0,1.00676,7.46107],"texture":"#0"},"south":{"uv":[1.03893,2.51351,1.5,3.27027],"rotation":90,"texture":"#0"},"west":{"uv":[0,0,1.00676,7.46107],"texture":"#0"},"up":{"uv":[1.94324,5.51782,1,1.75676],"rotation":270,"texture":"#0"},"down":{"uv":[1.94324,5.51782,1,1.75676],"rotation":90,"texture":"#0"}}},{"name":"hexadecagon","from":[15.88712,5.88284,4.75614],"to":[16.28712,6.88284,8.33874],"rotation":{"angle":-22.5,"axis":"y","origin":[8.08712,6.38284,6.54744]},"faces":{"north":{"uv":[1.03893,1.75676,1.5,2.51351],"rotation":90,"texture":"#0"},"east":{"uv":[0,0,1,7.5],"texture":"#0"},"south":{"uv":[1.03893,2.51351,1.5,3.27027],"rotation":90,"texture":"#0"},"west":{"uv":[0,0,1,7.5],"texture":"#0"},"up":{"uv":[1.96107,5.5,1,1.75676],"rotation":90,"texture":"#0"},"down":{"uv":[1.96107,5.5,1,1.75676],"rotation":90,"texture":"#0"}}},{"name":"hexadecagon","from":[15.88712,5.88284,4.75614],"to":[16.28712,6.88284,8.33874],"rotation":{"angle":-45,"axis":"y","origin":[8.08712,6.38284,6.54744]},"faces":{"north":{"uv":[1.03893,1.75676,1.5,2.51351],"rotation":90,"texture":"#0"},"east":{"uv":[0,0,1,7.5],"texture":"#0"},"south":{"uv":[1.03893,2.51351,1.5,3.27027],"rotation":90,"texture":"#0"},"west":{"uv":[0,0,1,7.5],"texture":"#0"},"up":{"uv":[1.96107,5.5,1,1.75676],"rotation":90,"texture":"#0"},"down":{"uv":[1.96107,5.5,1,1.75676],"rotation":90,"texture":"#0"}}},{"name":"hexadecagon","from":[6.29582,5.88284,-1.65256],"to":[9.87841,6.88284,-1.25256],"rotation":{"angle":22.5,"axis":"y","origin":[8.08712,6.38284,6.54744]},"faces":{"north":{"uv":[0,0,1.00676,7.46107],"texture":"#0"},"east":{"uv":[1.03893,2.51351,1.5,3.27027],"rotation":90,"texture":"#0"},"south":{"uv":[0,0,1.00676,7.46107],"texture":"#0"},"west":{"uv":[1.03893,2.51351,1.5,3.27027],"rotation":90,"texture":"#0"},"up":{"uv":[1.94324,5.51782,1,1.75676],"rotation":180,"texture":"#0"},"down":{"uv":[1.94324,5.51782,1,1.75676],"rotation":180,"texture":"#0"}}},{"name":"hexadecagon","from":[6.29582,5.88284,-1.65256],"to":[9.87841,6.88284,-1.25256],"rotation":{"angle":-22.5,"axis":"y","origin":[8.08712,6.38284,6.54744]},"faces":{"north":{"uv":[0,0,1.00676,7.46107],"texture":"#0"},"east":{"uv":[1.03893,2.51351,1.5,3.27027],"rotation":90,"texture":"#0"},"south":{"uv":[0,0,1.00676,7.46107],"texture":"#0"},"west":{"uv":[1.03893,2.51351,1.5,3.27027],"rotation":90,"texture":"#0"},"up":{"uv":[1.94324,5.51782,1,1.75676],"rotation":180,"texture":"#0"},"down":{"uv":[1.94324,5.51782,1,1.75676],"rotation":180,"texture":"#0"}}},{"name":"hexadecagon","from":[6.29582,5.88284,-1.65256],"to":[9.87841,6.88284,-1.25256],"rotation":{"angle":-45,"axis":"y","origin":[8.08712,6.38284,6.54744]},"faces":{"north":{"uv":[0,0,1.00676,7.46107],"texture":"#0"},"east":{"uv":[1.03893,2.51351,1.5,3.27027],"rotation":90,"texture":"#0"},"south":{"uv":[0,0,1.00676,7.46107],"texture":"#0"},"west":{"uv":[1.03893,2.51351,1.5,3.27027],"rotation":90,"texture":"#0"},"up":{"uv":[1.94324,5.51782,1,1.75676],"rotation":180,"texture":"#0"},"down":{"uv":[1.94324,5.51782,1,1.75676],"rotation":180,"texture":"#0"}}},{"name":"hexadecagon","from":[15.88712,5.88284,4.75614],"to":[16.28712,6.88284,8.33874],"rotation":{"angle":22.5,"axis":"y","origin":[8.08712,6.38284,6.54744]},"faces":{"north":{"uv":[1.03893,1.75676,1.5,2.51351],"rotation":90,"texture":"#0"},"east":{"uv":[0,0,1,7.5],"texture":"#0"},"south":{"uv":[1.03893,2.51351,1.5,3.27027],"rotation":90,"texture":"#0"},"west":{"uv":[0,0,1,7.5],"texture":"#0"},"up":{"uv":[1.96107,5.5,1,1.75676],"rotation":90,"texture":"#0"},"down":{"uv":[1.96107,5.5,1,1.75676],"rotation":90,"texture":"#0"}}},{"name":"hexadecagon","from":[6.29582,5.88284,14.34744],"to":[9.87841,6.88284,14.74744],"rotation":{"angle":-22.5,"axis":"y","origin":[8.08712,6.38284,6.54744]},"faces":{"north":{"uv":[0,0,1.00676,7.46107],"texture":"#0"},"east":{"uv":[1.03893,2.51351,1.5,3.27027],"rotation":90,"texture":"#0"},"south":{"uv":[0,0,1.00676,7.46107],"texture":"#0"},"west":{"uv":[1.03893,2.51351,1.5,3.27027],"rotation":90,"texture":"#0"},"up":{"uv":[1.94324,5.51782,1,1.75676],"rotation":180,"texture":"#0"},"down":{"uv":[1.94324,5.51782,1,1.75676],"rotation":180,"texture":"#0"}}},{"name":"hexadecagon","from":[6.29582,5.88284,14.34744],"to":[9.87841,6.88284,14.74744],"rotation":{"angle":-45,"axis":"y","origin":[8.08712,6.38284,6.54744]},"faces":{"north":{"uv":[0,0,1.00676,7.46107],"texture":"#0"},"east":{"uv":[1.03893,2.51351,1.5,3.27027],"rotation":90,"texture":"#0"},"south":{"uv":[0,0,1.00676,7.46107],"texture":"#0"},"west":{"uv":[1.03893,2.51351,1.5,3.27027],"rotation":90,"texture":"#0"},"up":{"uv":[1.94324,5.51782,1,1.75676],"rotation":180,"texture":"#0"},"down":{"uv":[1.94324,5.51782,1,1.75676],"rotation":180,"texture":"#0"}}},{"name":"hexadecagon","from":[-0.11288,5.88284,4.75614],"to":[0.28712,6.88284,8.33874],"rotation":{"angle":22.5,"axis":"y","origin":[8.08712,6.38284,6.54744]},"faces":{"north":{"uv":[1.03893,1.75676,1.5,2.51351],"rotation":90,"texture":"#0"},"east":{"uv":[0,0,1,7.5],"texture":"#0"},"south":{"uv":[1.03893,2.51351,1.5,3.27027],"rotation":90,"texture":"#0"},"west":{"uv":[0,0,1,7.5],"texture":"#0"},"up":{"uv":[1.96107,5.5,1,1.75676],"rotation":90,"texture":"#0"},"down":{"uv":[1.96107,5.5,1,1.75676],"rotation":90,"texture":"#0"}}},{"name":"hexadecagon","from":[-0.11288,5.88284,4.75614],"to":[0.28712,6.88284,8.33874],"rotation":{"angle":0,"axis":"y","origin":[8.08712,6.38284,6.54744]},"faces":{"north":{"uv":[1.03893,1.75676,1.5,2.51351],"rotation":90,"texture":"#0"},"east":{"uv":[0,0,1,7.5],"texture":"#0"},"south":{"uv":[1.03893,2.51351,1.5,3.27027],"rotation":90,"texture":"#0"},"west":{"uv":[0,0,1,7.5],"texture":"#0"},"up":{"uv":[1.96107,5.5,1,1.75676],"rotation":90,"texture":"#0"},"down":{"uv":[1.96107,5.5,1,1.75676],"rotation":90,"texture":"#0"}}},{"name":"hexadecagon","from":[-0.11288,5.88284,4.75614],"to":[0.28712,6.88284,8.33874],"rotation":{"angle":-22.5,"axis":"y","origin":[8.08712,6.38284,6.54744]},"faces":{"north":{"uv":[1.03893,1.75676,1.5,2.51351],"rotation":90,"texture":"#0"},"east":{"uv":[0,0,1,7.5],"texture":"#0"},"south":{"uv":[1.03893,2.51351,1.5,3.27027],"rotation":90,"texture":"#0"},"west":{"uv":[0,0,1,7.5],"texture":"#0"},"up":{"uv":[1.96107,5.5,1,1.75676],"rotation":90,"texture":"#0"},"down":{"uv":[1.96107,5.5,1,1.75676],"rotation":90,"texture":"#0"}}},{"name":"hexadecagon","from":[-0.11288,5.88284,4.75614],"to":[0.28712,6.88284,8.33874],"rotation":{"angle":-45,"axis":"y","origin":[8.08712,6.38284,6.54744]},"faces":{"north":{"uv":[1.03893,1.75676,1.5,2.51351],"rotation":90,"texture":"#0"},"east":{"uv":[0,0,1,7.5],"texture":"#0"},"south":{"uv":[1.03893,2.51351,1.5,3.27027],"rotation":90,"texture":"#0"},"west":{"uv":[0,0,1,7.5],"texture":"#0"},"up":{"uv":[1.96107,5.5,1,1.75676],"rotation":90,"texture":"#0"},"down":{"uv":[1.96107,5.5,1,1.75676],"rotation":90,"texture":"#0"}}},{"name":"hexadecagon","from":[6.29582,5.88284,14.34744],"to":[9.87841,6.88284,14.74744],"rotation":{"angle":22.5,"axis":"y","origin":[8.08712,6.38284,6.54744]},"faces":{"north":{"uv":[0,0,1.00676,7.46107],"texture":"#0"},"east":{"uv":[1.03893,2.51351,1.5,3.27027],"rotation":90,"texture":"#0"},"south":{"uv":[0,0,1.00676,7.46107],"texture":"#0"},"west":{"uv":[1.03893,2.51351,1.5,3.27027],"rotation":90,"texture":"#0"},"up":{"uv":[1.94324,5.51782,1,1.75676],"rotation":180,"texture":"#0"},"down":{"uv":[1.94324,5.51782,1,1.75676],"rotation":180,"texture":"#0"}}},{"name":"hexadecagon","from":[6.29582,5.88284,14.34744],"to":[9.87841,6.88284,14.74744],"rotation":{"angle":0,"axis":"y","origin":[8.08712,6.38284,6.54744]},"faces":{"north":{"uv":[0,0,1.00676,7.46107],"texture":"#0"},"east":{"uv":[1.03893,2.51351,1.5,3.27027],"rotation":90,"texture":"#0"},"south":{"uv":[0,0,1.00676,7.46107],"texture":"#0"},"west":{"uv":[1.03893,2.51351,1.5,3.27027],"rotation":90,"texture":"#0"},"up":{"uv":[1.94324,5.51782,1,1.75676],"rotation":180,"texture":"#0"},"down":{"uv":[1.94324,5.51782,1,1.75676],"rotation":180,"texture":"#0"}}},{"name":"hexadecagon","from":[15.85771,7.78612,5.8756],"to":[16.25771,8.78612,8.5582],"rotation":{"angle":-22.5,"axis":"x","origin":[16.05771,8.28612,7.6669]},"faces":{"north":{"uv":[1.03893,2.51351,1.5,3.27027],"rotation":90,"texture":"#0"},"east":{"uv":[0,0,1.00676,7.46107],"texture":"#0"},"south":{"uv":[1.03893,2.51351,1.5,3.27027],"rotation":90,"texture":"#0"},"west":{"uv":[0,0,1.00676,7.46107],"texture":"#0"},"up":{"uv":[1.94324,5.51782,1,1.75676],"rotation":270,"texture":"#0"},"down":{"uv":[1.94324,5.51782,1,1.75676],"rotation":90,"texture":"#0"}}},{"name":"hexadecagon","from":[15.85771,5.94237,4.61623],"to":[16.25771,6.94237,6.69883],"rotation":{"angle":-45,"axis":"x","origin":[16.05771,6.44237,4.90753]},"faces":{"north":{"uv":[1.03893,2.51351,1.5,3.27027],"rotation":90,"texture":"#0"},"east":{"uv":[0,0,1.00676,7.46107],"texture":"#0"},"south":{"uv":[1.03893,2.51351,1.5,3.27027],"rotation":90,"texture":"#0"},"west":{"uv":[0,0,1.00676,7.46107],"texture":"#0"},"up":{"uv":[1.94324,5.51782,1,1.75676],"rotation":270,"texture":"#0"},"down":{"uv":[1.94324,5.51782,1,1.75676],"rotation":90,"texture":"#0"}}},{"name":"hexadecagon","from":[6.66258,5.88284,-1.71387],"to":[9.57017,6.88284,-1.31387],"rotation":{"angle":0,"axis":"y","origin":[7.77888,6.38284,-1.51387]},"faces":{"north":{"uv":[0,0,1.00676,7.46107],"texture":"#0"},"east":{"uv":[1.03893,2.51351,1.5,3.27027],"rotation":90,"texture":"#0"},"south":{"uv":[0,0,1.00676,7.46107],"texture":"#0"},"west":{"uv":[1.03893,2.51351,1.5,3.27027],"rotation":90,"texture":"#0"},"up":{"uv":[1.94324,5.51782,1,1.75676],"rotation":180,"texture":"#0"},"down":{"uv":[1.94324,5.51782,1,1.75676],"rotation":180,"texture":"#0"}}},{"name":"hexadecagon","from":[15.7964,10.13356,4.90614],"to":[16.1964,11.13356,8.48874],"rotation":{"angle":-22.5,"axis":"y","origin":[7.9964,10.63356,6.69744]},"faces":{"north":{"uv":[1.03893,2.51351,1.5,3.27027],"rotation":90,"texture":"#0"},"east":{"uv":[0,0,1.00676,7.46107],"texture":"#0"},"south":{"uv":[1.03893,2.51351,1.5,3.27027],"rotation":90,"texture":"#0"},"west":{"uv":[0,0,1.00676,7.46107],"texture":"#0"},"up":{"uv":[1.94324,5.51782,1,1.75676],"rotation":270,"texture":"#0"},"down":{"uv":[1.94324,5.51782,1,1.75676],"rotation":90,"texture":"#0"}}},{"name":"hexadecagon","from":[6.2051,10.13356,14.49744],"to":[9.7877,11.13356,14.89744],"rotation":{"angle":45,"axis":"y","origin":[7.9964,10.63356,6.69744]},"faces":{"north":{"uv":[0,0,1,7.5],"texture":"#0"},"east":{"uv":[1.03893,1.75676,1.5,2.51351],"rotation":90,"texture":"#0"},"south":{"uv":[0,0,1,7.5],"texture":"#0"},"west":{"uv":[1.03893,2.51351,1.5,3.27027],"rotation":90,"texture":"#0"},"up":{"uv":[1.96107,5.5,1,1.75676],"rotation":180,"texture":"#0"},"down":{"uv":[1.96107,5.5,1,1.75676],"texture":"#0"}}},{"name":"hexadecagon","from":[3.14363,10.13356,-0.89359],"to":[6.72623,11.13356,-0.49359],"rotation":{"angle":22.5,"axis":"y","origin":[4.93493,10.63356,-0.69359]},"faces":{"north":{"uv":[0,0,1,7.5],"texture":"#0"},"east":{"uv":[1.03893,1.75676,1.5,2.51351],"rotation":90,"texture":"#0"},"south":{"uv":[0,0,1,7.5],"texture":"#0"},"west":{"uv":[1.03893,2.51351,1.5,3.27027],"rotation":90,"texture":"#0"},"up":{"uv":[1.96107,5.5,1,1.75676],"rotation":180,"texture":"#0"},"down":{"uv":[1.96107,5.5,1,1.75676],"texture":"#0"}}},{"name":"hexadecagon","from":[6.2051,10.13356,14.49744],"to":[9.7877,11.13356,14.89744],"rotation":{"angle":0,"axis":"y","origin":[7.9964,10.63356,6.69744]},"faces":{"north":{"uv":[0,0,1,7.5],"texture":"#0"},"east":{"uv":[1.03893,1.75676,1.5,2.51351],"rotation":90,"texture":"#0"},"south":{"uv":[0,0,1,7.5],"texture":"#0"},"west":{"uv":[1.03893,2.51351,1.5,3.27027],"rotation":90,"texture":"#0"},"up":{"uv":[1.96107,5.5,1,1.75676],"rotation":180,"texture":"#0"},"down":{"uv":[1.96107,5.5,1,1.75676],"texture":"#0"}}},{"name":"hexadecagon","from":[-0.2036,10.13356,4.90614],"to":[0.1964,11.13356,8.48874],"rotation":{"angle":0,"axis":"y","origin":[7.9964,10.63356,6.69744]},"faces":{"north":{"uv":[1.03893,2.51351,1.5,3.27027],"rotation":90,"texture":"#0"},"east":{"uv":[0,0,1.00676,7.46107],"texture":"#0"},"south":{"uv":[1.03893,2.51351,1.5,3.27027],"rotation":90,"texture":"#0"},"west":{"uv":[0,0,1.00676,7.46107],"texture":"#0"},"up":{"uv":[1.94324,5.51782,1,1.75676],"rotation":270,"texture":"#0"},"down":{"uv":[1.94324,5.51782,1,1.75676],"rotation":90,"texture":"#0"}}},{"name":"hexadecagon","from":[6.2051,10.13356,14.49744],"to":[9.7877,11.13356,14.89744],"rotation":{"angle":22.5,"axis":"y","origin":[7.9964,10.63356,6.69744]},"faces":{"north":{"uv":[0,0,1,7.5],"texture":"#0"},"east":{"uv":[1.03893,1.75676,1.5,2.51351],"rotation":90,"texture":"#0"},"south":{"uv":[0,0,1,7.5],"texture":"#0"},"west":{"uv":[1.03893,2.51351,1.5,3.27027],"rotation":90,"texture":"#0"},"up":{"uv":[1.96107,5.5,1,1.75676],"rotation":180,"texture":"#0"},"down":{"uv":[1.96107,5.5,1,1.75676],"texture":"#0"}}},{"name":"hexadecagon","from":[-0.12348,12.57612,3.70975],"to":[0.27652,13.57612,7.29235],"rotation":{"angle":0,"axis":"y","origin":[8.07652,12.37118,5.50105]},"faces":{"north":{"uv":[1.03893,2.51351,1.5,3.27027],"rotation":90,"texture":"#0"},"east":{"uv":[0,0,1.00676,7.46107],"texture":"#0"},"south":{"uv":[1.03893,2.51351,1.5,3.27027],"rotation":90,"texture":"#0"},"west":{"uv":[0,0,1.00676,7.46107],"texture":"#0"},"up":{"uv":[1.94324,5.51782,1,1.75676],"rotation":270,"texture":"#0"},"down":{"uv":[1.94324,5.51782,1,1.75676],"rotation":90,"texture":"#0"}}},{"name":"hexadecagon","from":[6.28523,12.57612,13.30105],"to":[9.86782,13.57612,13.70105],"rotation":{"angle":0,"axis":"y","origin":[8.07652,12.37118,5.50105]},"faces":{"north":{"uv":[0,0,1,7.5],"texture":"#0"},"east":{"uv":[1.03893,1.75676,1.5,2.51351],"rotation":90,"texture":"#0"},"south":{"uv":[0,0,1,7.5],"texture":"#0"},"west":{"uv":[1.03893,2.51351,1.5,3.27027],"rotation":90,"texture":"#0"},"up":{"uv":[1.96107,5.5,1,1.75676],"rotation":180,"texture":"#0"},"down":{"uv":[1.96107,5.5,1,1.75676],"texture":"#0"}}},{"name":"hexadecagon","from":[6.28523,12.57612,13.30105],"to":[9.86782,13.57612,13.70105],"rotation":{"angle":-22.5,"axis":"y","origin":[8.07652,12.37118,5.50105]},"faces":{"north":{"uv":[0,0,1,7.5],"texture":"#0"},"east":{"uv":[1.03893,1.75676,1.5,2.51351],"rotation":90,"texture":"#0"},"south":{"uv":[0,0,1,7.5],"texture":"#0"},"west":{"uv":[1.03893,2.51351,1.5,3.27027],"rotation":90,"texture":"#0"},"up":{"uv":[1.96107,5.5,1,1.75676],"rotation":180,"texture":"#0"},"down":{"uv":[1.96107,5.5,1,1.75676],"texture":"#0"}}},{"name":"hexadecagon","from":[15.87652,12.57612,3.70975],"to":[16.27652,13.57612,7.29235],"rotation":{"angle":22.5,"axis":"y","origin":[8.07652,12.37118,5.50105]},"faces":{"north":{"uv":[1.03893,2.51351,1.5,3.27027],"rotation":90,"texture":"#0"},"east":{"uv":[0,0,1.00676,7.46107],"texture":"#0"},"south":{"uv":[1.03893,2.51351,1.5,3.27027],"rotation":90,"texture":"#0"},"west":{"uv":[0,0,1.00676,7.46107],"texture":"#0"},"up":{"uv":[1.94324,5.51782,1,1.75676],"rotation":270,"texture":"#0"},"down":{"uv":[1.94324,5.51782,1,1.75676],"rotation":90,"texture":"#0"}}},{"name":"hexadecagon","from":[15.87652,12.57612,3.70975],"to":[16.27652,13.57612,7.29235],"rotation":{"angle":0,"axis":"y","origin":[8.07652,12.37118,5.50105]},"faces":{"north":{"uv":[1.03893,2.51351,1.5,3.27027],"rotation":90,"texture":"#0"},"east":{"uv":[0,0,1.00676,7.46107],"texture":"#0"},"south":{"uv":[1.03893,2.51351,1.5,3.27027],"rotation":90,"texture":"#0"},"west":{"uv":[0,0,1.00676,7.46107],"texture":"#0"},"up":{"uv":[1.94324,5.51782,1,1.75676],"rotation":270,"texture":"#0"},"down":{"uv":[1.94324,5.51782,1,1.75676],"rotation":90,"texture":"#0"}}},{"name":"hexadecagon","from":[15.87652,12.57612,3.70975],"to":[16.27652,13.57612,7.29235],"rotation":{"angle":-22.5,"axis":"y","origin":[8.07652,12.37118,5.50105]},"faces":{"north":{"uv":[1.03893,2.51351,1.5,3.27027],"rotation":90,"texture":"#0"},"east":{"uv":[0,0,1.00676,7.46107],"texture":"#0"},"south":{"uv":[1.03893,2.51351,1.5,3.27027],"rotation":90,"texture":"#0"},"west":{"uv":[0,0,1.00676,7.46107],"texture":"#0"},"up":{"uv":[1.94324,5.51782,1,1.75676],"rotation":270,"texture":"#0"},"down":{"uv":[1.94324,5.51782,1,1.75676],"rotation":90,"texture":"#0"}}},{"name":"hexadecagon","from":[15.87652,12.57612,3.70975],"to":[16.27652,13.57612,7.29235],"rotation":{"angle":-45,"axis":"y","origin":[8.07652,12.37118,5.50105]},"faces":{"north":{"uv":[1.03893,2.51351,1.5,3.27027],"rotation":90,"texture":"#0"},"east":{"uv":[0,0,1.00676,7.46107],"texture":"#0"},"south":{"uv":[1.03893,2.51351,1.5,3.27027],"rotation":90,"texture":"#0"},"west":{"uv":[0,0,1.00676,7.46107],"texture":"#0"},"up":{"uv":[1.94324,5.51782,1,1.75676],"rotation":270,"texture":"#0"},"down":{"uv":[1.94324,5.51782,1,1.75676],"rotation":90,"texture":"#0"}}},{"name":"hexadecagon","from":[6.28523,12.57612,13.30105],"to":[9.86782,13.57612,13.70105],"rotation":{"angle":22.5,"axis":"y","origin":[8.07652,12.37118,5.50105]},"faces":{"north":{"uv":[0,0,1,7.5],"texture":"#0"},"east":{"uv":[1.03893,1.75676,1.5,2.51351],"rotation":90,"texture":"#0"},"south":{"uv":[0,0,1,7.5],"texture":"#0"},"west":{"uv":[1.03893,2.51351,1.5,3.27027],"rotation":90,"texture":"#0"},"up":{"uv":[1.96107,5.5,1,1.75676],"rotation":180,"texture":"#0"},"down":{"uv":[1.96107,5.5,1,1.75676],"texture":"#0"}}},{"name":"hexadecagon","from":[-0.12348,12.57612,3.70975],"to":[0.27652,13.57612,7.29235],"rotation":{"angle":-45,"axis":"y","origin":[8.07652,12.37118,5.50105]},"faces":{"north":{"uv":[1.03893,2.51351,1.5,3.27027],"rotation":90,"texture":"#0"},"east":{"uv":[0,0,1.00676,7.46107],"texture":"#0"},"south":{"uv":[1.03893,2.51351,1.5,3.27027],"rotation":90,"texture":"#0"},"west":{"uv":[0,0,1.00676,7.46107],"texture":"#0"},"up":{"uv":[1.94324,5.51782,1,1.75676],"rotation":270,"texture":"#0"},"down":{"uv":[1.94324,5.51782,1,1.75676],"rotation":90,"texture":"#0"}}},{"name":"hexadecagon","from":[6.28523,12.57612,-2.69895],"to":[9.86782,13.57612,-2.29895],"rotation":{"angle":22.5,"axis":"y","origin":[8.07652,12.37118,5.50105]},"faces":{"north":{"uv":[0,0,1,7.5],"texture":"#0"},"east":{"uv":[1.03893,1.75676,1.5,2.51351],"rotation":90,"texture":"#0"},"south":{"uv":[0,0,1,7.5],"texture":"#0"},"west":{"uv":[1.03893,2.51351,1.5,3.27027],"rotation":90,"texture":"#0"},"up":{"uv":[1.96107,5.5,1,1.75676],"rotation":180,"texture":"#0"},"down":{"uv":[1.96107,5.5,1,1.75676],"texture":"#0"}}},{"name":"hexadecagon","from":[1.14224,12.57612,0.56794],"to":[4.72484,13.57612,0.96794],"rotation":{"angle":-45,"axis":"y","origin":[8.07652,12.37118,5.50105]},"faces":{"north":{"uv":[0,0,1,7.5],"texture":"#0"},"east":{"uv":[1.03893,1.75676,1.5,2.51351],"rotation":90,"texture":"#0"},"south":{"uv":[0,0,1,7.5],"texture":"#0"},"west":{"uv":[1.03893,2.51351,1.5,3.27027],"rotation":90,"texture":"#0"},"up":{"uv":[1.96107,5.5,1,1.75676],"rotation":180,"texture":"#0"},"down":{"uv":[1.96107,5.5,1,1.75676],"texture":"#0"}}},{"name":"hexadecagon","from":[8.6867,12.57612,-0.62934],"to":[9.0867,13.57612,2.95326],"rotation":{"angle":0,"axis":"y","origin":[8.07652,12.37118,5.50105]},"faces":{"north":{"uv":[1.03893,2.51351,1.5,3.27027],"rotation":90,"texture":"#0"},"east":{"uv":[0,0,1.00676,7.46107],"texture":"#0"},"south":{"uv":[1.03893,2.51351,1.5,3.27027],"rotation":90,"texture":"#0"},"west":{"uv":[0,0,1.00676,7.46107],"texture":"#0"},"up":{"uv":[1.94324,5.51782,1,1.75676],"rotation":270,"texture":"#0"},"down":{"uv":[1.94324,5.51782,1,1.75676],"rotation":90,"texture":"#0"}}},{"name":"hexadecagon","from":[6.28523,12.57612,13.30105],"to":[9.86782,13.57612,13.70105],"rotation":{"angle":-45,"axis":"y","origin":[8.07652,12.37118,5.50105]},"faces":{"north":{"uv":[0,0,1,7.5],"texture":"#0"},"east":{"uv":[1.03893,1.75676,1.5,2.51351],"rotation":90,"texture":"#0"},"south":{"uv":[0,0,1,7.5],"texture":"#0"},"west":{"uv":[1.03893,2.51351,1.5,3.27027],"rotation":90,"texture":"#0"},"up":{"uv":[1.96107,5.5,1,1.75676],"rotation":180,"texture":"#0"},"down":{"uv":[1.96107,5.5,1,1.75676],"texture":"#0"}}},{"name":"hexadecagon","from":[-0.12348,12.57612,3.70975],"to":[0.27652,13.57612,7.29235],"rotation":{"angle":22.5,"axis":"y","origin":[8.07652,12.37118,5.50105]},"faces":{"north":{"uv":[1.03893,2.51351,1.5,3.27027],"rotation":90,"texture":"#0"},"east":{"uv":[0,0,1.00676,7.46107],"texture":"#0"},"south":{"uv":[1.03893,2.51351,1.5,3.27027],"rotation":90,"texture":"#0"},"west":{"uv":[0,0,1.00676,7.46107],"texture":"#0"},"up":{"uv":[1.94324,5.51782,1,1.75676],"rotation":270,"texture":"#0"},"down":{"uv":[1.94324,5.51782,1,1.75676],"rotation":90,"texture":"#0"}}},{"name":"hexadecagon","from":[-0.12348,12.57612,3.70975],"to":[0.27652,13.57612,7.29235],"rotation":{"angle":-22.5,"axis":"y","origin":[8.07652,12.37118,5.50105]},"faces":{"north":{"uv":[1.03893,2.51351,1.5,3.27027],"rotation":90,"texture":"#0"},"east":{"uv":[0,0,1.00676,7.46107],"texture":"#0"},"south":{"uv":[1.03893,2.51351,1.5,3.27027],"rotation":90,"texture":"#0"},"west":{"uv":[0,0,1.00676,7.46107],"texture":"#0"},"up":{"uv":[1.94324,5.51782,1,1.75676],"rotation":270,"texture":"#0"},"down":{"uv":[1.94324,5.51782,1,1.75676],"rotation":90,"texture":"#0"}}},{"name":"hexadecagon","from":[6.19038,16.17043,-1.56387],"to":[9.87297,17.17043,-1.16387],"rotation":{"angle":22.5,"axis":"z","origin":[20.22548,21.5,6.43613]},"faces":{"north":{"uv":[0,0,1,7.5],"texture":"#0"},"east":{"uv":[1.03893,1.75676,1.5,2.51351],"rotation":90,"texture":"#0"},"south":{"uv":[0,0,1,7.5],"texture":"#0"},"west":{"uv":[1.03893,2.51351,1.5,3.27027],"rotation":90,"texture":"#0"},"up":{"uv":[1.96107,5.5,1,1.75676],"rotation":180,"texture":"#0"},"down":{"uv":[1.96107,5.5,1,1.75676],"texture":"#0"}}},{"name":"hexadecagon","from":[7.1502,11.16097,-1.56387],"to":[9.0078,12.16097,-1.16387],"rotation":{"angle":45,"axis":"z","origin":[9.00076,12.12083,-1.15424]},"faces":{"north":{"uv":[0,0,1,7.5],"texture":"#0"},"east":{"uv":[1.03893,1.75676,1.5,2.51351],"rotation":90,"texture":"#0"},"south":{"uv":[0,0,1,7.5],"texture":"#0"},"west":{"uv":[1.03893,2.51351,1.5,3.27027],"rotation":90,"texture":"#0"},"up":{"uv":[1.96107,5.5,1,1.75676],"rotation":180,"texture":"#0"},"down":{"uv":[1.96107,5.5,1,1.75676],"texture":"#0"}}},{"name":"hexadecagon","from":[6.51334,10.13356,-1.56387],"to":[8.37094,11.13356,-1.16387],"rotation":{"angle":0,"axis":"y","origin":[7.69214,10.63356,-1.36387]},"faces":{"north":{"uv":[0,0,1,7.5],"texture":"#0"},"east":{"uv":[1.03893,1.75676,1.5,2.51351],"rotation":90,"texture":"#0"},"south":{"uv":[0,0,1,7.5],"texture":"#0"},"west":{"uv":[1.03893,2.51351,1.5,3.27027],"rotation":90,"texture":"#0"},"up":{"uv":[1.96107,5.5,1,1.75676],"rotation":180,"texture":"#0"},"down":{"uv":[1.96107,5.5,1,1.75676],"texture":"#0"}}},{"name":"hexadecagon","from":[6.28523,12.57612,-2.69895],"to":[9.86782,13.57612,-2.29895],"rotation":{"angle":-45,"axis":"y","origin":[8.07652,12.37118,5.50105]},"faces":{"north":{"uv":[0,0,1,7.5],"texture":"#0"},"east":{"uv":[1.03893,1.75676,1.5,2.51351],"rotation":90,"texture":"#0"},"south":{"uv":[0,0,1,7.5],"texture":"#0"},"west":{"uv":[1.03893,2.51351,1.5,3.27027],"rotation":90,"texture":"#0"},"up":{"uv":[1.96107,5.5,1,1.75676],"rotation":180,"texture":"#0"},"down":{"uv":[1.96107,5.5,1,1.75676],"texture":"#0"}}}],"display":{"head":{"rotation":[-1,-97,0],"translation":[-3,-22.25,-2],"scale":[1.33,2.57,1.99]}}}