{"format_version":"1.21.6","credit":"Naruto RPG","texture_size":[32,32],"textures":{"0":"tierra:item/tierra_baladragon_2","particle":"tierra:item/tierra_baladragon_2"},"elements":[{"from":[4.28,0,4.39],"to":[11.72,3.72,9.86],"rotation":{"angle":0,"axis":"y","origin":[8,1.86,8]},"faces":{"north":{"uv":[5.5,0,9.25,1.75],"texture":"#0"},"east":{"uv":[4,6,5.75,7.75],"texture":"#0"},"south":{"uv":[5.5,2,9.25,3.75],"texture":"#0"},"west":{"uv":[6,6,7.75,7.75],"texture":"#0"},"up":{"uv":[9.25,5.75,5.5,4],"texture":"#0"},"down":{"uv":[3.75,6,0,7.75],"texture":"#0"}}},{"from":[4.28,0,9.89],"to":[11.72,5.72,15.61],"rotation":{"angle":0,"axis":"y","origin":[8,1.86,11.75]},"faces":{"north":{"uv":[5.5,0,9.25,1.75],"texture":"#0"},"east":{"uv":[1.5,8,3,9.5],"texture":"#0"},"south":{"uv":[5.5,2,9.25,3.75],"texture":"#0"},"west":{"uv":[0,8,1.5,9.5],"texture":"#0"},"up":{"uv":[9.25,5.75,5.5,4],"texture":"#0"},"down":{"uv":[3.75,6,0,7.75],"texture":"#0"}}},{"from":[5.28,0.5,1.64],"to":[10.72,3.22,4.36],"rotation":{"angle":0,"axis":"y","origin":[8,2.36,0.5]},"faces":{"north":{"uv":[5.5,0,9.25,1.75],"texture":"#0"},"east":{"uv":[1.5,8,3,9.5],"texture":"#0"},"south":{"uv":[5.5,2,9.25,3.75],"texture":"#0"},"west":{"uv":[0,8,1.5,9.5],"texture":"#0"},"up":{"uv":[9.25,5.75,5.5,4],"texture":"#0"},"down":{"uv":[3.75,6,0,7.75],"texture":"#0"}}},{"from":[5.28,-2.5,5.64],"to":[10.72,0.22,11.36],"rotation":{"angle":0,"axis":"y","origin":[8,-0.64,7.5]},"faces":{"north":{"uv":[5.5,0,9.25,1.75],"texture":"#0"},"east":{"uv":[1.5,8,3,9.5],"texture":"#0"},"south":{"uv":[5.5,2,9.25,3.75],"texture":"#0"},"west":{"uv":[0,8,1.5,9.5],"texture":"#0"},"up":{"uv":[9.25,5.75,5.5,4],"texture":"#0"},"down":{"uv":[3.75,6,0,7.75],"texture":"#0"}}},{"from":[5.28,7.5,4.64],"to":[10.72,10.22,9.36],"rotation":{"angle":0,"axis":"y","origin":[8,9.36,6.5]},"faces":{"north":{"uv":[5.5,0,9.25,1.75],"texture":"#0"},"east":{"uv":[1.5,8,3,9.5],"texture":"#0"},"south":{"uv":[5.5,2,9.25,3.75],"texture":"#0"},"west":{"uv":[0,8,1.5,9.5],"texture":"#0"},"up":{"uv":[9.25,5.75,5.5,4],"texture":"#0"},"down":{"uv":[3.75,6,0,7.75],"texture":"#0"}}},{"from":[4.28,4,4.64],"to":[10.72,6.22,9.36],"rotation":{"angle":0,"axis":"y","origin":[8,5.36,6.5]},"faces":{"north":{"uv":[5.5,0,9.25,1.75],"texture":"#0"},"east":{"uv":[1.5,8,3,9.5],"texture":"#0"},"south":{"uv":[5.5,2,9.25,3.75],"texture":"#0"},"west":{"uv":[0,8,1.5,9.5],"texture":"#0"},"up":{"uv":[9.25,5.75,5.5,4],"texture":"#0"},"down":{"uv":[3.75,6,0,7.75],"texture":"#0"}}},{"from":[5.28,4.5,9.64],"to":[10.72,7.22,14.36],"rotation":{"angle":0,"axis":"y","origin":[8,6.36,11.5]},"faces":{"north":{"uv":[5.5,0,9.25,1.75],"texture":"#0"},"east":{"uv":[1.5,8,3,9.5],"texture":"#0"},"south":{"uv":[5.5,2,9.25,3.75],"texture":"#0"},"west":{"uv":[0,8,1.5,9.5],"texture":"#0"},"up":{"uv":[9.25,5.75,5.5,4],"texture":"#0"},"down":{"uv":[3.75,6,0,7.75],"texture":"#0"}}},{"from":[6.28,3.75,3.39],"to":[12.47,8.22,9.86],"rotation":{"angle":0,"axis":"y","origin":[8,5.61,6]},"faces":{"north":{"uv":[5.5,0,9.25,1.75],"texture":"#0"},"east":{"uv":[1.5,8,3,9.5],"texture":"#0"},"south":{"uv":[5.5,2,9.25,3.75],"texture":"#0"},"west":{"uv":[0,8,1.5,9.5],"texture":"#0"},"up":{"uv":[9.25,5.75,5.5,4],"texture":"#0"},"down":{"uv":[3.75,6,0,7.75],"texture":"#0"}}},{"from":[2.42,0.465,4.605],"to":[13.58,3.255,9.395],"rotation":{"angle":0,"axis":"y","origin":[8,1.86,8]},"faces":{"north":{"uv":[0,0,5.5,1.5],"texture":"#0"},"east":{"uv":[0,8,1.5,9.5],"texture":"#0"},"south":{"uv":[0,1.5,5.5,3],"texture":"#0"},"west":{"uv":[1.5,8,3,9.5],"texture":"#0"},"up":{"uv":[5.5,4.5,0,3],"texture":"#0"},"down":{"uv":[5.5,4.5,0,6],"texture":"#0"}}},{"from":[2.42,1.965,10.605],"to":[13.58,4.755,15.395],"rotation":{"angle":0,"axis":"y","origin":[8,3.36,14]},"faces":{"north":{"uv":[0,0,5.5,1.5],"texture":"#0"},"east":{"uv":[0,8,1.5,9.5],"texture":"#0"},"south":{"uv":[0,1.5,5.5,3],"texture":"#0"},"west":{"uv":[1.5,8,3,9.5],"texture":"#0"},"up":{"uv":[5.5,4.5,0,3],"texture":"#0"},"down":{"uv":[5.5,4.5,0,6],"texture":"#0"}}}],"display":{"head":{"rotation":[0,90,0],"translation":[-2,-24.25,0],"scale":[2.5,2.5,2.1]}}}