{"format_version":"1.21.6","credit":"Naruto RPG","texture_size":[32,32],"textures":{"1":"mobs:item/escorpioninfernal_disparo","2":"fuego:item/fuego_2","particle":"fuego:item/fuego_2"},"elements":[{"from":[1.89973,4.5104,6.90736],"to":[7.44027,8.20067,10.09764],"rotation":{"angle":0,"axis":"y","origin":[4.8576,6.35554,8.5025]},"faces":{"north":{"uv":[5.5,0,9.25,1.75],"texture":"#1"},"east":{"uv":[4,6,5.75,7.75],"texture":"#1"},"south":{"uv":[5.5,2,9.25,3.75],"texture":"#1"},"west":{"uv":[6,6,7.75,7.75],"texture":"#1"},"up":{"uv":[9.25,5.75,5.5,4],"texture":"#1"},"down":{"uv":[3.75,6,0,7.75],"texture":"#1"}}},{"from":[0.97499,4.90918,7.30615],"to":[8.61541,7.80189,9.69885],"rotation":{"angle":0,"axis":"y","origin":[5.1076,6.35554,8.5025]},"faces":{"north":{"uv":[0,0,5.5,1.5],"texture":"#1"},"east":{"uv":[0,8,1.5,9.5],"texture":"#1"},"south":{"uv":[0,1.5,5.5,3],"texture":"#1"},"west":{"uv":[1.5,8,3,9.5],"texture":"#1"},"up":{"uv":[5.5,4.5,0,3],"texture":"#1"},"down":{"uv":[5.5,4.5,0,6],"texture":"#1"}}},{"from":[-8,-4,9],"to":[6,17,9],"rotation":{"angle":45,"axis":"x","origin":[-5,6.5,9]},"faces":{"north":{"uv":[16,0,0,16],"rotation":90,"texture":"#2"},"east":{"uv":[0,0,0,4],"texture":"#2"},"south":{"uv":[0,0,16,16],"rotation":270,"texture":"#2"},"west":{"uv":[0,0,0,4],"rotation":180,"texture":"#2"},"up":{"uv":[0,0,0,4],"rotation":270,"texture":"#2"},"down":{"uv":[0,0,0,4],"rotation":270,"texture":"#2"}}},{"from":[-8,-4,9],"to":[6,17,9],"rotation":{"angle":-45,"axis":"x","origin":[-5,6.5,9]},"faces":{"north":{"uv":[16,0,0,16],"rotation":90,"texture":"#2"},"east":{"uv":[0,0,0,4],"texture":"#2"},"south":{"uv":[0,0,16,16],"rotation":270,"texture":"#2"},"west":{"uv":[0,0,0,4],"rotation":180,"texture":"#2"},"up":{"uv":[0,0,0,4],"rotation":270,"texture":"#2"},"down":{"uv":[0,0,0,4],"rotation":270,"texture":"#2"}}}],"display":{"head":{"rotation":[0,90,0],"translation":[-2.75,-32.75,-13.25],"scale":[4,4,4]}}}