{"format_version":"1.21.6","credit":"Naruto RPG","textures":{"0":"viento:item/viento_2","particle":"viento:item/viento_2"},"elements":[{"from":[-16,1.10051,-16],"to":[32,1.10051,32],"rotation":{"angle":-22.5,"axis":"x","origin":[12,1.10051,8.19239]},"faces":{"north":{"uv":[0,0,16,0],"rotation":180,"texture":"#0"},"east":{"uv":[0,0,0,16],"rotation":90,"texture":"#0"},"south":{"uv":[0,0,16,0],"texture":"#0"},"west":{"uv":[0,0,0,16],"rotation":270,"texture":"#0"},"up":{"uv":[0,3,16,12],"texture":"#0"},"down":{"uv":[0,12,16,3],"texture":"#0"}}},{"from":[-16,3.10051,-16],"to":[32,3.10051,32],"rotation":{"angle":22.5,"axis":"x","origin":[12,3.10051,8.19239]},"faces":{"north":{"uv":[0,0,16,0],"rotation":180,"texture":"#0"},"east":{"uv":[0,0,0,16],"rotation":90,"texture":"#0"},"south":{"uv":[0,0,16,0],"texture":"#0"},"west":{"uv":[0,0,0,16],"rotation":270,"texture":"#0"},"up":{"uv":[0,3,16,12],"texture":"#0"},"down":{"uv":[0,12,16,3],"texture":"#0"}}}],"display":{"head":{"rotation":[0,88.5,0],"translation":[-1,-35,-1.75],"scale":[1,1,0.76]}}}