{"credit":"Naruto RPG","texture_size":[32,32],"textures":{"1":"cabeza:item/cabeza_hoja","3":"cabeza:item/cabeza_kakashikid"},"elements":[{"from":[3.521,12.67288,2.75894],"to":[12.71396,14.97112,3.3335],"rotation":{"angle":0,"axis":"y","origin":[8.11748,12.64653,7.82943]},"faces":{"north":{"uv":[0,0,4.25,1],"texture":"#1"},"east":{"uv":[4,5.25,4.25,6.25],"texture":"#1"},"south":{"uv":[0,0,4.25,1],"texture":"#1"},"west":{"uv":[4.25,5.25,4.5,6.25],"texture":"#1"},"up":{"uv":[8.5,4.75,4.25,4.5],"texture":"#1"},"down":{"uv":[8.5,4.75,4.25,5],"texture":"#1"}}},{"from":[4.9574,12.9027,2.70148],"to":[10.99028,14.7413,2.70148],"rotation":{"angle":0,"axis":"y","origin":[8.11748,12.64653,7.82943]},"faces":{"north":{"uv":[0,10.65909,16,15.75],"texture":"#1"},"east":{"uv":[0,0,0,0.75],"texture":"#1"},"south":{"uv":[16,11.15152,0,16],"texture":"#1"},"west":{"uv":[0,0,0,0.75],"texture":"#1"},"up":{"uv":[2.75,0,0,0],"texture":"#1"},"down":{"uv":[2.75,0,0,0],"texture":"#1"}}},{"from":[2.94644,12.67288,2.75894],"to":[3.521,14.97112,12.52646],"rotation":{"angle":0,"axis":"y","origin":[8.11748,12.64653,7.82943]},"faces":{"north":{"uv":[4.5,5.25,4.75,6.25],"texture":"#1"},"east":{"uv":[8.25,2,4.25,3],"texture":"#1"},"south":{"uv":[4.75,5.25,5,6.25],"texture":"#1"},"west":{"uv":[4.25,2,8.25,3],"texture":"#1"},"up":{"uv":[0.75,9.25,0.5,5.25],"texture":"#1"},"down":{"uv":[1,5.25,0.75,9.25],"texture":"#1"}}},{"from":[2.94644,12.67288,12.52646],"to":[13.28852,14.97112,13.10102],"rotation":{"angle":0,"axis":"y","origin":[8.11748,12.64653,7.82943]},"faces":{"north":{"uv":[0,3,4.25,4],"texture":"#1"},"east":{"uv":[5,5.25,5.25,6.25],"texture":"#1"},"south":{"uv":[0,3,4.25,4],"texture":"#1"},"west":{"uv":[5.25,5.25,5.5,6.25],"texture":"#1"},"up":{"uv":[4.25,5.25,0,5],"texture":"#1"},"down":{"uv":[8.5,5,4.25,5.25],"texture":"#1"}}},{"from":[7.08386,9.23753,12.8712],"to":[8.40535,13.202,13.04356],"rotation":{"angle":-22.5,"axis":"z","origin":[8.11748,12.64653,7.82943]},"faces":{"north":{"uv":[1,5.25,1.5,7],"texture":"#1"},"east":{"uv":[3,5.25,3.25,7],"texture":"#1"},"south":{"uv":[1.5,5.25,2,7],"texture":"#1"},"west":{"uv":[3.25,5.25,3.5,7],"texture":"#1"},"up":{"uv":[6.5,5.5,6,5.25],"texture":"#1"},"down":{"uv":[6.5,5.5,6,5.75],"texture":"#1"}}},{"from":[7.82961,9.23753,12.8712],"to":[9.1511,13.202,13.04356],"rotation":{"angle":22.5,"axis":"z","origin":[8.11748,12.64653,7.82943]},"faces":{"north":{"uv":[2,5.25,2.5,7],"texture":"#1"},"east":{"uv":[3.5,5.25,3.75,7],"texture":"#1"},"south":{"uv":[2.5,5.25,3,7],"texture":"#1"},"west":{"uv":[3.75,5.25,4,7],"texture":"#1"},"up":{"uv":[6.5,6,6,5.75],"texture":"#1"},"down":{"uv":[6.5,6,6,6.25],"texture":"#1"}}},{"from":[12.71396,12.67288,2.75894],"to":[13.28852,14.97112,12.52646],"rotation":{"angle":0,"axis":"y","origin":[8.11748,12.64653,7.82943]},"faces":{"north":{"uv":[5.5,5.25,5.75,6.25],"texture":"#1"},"east":{"uv":[8.25,2,4.25,3],"texture":"#1"},"south":{"uv":[5.75,5.25,6,6.25],"texture":"#1"},"west":{"uv":[4.25,2,8.25,3],"texture":"#1"},"up":{"uv":[0.25,9.5,0,5.25],"texture":"#1"},"down":{"uv":[0.5,5.25,0.25,9.5],"texture":"#1"}}},{"name":"head","from":[3.6,6.8,3.15],"to":[12.4,9.5,3.55],"rotation":{"angle":0,"axis":"y","origin":[8,8.09636,3.95]},"faces":{"north":{"uv":[0,0,4.5,1.25],"texture":"#3"},"east":{"uv":[6,3.9,6.25,5.2125],"texture":"#3"},"south":{"uv":[0,1.5,4.5,2.75],"texture":"#3"},"west":{"uv":[6,3.9,6.25,5.2125],"texture":"#3"},"up":{"uv":[9,2.25,4.5,2],"texture":"#3"},"down":{"uv":[9,2.5,4.5,2.75],"texture":"#3"}}},{"name":"head","from":[6.9,9.05276,2.70018],"to":[9.1,10.45276,2.95018],"rotation":{"angle":22.5,"axis":"x","origin":[8,8.09636,3.95]},"faces":{"north":{"uv":[3,5,4,5.75],"texture":"#3"},"east":{"uv":[7,1,7.25,1.75],"texture":"#3"},"south":{"uv":[4,5,5,5.75],"texture":"#3"},"west":{"uv":[7,4,7.25,4.75],"texture":"#3"},"up":{"uv":[7.5,5.75,6.5,5.5],"texture":"#3"},"down":{"uv":[7.5,6,6.5,6.25],"texture":"#3"}}},{"name":"head","from":[5.22452,10.54881,3.175],"to":[5.72452,11.74881,3.525],"rotation":{"angle":22.5,"axis":"z","origin":[8,8.09636,3.95]},"faces":{"north":{"uv":[7,6.5,7.25,7],"texture":"#3"},"east":{"uv":[7,7,7.25,7.5],"texture":"#3"},"south":{"uv":[7.5,1,7.75,1.5],"texture":"#3"},"west":{"uv":[1.5,7.5,1.75,8],"texture":"#3"},"up":{"uv":[7.75,4.75,7.5,4.5],"texture":"#3"},"down":{"uv":[5.25,7.5,5,7.75],"texture":"#3"}}},{"name":"head","from":[4.43103,5.21487,3.14],"to":[7.93103,7.01487,3.565],"rotation":{"angle":-22.5,"axis":"z","origin":[8,8.09636,3.95]},"faces":{"north":{"uv":[4,3,5.75,4],"texture":"#3"},"east":{"uv":[2.5,6.5,2.75,7.5],"texture":"#3"},"south":{"uv":[4,4,5.75,5],"texture":"#3"},"west":{"uv":[3,6.5,3.25,7.5],"texture":"#3"},"up":{"uv":[2.75,6.25,1,6],"texture":"#3"},"down":{"uv":[4.75,6,3,6.25],"texture":"#3"}}},{"name":"head","from":[3.6,6.9,3.55],"to":[12.375,6.9,5.55],"rotation":{"angle":0,"axis":"z","origin":[10.15,7.05,4.55]},"faces":{"north":{"uv":[0,6,0.25,8],"rotation":270,"texture":"#3"},"east":{"uv":[3.75,7.5,3.5,6.5],"rotation":90,"texture":"#3"},"south":{"uv":[0.5,6,0.75,8],"rotation":90,"texture":"#3"},"west":{"uv":[4.25,6.5,4,7.5],"rotation":90,"texture":"#3"},"up":{"uv":[3,3,3.75,3.25],"rotation":90,"texture":"#3"},"down":{"uv":[3,3,3.75,3.25],"rotation":90,"texture":"#3"}}},{"name":"head","from":[11.9,6.8,3.55],"to":[12.4,10.6,5.55],"rotation":{"angle":0,"axis":"y","origin":[8,8.09636,3.95]},"faces":{"north":{"uv":[0,6,0.25,8],"texture":"#3"},"east":{"uv":[2,3,3,5],"texture":"#3"},"south":{"uv":[0.5,6,0.75,8],"texture":"#3"},"west":{"uv":[3,3,4,5],"texture":"#3"},"up":{"uv":[3.75,7.5,3.5,6.5],"texture":"#3"},"down":{"uv":[4.25,6.5,4,7.5],"texture":"#3"}}},{"name":"head","from":[3.6,6.8,3.55],"to":[4.1,10.6,5.55],"rotation":{"angle":0,"axis":"y","origin":[8,8.09636,3.95]},"faces":{"north":{"uv":[0.25,6,0,8],"texture":"#3"},"east":{"uv":[4,3,3,5],"texture":"#3"},"south":{"uv":[0.75,6,0.5,8],"texture":"#3"},"west":{"uv":[3,3,2,5],"texture":"#3"},"up":{"uv":[3.5,7.5,3.75,6.5],"texture":"#3"},"down":{"uv":[4,6.5,4.25,7.5],"texture":"#3"}}},{"name":"head","from":[10.27548,10.54881,3.175],"to":[10.77548,11.74881,3.525],"rotation":{"angle":-22.5,"axis":"z","origin":[8,8.09636,3.95]},"faces":{"north":{"uv":[7.5,1.5,7.75,2],"texture":"#3"},"east":{"uv":[2,7.5,2.25,8],"texture":"#3"},"south":{"uv":[2.5,7.5,2.75,8],"texture":"#3"},"west":{"uv":[3,7.5,3.25,8],"texture":"#3"},"up":{"uv":[7.75,5.25,7.5,5],"texture":"#3"},"down":{"uv":[5.75,7.5,5.5,7.75],"texture":"#3"}}},{"name":"head","from":[11.5,9.5,3.15],"to":[12.4,10.6,3.55],"rotation":{"angle":0,"axis":"y","origin":[8,8.09636,3.95]},"faces":{"north":{"uv":[6.5,1.5,7,2],"texture":"#3"},"east":{"uv":[3.5,7.55,3.75,8.025],"texture":"#3"},"south":{"uv":[6.5,4,7,4.5],"texture":"#3"},"west":{"uv":[4,7.5,4.25,8],"texture":"#3"},"up":{"uv":[8,4.25,7.5,4],"texture":"#3"},"down":{"uv":[5,7.5,4.5,7.75],"texture":"#3"}}},{"name":"head","from":[3.6,9.5,3.15],"to":[4.5,10.6,3.55],"rotation":{"angle":0,"axis":"y","origin":[8,8.09636,3.95]},"faces":{"north":{"uv":[7,1.5,6.5,2],"texture":"#3"},"east":{"uv":[4.25,7.5,4,8],"texture":"#3"},"south":{"uv":[7,4,6.5,4.5],"texture":"#3"},"west":{"uv":[3.75,7.55,3.5,8.025],"texture":"#3"},"up":{"uv":[7.5,4.25,8,4],"texture":"#3"},"down":{"uv":[4.5,7.5,5,7.75],"texture":"#3"}}},{"name":"head","from":[8.06897,5.21487,3.14],"to":[11.56897,7.01487,3.565],"rotation":{"angle":22.5,"axis":"z","origin":[8,8.09636,3.95]},"faces":{"north":{"uv":[4.5,0,6.25,1],"texture":"#3"},"east":{"uv":[4.5,6.5,4.75,7.5],"texture":"#3"},"south":{"uv":[4.5,1,6.25,2],"texture":"#3"},"west":{"uv":[6.5,4.5,6.75,5.5],"texture":"#3"},"up":{"uv":[7.75,3.25,6,3],"texture":"#3"},"down":{"uv":[7.75,3.5,6,3.75],"texture":"#3"}}},{"name":"head","from":[6.84142,5.46061,3.15],"to":[9.16642,6.81061,3.55],"rotation":{"angle":0,"axis":"y","origin":[8,8.09636,3.95]},"faces":{"north":{"uv":[0,5,1.25,5.75],"texture":"#3"},"east":{"uv":[6.5,6.5,6.75,7.25],"texture":"#3"},"south":{"uv":[1.5,5,2.75,5.75],"texture":"#3"},"west":{"uv":[1,7,1.25,7.75],"texture":"#3"},"up":{"uv":[7.75,0.25,6.5,0],"texture":"#3"},"down":{"uv":[7.75,0.5,6.5,0.75],"texture":"#3"}}}],"gui_light":"front","display":{"thirdperson_righthand":{"rotation":[120,0,0],"translation":[0,-0.5,-1],"scale":[0.7,0.7,0.7]},"thirdperson_lefthand":{"rotation":[120,0,0],"translation":[0,-0.5,-1],"scale":[0.7,0.7,0.7]},"firstperson_righthand":{"rotation":[167.04,42.32,-169.94],"translation":[2.5,0.5,0],"scale":[0.5,0.5,0.5]},"firstperson_lefthand":{"rotation":[167.04,42.32,-169.94],"translation":[2.5,0.5,0],"scale":[0.5,0.5,0.5]},"ground":{"rotation":[3.67,0.32,10.09],"translation":[0,0.75,0]},"gui":{"rotation":[-169.91,25.06,177.68],"translation":[0.25,-2.75,0]},"head":{"translation":[0,-5.5,0],"scale":[1.45586,1.45,1.45]},"fixed":{"translation":[0,-3.75,8.75]}}}