{"credit":"Naruto RPG","textures":{"0":"cabeza:item/cabeza_gafasaova","particle":"cabeza:item/cabeza_gafasaova"},"elements":[{"from":[9.225,26.3,3.5],"to":[10.95,28.6,3.8],"rotation":{"angle":0,"axis":"y","origin":[9.9,27.6,5.55]},"faces":{"north":{"uv":[7,0.25,5.25,2.5],"texture":"#0"},"east":{"uv":[7,0.25,6.75,2.5],"texture":"#0"},"south":{"uv":[7,0.25,5.25,2.5],"texture":"#0"},"west":{"uv":[7,0.25,6.75,2.5],"texture":"#0"},"up":{"uv":[5.25,0.25,7,0.5],"texture":"#0"},"down":{"uv":[5.25,2.25,7,2.5],"texture":"#0"}}},{"from":[10.95,26.55,3.5],"to":[11.45,28.35,3.8],"rotation":{"angle":0,"axis":"y","origin":[9.9,27.6,5.55]},"faces":{"north":{"uv":[7.5,0.5,7,2.25],"texture":"#0"},"east":{"uv":[7.5,0.5,7.25,2.25],"texture":"#0"},"south":{"uv":[7,0.5,7.5,2.25],"texture":"#0"},"west":{"uv":[0,0,0,2.5],"texture":"#0"},"up":{"uv":[7,0.5,7.5,0.75],"texture":"#0"},"down":{"uv":[7,2,7.5,2.25],"texture":"#0"}}},{"from":[3.75,27.05,3.5],"to":[4.05,27.85,3.8],"rotation":{"angle":0,"axis":"y","origin":[6.1,27.6,5.55]},"faces":{"north":{"uv":[8,1,8.25,1.75],"texture":"#0"},"east":{"uv":[0,0,0,2.5],"texture":"#0"},"south":{"uv":[8,1,8.25,1.75],"texture":"#0"},"west":{"uv":[8,1,8.25,1.75],"texture":"#0"},"up":{"uv":[8.25,1,8,1.25],"texture":"#0"},"down":{"uv":[8.25,1.5,8,1.75],"texture":"#0"}}},{"from":[7.975,27.05,3.5],"to":[8.275,27.85,3.8],"rotation":{"angle":0,"axis":"y","origin":[5.925,27.6,5.55]},"faces":{"north":{"uv":[8.25,1,8,1.75],"texture":"#0"},"east":{"uv":[8.25,1,8,1.75],"texture":"#0"},"south":{"uv":[8.25,1,8,1.75],"texture":"#0"},"west":{"uv":[0,0,0,2.5],"texture":"#0"},"up":{"uv":[8,1,8.25,1.25],"texture":"#0"},"down":{"uv":[8,1.5,8.25,1.75],"texture":"#0"}}},{"from":[7.275,26.8,3.5],"to":[7.775,28.1,3.8],"rotation":{"angle":0,"axis":"y","origin":[5.725,27.6,5.55]},"faces":{"north":{"uv":[8,0.75,7.5,2],"texture":"#0"},"east":{"uv":[8,0.75,7.75,2],"texture":"#0"},"south":{"uv":[7.5,0.75,8,2],"texture":"#0"},"west":{"uv":[0,0,0,2.5],"texture":"#0"},"up":{"uv":[7.5,0.75,8,1],"texture":"#0"},"down":{"uv":[7.5,1.75,8,2],"texture":"#0"}}},{"from":[6.775,26.55,3.5],"to":[7.275,28.35,3.8],"rotation":{"angle":0,"axis":"y","origin":[5.725,27.6,5.55]},"faces":{"north":{"uv":[7.5,0.5,7,2.25],"texture":"#0"},"east":{"uv":[7.5,0.5,7.25,2.25],"texture":"#0"},"south":{"uv":[7,0.5,7.5,2.25],"texture":"#0"},"west":{"uv":[0,0,0,2.5],"texture":"#0"},"up":{"uv":[7,0.5,7.5,0.75],"texture":"#0"},"down":{"uv":[7,2,7.5,2.25],"texture":"#0"}}},{"from":[5.05,26.3,3.5],"to":[6.775,28.6,3.8],"rotation":{"angle":0,"axis":"y","origin":[6.1,27.6,5.55]},"faces":{"north":{"uv":[5.25,0.25,7,2.5],"texture":"#0"},"east":{"uv":[6.75,0.25,7,2.5],"texture":"#0"},"south":{"uv":[5.25,0.25,7,2.5],"texture":"#0"},"west":{"uv":[6.75,0.25,7,2.5],"texture":"#0"},"up":{"uv":[7,0.25,5.25,0.5],"texture":"#0"},"down":{"uv":[7,2.25,5.25,2.5],"texture":"#0"}}},{"from":[4.05,26.8,3.5],"to":[4.55,28.1,3.8],"rotation":{"angle":0,"axis":"y","origin":[6.1,27.6,5.55]},"faces":{"north":{"uv":[7.5,0.75,8,2],"texture":"#0"},"east":{"uv":[0,0,0,2.5],"texture":"#0"},"south":{"uv":[8,0.75,7.5,2],"texture":"#0"},"west":{"uv":[7.75,0.75,8,2],"texture":"#0"},"up":{"uv":[8,0.75,7.5,1],"texture":"#0"},"down":{"uv":[8,1.75,7.5,2],"texture":"#0"}}},{"from":[4.55,26.55,3.5],"to":[5.05,28.35,3.8],"rotation":{"angle":0,"axis":"y","origin":[6.1,27.6,5.55]},"faces":{"north":{"uv":[7,0.5,7.5,2.25],"texture":"#0"},"east":{"uv":[0,0,0,2.5],"texture":"#0"},"south":{"uv":[7.5,0.5,7,2.25],"texture":"#0"},"west":{"uv":[7.25,0.5,7.5,2.25],"texture":"#0"},"up":{"uv":[7.5,0.5,7,0.75],"texture":"#0"},"down":{"uv":[7.5,2,7,2.25],"texture":"#0"}}},{"from":[7.725,27.05,3.5],"to":[8.025,27.85,3.8],"rotation":{"angle":0,"axis":"y","origin":[10.075,27.6,5.55]},"faces":{"north":{"uv":[8,1,8.25,1.75],"texture":"#0"},"east":{"uv":[0,0,0,2.5],"texture":"#0"},"south":{"uv":[8,1,8.25,1.75],"texture":"#0"},"west":{"uv":[8,1,8.25,1.75],"texture":"#0"},"up":{"uv":[8.25,1,8,1.25],"texture":"#0"},"down":{"uv":[8.25,1.5,8,1.75],"texture":"#0"}}},{"from":[8.225,26.8,3.5],"to":[8.725,28.1,3.8],"rotation":{"angle":0,"axis":"y","origin":[10.275,27.6,5.55]},"faces":{"north":{"uv":[7.5,0.75,8,2],"texture":"#0"},"east":{"uv":[0,0,0,2.5],"texture":"#0"},"south":{"uv":[8,0.75,7.5,2],"texture":"#0"},"west":{"uv":[7.75,0.75,8,2],"texture":"#0"},"up":{"uv":[8,0.75,7.5,1],"texture":"#0"},"down":{"uv":[8,1.75,7.5,2],"texture":"#0"}}},{"from":[8.725,26.55,3.5],"to":[9.225,28.35,3.8],"rotation":{"angle":0,"axis":"y","origin":[10.275,27.6,5.55]},"faces":{"north":{"uv":[7,0.5,7.5,2.25],"texture":"#0"},"east":{"uv":[0,0,0,2.5],"texture":"#0"},"south":{"uv":[7.5,0.5,7,2.25],"texture":"#0"},"west":{"uv":[7.25,0.5,7.5,2.25],"texture":"#0"},"up":{"uv":[7.5,0.5,7,0.75],"texture":"#0"},"down":{"uv":[7.5,2,7,2.25],"texture":"#0"}}},{"from":[11.95,27.05,3.5],"to":[12.25,27.85,3.8],"rotation":{"angle":0,"axis":"y","origin":[9.9,27.6,5.55]},"faces":{"north":{"uv":[8.25,1,8,1.75],"texture":"#0"},"east":{"uv":[8.25,1,8,1.75],"texture":"#0"},"south":{"uv":[8.25,1,8,1.75],"texture":"#0"},"west":{"uv":[0,0,0,2.5],"texture":"#0"},"up":{"uv":[8,1,8.25,1.25],"texture":"#0"},"down":{"uv":[8,1.5,8.25,1.75],"texture":"#0"}}},{"from":[11.45,26.8,3.5],"to":[11.95,28.1,3.8],"rotation":{"angle":0,"axis":"y","origin":[9.9,27.6,5.55]},"faces":{"north":{"uv":[8,0.75,7.5,2],"texture":"#0"},"east":{"uv":[8,0.75,7.75,2],"texture":"#0"},"south":{"uv":[7.5,0.75,8,2],"texture":"#0"},"west":{"uv":[0,0,0,2.5],"texture":"#0"},"up":{"uv":[7.5,0.75,8,1],"texture":"#0"},"down":{"uv":[7.5,1.75,8,2],"texture":"#0"}}},{"from":[3.8,27.3,3.8],"to":[4,27.7,9.2],"rotation":{"angle":0,"axis":"y","origin":[7.9,27.5,5.15]},"faces":{"north":{"uv":[0,0,0,0.5],"texture":"#0"},"east":{"uv":[11.5,6,6,6.5],"texture":"#0"},"south":{"uv":[6.25,6,6,6.5],"texture":"#0"},"west":{"uv":[6,6,11.5,6.5],"texture":"#0"},"up":{"uv":[11.5,6.5,6,6],"rotation":270,"texture":"#0"},"down":{"uv":[11.5,6.5,6,6],"rotation":90,"texture":"#0"}}},{"from":[12,27.3,3.8],"to":[12.2,27.7,9.2],"rotation":{"angle":0,"axis":"y","origin":[8.1,27.5,5.15]},"faces":{"north":{"uv":[0,0,0,0.5],"texture":"#0"},"east":{"uv":[11.5,6,6,6.5],"texture":"#0"},"south":{"uv":[6,6,6.25,6.5],"texture":"#0"},"west":{"uv":[6,6,11.5,6.5],"texture":"#0"},"up":{"uv":[11.5,6,6,6.5],"rotation":270,"texture":"#0"},"down":{"uv":[11.5,6,6,6.5],"rotation":90,"texture":"#0"}}}],"gui_light":"front","display":{"thirdperson_righthand":{"translation":[0,-15,1.75],"scale":[0.67,0.67,0.67]},"thirdperson_lefthand":{"translation":[0,-15,1.75],"scale":[0.67,0.67,0.67]},"firstperson_righthand":{"rotation":[0,-10,0],"translation":[3,-14,0.5],"scale":[0.8,0.8,0.8]},"firstperson_lefthand":{"rotation":[0,-10,0],"translation":[3,-14,0.5],"scale":[0.8,0.8,0.8]},"ground":{"rotation":[0.54,0.44,23.06],"translation":[10,-19.5,4.25],"scale":[1.3,1.3,1.3]},"gui":{"rotation":[-162.45,24.01,-171.72],"translation":[-2.75,-24.75,0],"scale":[1.46,1.46,1.46]},"head":{"translation":[0,-33,0.75],"scale":[1.61,1.61,1.61]},"fixed":{"translation":[0,-30.5,7],"scale":[1.58,1.58,1.58]}}}