{"credit":"Naruto RPG","texture_size":[64,64],"textures":{"1":"cabeza:item/cabeza_roca"},"elements":[{"from":[0,10.5,-0.5],"to":[16,14.5,0],"faces":{"north":{"uv":[0,0,4.25,1],"texture":"#1"},"east":{"uv":[4,5.25,4.25,6.25],"texture":"#1"},"south":{"uv":[0,0,4.25,1],"texture":"#1"},"west":{"uv":[4.25,5.25,4.5,6.25],"texture":"#1"},"up":{"uv":[8.5,4.75,4.25,4.5],"texture":"#1"},"down":{"uv":[8.5,4.75,4.25,5],"texture":"#1"}}},{"from":[2.5,10.9,-0.6],"to":[13,14.1,-0.6],"faces":{"north":{"uv":[0,10.65909,16,16],"texture":"#1"},"east":{"uv":[0,0,0,0.75],"texture":"#1"},"south":{"uv":[16,11.15152,0,16],"texture":"#1"},"west":{"uv":[0,0,0,0.75],"texture":"#1"},"up":{"uv":[2.75,0,0,0],"texture":"#1"},"down":{"uv":[2.75,0,0,0],"texture":"#1"}}},{"from":[-0.5,10.5,-0.5],"to":[0,14.5,16],"faces":{"north":{"uv":[4.5,5.25,4.75,6.25],"texture":"#1"},"east":{"uv":[8.25,2,4.25,3],"texture":"#1"},"south":{"uv":[4.75,5.25,5,6.25],"texture":"#1"},"west":{"uv":[4.25,2,8.25,3],"texture":"#1"},"up":{"uv":[0.75,9.25,0.5,5.25],"texture":"#1"},"down":{"uv":[1,5.25,0.75,9.25],"texture":"#1"}}},{"from":[-0.5,10.5,16],"to":[16.5,14.5,16.5],"faces":{"north":{"uv":[0,3,4.25,4],"texture":"#1"},"east":{"uv":[5,5.25,5.25,6.25],"texture":"#1"},"south":{"uv":[0,3,4.25,4],"texture":"#1"},"west":{"uv":[5.25,5.25,5.5,6.25],"texture":"#1"},"up":{"uv":[4.25,5.25,0,5],"texture":"#1"},"down":{"uv":[8.5,5,4.25,5.25],"texture":"#1"}}},{"from":[6.85,4.65,16.1],"to":[9.15,11.55,16.4],"rotation":{"angle":-22.5,"axis":"z","origin":[8,12.15,16.25]},"faces":{"north":{"uv":[1,5.25,1.5,7],"texture":"#1"},"east":{"uv":[3,5.25,3.25,7],"texture":"#1"},"south":{"uv":[1.5,5.25,2,7],"texture":"#1"},"west":{"uv":[3.25,5.25,3.5,7],"texture":"#1"},"up":{"uv":[6.5,5.5,6,5.25],"texture":"#1"},"down":{"uv":[6.5,5.5,6,5.75],"texture":"#1"}}},{"from":[6.85,4.65,16.1],"to":[9.15,11.55,16.4],"rotation":{"angle":22.5,"axis":"z","origin":[8,12.15,16.25]},"faces":{"north":{"uv":[2,5.25,2.5,7],"texture":"#1"},"east":{"uv":[3.5,5.25,3.75,7],"texture":"#1"},"south":{"uv":[2.5,5.25,3,7],"texture":"#1"},"west":{"uv":[3.75,5.25,4,7],"texture":"#1"},"up":{"uv":[6.5,6,6,5.75],"texture":"#1"},"down":{"uv":[6.5,6,6,6.25],"texture":"#1"}}},{"from":[16,10.5,-0.5],"to":[16.5,14.5,16],"faces":{"north":{"uv":[5.5,5.25,5.75,6.25],"texture":"#1"},"east":{"uv":[8.25,2,4.25,3],"texture":"#1"},"south":{"uv":[5.75,5.25,6,6.25],"texture":"#1"},"west":{"uv":[4.25,2,8.25,3],"texture":"#1"},"up":{"uv":[0.25,9.5,0,5.25],"texture":"#1"},"down":{"uv":[0.5,5.25,0.25,9.5],"texture":"#1"}}}],"gui_light":"front","display":{"thirdperson_righthand":{"rotation":[120,0,0],"translation":[0,-0.75,-1],"scale":[0.35,0.35,0.35]},"thirdperson_lefthand":{"rotation":[120,0,0],"translation":[0,-0.75,-1],"scale":[0.35,0.35,0.35]},"firstperson_righthand":{"rotation":[167.04,42.32,-169.94],"translation":[2.5,0.5,0],"scale":[0.3,0.3,0.3]},"firstperson_lefthand":{"rotation":[167.04,42.32,-169.94],"translation":[2.5,0.5,0],"scale":[0.3,0.3,0.3]},"ground":{"rotation":[3.67,0.32,10.09],"translation":[0,0.75,0],"scale":[0.5,0.5,0.5]},"gui":{"rotation":[-177.29,13.34,-148.17],"translation":[-1.75,-2.5,0],"scale":[0.79,0.79,0.79]},"head":{"rotation":[0,0,21],"translation":[1.5,-4.5,0],"scale":[0.91,0.91,0.86]},"fixed":{"translation":[0,-3.75,8.75]}}}