{"credit":"Naruto RPG","textures":{"0":"cabeza:item/cabeza_sombreroflores","particle":"cabeza:item/cabeza_sombreroflores"},"elements":[{"from":[3.9,27.3,3.9],"to":[12.1,29.2,3.9],"rotation":{"angle":0,"axis":"y","origin":[4,27.4,1.9]},"faces":{"north":{"uv":[0,0,8,2],"texture":"#0"},"east":{"uv":[0,0,0,2],"texture":"#0"},"south":{"uv":[0,0,8,2],"texture":"#0"},"west":{"uv":[0,0,0,2],"texture":"#0"},"up":{"uv":[8,0,0,0],"texture":"#0"},"down":{"uv":[8,0,0,0],"texture":"#0"}}},{"from":[3.5,27.3,3.8],"to":[5.7,29.2,3.8],"rotation":{"angle":0,"axis":"y","origin":[10.7,27.4,4.5]},"faces":{"north":{"uv":[8,4,10,6],"texture":"#0"},"east":{"uv":[0,0,0,2],"texture":"#0"},"south":{"uv":[8,4,10,6],"texture":"#0"},"west":{"uv":[0,0,0,2],"texture":"#0"},"up":{"uv":[0,2,0,0],"rotation":90,"texture":"#0"},"down":{"uv":[0,0,0,2],"rotation":270,"texture":"#0"}}},{"from":[9.4,27.7,3.7],"to":[11.6,29.6,3.7],"rotation":{"angle":0,"axis":"y","origin":[16.6,27.8,4.4]},"faces":{"north":{"uv":[8,4,10,6],"texture":"#0"},"east":{"uv":[0,0,0,2],"texture":"#0"},"south":{"uv":[8,4,10,6],"texture":"#0"},"west":{"uv":[0,0,0,2],"texture":"#0"},"up":{"uv":[0,2,0,0],"rotation":90,"texture":"#0"},"down":{"uv":[0,0,0,2],"rotation":270,"texture":"#0"}}},{"from":[10.3,27.3,12.2],"to":[12.5,29.2,12.2],"rotation":{"angle":0,"axis":"y","origin":[5.3,27.4,11.5]},"faces":{"north":{"uv":[8,4,10,6],"texture":"#0"},"east":{"uv":[0,0,0,2],"texture":"#0"},"south":{"uv":[8,4,10,6],"texture":"#0"},"west":{"uv":[0,0,0,2],"texture":"#0"},"up":{"uv":[0,0,0,2],"rotation":90,"texture":"#0"},"down":{"uv":[0,2,0,0],"rotation":270,"texture":"#0"}}},{"from":[8.36355,27.37231,12.5],"to":[10.56355,29.27231,12.5],"rotation":{"angle":-22.5,"axis":"x","origin":[9.46355,28.32231,12.5]},"faces":{"north":{"uv":[4,10,2,12],"texture":"#0"},"east":{"uv":[0,0,0,2],"texture":"#0"},"south":{"uv":[2,10,4,12],"texture":"#0"},"west":{"uv":[0,0,0,2],"texture":"#0"},"up":{"uv":[0,0,0,2],"rotation":90,"texture":"#0"},"down":{"uv":[0,2,0,0],"rotation":270,"texture":"#0"}}},{"from":[7.2,26.7,12.3],"to":[9.4,28.6,12.3],"rotation":{"angle":0,"axis":"y","origin":[2.2,26.8,11.6]},"faces":{"north":{"uv":[10,8.5,8.5,10],"texture":"#0"},"east":{"uv":[0,0,0,2],"texture":"#0"},"south":{"uv":[8.5,8.5,10,10],"texture":"#0"},"west":{"uv":[0,0,0,2],"texture":"#0"},"up":{"uv":[0,0,0,2],"rotation":90,"texture":"#0"},"down":{"uv":[0,2,0,0],"rotation":270,"texture":"#0"}}},{"from":[4.36355,25.97231,12.5],"to":[6.56355,27.87231,12.5],"rotation":{"angle":-22.5,"axis":"x","origin":[5.46355,26.92231,12.5]},"faces":{"north":{"uv":[4,10,2,12],"texture":"#0"},"east":{"uv":[0,0,0,2],"texture":"#0"},"south":{"uv":[2,10,4,12],"texture":"#0"},"west":{"uv":[0,0,0,2],"texture":"#0"},"up":{"uv":[0,0,0,2],"rotation":90,"texture":"#0"},"down":{"uv":[0,2,0,0],"rotation":270,"texture":"#0"}}},{"from":[6.86355,28.12769,12.5],"to":[9.06355,30.02769,12.5],"rotation":{"angle":22.5,"axis":"x","origin":[7.96355,29.07769,12.5]},"faces":{"north":{"uv":[4,12,2,10],"texture":"#0"},"east":{"uv":[0,2,0,0],"texture":"#0"},"south":{"uv":[2,12,4,10],"texture":"#0"},"west":{"uv":[0,2,0,0],"texture":"#0"},"up":{"uv":[0,2,0,0],"rotation":270,"texture":"#0"},"down":{"uv":[0,0,0,2],"rotation":90,"texture":"#0"}}},{"from":[6.93645,28.12769,3.5],"to":[9.13645,30.02769,3.5],"rotation":{"angle":-22.5,"axis":"x","origin":[8.03645,29.07769,3.5]},"faces":{"north":{"uv":[2,12,4,10],"texture":"#0"},"east":{"uv":[0,2,0,0],"texture":"#0"},"south":{"uv":[4,12,2,10],"texture":"#0"},"west":{"uv":[0,2,0,0],"texture":"#0"},"up":{"uv":[0,0,0,2],"rotation":270,"texture":"#0"},"down":{"uv":[0,2,0,0],"rotation":90,"texture":"#0"}}},{"from":[12.53645,28.12769,7.4],"to":[12.53645,30.02769,9.6],"rotation":{"angle":-22.5,"axis":"z","origin":[12.53645,29.07769,8.5]},"faces":{"north":{"uv":[0,2,0,0],"texture":"#0"},"east":{"uv":[2,12,4,10],"texture":"#0"},"south":{"uv":[0,2,0,0],"texture":"#0"},"west":{"uv":[4,12,2,10],"texture":"#0"},"up":{"uv":[0,0,0,2],"texture":"#0"},"down":{"uv":[0,2,0,0],"texture":"#0"}}},{"from":[3.46355,28.12769,6.4],"to":[3.46355,30.02769,8.6],"rotation":{"angle":22.5,"axis":"z","origin":[3.46355,29.07769,7.5]},"faces":{"north":{"uv":[0,2,0,0],"texture":"#0"},"east":{"uv":[4,12,2,10],"texture":"#0"},"south":{"uv":[0,2,0,0],"texture":"#0"},"west":{"uv":[2,12,4,10],"texture":"#0"},"up":{"uv":[0,2,0,0],"texture":"#0"},"down":{"uv":[0,0,0,2],"texture":"#0"}}},{"from":[4.4,27.7,12.3],"to":[6.6,29.6,12.3],"rotation":{"angle":0,"axis":"y","origin":[-0.6,27.8,11.6]},"faces":{"north":{"uv":[8,4,10,6],"texture":"#0"},"east":{"uv":[0,0,0,2],"texture":"#0"},"south":{"uv":[8,4,10,6],"texture":"#0"},"west":{"uv":[0,0,0,2],"texture":"#0"},"up":{"uv":[0,0,0,2],"rotation":90,"texture":"#0"},"down":{"uv":[0,2,0,0],"rotation":270,"texture":"#0"}}},{"from":[3.78177,27.3,10.11823],"to":[3.78177,29.2,12.31823],"rotation":{"angle":0,"axis":"y","origin":[3.63177,27.78616,8.25]},"faces":{"north":{"uv":[0,0,0,2],"texture":"#0"},"east":{"uv":[8,4,10,6],"texture":"#0"},"south":{"uv":[0,0,0,2],"texture":"#0"},"west":{"uv":[8,4,10,6],"texture":"#0"},"up":{"uv":[0,0,0,2],"rotation":180,"texture":"#0"},"down":{"uv":[0,2,0,0],"rotation":180,"texture":"#0"}}},{"from":[3.28801,27.2741,8.18177],"to":[3.28801,29.1741,10.38177],"rotation":{"angle":-22.5,"axis":"z","origin":[3.63177,27.78616,8.25]},"faces":{"north":{"uv":[0,0,0,2],"texture":"#0"},"east":{"uv":[4,10,2,12],"texture":"#0"},"south":{"uv":[0,0,0,2],"texture":"#0"},"west":{"uv":[2,10,4,12],"texture":"#0"},"up":{"uv":[0,0,0,2],"rotation":180,"texture":"#0"},"down":{"uv":[0,2,0,0],"rotation":180,"texture":"#0"}}},{"from":[3.68177,26.7,7.01823],"to":[3.68177,28.6,9.21823],"rotation":{"angle":0,"axis":"y","origin":[3.63177,27.78616,8.25]},"faces":{"north":{"uv":[0,0,0,2],"texture":"#0"},"east":{"uv":[10,8.5,8.5,10],"texture":"#0"},"south":{"uv":[0,0,0,2],"texture":"#0"},"west":{"uv":[8.5,8.5,10,10],"texture":"#0"},"up":{"uv":[0,0,0,2],"rotation":180,"texture":"#0"},"down":{"uv":[0,2,0,0],"rotation":180,"texture":"#0"}}},{"from":[3.82377,25.98067,4.18177],"to":[3.82377,27.88067,6.38177],"rotation":{"angle":-22.5,"axis":"z","origin":[3.63177,27.78616,8.25]},"faces":{"north":{"uv":[0,0,0,2],"texture":"#0"},"east":{"uv":[4,10,2,12],"texture":"#0"},"south":{"uv":[0,0,0,2],"texture":"#0"},"west":{"uv":[2,10,4,12],"texture":"#0"},"up":{"uv":[0,0,0,2],"rotation":180,"texture":"#0"},"down":{"uv":[0,2,0,0],"rotation":180,"texture":"#0"}}},{"from":[3.68177,27.7,4.21823],"to":[3.68177,29.6,6.41823],"rotation":{"angle":0,"axis":"y","origin":[3.63177,27.78616,8.25]},"faces":{"north":{"uv":[0,0,0,2],"texture":"#0"},"east":{"uv":[8,4,10,6],"texture":"#0"},"south":{"uv":[0,0,0,2],"texture":"#0"},"west":{"uv":[8,4,10,6],"texture":"#0"},"up":{"uv":[0,0,0,2],"rotation":180,"texture":"#0"},"down":{"uv":[0,2,0,0],"rotation":180,"texture":"#0"}}},{"from":[12.21823,27.3,3.68177],"to":[12.21823,29.2,5.88177],"rotation":{"angle":0,"axis":"y","origin":[12.36823,27.78616,7.75]},"faces":{"north":{"uv":[0,0,0,2],"texture":"#0"},"east":{"uv":[8,4,10,6],"texture":"#0"},"south":{"uv":[0,0,0,2],"texture":"#0"},"west":{"uv":[8,4,10,6],"texture":"#0"},"up":{"uv":[0,2,0,0],"rotation":180,"texture":"#0"},"down":{"uv":[0,0,0,2],"rotation":180,"texture":"#0"}}},{"from":[12.71199,27.2741,5.61823],"to":[12.71199,29.1741,7.81823],"rotation":{"angle":22.5,"axis":"z","origin":[12.36823,27.78616,7.75]},"faces":{"north":{"uv":[0,0,0,2],"texture":"#0"},"east":{"uv":[2,10,4,12],"texture":"#0"},"south":{"uv":[0,0,0,2],"texture":"#0"},"west":{"uv":[4,10,2,12],"texture":"#0"},"up":{"uv":[0,2,0,0],"rotation":180,"texture":"#0"},"down":{"uv":[0,0,0,2],"rotation":180,"texture":"#0"}}},{"from":[12.31823,26.7,6.78177],"to":[12.31823,28.6,8.98177],"rotation":{"angle":0,"axis":"y","origin":[12.36823,27.78616,7.75]},"faces":{"north":{"uv":[0,0,0,2],"texture":"#0"},"east":{"uv":[8.5,8.5,10,10],"texture":"#0"},"south":{"uv":[0,0,0,2],"texture":"#0"},"west":{"uv":[10,8.5,8.5,10],"texture":"#0"},"up":{"uv":[0,2,0,0],"rotation":180,"texture":"#0"},"down":{"uv":[0,0,0,2],"rotation":180,"texture":"#0"}}},{"from":[12.17623,25.98067,9.61823],"to":[12.17623,27.88067,11.81823],"rotation":{"angle":22.5,"axis":"z","origin":[12.36823,27.78616,7.75]},"faces":{"north":{"uv":[0,0,0,2],"texture":"#0"},"east":{"uv":[2,10,4,12],"texture":"#0"},"south":{"uv":[0,0,0,2],"texture":"#0"},"west":{"uv":[4,10,2,12],"texture":"#0"},"up":{"uv":[0,2,0,0],"rotation":180,"texture":"#0"},"down":{"uv":[0,0,0,2],"rotation":180,"texture":"#0"}}},{"from":[12.31823,27.7,9.58177],"to":[12.31823,29.6,11.78177],"rotation":{"angle":0,"axis":"y","origin":[12.36823,27.78616,7.75]},"faces":{"north":{"uv":[0,0,0,2],"texture":"#0"},"east":{"uv":[8,4,10,6],"texture":"#0"},"south":{"uv":[0,0,0,2],"texture":"#0"},"west":{"uv":[8,4,10,6],"texture":"#0"},"up":{"uv":[0,2,0,0],"rotation":180,"texture":"#0"},"down":{"uv":[0,0,0,2],"rotation":180,"texture":"#0"}}},{"from":[3.5,27.3,3.8],"to":[5.7,29.2,3.8],"rotation":{"angle":0,"axis":"y","origin":[10.7,27.4,4.5]},"faces":{"north":{"uv":[8,4,10,6],"texture":"#0"},"east":{"uv":[0,0,0,2],"texture":"#0"},"south":{"uv":[8,4,10,6],"texture":"#0"},"west":{"uv":[0,0,0,2],"texture":"#0"},"up":{"uv":[0,2,0,0],"rotation":90,"texture":"#0"},"down":{"uv":[0,0,0,2],"rotation":270,"texture":"#0"}}},{"from":[6.6,26.7,3.7],"to":[8.8,28.6,3.7],"rotation":{"angle":0,"axis":"y","origin":[13.8,26.8,4.4]},"faces":{"north":{"uv":[8.5,8.5,10,10],"texture":"#0"},"east":{"uv":[0,0,0,2],"texture":"#0"},"south":{"uv":[10,8.5,8.5,10],"texture":"#0"},"west":{"uv":[0,0,0,2],"texture":"#0"},"up":{"uv":[0,2,0,0],"rotation":90,"texture":"#0"},"down":{"uv":[0,0,0,2],"rotation":270,"texture":"#0"}}},{"from":[9.4,27.7,3.7],"to":[11.6,29.6,3.7],"rotation":{"angle":0,"axis":"y","origin":[16.6,27.8,4.4]},"faces":{"north":{"uv":[8,4,10,6],"texture":"#0"},"east":{"uv":[0,0,0,2],"texture":"#0"},"south":{"uv":[8,4,10,6],"texture":"#0"},"west":{"uv":[0,0,0,2],"texture":"#0"},"up":{"uv":[0,2,0,0],"rotation":90,"texture":"#0"},"down":{"uv":[0,0,0,2],"rotation":270,"texture":"#0"}}},{"from":[6.6,26.7,3.7],"to":[8.8,28.6,3.7],"rotation":{"angle":0,"axis":"y","origin":[13.8,26.8,4.4]},"faces":{"north":{"uv":[8.5,8.5,10,10],"texture":"#0"},"east":{"uv":[0,0,0,2],"texture":"#0"},"south":{"uv":[10,8.5,8.5,10],"texture":"#0"},"west":{"uv":[0,0,0,2],"texture":"#0"},"up":{"uv":[0,2,0,0],"rotation":90,"texture":"#0"},"down":{"uv":[0,0,0,2],"rotation":270,"texture":"#0"}}},{"from":[5.43645,27.37231,3.5],"to":[7.63645,29.27231,3.5],"rotation":{"angle":22.5,"axis":"x","origin":[6.53645,28.32231,3.5]},"faces":{"north":{"uv":[2,10,4,12],"texture":"#0"},"east":{"uv":[0,0,0,2],"texture":"#0"},"south":{"uv":[4,10,2,12],"texture":"#0"},"west":{"uv":[0,0,0,2],"texture":"#0"},"up":{"uv":[0,2,0,0],"rotation":90,"texture":"#0"},"down":{"uv":[0,0,0,2],"rotation":270,"texture":"#0"}}},{"from":[9.43645,25.97231,3.5],"to":[11.63645,27.87231,3.5],"rotation":{"angle":22.5,"axis":"x","origin":[10.53645,26.92231,3.5]},"faces":{"north":{"uv":[2,10,4,12],"texture":"#0"},"east":{"uv":[0,0,0,2],"texture":"#0"},"south":{"uv":[4,10,2,12],"texture":"#0"},"west":{"uv":[0,0,0,2],"texture":"#0"},"up":{"uv":[0,2,0,0],"rotation":90,"texture":"#0"},"down":{"uv":[0,0,0,2],"rotation":270,"texture":"#0"}}},{"from":[12.1,27.3,3.9],"to":[12.1,29.2,12.1],"rotation":{"angle":0,"axis":"y","origin":[12,27.4,1.9]},"faces":{"north":{"uv":[0,0,0,2],"texture":"#0"},"east":{"uv":[0,0,8,2],"texture":"#0"},"south":{"uv":[0,0,0,2],"texture":"#0"},"west":{"uv":[0,0,8,2],"texture":"#0"},"up":{"uv":[0,8,0,0],"texture":"#0"},"down":{"uv":[0,0,0,8],"texture":"#0"}}},{"from":[3.9,27.3,3.9],"to":[3.9,29.2,12.1],"rotation":{"angle":0,"axis":"y","origin":[4,27.4,1.9]},"faces":{"north":{"uv":[0,0,0,2],"texture":"#0"},"east":{"uv":[8,0,0,2],"texture":"#0"},"south":{"uv":[0,0,0,2],"texture":"#0"},"west":{"uv":[8,0,0,2],"texture":"#0"},"up":{"uv":[0,8,0,0],"texture":"#0"},"down":{"uv":[0,0,0,8],"texture":"#0"}}},{"from":[3.9,27.3,12.1],"to":[12.1,29.2,12.1],"rotation":{"angle":0,"axis":"y","origin":[4,27.4,1.9]},"faces":{"north":{"uv":[0,0,8,2],"texture":"#0"},"east":{"uv":[0,0,0,2],"texture":"#0"},"south":{"uv":[0,0,8,2],"texture":"#0"},"west":{"uv":[0,0,0,2],"texture":"#0"},"up":{"uv":[8,0,0,0],"texture":"#0"},"down":{"uv":[8,0,0,0],"texture":"#0"}}}],"gui_light":"front","display":{"thirdperson_righthand":{"translation":[0,-14.5,-2],"scale":[0.7,0.7,0.7]},"thirdperson_lefthand":{"translation":[0,-14.5,-2],"scale":[0.7,0.7,0.7]},"firstperson_righthand":{"rotation":[0,-12,0],"translation":[1.5,-8.5,0],"scale":[0.55,0.55,0.55]},"firstperson_lefthand":{"rotation":[0,-12,0],"translation":[1.5,-8.5,0],"scale":[0.55,0.55,0.55]},"ground":{"rotation":[-6.18,-0.46,8.43],"translation":[2.75,-15.25,1]},"gui":{"rotation":[17,-35.07,7.28],"translation":[2.75,-23.5,0],"scale":[1.21,1.21,1.21]},"head":{"translation":[0,-33.5,0],"scale":[1.77,1.77,1.77]},"fixed":{"translation":[0,-25,4],"scale":[1.27,1.27,1.27]}}}