{"credit":"Naruto RPG","texture_size":[64,64],"textures":{"0":"cabeza:item/cabeza_capuchadesierto","particle":"cabeza:item/cabeza_capuchadesierto"},"elements":[{"from":[4,11.5,3.25],"to":[12,15.3,4.05],"rotation":{"angle":0,"axis":"y","origin":[8,36,5.4]},"faces":{"north":{"uv":[3,7,5,8],"texture":"#0"},"east":{"uv":[5,2.5,5.25,3.5],"texture":"#0"},"south":{"uv":[7,5,9,6],"texture":"#0"},"west":{"uv":[5,3.5,5.25,4.5],"texture":"#0"},"up":{"uv":[7.5,8.25,5.5,8],"texture":"#0"},"down":{"uv":[9.5,8,7.5,8.25],"texture":"#0"}}},{"from":[7.71314,10.93121,3.075],"to":[13.11314,11.93121,12.95],"rotation":{"angle":22.5,"axis":"z","origin":[9.11314,11.43121,3.5]},"faces":{"north":{"uv":[9.875,3.5,8.5,3.75],"texture":"#0"},"east":{"uv":[10.5,1.75,8,2],"texture":"#0"},"south":{"uv":[9.875,3.75,8.5,4],"texture":"#0"},"west":{"uv":[10.5,1.5,8,1.75],"texture":"#0"},"up":{"uv":[5.5,5,6.875,2.5],"texture":"#0"},"down":{"uv":[5.5,5,6.875,7.5],"texture":"#0"}}},{"from":[12,12.5,3],"to":[13,21.5,13],"rotation":{"angle":0,"axis":"y","origin":[8,36,6]},"faces":{"north":{"uv":[4.25,8,4,10.25],"texture":"#0"},"east":{"uv":[2.5,2.25,0,4.5],"texture":"#0"},"south":{"uv":[4.5,8,4.25,10.25],"texture":"#0"},"west":{"uv":[2.5,0,0,2.25],"texture":"#0"},"up":{"uv":[3,10.5,3.25,8],"texture":"#0"},"down":{"uv":[3.25,8,3.5,10.5],"texture":"#0"}}},{"from":[7.76426,21.55148,3.05],"to":[13.18926,23.45148,12.95],"rotation":{"angle":-22.5,"axis":"z","origin":[8.18926,22.95148,8.5]},"faces":{"north":{"uv":[8.875,7.5,7.5,8],"texture":"#0"},"east":{"uv":[9.5,6.5,7,7],"texture":"#0"},"south":{"uv":[9.375,0,8,0.5],"texture":"#0"},"west":{"uv":[9.5,6,7,6.5],"texture":"#0"},"up":{"uv":[4,7,5.375,4.5],"texture":"#0"},"down":{"uv":[5,0,6.375,2.5],"texture":"#0"}}},{"from":[2.81074,21.55148,3.025],"to":[8.23574,23.45148,12.975],"rotation":{"angle":22.5,"axis":"z","origin":[7.81074,22.95148,8.5]},"faces":{"north":{"uv":[8,0.5,9.375,1],"texture":"#0"},"east":{"uv":[7,7,9.5,7.5],"texture":"#0"},"south":{"uv":[8,1,9.375,1.5],"texture":"#0"},"west":{"uv":[5,7.5,7.5,8],"texture":"#0"},"up":{"uv":[2.875,9.25,1.5,6.75],"texture":"#0"},"down":{"uv":[8.375,2.5,7,5],"texture":"#0"}}},{"from":[2.88686,10.93121,3.05],"to":[8.28686,11.93121,12.975],"rotation":{"angle":-22.5,"axis":"z","origin":[6.88686,11.43121,3.5]},"faces":{"north":{"uv":[8.5,4,9.875,4.25],"texture":"#0"},"east":{"uv":[8,2,10.5,2.25],"texture":"#0"},"south":{"uv":[8.5,4.25,9.875,4.5],"texture":"#0"},"west":{"uv":[8,2.25,10.5,2.5],"texture":"#0"},"up":{"uv":[7.875,2.5,6.5,0],"texture":"#0"},"down":{"uv":[1.375,6.75,0,9.25],"texture":"#0"}}},{"from":[3,12.5,3],"to":[4,21.5,13],"rotation":{"angle":0,"axis":"y","origin":[8,36,6]},"faces":{"north":{"uv":[5,8,5.25,10.25],"texture":"#0"},"east":{"uv":[2.5,0,5,2.25],"texture":"#0"},"south":{"uv":[5.25,8,5.5,10.25],"texture":"#0"},"west":{"uv":[2.5,2.25,5,4.5],"texture":"#0"},"up":{"uv":[3.75,10.5,3.5,8],"texture":"#0"},"down":{"uv":[4,8,3.75,10.5],"texture":"#0"}}},{"from":[4,12.5,12],"to":[12,21.5,13],"rotation":{"angle":0,"axis":"y","origin":[8,36,6]},"faces":{"north":{"uv":[0,4.5,2,6.75],"texture":"#0"},"east":{"uv":[4.5,8,4.75,10.25],"texture":"#0"},"south":{"uv":[2,4.5,4,6.75],"texture":"#0"},"west":{"uv":[4.75,8,5,10.25],"texture":"#0"},"up":{"uv":[7.5,8.5,5.5,8.25],"texture":"#0"},"down":{"uv":[9.5,8.25,7.5,8.5],"texture":"#0"}}},{"from":[5.6,11.5,12.924],"to":[10.4,13.1,12.924],"rotation":{"angle":0,"axis":"y","origin":[8,36,5.924]},"faces":{"north":{"uv":[8.5,2.5,9.75,2.875],"texture":"#0"},"east":{"uv":[0,0,0,0.375],"texture":"#0"},"south":{"uv":[8.5,3,9.75,3.375],"texture":"#0"},"west":{"uv":[0,0,0,0.375],"texture":"#0"},"up":{"uv":[1.25,0,0,0],"texture":"#0"},"down":{"uv":[1.25,0,0,0],"texture":"#0"}}}],"gui_light":"front","display":{"thirdperson_righthand":{"rotation":[90,0,0],"translation":[0,0,-5.25],"scale":[0.75,0.75,0.75]},"thirdperson_lefthand":{"rotation":[90,0,0],"translation":[0,0,-5.25],"scale":[0.75,0.75,0.75]},"firstperson_righthand":{"rotation":[3,-6,5],"translation":[1.75,-0.75,1.75],"scale":[0.39,0.39,0.20641]},"firstperson_lefthand":{"rotation":[3,-6,5],"translation":[1.75,-0.75,1.75],"scale":[0.39,0.39,0.20641]},"ground":{"rotation":[-11.67,0.87,-8.48],"translation":[0,0.75,0],"scale":[0.9,0.9,0.58164]},"gui":{"rotation":[-172.54,28.36,177.3],"translation":[0.25,-8.25,0],"scale":[0.9,0.9,0.9]},"head":{"translation":[0,-14,0],"scale":[1.58,1.58,1.58]},"fixed":{"translation":[0,-8.25,0],"scale":[1,1,0.17773]}}}