{"credit":"Naruto RPG","texture_size":[64,64],"textures":{"0":"cabeza:item/cabeza_haku","particle":"cabeza:item/cabeza_haku"},"elements":[{"from":[0,0,0],"to":[16,16,1],"rotation":{"angle":0,"axis":"y","origin":[7,9,0]},"faces":{"north":{"uv":[0,0,4,4],"texture":"#0"},"east":{"uv":[4,0,4.25,4],"texture":"#0"},"south":{"uv":[0,4,4,8],"texture":"#0"},"west":{"uv":[4,4,4.25,8],"texture":"#0"},"up":{"uv":[8.25,0.25,4.25,0],"texture":"#0"},"down":{"uv":[8.25,0.25,4.25,0.5],"texture":"#0"}}},{"from":[0.30656,15.0338,0.025],"to":[4.30656,16.4588,1.025],"rotation":{"angle":22.5,"axis":"z","origin":[1.30656,15.4588,0.5]},"faces":{"north":{"uv":[4.25,3.5,5.25,3.875],"texture":"#0"},"east":{"uv":[5.25,4.5,5.5,4.875],"texture":"#0"},"south":{"uv":[4.25,4,5.25,4.375],"texture":"#0"},"west":{"uv":[5.25,5,5.5,5.375],"texture":"#0"},"up":{"uv":[6.25,3.75,5.25,3.5],"texture":"#0"},"down":{"uv":[6.25,3.75,5.25,4],"texture":"#0"}}},{"from":[11.69344,-0.4588,0.025],"to":[15.69344,0.9662,1.025],"rotation":{"angle":22.5,"axis":"z","origin":[14.69344,0.5412,0.5]},"faces":{"north":{"uv":[8.5,4.375,7.5,4.75],"texture":"#0"},"east":{"uv":[5,5.5,4.75,5.875],"texture":"#0"},"south":{"uv":[5.25,5,4.25,5.375],"texture":"#0"},"west":{"uv":[5.75,4.5,5.5,4.875],"texture":"#0"},"up":{"uv":[5.25,4.25,6.25,4],"texture":"#0"},"down":{"uv":[5.25,4.25,6.25,4.5],"texture":"#0"}}},{"from":[11.69344,15.0338,0.025],"to":[15.69344,16.4588,1.025],"rotation":{"angle":-22.5,"axis":"z","origin":[14.69344,15.4588,0.5]},"faces":{"north":{"uv":[5.25,3.5,4.25,3.875],"texture":"#0"},"east":{"uv":[5.5,5,5.25,5.375],"texture":"#0"},"south":{"uv":[5.25,4,4.25,4.375],"texture":"#0"},"west":{"uv":[5.5,4.5,5.25,4.875],"texture":"#0"},"up":{"uv":[5.25,3.75,6.25,3.5],"texture":"#0"},"down":{"uv":[5.25,3.75,6.25,4],"texture":"#0"}}},{"from":[3.69552,-1.53073,0],"to":[12.29552,0.04427,1],"rotation":{"angle":0,"axis":"y","origin":[4.69552,-0.53073,0.5]},"faces":{"north":{"uv":[4.25,1.5,6.5,1.875],"texture":"#0"},"east":{"uv":[5,5.5,5.25,5.875],"texture":"#0"},"south":{"uv":[4.25,2,6.375,2.375],"texture":"#0"},"west":{"uv":[5.5,5,5.75,5.375],"texture":"#0"},"up":{"uv":[6.375,3.25,4.25,3],"texture":"#0"},"down":{"uv":[6.375,3.25,4.25,3.5],"texture":"#0"}}},{"from":[0.30656,-0.4588,0.025],"to":[4.30656,0.9662,1.025],"rotation":{"angle":-22.5,"axis":"z","origin":[1.30656,0.5412,0.5]},"faces":{"north":{"uv":[4.25,4.5,5.25,4.875],"texture":"#0"},"east":{"uv":[5.5,4.5,5.75,4.875],"texture":"#0"},"south":{"uv":[4.25,5,5.25,5.375],"texture":"#0"},"west":{"uv":[4.75,5.5,5,5.875],"texture":"#0"},"up":{"uv":[6.25,4.25,5.25,4],"texture":"#0"},"down":{"uv":[6.25,4.25,5.25,4.5],"texture":"#0"}}},{"from":[3.69552,15.95573,0],"to":[12.29552,17.53073,1],"rotation":{"angle":0,"axis":"y","origin":[4.69552,16.53073,0.5]},"faces":{"north":{"uv":[4.25,0.5,6.375,0.875],"texture":"#0"},"east":{"uv":[4.25,5.5,4.5,5.875],"texture":"#0"},"south":{"uv":[4.25,1,6.375,1.375],"texture":"#0"},"west":{"uv":[4.5,5.5,4.75,5.875],"texture":"#0"},"up":{"uv":[6.375,2.75,4.25,2.5],"texture":"#0"},"down":{"uv":[6.375,2.75,4.25,3],"texture":"#0"}}}],"gui_light":"front","display":{"thirdperson_righthand":{"rotation":[90,0,0],"translation":[0,-2.5,1],"scale":[0.37,0.37,0.37]},"thirdperson_lefthand":{"rotation":[90,0,0],"translation":[0,-2.5,1],"scale":[0.37,0.37,0.37]},"firstperson_righthand":{"rotation":[0,-45,0],"translation":[2,3,0],"scale":[0.3,0.4,0.3]},"firstperson_lefthand":{"rotation":[0,-45,0],"translation":[2,3,0],"scale":[0.3,0.4,0.3]},"ground":{"rotation":[13.01,-0.73,0.58],"translation":[0,6.75,1.75],"scale":[0.6,0.6,0.6]},"gui":{"rotation":[180,9,-176],"translation":[1,0,0],"scale":[0.71,0.71,0.71]},"head":{"translation":[0,-0.25,-1],"scale":[0.8,0.8,0.8]},"fixed":{"translation":[0,0,7.5],"scale":[0.91,0.91,0.91]}}}