{"credit":"Naruto RPG","texture_size":[64,64],"textures":{"0":"cabeza:item/cabeza_sombreropirata","particle":"cabeza:item/cabeza_sombreropirata"},"elements":[{"from":[3.7,13.1,3.7],"to":[12.3,14.5,12.3],"rotation":{"angle":0,"axis":"y","origin":[8,33,8]},"faces":{"north":{"uv":[0,7,2.125,7.375],"texture":"#0"},"east":{"uv":[7,0,9.125,0.375],"texture":"#0"},"south":{"uv":[7,0.5,9.125,0.875],"texture":"#0"},"west":{"uv":[7,1,9.125,1.375],"texture":"#0"},"up":{"uv":[4.625,2.125,2.5,0],"texture":"#0"},"down":{"uv":[4.625,2.25,2.5,4.375],"texture":"#0"}}},{"from":[12.3,13.1,7.3],"to":[13.3,14.5,8.7],"rotation":{"angle":0,"axis":"y","origin":[8,33,8]},"faces":{"north":{"uv":[7.25,4.75,7.5,5.125],"texture":"#0"},"east":{"uv":[3.75,7,4.125,7.375],"texture":"#0"},"south":{"uv":[7.25,5.25,7.5,5.625],"texture":"#0"},"west":{"uv":[4.25,7,4.625,7.375],"texture":"#0"},"up":{"uv":[7.5,6.125,7.25,5.75],"texture":"#0"},"down":{"uv":[7.5,6.25,7.25,6.625],"texture":"#0"}}},{"from":[9.8,6.5,8],"to":[15.4,14.5,8],"rotation":{"angle":22.5,"axis":"z","origin":[12.6,14,8]},"faces":{"north":{"uv":[4.75,1.75,6.75,3.125],"rotation":270,"texture":"#0"},"east":{"uv":[2,0,0,0],"rotation":90,"texture":"#0"},"south":{"uv":[6.75,1.75,4.75,3.125],"rotation":90,"texture":"#0"},"west":{"uv":[2,0,0,0],"rotation":90,"texture":"#0"},"up":{"uv":[0,0,0,1.375],"rotation":90,"texture":"#0"},"down":{"uv":[0,0,0,1.375],"rotation":90,"texture":"#0"}}},{"from":[3,14.5,3],"to":[13,18.4,13],"rotation":{"angle":0,"axis":"y","origin":[8,33,8]},"faces":{"north":{"uv":[4.75,4.75,7.25,5.75],"texture":"#0"},"east":{"uv":[0,5,2.5,6],"texture":"#0"},"south":{"uv":[4.75,5.75,7.25,6.75],"texture":"#0"},"west":{"uv":[0,6,2.5,7],"texture":"#0"},"up":{"uv":[2.5,2.5,0,0],"texture":"#0"},"down":{"uv":[2.5,2.5,0,5],"texture":"#0"}}},{"from":[-1.05,14.5,4.5],"to":[3,17.4,11.5],"rotation":{"angle":0,"axis":"y","origin":[-2,16.6,8]},"faces":{"north":{"uv":[2.25,7,3,7.75],"texture":"#0"},"east":{"uv":[6.75,2.5,8.5,3.25],"texture":"#0"},"south":{"uv":[3,7,3.75,7.75],"texture":"#0"},"west":{"uv":[6.75,3.25,8.5,4],"texture":"#0"},"up":{"uv":[5.5,8.5,4.75,6.75],"texture":"#0"},"down":{"uv":[6.25,6.75,5.5,8.5],"texture":"#0"}}},{"from":[6.94497,15.34358,4.55],"to":[16.74497,18.24358,11.45],"rotation":{"angle":-22.5,"axis":"z","origin":[14.76997,17.04358,8]},"faces":{"north":{"uv":[4.625,6.25,2.5,7],"texture":"#0"},"east":{"uv":[8,6.75,6.25,7.5],"texture":"#0"},"south":{"uv":[8.875,1.75,6.75,2.5],"texture":"#0"},"west":{"uv":[8.5,4,6.75,4.75],"texture":"#0"},"up":{"uv":[2.5,6.25,4.625,4.5],"texture":"#0"},"down":{"uv":[4.75,0,6.875,1.75],"texture":"#0"}}},{"from":[13,14.5,4.5],"to":[17.05,17.4,11.5],"rotation":{"angle":0,"axis":"y","origin":[18,16.6,8]},"faces":{"north":{"uv":[3,7,2.25,7.75],"texture":"#0"},"east":{"uv":[8.5,3.25,6.75,4],"texture":"#0"},"south":{"uv":[3.75,7,3,7.75],"texture":"#0"},"west":{"uv":[8.5,2.5,6.75,3.25],"texture":"#0"},"up":{"uv":[4.75,8.5,5.5,6.75],"texture":"#0"},"down":{"uv":[5.5,6.75,6.25,8.5],"texture":"#0"}}},{"from":[-0.74497,15.34358,4.525],"to":[9.05503,18.24358,11.475],"rotation":{"angle":22.5,"axis":"z","origin":[1.23003,17.04358,8]},"faces":{"north":{"uv":[2.5,6.25,4.625,7],"texture":"#0"},"east":{"uv":[6.75,4,8.5,4.75],"texture":"#0"},"south":{"uv":[6.75,1.75,8.875,2.5],"texture":"#0"},"west":{"uv":[6.25,6.75,8,7.5],"texture":"#0"},"up":{"uv":[4.625,6.25,2.5,4.5],"texture":"#0"},"down":{"uv":[6.875,0,4.75,1.75],"texture":"#0"}}},{"from":[8.6,10.9,3.9],"to":[11.7,13.1,3.9],"rotation":{"angle":0,"axis":"y","origin":[8.6,10.9,1.9]},"faces":{"north":{"uv":[0,9.75,0.75,10.25],"texture":"#0"},"east":{"uv":[0,0,0,0.55],"texture":"#0"},"south":{"uv":[0,9.75,0.75,10.25],"texture":"#0"},"west":{"uv":[0,0,0,0.55],"texture":"#0"},"up":{"uv":[0,0,0.775,0],"texture":"#0"},"down":{"uv":[0,0,0.775,0],"texture":"#0"}}}],"gui_light":"front","display":{"thirdperson_righthand":{"translation":[0,-3.5,0],"scale":[0.62,0.62,0.62]},"thirdperson_lefthand":{"translation":[0,-3.5,0],"scale":[0.62,0.62,0.62]},"firstperson_righthand":{"rotation":[2,136,0],"translation":[1,0,0],"scale":[0.43,0.43,0.43]},"firstperson_lefthand":{"rotation":[2,136,0],"translation":[1,0,0],"scale":[0.43,0.43,0.43]},"ground":{"rotation":[-18.74,2.34,-14.12],"translation":[0,-1.75,0]},"gui":{"rotation":[-163.69,-24.64,173.42],"translation":[0.5,-5.5,0],"scale":[0.75,0.75,0.75]},"head":{"translation":[0,-9,0],"scale":[1.71,1.71,1.71]},"fixed":{"translation":[0,-7.75,0.5]}}}