{"credit":"Naruto RPG","texture_size":[8,8],"textures":{"1":"cabeza:item/cabeza_gafasovaladas","particle":"cabeza:item/cabeza_gafasovaladas"},"elements":[{"from":[10.00862,8.1067,7.89519],"to":[10.10862,8.3067,7.99519],"rotation":{"angle":-0.84431,"axis":"x","origin":[10.08362,8.5567,7.94569]},"rotated":[-0.84431,-1.12662,44.96478],"faces":{"north":{"uv":[3.6,1.1,5.33333,2.83333],"texture":"#1"},"east":{"uv":[3.6,1.1,5.33333,2.83333],"texture":"#1"},"south":{"uv":[3.6,1.1,5.33333,2.83333],"texture":"#1"},"west":{"uv":[3.6,1.1,5.33333,2.83333],"texture":"#1"},"up":{"uv":[3.6,1.1,5.33333,2.83333],"texture":"#1"},"down":{"uv":[3.6,1.1,5.33333,2.83333],"texture":"#1"}}},{"from":[10.45722,8.49308,7.8957],"to":[10.72612,8.59308,7.9957],"rotation":{"angle":-22.5,"axis":"z","origin":[10.00722,9.61808,7.9457]},"faces":{"north":{"uv":[3.6,1.1,5.33333,2.83333],"texture":"#1"},"east":{"uv":[3.6,1.1,5.33333,2.83333],"texture":"#1"},"south":{"uv":[3.6,1.1,5.33333,2.83333],"texture":"#1"},"west":{"uv":[3.6,1.1,5.33333,2.83333],"texture":"#1"},"up":{"uv":[3.6,1.1,5.33333,2.83333],"texture":"#1"},"down":{"uv":[3.6,1.1,5.33333,2.83333],"texture":"#1"}}},{"from":[10.19403,7.91643,7.90233],"to":[10.29403,8.14143,8.00233],"rotation":{"angle":22.5,"axis":"z","origin":[10.06903,8.51643,7.95896]},"faces":{"north":{"uv":[3.6,1.1,5.33333,2.83333],"texture":"#1"},"east":{"uv":[3.6,1.1,5.33333,2.83333],"texture":"#1"},"south":{"uv":[3.6,1.1,5.33333,2.83333],"texture":"#1"},"west":{"uv":[3.6,1.1,5.33333,2.83333],"texture":"#1"},"up":{"uv":[3.6,1.1,5.33333,2.83333],"texture":"#1"},"down":{"uv":[3.6,1.1,5.33333,2.83333],"texture":"#1"}}},{"from":[8.98072,8.3989,7.8957],"to":[10.03072,8.4989,7.9957],"rotation":{"angle":0,"axis":"y","origin":[9.35572,8.6739,7.9457]},"faces":{"north":{"uv":[3.6,1.1,5.33333,2.83333],"texture":"#1"},"east":{"uv":[3.6,1.1,5.33333,2.83333],"texture":"#1"},"south":{"uv":[3.6,1.1,5.33333,2.83333],"texture":"#1"},"west":{"uv":[3.6,1.1,5.33333,2.83333],"texture":"#1"},"up":{"uv":[3.6,1.1,5.33333,2.83333],"texture":"#1"},"down":{"uv":[3.6,1.1,5.33333,2.83333],"texture":"#1"}}},{"from":[9.11054,7.86748,7.89975],"to":[9.21054,8.09248,7.99975],"rotation":{"angle":-22.5,"axis":"z","origin":[9.16054,9.49248,7.9538]},"faces":{"north":{"uv":[3.6,1.1,5.33333,2.83333],"texture":"#1"},"east":{"uv":[3.6,1.1,5.33333,2.83333],"texture":"#1"},"south":{"uv":[3.6,1.1,5.33333,2.83333],"texture":"#1"},"west":{"uv":[3.6,1.1,5.33333,2.83333],"texture":"#1"},"up":{"uv":[3.6,1.1,5.33333,2.83333],"texture":"#1"},"down":{"uv":[3.6,1.1,5.33333,2.83333],"texture":"#1"}}},{"from":[8.34269,8.57533,7.8957],"to":[8.56769,8.67533,7.9957],"rotation":{"angle":22.5,"axis":"z","origin":[9.21769,9.62533,7.9457]},"faces":{"north":{"uv":[3.6,1.1,5.33333,2.83333],"texture":"#1"},"east":{"uv":[3.6,1.1,5.33333,2.83333],"texture":"#1"},"south":{"uv":[3.6,1.1,5.33333,2.83333],"texture":"#1"},"west":{"uv":[3.6,1.1,5.33333,2.83333],"texture":"#1"},"up":{"uv":[3.6,1.1,5.33333,2.83333],"texture":"#1"},"down":{"uv":[3.6,1.1,5.33333,2.83333],"texture":"#1"}}},{"from":[9.69426,8.21198,7.89066],"to":[9.79426,8.48698,7.99066],"rotation":{"angle":-0.84431,"axis":"x","origin":[9.14426,9.56198,7.93662]},"rotated":[-0.84431,1.12662,-44.96478],"faces":{"north":{"uv":[3.6,1.1,5.33333,2.83333],"texture":"#1"},"east":{"uv":[3.6,1.1,5.33333,2.83333],"texture":"#1"},"south":{"uv":[3.6,1.1,5.33333,2.83333],"texture":"#1"},"west":{"uv":[3.6,1.1,5.33333,2.83333],"texture":"#1"},"up":{"uv":[3.6,1.1,5.33333,2.83333],"texture":"#1"},"down":{"uv":[3.6,1.1,5.33333,2.83333],"texture":"#1"}}},{"from":[10.40651,7.74821,7.90233],"to":[10.50651,8.04821,8.00233],"rotation":{"angle":0,"axis":"y","origin":[10.08636,8.4209,7.95896]},"faces":{"north":{"uv":[3.6,1.1,5.33333,2.83333],"texture":"#1"},"east":{"uv":[3.6,1.1,5.33333,2.83333],"texture":"#1"},"south":{"uv":[3.6,1.1,5.33333,2.83333],"texture":"#1"},"west":{"uv":[3.6,1.1,5.33333,2.83333],"texture":"#1"},"up":{"uv":[3.6,1.1,5.33333,2.83333],"texture":"#1"},"down":{"uv":[3.6,1.1,5.33333,2.83333],"texture":"#1"}}},{"from":[10.57411,7.66351,7.90233],"to":[10.67411,7.96351,8.00233],"rotation":{"angle":-22.5,"axis":"z","origin":[10.04911,8.27715,7.95896]},"faces":{"north":{"uv":[3.6,1.1,5.33333,2.83333],"texture":"#1"},"east":{"uv":[3.6,1.1,5.33333,2.83333],"texture":"#1"},"south":{"uv":[3.6,1.1,5.33333,2.83333],"texture":"#1"},"west":{"uv":[3.6,1.1,5.33333,2.83333],"texture":"#1"},"up":{"uv":[3.6,1.1,5.33333,2.83333],"texture":"#1"},"down":{"uv":[3.6,1.1,5.33333,2.83333],"texture":"#1"}}},{"from":[10.73465,7.49895,7.89176],"to":[10.83465,7.92395,7.99176],"rotation":{"angle":0.84431,"axis":"x","origin":[10.06555,8.23405,7.93882]},"rotated":[0.84431,-1.12662,-44.96478],"faces":{"north":{"uv":[3.6,1.1,5.33333,2.83333],"texture":"#1"},"east":{"uv":[3.6,1.1,5.33333,2.83333],"texture":"#1"},"south":{"uv":[3.6,1.1,5.33333,2.83333],"texture":"#1"},"west":{"uv":[3.6,1.1,5.33333,2.83333],"texture":"#1"},"up":{"uv":[3.6,1.1,5.33333,2.83333],"texture":"#1"},"down":{"uv":[3.6,1.1,5.33333,2.83333],"texture":"#1"}}},{"from":[9.43466,7.16395,7.89607],"to":[9.70966,7.26395,7.99607],"rotation":{"angle":22.5,"axis":"z","origin":[9.88466,8.12691,7.94644]},"faces":{"north":{"uv":[3.6,1.1,5.33333,2.83333],"texture":"#1"},"east":{"uv":[3.6,1.1,5.33333,2.83333],"texture":"#1"},"south":{"uv":[3.6,1.1,5.33333,2.83333],"texture":"#1"},"west":{"uv":[3.6,1.1,5.33333,2.83333],"texture":"#1"},"up":{"uv":[3.6,1.1,5.33333,2.83333],"texture":"#1"},"down":{"uv":[3.6,1.1,5.33333,2.83333],"texture":"#1"}}},{"from":[9.51013,7.19498,7.89607],"to":[10.06013,7.29498,7.99607],"rotation":{"angle":-22.5,"axis":"z","origin":[9.33513,9.13294,7.94644]},"faces":{"north":{"uv":[3.6,1.1,5.33333,2.83333],"texture":"#1"},"east":{"uv":[3.6,1.1,5.33333,2.83333],"texture":"#1"},"south":{"uv":[3.6,1.1,5.33333,2.83333],"texture":"#1"},"west":{"uv":[3.6,1.1,5.33333,2.83333],"texture":"#1"},"up":{"uv":[3.6,1.1,5.33333,2.83333],"texture":"#1"},"down":{"uv":[3.6,1.1,5.33333,2.83333],"texture":"#1"}}},{"from":[7.50115,8.13771,7.87923],"to":[7.60115,8.38771,7.97923],"rotation":{"angle":0.84431,"axis":"x","origin":[9.17025,9.22281,7.91375]},"rotated":[0.84431,1.12662,44.96478],"faces":{"north":{"uv":[3.6,1.1,5.33333,2.83333],"texture":"#1"},"east":{"uv":[3.6,1.1,5.33333,2.83333],"texture":"#1"},"south":{"uv":[3.6,1.1,5.33333,2.83333],"texture":"#1"},"west":{"uv":[3.6,1.1,5.33333,2.83333],"texture":"#1"},"up":{"uv":[3.6,1.1,5.33333,2.83333],"texture":"#1"},"down":{"uv":[3.6,1.1,5.33333,2.83333],"texture":"#1"}}},{"from":[8.57043,7.40019,7.8957],"to":[8.62043,7.55019,7.9957],"rotation":{"angle":45,"axis":"z","origin":[8.74543,7.47519,7.9441]},"faces":{"north":{"uv":[6.1,1.1,7.83333,2.83333],"texture":"#1"},"east":{"uv":[6.1,1.1,7.83333,2.83333],"texture":"#1"},"south":{"uv":[6.1,1.1,7.83333,2.83333],"texture":"#1"},"west":{"uv":[6.1,1.1,7.83333,2.83333],"texture":"#1"},"up":{"uv":[6.1,1.1,7.83333,2.83333],"texture":"#1"},"down":{"uv":[6.1,1.1,7.83333,2.83333],"texture":"#1"}}},{"from":[7.92333,7.81938,7.89975],"to":[8.02333,8.04438,7.99975],"rotation":{"angle":22.5,"axis":"z","origin":[9.17333,9.28302,7.9538]},"faces":{"north":{"uv":[3.6,1.1,5.33333,2.83333],"texture":"#1"},"east":{"uv":[3.6,1.1,5.33333,2.83333],"texture":"#1"},"south":{"uv":[3.6,1.1,5.33333,2.83333],"texture":"#1"},"west":{"uv":[3.6,1.1,5.33333,2.83333],"texture":"#1"},"up":{"uv":[3.6,1.1,5.33333,2.83333],"texture":"#1"},"down":{"uv":[3.6,1.1,5.33333,2.83333],"texture":"#1"}}},{"from":[8.49249,7.66031,7.89975],"to":[8.59249,8.01031,7.99975],"rotation":{"angle":0,"axis":"y","origin":[9.97234,9.408,7.9538]},"faces":{"north":{"uv":[3.6,1.1,5.33333,2.83333],"texture":"#1"},"east":{"uv":[3.6,1.1,5.33333,2.83333],"texture":"#1"},"south":{"uv":[3.6,1.1,5.33333,2.83333],"texture":"#1"},"west":{"uv":[3.6,1.1,5.33333,2.83333],"texture":"#1"},"up":{"uv":[3.6,1.1,5.33333,2.83333],"texture":"#1"},"down":{"uv":[3.6,1.1,5.33333,2.83333],"texture":"#1"}}},{"from":[9.26332,7.06505,7.89607],"to":[9.83742,7.16505,7.99607],"rotation":{"angle":0,"axis":"y","origin":[9.29831,8.20475,7.94644]},"faces":{"north":{"uv":[3.6,1.1,5.33333,2.83333],"texture":"#1"},"east":{"uv":[3.6,1.1,5.33333,2.83333],"texture":"#1"},"south":{"uv":[3.6,1.1,5.33333,2.83333],"texture":"#1"},"west":{"uv":[3.6,1.1,5.33333,2.83333],"texture":"#1"},"up":{"uv":[3.6,1.1,5.33333,2.83333],"texture":"#1"},"down":{"uv":[3.6,1.1,5.33333,2.83333],"texture":"#1"}}},{"from":[8.35132,7.62559,7.89975],"to":[8.52632,7.70059,7.99975],"rotation":{"angle":-45,"axis":"z","origin":[8.50132,7.63809,7.94975]},"faces":{"north":{"uv":[3.6,1.1,5.33333,2.83333],"texture":"#1"},"east":{"uv":[3.6,1.1,5.33333,2.83333],"texture":"#1"},"south":{"uv":[3.6,1.1,5.33333,2.83333],"texture":"#1"},"west":{"uv":[3.6,1.1,5.33333,2.83333],"texture":"#1"},"up":{"uv":[3.6,1.1,5.33333,2.83333],"texture":"#1"},"down":{"uv":[3.6,1.1,5.33333,2.83333],"texture":"#1"}}},{"from":[8.74357,9.04807,7.89975],"to":[8.96857,9.12307,7.99975],"rotation":{"angle":45,"axis":"z","origin":[9.96857,8.11057,7.94975]},"faces":{"north":{"uv":[3.6,1.1,5.33333,2.83333],"texture":"#1"},"east":{"uv":[3.6,1.1,5.33333,2.83333],"texture":"#1"},"south":{"uv":[3.6,1.1,5.33333,2.83333],"texture":"#1"},"west":{"uv":[3.6,1.1,5.33333,2.83333],"texture":"#1"},"up":{"uv":[3.6,1.1,5.33333,2.83333],"texture":"#1"},"down":{"uv":[3.6,1.1,5.33333,2.83333],"texture":"#1"}}},{"from":[10.50651,7.57321,11.25233],"to":[10.58151,7.82321,11.40233],"rotation":{"angle":0,"axis":"y","origin":[9.58636,8.5209,7.95233]},"faces":{"north":{"uv":[3.6,1.1,5.33333,2.83333],"texture":"#1"},"east":{"uv":[3.6,1.1,5.33333,2.83333],"texture":"#1"},"south":{"uv":[3.6,1.1,5.33333,2.83333],"texture":"#1"},"west":{"uv":[3.6,1.1,5.33333,2.83333],"texture":"#1"},"up":{"uv":[3.6,1.1,5.33333,2.83333],"texture":"#1"},"down":{"uv":[3.6,1.1,5.33333,2.83333],"texture":"#1"}}},{"from":[10.50651,7.82321,7.90233],"to":[10.58151,7.94821,11.40233],"rotation":{"angle":0,"axis":"y","origin":[9.58636,8.5209,7.95233]},"faces":{"north":{"uv":[3.6,1.1,5.33333,2.83333],"texture":"#1"},"east":{"uv":[3.6,1.1,5.33333,2.83333],"texture":"#1"},"south":{"uv":[3.6,1.1,5.33333,2.83333],"texture":"#1"},"west":{"uv":[3.6,1.1,5.33333,2.83333],"texture":"#1"},"up":{"uv":[3.6,1.1,5.33333,2.83333],"texture":"#1"},"down":{"uv":[3.6,1.1,5.33333,2.83333],"texture":"#1"}}},{"from":[6.39138,8.1067,7.89519],"to":[6.49138,8.3067,7.99519],"rotation":{"angle":-0.84431,"axis":"x","origin":[6.41638,8.5567,7.94569]},"rotated":[-0.84431,1.12662,-44.96478],"faces":{"north":{"uv":[3.6,1.1,5.33333,2.83333],"texture":"#1"},"east":{"uv":[3.6,1.1,5.33333,2.83333],"texture":"#1"},"south":{"uv":[3.6,1.1,5.33333,2.83333],"texture":"#1"},"west":{"uv":[3.6,1.1,5.33333,2.83333],"texture":"#1"},"up":{"uv":[3.6,1.1,5.33333,2.83333],"texture":"#1"},"down":{"uv":[3.6,1.1,5.33333,2.83333],"texture":"#1"}}},{"from":[5.77388,8.49308,7.8957],"to":[6.04278,8.59308,7.9957],"rotation":{"angle":22.5,"axis":"z","origin":[6.49278,9.61808,7.9457]},"faces":{"north":{"uv":[3.6,1.1,5.33333,2.83333],"texture":"#1"},"east":{"uv":[3.6,1.1,5.33333,2.83333],"texture":"#1"},"south":{"uv":[3.6,1.1,5.33333,2.83333],"texture":"#1"},"west":{"uv":[3.6,1.1,5.33333,2.83333],"texture":"#1"},"up":{"uv":[3.6,1.1,5.33333,2.83333],"texture":"#1"},"down":{"uv":[3.6,1.1,5.33333,2.83333],"texture":"#1"}}},{"from":[6.20597,7.91643,7.90233],"to":[6.30597,8.14143,8.00233],"rotation":{"angle":-22.5,"axis":"z","origin":[6.43097,8.51643,7.95896]},"faces":{"north":{"uv":[3.6,1.1,5.33333,2.83333],"texture":"#1"},"east":{"uv":[3.6,1.1,5.33333,2.83333],"texture":"#1"},"south":{"uv":[3.6,1.1,5.33333,2.83333],"texture":"#1"},"west":{"uv":[3.6,1.1,5.33333,2.83333],"texture":"#1"},"up":{"uv":[3.6,1.1,5.33333,2.83333],"texture":"#1"},"down":{"uv":[3.6,1.1,5.33333,2.83333],"texture":"#1"}}},{"from":[6.46928,8.3989,7.8957],"to":[7.51928,8.4989,7.9957],"rotation":{"angle":0,"axis":"y","origin":[7.14428,8.6739,7.9457]},"faces":{"north":{"uv":[3.6,1.1,5.33333,2.83333],"texture":"#1"},"east":{"uv":[3.6,1.1,5.33333,2.83333],"texture":"#1"},"south":{"uv":[3.6,1.1,5.33333,2.83333],"texture":"#1"},"west":{"uv":[3.6,1.1,5.33333,2.83333],"texture":"#1"},"up":{"uv":[3.6,1.1,5.33333,2.83333],"texture":"#1"},"down":{"uv":[3.6,1.1,5.33333,2.83333],"texture":"#1"}}},{"from":[7.28946,7.86748,7.89975],"to":[7.38946,8.09248,7.99975],"rotation":{"angle":22.5,"axis":"z","origin":[7.33946,9.49248,7.9538]},"faces":{"north":{"uv":[3.6,1.1,5.33333,2.83333],"texture":"#1"},"east":{"uv":[3.6,1.1,5.33333,2.83333],"texture":"#1"},"south":{"uv":[3.6,1.1,5.33333,2.83333],"texture":"#1"},"west":{"uv":[3.6,1.1,5.33333,2.83333],"texture":"#1"},"up":{"uv":[3.6,1.1,5.33333,2.83333],"texture":"#1"},"down":{"uv":[3.6,1.1,5.33333,2.83333],"texture":"#1"}}},{"from":[7.93231,8.57533,7.8957],"to":[8.15731,8.67533,7.9957],"rotation":{"angle":-22.5,"axis":"z","origin":[7.28231,9.62533,7.9457]},"faces":{"north":{"uv":[3.6,1.1,5.33333,2.83333],"texture":"#1"},"east":{"uv":[3.6,1.1,5.33333,2.83333],"texture":"#1"},"south":{"uv":[3.6,1.1,5.33333,2.83333],"texture":"#1"},"west":{"uv":[3.6,1.1,5.33333,2.83333],"texture":"#1"},"up":{"uv":[3.6,1.1,5.33333,2.83333],"texture":"#1"},"down":{"uv":[3.6,1.1,5.33333,2.83333],"texture":"#1"}}},{"from":[6.70574,8.21198,7.89066],"to":[6.80574,8.48698,7.99066],"rotation":{"angle":-0.84431,"axis":"x","origin":[7.35574,9.56198,7.93662]},"rotated":[-0.84431,-1.12662,44.96478],"faces":{"north":{"uv":[3.6,1.1,5.33333,2.83333],"texture":"#1"},"east":{"uv":[3.6,1.1,5.33333,2.83333],"texture":"#1"},"south":{"uv":[3.6,1.1,5.33333,2.83333],"texture":"#1"},"west":{"uv":[3.6,1.1,5.33333,2.83333],"texture":"#1"},"up":{"uv":[3.6,1.1,5.33333,2.83333],"texture":"#1"},"down":{"uv":[3.6,1.1,5.33333,2.83333],"texture":"#1"}}},{"from":[5.99349,7.74821,7.90233],"to":[6.09349,8.04821,8.00233],"rotation":{"angle":0,"axis":"y","origin":[6.41364,8.4209,7.95896]},"faces":{"north":{"uv":[3.6,1.1,5.33333,2.83333],"texture":"#1"},"east":{"uv":[3.6,1.1,5.33333,2.83333],"texture":"#1"},"south":{"uv":[3.6,1.1,5.33333,2.83333],"texture":"#1"},"west":{"uv":[3.6,1.1,5.33333,2.83333],"texture":"#1"},"up":{"uv":[3.6,1.1,5.33333,2.83333],"texture":"#1"},"down":{"uv":[3.6,1.1,5.33333,2.83333],"texture":"#1"}}},{"from":[5.82589,7.66351,7.90233],"to":[5.92589,7.96351,8.00233],"rotation":{"angle":22.5,"axis":"z","origin":[6.45089,8.27715,7.95896]},"faces":{"north":{"uv":[3.6,1.1,5.33333,2.83333],"texture":"#1"},"east":{"uv":[3.6,1.1,5.33333,2.83333],"texture":"#1"},"south":{"uv":[3.6,1.1,5.33333,2.83333],"texture":"#1"},"west":{"uv":[3.6,1.1,5.33333,2.83333],"texture":"#1"},"up":{"uv":[3.6,1.1,5.33333,2.83333],"texture":"#1"},"down":{"uv":[3.6,1.1,5.33333,2.83333],"texture":"#1"}}},{"from":[5.66535,7.49895,7.89176],"to":[5.76535,7.92395,7.99176],"rotation":{"angle":0.84431,"axis":"x","origin":[6.43445,8.23405,7.93882]},"rotated":[0.84431,1.12662,44.96478],"faces":{"north":{"uv":[3.6,1.1,5.33333,2.83333],"texture":"#1"},"east":{"uv":[3.6,1.1,5.33333,2.83333],"texture":"#1"},"south":{"uv":[3.6,1.1,5.33333,2.83333],"texture":"#1"},"west":{"uv":[3.6,1.1,5.33333,2.83333],"texture":"#1"},"up":{"uv":[3.6,1.1,5.33333,2.83333],"texture":"#1"},"down":{"uv":[3.6,1.1,5.33333,2.83333],"texture":"#1"}}},{"from":[6.79034,7.16395,7.89607],"to":[7.06534,7.26395,7.99607],"rotation":{"angle":-22.5,"axis":"z","origin":[6.61534,8.12691,7.94644]},"faces":{"north":{"uv":[3.6,1.1,5.33333,2.83333],"texture":"#1"},"east":{"uv":[3.6,1.1,5.33333,2.83333],"texture":"#1"},"south":{"uv":[3.6,1.1,5.33333,2.83333],"texture":"#1"},"west":{"uv":[3.6,1.1,5.33333,2.83333],"texture":"#1"},"up":{"uv":[3.6,1.1,5.33333,2.83333],"texture":"#1"},"down":{"uv":[3.6,1.1,5.33333,2.83333],"texture":"#1"}}},{"from":[6.43987,7.19498,7.89607],"to":[6.98987,7.29498,7.99607],"rotation":{"angle":22.5,"axis":"z","origin":[7.16487,9.13294,7.94644]},"faces":{"north":{"uv":[3.6,1.1,5.33333,2.83333],"texture":"#1"},"east":{"uv":[3.6,1.1,5.33333,2.83333],"texture":"#1"},"south":{"uv":[3.6,1.1,5.33333,2.83333],"texture":"#1"},"west":{"uv":[3.6,1.1,5.33333,2.83333],"texture":"#1"},"up":{"uv":[3.6,1.1,5.33333,2.83333],"texture":"#1"},"down":{"uv":[3.6,1.1,5.33333,2.83333],"texture":"#1"}}},{"from":[8.89885,8.13771,7.87923],"to":[8.99885,8.38771,7.97923],"rotation":{"angle":0.84431,"axis":"x","origin":[7.32975,9.22281,7.91375]},"rotated":[0.84431,-1.12662,-44.96478],"faces":{"north":{"uv":[3.6,1.1,5.33333,2.83333],"texture":"#1"},"east":{"uv":[3.6,1.1,5.33333,2.83333],"texture":"#1"},"south":{"uv":[3.6,1.1,5.33333,2.83333],"texture":"#1"},"west":{"uv":[3.6,1.1,5.33333,2.83333],"texture":"#1"},"up":{"uv":[3.6,1.1,5.33333,2.83333],"texture":"#1"},"down":{"uv":[3.6,1.1,5.33333,2.83333],"texture":"#1"}}},{"from":[7.87957,7.40019,7.8957],"to":[7.92957,7.55019,7.9957],"rotation":{"angle":-45,"axis":"z","origin":[7.75457,7.47519,7.9441]},"faces":{"north":{"uv":[6.1,1.1,7.83333,2.83333],"texture":"#1"},"east":{"uv":[6.1,1.1,7.83333,2.83333],"texture":"#1"},"south":{"uv":[6.1,1.1,7.83333,2.83333],"texture":"#1"},"west":{"uv":[3.6,1.1,5.33333,2.83333],"texture":"#1"},"up":{"uv":[6.1,1.1,7.83333,2.83333],"texture":"#1"},"down":{"uv":[6.1,1.1,7.83333,2.83333],"texture":"#1"}}},{"from":[8.47667,7.81938,7.89975],"to":[8.57667,8.04438,7.99975],"rotation":{"angle":-22.5,"axis":"z","origin":[7.32667,9.28302,7.9538]},"faces":{"north":{"uv":[3.6,1.1,5.33333,2.83333],"texture":"#1"},"east":{"uv":[3.6,1.1,5.33333,2.83333],"texture":"#1"},"south":{"uv":[3.6,1.1,5.33333,2.83333],"texture":"#1"},"west":{"uv":[3.6,1.1,5.33333,2.83333],"texture":"#1"},"up":{"uv":[3.6,1.1,5.33333,2.83333],"texture":"#1"},"down":{"uv":[3.6,1.1,5.33333,2.83333],"texture":"#1"}}},{"from":[7.90751,7.66031,7.89975],"to":[8.00751,8.01031,7.99975],"rotation":{"angle":0,"axis":"y","origin":[6.52766,9.408,7.9538]},"faces":{"north":{"uv":[3.6,1.1,5.33333,2.83333],"texture":"#1"},"east":{"uv":[3.6,1.1,5.33333,2.83333],"texture":"#1"},"south":{"uv":[3.6,1.1,5.33333,2.83333],"texture":"#1"},"west":{"uv":[3.6,1.1,5.33333,2.83333],"texture":"#1"},"up":{"uv":[3.6,1.1,5.33333,2.83333],"texture":"#1"},"down":{"uv":[3.6,1.1,5.33333,2.83333],"texture":"#1"}}},{"from":[6.66258,7.06505,7.89607],"to":[7.23668,7.16505,7.99607],"rotation":{"angle":0,"axis":"y","origin":[7.20169,8.20475,7.94644]},"faces":{"north":{"uv":[3.6,1.1,5.33333,2.83333],"texture":"#1"},"east":{"uv":[3.6,1.1,5.33333,2.83333],"texture":"#1"},"south":{"uv":[3.6,1.1,5.33333,2.83333],"texture":"#1"},"west":{"uv":[3.6,1.1,5.33333,2.83333],"texture":"#1"},"up":{"uv":[3.6,1.1,5.33333,2.83333],"texture":"#1"},"down":{"uv":[3.6,1.1,5.33333,2.83333],"texture":"#1"}}},{"from":[7.97368,7.62559,7.89975],"to":[8.14868,7.70059,7.99975],"rotation":{"angle":45,"axis":"z","origin":[7.99868,7.63809,7.94975]},"faces":{"north":{"uv":[3.6,1.1,5.33333,2.83333],"texture":"#1"},"east":{"uv":[3.6,1.1,5.33333,2.83333],"texture":"#1"},"south":{"uv":[3.6,1.1,5.33333,2.83333],"texture":"#1"},"west":{"uv":[3.6,1.1,5.33333,2.83333],"texture":"#1"},"up":{"uv":[3.6,1.1,5.33333,2.83333],"texture":"#1"},"down":{"uv":[3.6,1.1,5.33333,2.83333],"texture":"#1"}}},{"from":[8.00751,7.73531,7.89975],"to":[8.50751,7.96031,7.99975],"rotation":{"angle":0,"axis":"y","origin":[6.52766,9.408,7.94975]},"faces":{"north":{"uv":[3.6,1.1,5.33333,2.83333],"texture":"#1"},"east":{"uv":[3.6,1.1,5.33333,2.83333],"texture":"#1"},"south":{"uv":[3.6,1.1,5.33333,2.83333],"texture":"#1"},"west":{"uv":[3.6,1.1,5.33333,2.83333],"texture":"#1"},"up":{"uv":[3.6,1.1,5.33333,2.83333],"texture":"#1"},"down":{"uv":[3.6,1.1,5.33333,2.83333],"texture":"#1"}}},{"from":[5.91849,7.57321,11.25233],"to":[5.99349,7.82321,11.40233],"rotation":{"angle":0,"axis":"y","origin":[6.91364,8.5209,7.95233]},"faces":{"north":{"uv":[3.6,1.1,5.33333,2.83333],"texture":"#1"},"east":{"uv":[3.6,1.1,5.33333,2.83333],"texture":"#1"},"south":{"uv":[3.6,1.1,5.33333,2.83333],"texture":"#1"},"west":{"uv":[3.6,1.1,5.33333,2.83333],"texture":"#1"},"up":{"uv":[3.6,1.1,5.33333,2.83333],"texture":"#1"},"down":{"uv":[3.6,1.1,5.33333,2.83333],"texture":"#1"}}},{"from":[5.91849,7.82321,7.90233],"to":[5.99349,7.94821,11.40233],"rotation":{"angle":0,"axis":"y","origin":[6.91364,8.5209,7.95233]},"faces":{"north":{"uv":[3.6,1.1,5.33333,2.83333],"texture":"#1"},"east":{"uv":[3.6,1.1,5.33333,2.83333],"texture":"#1"},"south":{"uv":[3.6,1.1,5.33333,2.83333],"texture":"#1"},"west":{"uv":[3.6,1.1,5.33333,2.83333],"texture":"#1"},"up":{"uv":[3.6,1.1,5.33333,2.83333],"texture":"#1"},"down":{"uv":[3.6,1.1,5.33333,2.83333],"texture":"#1"}}},{"from":[7.53143,9.04807,7.89975],"to":[7.75643,9.12307,7.99975],"rotation":{"angle":-45,"axis":"z","origin":[6.53143,8.11057,7.94975]},"faces":{"north":{"uv":[3.6,1.1,5.33333,2.83333],"texture":"#1"},"east":{"uv":[3.6,1.1,5.33333,2.83333],"texture":"#1"},"south":{"uv":[3.6,1.1,5.33333,2.83333],"texture":"#1"},"west":{"uv":[3.6,1.1,5.33333,2.83333],"texture":"#1"},"up":{"uv":[3.6,1.1,5.33333,2.83333],"texture":"#1"},"down":{"uv":[3.6,1.1,5.33333,2.83333],"texture":"#1"}}},{"from":[8.475,7.125,7.925],"to":[10.45,8.475,7.925],"rotation":{"angle":0,"axis":"y","origin":[7,16,7]},"faces":{"north":{"uv":[0.16667,5,16,15.83333],"texture":"#1"},"east":{"uv":[16,0,10.66667,5.33333],"texture":"#1"},"south":{"uv":[16,5,0.16667,15.83333],"texture":"#1"},"west":{"uv":[16,0,10.66667,5.33333],"texture":"#1"},"up":{"uv":[10.66667,0,16,0],"texture":"#1"},"down":{"uv":[10.66667,0,16,0],"texture":"#1"}}},{"from":[6.05,7.125,7.925],"to":[8.025,8.475,7.925],"rotation":{"angle":0,"axis":"y","origin":[9.5,16,7]},"faces":{"north":{"uv":[16,5,0.16667,15.83333],"texture":"#1"},"east":{"uv":[10.66667,0,16,5.33333],"texture":"#1"},"south":{"uv":[0.16667,5,16,15.83333],"texture":"#1"},"west":{"uv":[10.66667,0,16,5.33333],"texture":"#1"},"up":{"uv":[16,0,10.66667,0],"texture":"#1"},"down":{"uv":[16,0,10.66667,0],"texture":"#1"}}}],"gui_light":"front","display":{"thirdperson_righthand":{"rotation":[90,0,0],"translation":[-0.25,0.75,1.25]},"thirdperson_lefthand":{"rotation":[90,0,0],"translation":[0.25,0.75,1.25]},"firstperson_righthand":{"translation":[2,2,-0.5],"scale":[1.5,1.5,1.5]},"firstperson_lefthand":{"translation":[2,2,-0.5],"scale":[1.5,1.5,1.5]},"ground":{"translation":[0.5,0.75,-2.25],"scale":[2,2,2]},"gui":{"rotation":[-24.06,50.46,-8.92],"translation":[-3.75,-0.75,0],"scale":[3,2.5,2.5]},"head":{"translation":[-0.739,-1.5,-6.5],"scale":[2.88867,2.5332,2.33789]},"fixed":{"translation":[-0.75,0.75,0],"scale":[2.88086,2.66602,1.83594]}}}