{"credit":"Naruto RPG","texture_size":[32,32],"textures":{"0":"cabeza:item/cabeza_gafasshinoadulto","particle":"cabeza:item/cabeza_gafasshinoadulto"},"elements":[{"from":[3.95788,7.676,4.35641],"to":[10.48288,10.576,4.50641],"rotation":{"angle":0,"axis":"y","origin":[7.43288,14.956,3.90641]},"faces":{"north":{"uv":[7,2.5,10.25,4],"texture":"#0"},"east":{"uv":[7,12,7.25,13.5],"texture":"#0"},"south":{"uv":[7,4,10.25,5.5],"texture":"#0"},"west":{"uv":[7.5,12,7.75,13.5],"texture":"#0"},"up":{"uv":[14.75,8.75,11.5,8.5],"texture":"#0"},"down":{"uv":[14.75,9,11.5,9.25],"texture":"#0"}}},{"from":[10.7773,7.676,4.84583],"to":[10.9293,10.576,5.57083],"rotation":{"angle":22.5,"axis":"y","origin":[11.2533,10.826,3.94583]},"faces":{"north":{"uv":[12.5,11,12.75,12.5],"texture":"#0"},"east":{"uv":[12,12.5,12.25,14],"texture":"#0"},"south":{"uv":[12.5,12.5,12.75,14],"texture":"#0"},"west":{"uv":[13,0,13.25,1.5],"texture":"#0"},"up":{"uv":[13.75,15.25,13.5,15],"texture":"#0"},"down":{"uv":[15.25,13.5,15,13.75],"texture":"#0"}}},{"from":[10.7747,7.676,4.20401],"to":[10.9267,10.576,4.70401],"rotation":{"angle":45,"axis":"y","origin":[11.3507,10.327,4.35401]},"faces":{"north":{"uv":[8,12,8.25,13.5],"texture":"#0"},"east":{"uv":[12,9.5,12.25,11],"texture":"#0"},"south":{"uv":[12,11,12.25,12.5],"texture":"#0"},"west":{"uv":[11.5,12,11.75,13.5],"texture":"#0"},"up":{"uv":[10.75,15.25,10.5,15],"texture":"#0"},"down":{"uv":[15.25,10.5,15,10.75],"texture":"#0"}}},{"from":[10.31464,7.676,4.45224],"to":[10.81464,10.576,4.60224],"rotation":{"angle":-22.5,"axis":"y","origin":[10.63964,7.674,4.82724]},"faces":{"north":{"uv":[12.5,1,12.75,2.5],"texture":"#0"},"east":{"uv":[12.5,2.5,12.75,4],"texture":"#0"},"south":{"uv":[12.5,9.5,12.75,11],"texture":"#0"},"west":{"uv":[11,12.5,11.25,14],"texture":"#0"},"up":{"uv":[11.25,15.25,11,15],"texture":"#0"},"down":{"uv":[15.25,11,15,11.25],"texture":"#0"}}},{"from":[3.51406,7.676,4.20401],"to":[3.66606,10.576,4.70401],"rotation":{"angle":-45,"axis":"y","origin":[3.09006,10.327,4.35401]},"faces":{"north":{"uv":[10,1,10.25,2.5],"texture":"#0"},"east":{"uv":[1.5,12,1.75,13.5],"texture":"#0"},"south":{"uv":[2,12,2.25,13.5],"texture":"#0"},"west":{"uv":[2.5,12,2.75,13.5],"texture":"#0"},"up":{"uv":[5.75,15.25,5.5,15],"texture":"#0"},"down":{"uv":[6.25,15,6,15.25],"texture":"#0"}}},{"from":[3.62613,7.676,4.45224],"to":[4.12613,10.576,4.60224],"rotation":{"angle":22.5,"axis":"y","origin":[3.80113,7.674,4.82724]},"faces":{"north":{"uv":[5,12,5.25,13.5],"texture":"#0"},"east":{"uv":[5.5,12,5.75,13.5],"texture":"#0"},"south":{"uv":[6,12,6.25,13.5],"texture":"#0"},"west":{"uv":[6.5,12,6.75,13.5],"texture":"#0"},"up":{"uv":[7.75,15.25,7.5,15],"texture":"#0"},"down":{"uv":[8.25,15,8,15.25],"texture":"#0"}}},{"from":[3.51147,7.676,4.84583],"to":[3.66347,10.576,5.57083],"rotation":{"angle":-22.5,"axis":"y","origin":[3.18747,10.826,3.94583]},"faces":{"north":{"uv":[3,12,3.25,13.5],"texture":"#0"},"east":{"uv":[3.5,12,3.75,13.5],"texture":"#0"},"south":{"uv":[12,3.5,12.25,5],"texture":"#0"},"west":{"uv":[4.5,12,4.75,13.5],"texture":"#0"},"up":{"uv":[6.75,15.25,6.5,15],"texture":"#0"},"down":{"uv":[7.25,15,7,15.25],"texture":"#0"}}},{"from":[2.93824,10.576,4.76905],"to":[3.84024,11.076,5.69405],"rotation":{"angle":-22.5,"axis":"y","origin":[3.36424,10.826,4.06905]},"faces":{"north":{"uv":[8,13.5,8.5,13.75],"texture":"#0"},"east":{"uv":[13.5,10,14,10.25],"texture":"#0"},"south":{"uv":[10.5,13.5,11,13.75],"texture":"#0"},"west":{"uv":[13.5,10.5,14,10.75],"texture":"#0"},"up":{"uv":[11,13.5,10.5,13],"texture":"#0"},"down":{"uv":[13.5,11,13,11.5],"texture":"#0"}}},{"from":[2.8548,10.574,4.38577],"to":[3.7568,11.074,4.88577],"rotation":{"angle":-45,"axis":"y","origin":[3.1808,10.825,4.53577]},"faces":{"north":{"uv":[13.5,11,14,11.25],"texture":"#0"},"east":{"uv":[15,1,15.25,1.25],"texture":"#0"},"south":{"uv":[11.5,13.5,12,13.75],"texture":"#0"},"west":{"uv":[1.5,15,1.75,15.25],"texture":"#0"},"up":{"uv":[14,11.75,13.5,11.5],"texture":"#0"},"down":{"uv":[14,12,13.5,12.25],"texture":"#0"}}},{"from":[2.34881,7.299,5.40733],"to":[3.25081,11.076,10.68233],"rotation":{"angle":0,"axis":"y","origin":[3.17481,10.5,4.53233]},"faces":{"north":{"uv":[10.5,3.5,11,5.5],"texture":"#0"},"east":{"uv":[4,0,6.75,2],"texture":"#0"},"south":{"uv":[11,8.5,11.5,10.5],"texture":"#0"},"west":{"uv":[4,2,6.75,4],"texture":"#0"},"up":{"uv":[2.5,11.75,2,9],"texture":"#0"},"down":{"uv":[3,9,2.5,11.75],"texture":"#0"}}},{"from":[2.93824,9.424,4.76905],"to":[3.84024,9.924,5.69405],"rotation":{"angle":-22.5,"axis":"y","origin":[3.36424,9.674,4.06905]},"faces":{"north":{"uv":[13.5,12.5,14,12.75],"texture":"#0"},"east":{"uv":[13,13.5,13.5,13.75],"texture":"#0"},"south":{"uv":[13.5,13,14,13.25],"texture":"#0"},"west":{"uv":[13.5,13.5,14,13.75],"texture":"#0"},"up":{"uv":[13.5,12,13,11.5],"texture":"#0"},"down":{"uv":[13.5,12,13,12.5],"texture":"#0"}}},{"from":[2.8548,9.422,4.38577],"to":[3.7568,9.922,4.88577],"rotation":{"angle":-45,"axis":"y","origin":[3.1808,9.673,4.53577]},"faces":{"north":{"uv":[14,0,14.5,0.25],"texture":"#0"},"east":{"uv":[15,1.5,15.25,1.75],"texture":"#0"},"south":{"uv":[14,0.5,14.5,0.75],"texture":"#0"},"west":{"uv":[2,15,2.25,15.25],"texture":"#0"},"up":{"uv":[14.5,1.25,14,1],"texture":"#0"},"down":{"uv":[2,14,1.5,14.25],"texture":"#0"}}},{"from":[2.93824,8.299,4.76905],"to":[3.84024,8.799,5.69405],"rotation":{"angle":-22.5,"axis":"y","origin":[3.36424,8.549,4.06905]},"faces":{"north":{"uv":[14,1.5,14.5,1.75],"texture":"#0"},"east":{"uv":[2,14,2.5,14.25],"texture":"#0"},"south":{"uv":[14,2,14.5,2.25],"texture":"#0"},"west":{"uv":[2.5,14,3,14.25],"texture":"#0"},"up":{"uv":[13.5,13,13,12.5],"texture":"#0"},"down":{"uv":[13.5,13,13,13.5],"texture":"#0"}}},{"from":[2.8548,8.297,4.38577],"to":[3.7568,8.797,4.88577],"rotation":{"angle":-45,"axis":"y","origin":[3.1808,8.548,4.53577]},"faces":{"north":{"uv":[14,2.5,14.5,2.75],"texture":"#0"},"east":{"uv":[15,2,15.25,2.25],"texture":"#0"},"south":{"uv":[3,14,3.5,14.25],"texture":"#0"},"west":{"uv":[2.5,15,2.75,15.25],"texture":"#0"},"up":{"uv":[14.5,3.25,14,3],"texture":"#0"},"down":{"uv":[4,14,3.5,14.25],"texture":"#0"}}},{"from":[2.93824,7.299,4.76905],"to":[3.84024,7.799,5.69405],"rotation":{"angle":-22.5,"axis":"y","origin":[3.36424,7.549,4.06905]},"faces":{"north":{"uv":[14,3.5,14.5,3.75],"texture":"#0"},"east":{"uv":[4,14,4.5,14.25],"texture":"#0"},"south":{"uv":[14,4,14.5,4.25],"texture":"#0"},"west":{"uv":[4.5,14,5,14.25],"texture":"#0"},"up":{"uv":[14,0.5,13.5,0],"texture":"#0"},"down":{"uv":[14,0.5,13.5,1],"texture":"#0"}}},{"from":[2.8548,7.297,4.38577],"to":[3.7568,7.797,4.88577],"rotation":{"angle":-45,"axis":"y","origin":[3.1808,7.548,4.53577]},"faces":{"north":{"uv":[14,4.5,14.5,4.75],"texture":"#0"},"east":{"uv":[15,2.5,15.25,2.75],"texture":"#0"},"south":{"uv":[5,14,5.5,14.25],"texture":"#0"},"west":{"uv":[3,15,3.25,15.25],"texture":"#0"},"up":{"uv":[6,14.25,5.5,14],"texture":"#0"},"down":{"uv":[6.5,14,6,14.25],"texture":"#0"}}},{"from":[2.34881,6.799,10.68233],"to":[3.25081,11.576,14.90733],"rotation":{"angle":0,"axis":"y","origin":[3.17481,10.5,4.45733]},"faces":{"north":{"uv":[4,9,4.5,11.5],"texture":"#0"},"east":{"uv":[3,6,5,8.5],"texture":"#0"},"south":{"uv":[4.5,9,5,11.5],"texture":"#0"},"west":{"uv":[5,6,7,8.5],"texture":"#0"},"up":{"uv":[10.5,13,10,11],"texture":"#0"},"down":{"uv":[11,11,10.5,13],"texture":"#0"}}},{"from":[2.34881,10.64663,9.57176],"to":[3.25081,11.62363,10.94676],"rotation":{"angle":-22.5,"axis":"x","origin":[2.59981,10.93513,10.93426]},"faces":{"north":{"uv":[13.5,1,14,1.5],"texture":"#0"},"east":{"uv":[3,5,3.75,5.5],"texture":"#0"},"south":{"uv":[1.5,13.5,2,14],"texture":"#0"},"west":{"uv":[3,5.5,3.75,6],"texture":"#0"},"up":{"uv":[2.5,7.75,2,7],"texture":"#0"},"down":{"uv":[3,7,2.5,7.75],"texture":"#0"}}},{"from":[2.37381,6.75137,9.57176],"to":[3.25081,7.72837,10.94676],"rotation":{"angle":22.5,"axis":"x","origin":[2.59981,7.43987,10.93426]},"faces":{"north":{"uv":[13.5,1.5,14,2],"texture":"#0"},"east":{"uv":[2,8,2.75,8.5],"texture":"#0"},"south":{"uv":[2,13.5,2.5,14],"texture":"#0"},"west":{"uv":[9,1,9.75,1.5],"texture":"#0"},"up":{"uv":[9.5,2.25,9,1.5],"texture":"#0"},"down":{"uv":[10,1.5,9.5,2.25],"texture":"#0"}}},{"from":[11.18995,7.299,5.40733],"to":[12.09195,11.076,10.68233],"rotation":{"angle":0,"axis":"y","origin":[11.26595,10.5,4.53233]},"faces":{"north":{"uv":[11,3.5,10.5,5.5],"texture":"#0"},"east":{"uv":[6.75,2,4,4],"texture":"#0"},"south":{"uv":[11.5,8.5,11,10.5],"texture":"#0"},"west":{"uv":[6.75,0,4,2],"texture":"#0"},"up":{"uv":[2,11.75,2.5,9],"texture":"#0"},"down":{"uv":[2.5,9,3,11.75],"texture":"#0"}}},{"from":[11.18995,6.799,10.68233],"to":[12.09195,11.576,14.90733],"rotation":{"angle":0,"axis":"y","origin":[11.26595,10.5,4.45733]},"faces":{"north":{"uv":[4.5,9,4,11.5],"texture":"#0"},"east":{"uv":[7,6,5,8.5],"texture":"#0"},"south":{"uv":[5,9,4.5,11.5],"texture":"#0"},"west":{"uv":[5,6,3,8.5],"texture":"#0"},"up":{"uv":[10,13,10.5,11],"texture":"#0"},"down":{"uv":[10.5,11,11,13],"texture":"#0"}}},{"from":[11.18995,10.64663,9.57176],"to":[12.09195,11.62363,10.94676],"rotation":{"angle":-22.5,"axis":"x","origin":[11.84095,10.93513,10.93426]},"faces":{"north":{"uv":[14,1,13.5,1.5],"texture":"#0"},"east":{"uv":[3.75,5.5,3,6],"texture":"#0"},"south":{"uv":[2,13.5,1.5,14],"texture":"#0"},"west":{"uv":[3.75,5,3,5.5],"texture":"#0"},"up":{"uv":[2,7.75,2.5,7],"texture":"#0"},"down":{"uv":[2.5,7,3,7.75],"texture":"#0"}}},{"from":[11.18995,6.75137,9.57176],"to":[12.06695,7.72837,10.94676],"rotation":{"angle":22.5,"axis":"x","origin":[11.84095,7.43987,10.93426]},"faces":{"north":{"uv":[14,1.5,13.5,2],"texture":"#0"},"east":{"uv":[9.75,1,9,1.5],"texture":"#0"},"south":{"uv":[2.5,13.5,2,14],"texture":"#0"},"west":{"uv":[2.75,8,2,8.5],"texture":"#0"},"up":{"uv":[9,2.25,9.5,1.5],"texture":"#0"},"down":{"uv":[9.5,1.5,10,2.25],"texture":"#0"}}},{"from":[3.47354,10.576,4.04658],"to":[3.97354,11.076,4.94658],"rotation":{"angle":22.5,"axis":"y","origin":[3.64854,10.824,5.17158]},"faces":{"north":{"uv":[15,3,15.25,3.25],"texture":"#0"},"east":{"uv":[6.5,14,7,14.25],"texture":"#0"},"south":{"uv":[3.5,15,3.75,15.25],"texture":"#0"},"west":{"uv":[7,14,7.5,14.25],"texture":"#0"},"up":{"uv":[7.75,14.5,7.5,14],"texture":"#0"},"down":{"uv":[8.25,14,8,14.5],"texture":"#0"}}},{"from":[3.51829,10.576,4.00785],"to":[10.99329,11.076,4.90785],"rotation":{"angle":0,"axis":"y","origin":[6.99329,18.081,4.00785]},"faces":{"north":{"uv":[4.5,11.5,8.25,11.75],"texture":"#0"},"east":{"uv":[8.5,14,9,14.25],"texture":"#0"},"south":{"uv":[11.5,5,15.25,5.25],"texture":"#0"},"west":{"uv":[9,14,9.5,14.25],"texture":"#0"},"up":{"uv":[10.75,6,7,5.5],"texture":"#0"},"down":{"uv":[10.75,6,7,6.5],"texture":"#0"}}},{"from":[3.47354,9.424,4.04658],"to":[3.97354,9.924,4.94658],"rotation":{"angle":22.5,"axis":"y","origin":[3.64854,9.672,5.17158]},"faces":{"north":{"uv":[15,3.5,15.25,3.75],"texture":"#0"},"east":{"uv":[9.5,14,10,14.25],"texture":"#0"},"south":{"uv":[4,15,4.25,15.25],"texture":"#0"},"west":{"uv":[14,9.5,14.5,9.75],"texture":"#0"},"up":{"uv":[10.25,14.5,10,14],"texture":"#0"},"down":{"uv":[14.25,10,14,10.5],"texture":"#0"}}},{"from":[3.51829,9.424,4.00785],"to":[10.99329,9.924,4.90785],"rotation":{"angle":0,"axis":"y","origin":[6.99329,16.929,4.00785]},"faces":{"north":{"uv":[11.5,5.5,15.25,5.75],"texture":"#0"},"east":{"uv":[10.5,14,11,14.25],"texture":"#0"},"south":{"uv":[11.5,6,15.25,6.25],"texture":"#0"},"west":{"uv":[14,10.5,14.5,10.75],"texture":"#0"},"up":{"uv":[10.75,7,7,6.5],"texture":"#0"},"down":{"uv":[10.75,7,7,7.5],"texture":"#0"}}},{"from":[3.47354,8.299,4.04658],"to":[3.97354,8.799,4.94658],"rotation":{"angle":22.5,"axis":"y","origin":[3.64854,8.547,5.17158]},"faces":{"north":{"uv":[15,4,15.25,4.25],"texture":"#0"},"east":{"uv":[11,14,11.5,14.25],"texture":"#0"},"south":{"uv":[4.5,15,4.75,15.25],"texture":"#0"},"west":{"uv":[14,11,14.5,11.25],"texture":"#0"},"up":{"uv":[11.75,14.5,11.5,14],"texture":"#0"},"down":{"uv":[14.25,11.5,14,12],"texture":"#0"}}},{"from":[3.51829,8.299,4.00785],"to":[10.99329,8.799,4.90785],"rotation":{"angle":0,"axis":"y","origin":[6.99329,15.804,4.00785]},"faces":{"north":{"uv":[11.5,6.5,15.25,6.75],"texture":"#0"},"east":{"uv":[12,14,12.5,14.25],"texture":"#0"},"south":{"uv":[11.5,7,15.25,7.25],"texture":"#0"},"west":{"uv":[14,12,14.5,12.25],"texture":"#0"},"up":{"uv":[10.75,8,7,7.5],"texture":"#0"},"down":{"uv":[10.75,8,7,8.5],"texture":"#0"}}},{"from":[3.47354,7.299,4.04658],"to":[3.97354,7.799,4.94658],"rotation":{"angle":22.5,"axis":"y","origin":[3.64854,7.547,5.17158]},"faces":{"north":{"uv":[15,4.5,15.25,4.75],"texture":"#0"},"east":{"uv":[12.5,14,13,14.25],"texture":"#0"},"south":{"uv":[5,15,5.25,15.25],"texture":"#0"},"west":{"uv":[14,12.5,14.5,12.75],"texture":"#0"},"up":{"uv":[13.25,14.5,13,14],"texture":"#0"},"down":{"uv":[14.25,13,14,13.5],"texture":"#0"}}},{"from":[3.51829,7.299,4.00785],"to":[10.99329,7.799,4.90785],"rotation":{"angle":0,"axis":"y","origin":[6.99329,14.804,4.00785]},"faces":{"north":{"uv":[11.5,7.5,15.25,7.75],"texture":"#0"},"east":{"uv":[13.5,14,14,14.25],"texture":"#0"},"south":{"uv":[11.5,8,15.25,8.25],"texture":"#0"},"west":{"uv":[14,13.5,14.5,13.75],"texture":"#0"},"up":{"uv":[5.75,9,2,8.5],"texture":"#0"},"down":{"uv":[9.75,8.5,6,9],"texture":"#0"}}},{"from":[10.46722,10.576,4.04658],"to":[10.96722,11.076,4.94658],"rotation":{"angle":-22.5,"axis":"y","origin":[10.79222,10.824,5.17158]},"faces":{"north":{"uv":[8.5,15,8.75,15.25],"texture":"#0"},"east":{"uv":[14,14,14.5,14.25],"texture":"#0"},"south":{"uv":[15,8.5,15.25,8.75],"texture":"#0"},"west":{"uv":[0,14.5,0.5,14.75],"texture":"#0"},"up":{"uv":[14.75,0.5,14.5,0],"texture":"#0"},"down":{"uv":[0.75,14.5,0.5,15],"texture":"#0"}}},{"from":[10.68397,10.574,4.38577],"to":[11.58597,11.074,4.88577],"rotation":{"angle":45,"axis":"y","origin":[11.25997,10.825,4.53577]},"faces":{"north":{"uv":[14.5,0.5,15,0.75],"texture":"#0"},"east":{"uv":[9,15,9.25,15.25],"texture":"#0"},"south":{"uv":[1,14.5,1.5,14.75],"texture":"#0"},"west":{"uv":[15,9,15.25,9.25],"texture":"#0"},"up":{"uv":[15,1.25,14.5,1],"texture":"#0"},"down":{"uv":[2,14.5,1.5,14.75],"texture":"#0"}}},{"from":[10.68397,9.422,4.38577],"to":[11.58597,9.922,4.88577],"rotation":{"angle":45,"axis":"y","origin":[11.25997,9.673,4.53577]},"faces":{"north":{"uv":[14.5,1.5,15,1.75],"texture":"#0"},"east":{"uv":[9.5,15,9.75,15.25],"texture":"#0"},"south":{"uv":[2,14.5,2.5,14.75],"texture":"#0"},"west":{"uv":[15,9.5,15.25,9.75],"texture":"#0"},"up":{"uv":[15,2.25,14.5,2],"texture":"#0"},"down":{"uv":[3,14.5,2.5,14.75],"texture":"#0"}}},{"from":[10.46722,9.424,4.04658],"to":[10.96722,9.924,4.94658],"rotation":{"angle":-22.5,"axis":"y","origin":[10.79222,9.672,5.17158]},"faces":{"north":{"uv":[10,15,10.25,15.25],"texture":"#0"},"east":{"uv":[14.5,2.5,15,2.75],"texture":"#0"},"south":{"uv":[15,10,15.25,10.25],"texture":"#0"},"west":{"uv":[3,14.5,3.5,14.75],"texture":"#0"},"up":{"uv":[14.75,3.5,14.5,3],"texture":"#0"},"down":{"uv":[3.75,14.5,3.5,15],"texture":"#0"}}},{"from":[10.46722,8.299,4.04658],"to":[10.96722,8.799,4.94658],"rotation":{"angle":-22.5,"axis":"y","origin":[10.79222,8.547,5.17158]},"faces":{"north":{"uv":[11.5,15,11.75,15.25],"texture":"#0"},"east":{"uv":[14.5,3.5,15,3.75],"texture":"#0"},"south":{"uv":[15,11.5,15.25,11.75],"texture":"#0"},"west":{"uv":[4,14.5,4.5,14.75],"texture":"#0"},"up":{"uv":[14.75,4.5,14.5,4],"texture":"#0"},"down":{"uv":[4.75,14.5,4.5,15],"texture":"#0"}}},{"from":[10.68397,8.297,4.38577],"to":[11.58597,8.797,4.88577],"rotation":{"angle":45,"axis":"y","origin":[11.25997,8.548,4.53577]},"faces":{"north":{"uv":[14.5,4.5,15,4.75],"texture":"#0"},"east":{"uv":[12,15,12.25,15.25],"texture":"#0"},"south":{"uv":[5,14.5,5.5,14.75],"texture":"#0"},"west":{"uv":[15,12,15.25,12.25],"texture":"#0"},"up":{"uv":[6,14.75,5.5,14.5],"texture":"#0"},"down":{"uv":[6.5,14.5,6,14.75],"texture":"#0"}}},{"from":[10.68397,7.297,4.38577],"to":[11.58597,7.797,4.88577],"rotation":{"angle":45,"axis":"y","origin":[11.25997,7.548,4.53577]},"faces":{"north":{"uv":[6.5,14.5,7,14.75],"texture":"#0"},"east":{"uv":[12.5,15,12.75,15.25],"texture":"#0"},"south":{"uv":[7,14.5,7.5,14.75],"texture":"#0"},"west":{"uv":[15,12.5,15.25,12.75],"texture":"#0"},"up":{"uv":[8,14.75,7.5,14.5],"texture":"#0"},"down":{"uv":[8.5,14.5,8,14.75],"texture":"#0"}}},{"from":[10.46722,7.299,4.04658],"to":[10.96722,7.799,4.94658],"rotation":{"angle":-22.5,"axis":"y","origin":[10.79222,7.547,5.17158]},"faces":{"north":{"uv":[13,15,13.25,15.25],"texture":"#0"},"east":{"uv":[8.5,14.5,9,14.75],"texture":"#0"},"south":{"uv":[15,13,15.25,13.25],"texture":"#0"},"west":{"uv":[9,14.5,9.5,14.75],"texture":"#0"},"up":{"uv":[9.75,15,9.5,14.5],"texture":"#0"},"down":{"uv":[14.75,9.5,14.5,10],"texture":"#0"}}},{"from":[10.60052,7.299,4.76905],"to":[11.50252,7.799,5.69405],"rotation":{"angle":22.5,"axis":"y","origin":[11.07652,7.549,4.06905]},"faces":{"north":{"uv":[10,14.5,10.5,14.75],"texture":"#0"},"east":{"uv":[14.5,10,15,10.25],"texture":"#0"},"south":{"uv":[10.5,14.5,11,14.75],"texture":"#0"},"west":{"uv":[14.5,10.5,15,10.75],"texture":"#0"},"up":{"uv":[14,3.5,13.5,3],"texture":"#0"},"down":{"uv":[4,13.5,3.5,14],"texture":"#0"}}},{"from":[10.60052,8.299,4.76905],"to":[11.50252,8.799,5.69405],"rotation":{"angle":22.5,"axis":"y","origin":[11.07652,8.549,4.06905]},"faces":{"north":{"uv":[11,14.5,11.5,14.75],"texture":"#0"},"east":{"uv":[14.5,11,15,11.25],"texture":"#0"},"south":{"uv":[11.5,14.5,12,14.75],"texture":"#0"},"west":{"uv":[14.5,11.5,15,11.75],"texture":"#0"},"up":{"uv":[4.5,14,4,13.5],"texture":"#0"},"down":{"uv":[14,4,13.5,4.5],"texture":"#0"}}},{"from":[10.60052,9.424,4.76905],"to":[11.50252,9.924,5.69405],"rotation":{"angle":22.5,"axis":"y","origin":[11.07652,9.674,4.06905]},"faces":{"north":{"uv":[12,14.5,12.5,14.75],"texture":"#0"},"east":{"uv":[14.5,12,15,12.25],"texture":"#0"},"south":{"uv":[12.5,14.5,13,14.75],"texture":"#0"},"west":{"uv":[14.5,12.5,15,12.75],"texture":"#0"},"up":{"uv":[5,14,4.5,13.5],"texture":"#0"},"down":{"uv":[14,4.5,13.5,5],"texture":"#0"}}},{"from":[10.60052,10.576,4.76905],"to":[11.50252,11.076,5.69405],"rotation":{"angle":22.5,"axis":"y","origin":[11.07652,10.826,4.06905]},"faces":{"north":{"uv":[13,14.5,13.5,14.75],"texture":"#0"},"east":{"uv":[14.5,13,15,13.25],"texture":"#0"},"south":{"uv":[13.5,14.5,14,14.75],"texture":"#0"},"west":{"uv":[14.5,13.5,15,13.75],"texture":"#0"},"up":{"uv":[5.5,14,5,13.5],"texture":"#0"},"down":{"uv":[6,13.5,5.5,14],"texture":"#0"}}},{"from":[2.93824,6.799,14.62061],"to":[3.84024,11.576,15.54561],"rotation":{"angle":22.5,"axis":"y","origin":[3.36424,11.326,16.24561]},"faces":{"north":{"uv":[6,9,6.5,11.5],"texture":"#0"},"east":{"uv":[6.5,9,7,11.5],"texture":"#0"},"south":{"uv":[7,9,7.5,11.5],"texture":"#0"},"west":{"uv":[7.5,9,8,11.5],"texture":"#0"},"up":{"uv":[6.5,14,6,13.5],"texture":"#0"},"down":{"uv":[7,13.5,6.5,14],"texture":"#0"}}},{"from":[2.8548,6.799,15.42889],"to":[3.7568,11.576,15.92889],"rotation":{"angle":45,"axis":"y","origin":[3.1808,11.325,15.77889]},"faces":{"north":{"uv":[8,9,8.5,11.5],"texture":"#0"},"east":{"uv":[8.5,11.5,8.75,14],"texture":"#0"},"south":{"uv":[8.5,9,9,11.5],"texture":"#0"},"west":{"uv":[9,11.5,9.25,14],"texture":"#0"},"up":{"uv":[14.5,14.75,14,14.5],"texture":"#0"},"down":{"uv":[15,14,14.5,14.25],"texture":"#0"}}},{"from":[3.47354,6.799,15.36808],"to":[3.97354,11.576,16.26808],"rotation":{"angle":-22.5,"axis":"y","origin":[3.64854,11.324,15.14308]},"faces":{"north":{"uv":[9.5,11.5,9.75,14],"texture":"#0"},"east":{"uv":[9,9,9.5,11.5],"texture":"#0"},"south":{"uv":[11.5,9.5,11.75,12],"texture":"#0"},"west":{"uv":[0,9.5,0.5,12],"texture":"#0"},"up":{"uv":[14.75,15,14.5,14.5],"texture":"#0"},"down":{"uv":[0.25,15,0,15.5],"texture":"#0"}}},{"from":[10.60052,6.799,14.62061],"to":[11.50252,11.576,15.54561],"rotation":{"angle":-22.5,"axis":"y","origin":[11.07652,11.326,16.24561]},"faces":{"north":{"uv":[6.5,9,6,11.5],"texture":"#0"},"east":{"uv":[8,9,7.5,11.5],"texture":"#0"},"south":{"uv":[7.5,9,7,11.5],"texture":"#0"},"west":{"uv":[7,9,6.5,11.5],"texture":"#0"},"up":{"uv":[6,14,6.5,13.5],"texture":"#0"},"down":{"uv":[6.5,13.5,7,14],"texture":"#0"}}},{"from":[10.68397,6.799,15.42889],"to":[11.58597,11.576,15.92889],"rotation":{"angle":-45,"axis":"y","origin":[11.25997,11.325,15.77889]},"faces":{"north":{"uv":[8.5,9,8,11.5],"texture":"#0"},"east":{"uv":[9.25,11.5,9,14],"texture":"#0"},"south":{"uv":[9,9,8.5,11.5],"texture":"#0"},"west":{"uv":[8.75,11.5,8.5,14],"texture":"#0"},"up":{"uv":[14,14.75,14.5,14.5],"texture":"#0"},"down":{"uv":[14.5,14,15,14.25],"texture":"#0"}}},{"from":[10.46722,6.799,15.36808],"to":[10.96722,11.576,16.26808],"rotation":{"angle":22.5,"axis":"y","origin":[10.79222,11.324,15.14308]},"faces":{"north":{"uv":[9.75,11.5,9.5,14],"texture":"#0"},"east":{"uv":[0.5,9.5,0,12],"texture":"#0"},"south":{"uv":[11.75,9.5,11.5,12],"texture":"#0"},"west":{"uv":[9.5,9,9,11.5],"texture":"#0"},"up":{"uv":[14.5,15,14.75,14.5],"texture":"#0"},"down":{"uv":[0,15,0.25,15.5],"texture":"#0"}}},{"from":[3.51829,6.799,15.40681],"to":[10.91829,11.576,16.30681],"rotation":{"angle":0,"axis":"y","origin":[6.99329,18.581,16.30681]},"faces":{"north":{"uv":[0,0,3.75,2.5],"texture":"#0"},"east":{"uv":[0.5,9.5,1,12],"texture":"#0"},"south":{"uv":[0,2.5,3.75,5],"texture":"#0"},"west":{"uv":[1,9.5,1.5,12],"texture":"#0"},"up":{"uv":[12.75,0.5,9,0],"texture":"#0"},"down":{"uv":[12.75,0.5,9,1],"texture":"#0"}}}],"gui_light":"front","display":{"thirdperson_righthand":{"translation":[0.5,-2.75,-1.5],"scale":[0.6,0.6,0.6]},"thirdperson_lefthand":{"translation":[-0.25,-2.75,-1.5],"scale":[0.6,0.6,0.6]},"firstperson_righthand":{"translation":[0.75,3,0.75],"scale":[0.5,0.5,0.5]},"firstperson_lefthand":{"rotation":[0.5,0,0],"translation":[0.75,2.25,0.75],"scale":[-0.5,0.5,0.33008]},"ground":{"rotation":[9.2,1.4,17.35],"translation":[1.5,5.25,0],"scale":[0.9,0.9,0.9]},"gui":{"rotation":[-169.17,30.24,-178.92],"translation":[-2.25,-1.75,0],"scale":[1.2,1.2,1.1]},"head":{"translation":[1.17,-3,-3.25],"scale":[1.57031,1.5957,1.27344]},"fixed":{"translation":[0.75,-1.25,-0.25],"scale":[1.2,1.2,1.2]}}}