{"credit":"Naruto RPG","textures":{"0":"cabeza:item/cabeza_orejasgato"},"elements":[{"from":[14.58547,15.5474,7.376],"to":[15.31047,18.3474,8.626],"rotation":{"angle":0,"axis":"y","origin":[14.78547,17.0974,8.37399]},"faces":{"north":{"uv":[0,0,6,6],"texture":"#0"},"east":{"uv":[0,0,6,6],"texture":"#0"},"south":{"uv":[0,0,6,6],"texture":"#0"},"west":{"uv":[0,0,6,6],"texture":"#0"},"up":{"uv":[0,0,6,6],"texture":"#0"},"down":{"uv":[0,0,6,6],"texture":"#0"}}},{"from":[12.80437,17.0692,7.376],"to":[14.90437,17.7942,8.626],"rotation":{"angle":22.5,"axis":"z","origin":[13.35437,17.2692,8.37399]},"faces":{"north":{"uv":[0,0,6,6],"texture":"#0"},"east":{"uv":[0,0,6,6],"texture":"#0"},"south":{"uv":[0,0,6,6],"texture":"#0"},"west":{"uv":[0,0,6,6],"texture":"#0"},"up":{"uv":[0,0,6,6],"texture":"#0"},"down":{"uv":[0,0,6,6],"texture":"#0"}}},{"from":[11.62054,15.87652,7.376],"to":[13.47054,16.60152,8.626],"rotation":{"angle":45,"axis":"z","origin":[11.92054,16.07652,8.37399]},"faces":{"north":{"uv":[0,0,6,6],"texture":"#0"},"east":{"uv":[0,0,6,6],"texture":"#0"},"south":{"uv":[0,0,6,6],"texture":"#0"},"west":{"uv":[0,0,6,6],"texture":"#0"},"up":{"uv":[0,0,6,6],"texture":"#0"},"down":{"uv":[0,0,6,6],"texture":"#0"}}},{"from":[10.70406,14.8527,7.376],"to":[11.42906,16.1527,8.626],"rotation":{"angle":-22.5,"axis":"z","origin":[11.22906,14.6027,8.37399]},"faces":{"north":{"uv":[0,0,6,6],"texture":"#0"},"east":{"uv":[0,0,6,6],"texture":"#0"},"south":{"uv":[0,0,6,6],"texture":"#0"},"west":{"uv":[0,0,6,6],"texture":"#0"},"up":{"uv":[0,0,6,6],"texture":"#0"},"down":{"uv":[0,0,6,6],"texture":"#0"}}},{"from":[14.07055,12.33368,7.376],"to":[14.79555,15.85868,8.626],"rotation":{"angle":-22.5,"axis":"z","origin":[14.27055,14.40868,8.37399]},"faces":{"north":{"uv":[0,0,6,6],"texture":"#0"},"east":{"uv":[0,0,6,6],"texture":"#0"},"south":{"uv":[0,0,6,6],"texture":"#0"},"west":{"uv":[0,0,6,6],"texture":"#0"},"up":{"uv":[0,0,6,6],"texture":"#0"},"down":{"uv":[0,0,6,6],"texture":"#0"}}},{"from":[11.53364,13.6625,7.376],"to":[12.25864,17.1125,8.626],"rotation":{"angle":45,"axis":"z","origin":[13.73364,15.2375,8.37399]},"faces":{"north":{"uv":[0,0,6,6],"texture":"#0"},"east":{"uv":[0,0,6,6],"texture":"#0"},"south":{"uv":[0,0,6,6],"texture":"#0"},"west":{"uv":[0,0,6,6],"texture":"#0"},"up":{"uv":[0,0,6,6],"texture":"#0"},"down":{"uv":[0,0,6,6],"texture":"#0"}}},{"from":[12.47055,13.03368,7.69799],"to":[14.07055,17.48368,8.62299],"rotation":{"angle":-22.5,"axis":"z","origin":[14.27055,14.40868,8.37399]},"faces":{"north":{"uv":[7.025,0,11.025,6],"texture":"#0"},"east":{"uv":[7.025,0,11.025,6],"texture":"#0"},"south":{"uv":[0,0,6,6],"texture":"#0"},"west":{"uv":[7.025,0,11.025,6],"texture":"#0"},"up":{"uv":[7.025,0,11.025,6],"texture":"#0"},"down":{"uv":[7.025,0,11.025,6],"texture":"#0"}}},{"from":[11.57055,13.55868,7.69799],"to":[12.54555,16.65868,8.62299],"rotation":{"angle":-22.5,"axis":"z","origin":[14.27055,14.40868,8.37399]},"faces":{"north":{"uv":[7.025,0,10.925,6],"texture":"#0"},"east":{"uv":[7.025,0,11.025,6],"texture":"#0"},"south":{"uv":[0,0,6,6],"texture":"#0"},"west":{"uv":[7.025,0,11.025,6],"texture":"#0"},"up":{"uv":[7.025,0,11.025,6],"texture":"#0"},"down":{"uv":[7.025,0,11.025,6],"texture":"#0"}}},{"from":[0.68953,15.5474,7.376],"to":[1.41453,18.3474,8.626],"rotation":{"angle":0,"axis":"y","origin":[1.21453,17.0974,8.37399]},"faces":{"north":{"uv":[6,0,0,6],"texture":"#0"},"east":{"uv":[6,0,0,6],"texture":"#0"},"south":{"uv":[6,0,0,6],"texture":"#0"},"west":{"uv":[6,0,0,6],"texture":"#0"},"up":{"uv":[6,0,0,6],"texture":"#0"},"down":{"uv":[6,0,0,6],"texture":"#0"}}},{"from":[1.09563,17.0692,7.376],"to":[3.19563,17.7942,8.626],"rotation":{"angle":-22.5,"axis":"z","origin":[2.64563,17.2692,8.37399]},"faces":{"north":{"uv":[6,0,0,6],"texture":"#0"},"east":{"uv":[6,0,0,6],"texture":"#0"},"south":{"uv":[6,0,0,6],"texture":"#0"},"west":{"uv":[6,0,0,6],"texture":"#0"},"up":{"uv":[6,0,0,6],"texture":"#0"},"down":{"uv":[6,0,0,6],"texture":"#0"}}},{"from":[2.52946,15.87652,7.376],"to":[4.37946,16.60152,8.626],"rotation":{"angle":-45,"axis":"z","origin":[4.07946,16.07652,8.37399]},"faces":{"north":{"uv":[6,0,0,6],"texture":"#0"},"east":{"uv":[6,0,0,6],"texture":"#0"},"south":{"uv":[6,0,0,6],"texture":"#0"},"west":{"uv":[6,0,0,6],"texture":"#0"},"up":{"uv":[6,0,0,6],"texture":"#0"},"down":{"uv":[6,0,0,6],"texture":"#0"}}},{"from":[4.57094,14.8527,7.376],"to":[5.29594,16.1527,8.626],"rotation":{"angle":22.5,"axis":"z","origin":[4.77094,14.6027,8.37399]},"faces":{"north":{"uv":[6,0,0,6],"texture":"#0"},"east":{"uv":[6,0,0,6],"texture":"#0"},"south":{"uv":[6,0,0,6],"texture":"#0"},"west":{"uv":[6,0,0,6],"texture":"#0"},"up":{"uv":[6,0,0,6],"texture":"#0"},"down":{"uv":[6,0,0,6],"texture":"#0"}}},{"from":[1.20445,12.33368,7.376],"to":[1.92945,15.85868,8.626],"rotation":{"angle":22.5,"axis":"z","origin":[1.72945,14.40868,8.37399]},"faces":{"north":{"uv":[6,0,0,6],"texture":"#0"},"east":{"uv":[6,0,0,6],"texture":"#0"},"south":{"uv":[6,0,0,6],"texture":"#0"},"west":{"uv":[6,0,0,6],"texture":"#0"},"up":{"uv":[6,0,0,6],"texture":"#0"},"down":{"uv":[6,0,0,6],"texture":"#0"}}},{"from":[1.92945,13.03368,7.69799],"to":[3.52945,17.48368,8.62299],"rotation":{"angle":22.5,"axis":"z","origin":[1.72945,14.40868,8.37399]},"faces":{"north":{"uv":[11.025,0,7.025,6],"texture":"#0"},"east":{"uv":[11.025,0,7.025,6],"texture":"#0"},"south":{"uv":[3,7,0,13],"texture":"#0"},"west":{"uv":[11.025,0,7.025,6],"texture":"#0"},"up":{"uv":[11.025,0,7.025,6],"texture":"#0"},"down":{"uv":[11.025,0,7.025,6],"texture":"#0"}}},{"from":[3.45445,13.55868,7.69799],"to":[4.42945,16.65868,8.62299],"rotation":{"angle":22.5,"axis":"z","origin":[1.72945,14.40868,8.37399]},"faces":{"north":{"uv":[10.925,0,7.025,6],"texture":"#0"},"east":{"uv":[11.025,0,7.025,6],"texture":"#0"},"south":{"uv":[6,7,4,13],"texture":"#0"},"west":{"uv":[11.025,0,7.025,6],"texture":"#0"},"up":{"uv":[11.025,0,7.025,6],"texture":"#0"},"down":{"uv":[11.025,0,7.025,6],"texture":"#0"}}},{"from":[3.74136,13.6625,7.376],"to":[4.46636,17.1125,8.626],"rotation":{"angle":-45,"axis":"z","origin":[2.26636,15.2375,8.37399]},"faces":{"north":{"uv":[6,0,0,6],"texture":"#0"},"east":{"uv":[6,0,0,6],"texture":"#0"},"south":{"uv":[6,0,0,6],"texture":"#0"},"west":{"uv":[6,0,0,6],"texture":"#0"},"up":{"uv":[6,0,0,6],"texture":"#0"},"down":{"uv":[6,0,0,6],"texture":"#0"}}}],"gui_light":"front","display":{"thirdperson_righthand":{"rotation":[-172.04,1.37,-179.45],"translation":[0,-3,0.25],"scale":[0.5,0.5,0.5]},"thirdperson_lefthand":{"rotation":[-172.04,1.37,-179.45],"translation":[0,-3,0.25],"scale":[0.5,0.5,0.5]},"firstperson_righthand":{"rotation":[-167.42,-2.14,178.26],"translation":[3,-2.75,-1.25],"scale":[0.5,0.5,0.5]},"firstperson_lefthand":{"rotation":[-167.42,-0.22,177.86],"translation":[3,-2.75,-1.25],"scale":[0.5,0.5,0.5]},"ground":{"rotation":[-4.55,0.67,-16.56],"translation":[-1.25,-1,-0.5]},"gui":{"rotation":[180,34.75,180],"translation":[0,-9,1],"scale":[1.2,1.2,1.2]},"head":{"rotation":[1.5,0,0],"translation":[0,-1.5,-2],"scale":[1.10742,1.0957,1]},"fixed":{"translation":[0,-5.75,1],"scale":[0.79492,0.89258,1]}}}