{"credit":"Naruto RPG","texture_size":[32,32],"textures":{"0":"cabeza:item/cabeza_mascarashinobi","particle":"cabeza:item/cabeza_mascarashinobi"},"elements":[{"name":"head","from":[3.6,23.8,3.6],"to":[12.4,26.5,4],"rotation":{"angle":0,"axis":"y","origin":[0,0.3,-8]},"faces":{"north":{"uv":[0,0,4.375,1.375],"texture":"#0"},"east":{"uv":[5.5,1,5.75,2.375],"texture":"#0"},"south":{"uv":[4.375,0,0,1.375],"texture":"#0"},"west":{"uv":[3,5.5,3.25,6.875],"texture":"#0"},"up":{"uv":[8.375,3.25,4,3],"texture":"#0"},"down":{"uv":[8.375,3.5,4,3.75],"texture":"#0"}}},{"name":"head","from":[7.4,25.8,3.3],"to":[8.6,27.7,3.7],"rotation":{"angle":22.5,"axis":"x","origin":[8,26.35,3.5]},"faces":{"north":{"uv":[4.5,1,5.125,2],"texture":"#0"},"east":{"uv":[6,0,6.25,1],"texture":"#0"},"south":{"uv":[5.125,1,4.5,2],"texture":"#0"},"west":{"uv":[0.5,6,0.75,7],"texture":"#0"},"up":{"uv":[6.625,2.25,6,2],"texture":"#0"},"down":{"uv":[7.125,4,6.5,4.25],"texture":"#0"}}},{"name":"head","from":[3.6,26.5,3.6],"to":[4.5,27.6,4],"rotation":{"angle":0,"axis":"y","origin":[0,0.3,-8]},"faces":{"north":{"uv":[5.5,5.5,6,6],"texture":"#0"},"east":{"uv":[6.5,6,6.75,6.5],"texture":"#0"},"south":{"uv":[0,6,0.5,6.5],"texture":"#0"},"west":{"uv":[6.5,6.5,6.75,7],"texture":"#0"},"up":{"uv":[7.5,0.25,7,0],"texture":"#0"},"down":{"uv":[1,7,0.5,7.25],"texture":"#0"}}},{"name":"head","from":[4.2257,26.36533,3.625],"to":[4.7257,27.56533,3.975],"rotation":{"angle":22.5,"axis":"z","origin":[4.5257,27.01533,3.8]},"faces":{"north":{"uv":[6.5,0,6.75,0.625],"texture":"#0"},"east":{"uv":[7,1.5,7.125,2.125],"texture":"#0"},"south":{"uv":[6.5,1,6.75,1.625],"texture":"#0"},"west":{"uv":[2,7,2.125,7.625],"texture":"#0"},"up":{"uv":[3.25,7.125,3,7],"texture":"#0"},"down":{"uv":[3.75,7,3.5,7.125],"texture":"#0"}}},{"name":"head","from":[3.6,23.8,4],"to":[4.1,27.6,6],"rotation":{"angle":0,"axis":"y","origin":[0,0.3,-8]},"faces":{"north":{"uv":[2,5,2.25,6.875],"texture":"#0"},"east":{"uv":[2,3,1,4.875],"texture":"#0"},"south":{"uv":[2.5,5,2.75,6.875],"texture":"#0"},"west":{"uv":[1,3,2,4.875],"texture":"#0"},"up":{"uv":[5.75,5,5.5,4],"texture":"#0"},"down":{"uv":[5.25,5.5,5,6.5],"texture":"#0"}}},{"name":"head","from":[3.625,25.72008,5.40726],"to":[4,27.32008,6.00726],"rotation":{"angle":22.5,"axis":"x","origin":[3.65,25.97008,6.40726]},"faces":{"north":{"uv":[4,6,4.25,6.75],"texture":"#0"},"east":{"uv":[6,4,6.25,4.75],"texture":"#0"},"south":{"uv":[4.5,6,4.75,6.75],"texture":"#0"},"west":{"uv":[5.5,6,5.75,6.75],"texture":"#0"},"up":{"uv":[2.75,7.25,2.5,7],"texture":"#0"},"down":{"uv":[7.25,2.5,7,2.75],"texture":"#0"}}},{"name":"head","from":[3.625,24.4617,4.89749],"to":[4.075,25.2617,5.69749],"rotation":{"angle":-45,"axis":"x","origin":[3.7,25.4617,6.24749]},"faces":{"north":{"uv":[7,0.5,7.25,0.875],"texture":"#0"},"east":{"uv":[5,6.5,5.375,6.875],"texture":"#0"},"south":{"uv":[1,7,1.25,7.375],"texture":"#0"},"west":{"uv":[6,6.5,6.375,6.875],"texture":"#0"},"up":{"uv":[7.25,1.375,7,1],"texture":"#0"},"down":{"uv":[1.75,7,1.5,7.375],"texture":"#0"}}},{"name":"head","from":[3.81214,22.1665,3.575],"to":[7.31214,23.9665,4.025],"rotation":{"angle":-22.5,"axis":"z","origin":[7.81214,23.5165,3.575]},"faces":{"north":{"uv":[2,3,3.75,3.875],"texture":"#0"},"east":{"uv":[1,6,1.25,6.875],"texture":"#0"},"south":{"uv":[3.75,3,2,3.875],"texture":"#0"},"west":{"uv":[6,1,6.25,1.875],"texture":"#0"},"up":{"uv":[4.75,5.25,3,5],"texture":"#0"},"down":{"uv":[6.75,5,5,5.25],"texture":"#0"}}},{"name":"head","from":[11.925,24.4617,4.89749],"to":[12.375,25.2617,5.69749],"rotation":{"angle":-45,"axis":"x","origin":[12.3,25.4617,6.24749]},"faces":{"north":{"uv":[7.25,0.5,7,0.875],"texture":"#0"},"east":{"uv":[6.375,6.5,6,6.875],"texture":"#0"},"south":{"uv":[1.25,7,1,7.375],"texture":"#0"},"west":{"uv":[5.375,6.5,5,6.875],"texture":"#0"},"up":{"uv":[7,1.375,7.25,1],"texture":"#0"},"down":{"uv":[1.5,7,1.75,7.375],"texture":"#0"}}},{"name":"head","from":[12,25.72008,5.40726],"to":[12.375,27.32008,6.00726],"rotation":{"angle":22.5,"axis":"x","origin":[12.35,25.97008,6.40726]},"faces":{"north":{"uv":[4.25,6,4,6.75],"texture":"#0"},"east":{"uv":[5.75,6,5.5,6.75],"texture":"#0"},"south":{"uv":[4.75,6,4.5,6.75],"texture":"#0"},"west":{"uv":[6.25,4,6,4.75],"texture":"#0"},"up":{"uv":[2.5,7.25,2.75,7],"texture":"#0"},"down":{"uv":[7,2.5,7.25,2.75],"texture":"#0"}}},{"name":"head","from":[11.9,23.8,4],"to":[12.4,27.6,6],"rotation":{"angle":0,"axis":"y","origin":[16,0.3,-8]},"faces":{"north":{"uv":[2.25,5,2,6.875],"texture":"#0"},"east":{"uv":[2,3,1,4.875],"texture":"#0"},"south":{"uv":[2.75,5,2.5,6.875],"texture":"#0"},"west":{"uv":[1,3,2,4.875],"texture":"#0"},"up":{"uv":[5.5,5,5.75,4],"texture":"#0"},"down":{"uv":[5,5.5,5.25,6.5],"texture":"#0"}}},{"name":"head","from":[11.2743,26.36533,3.625],"to":[11.7743,27.56533,3.975],"rotation":{"angle":-22.5,"axis":"z","origin":[11.4743,27.01533,3.8]},"faces":{"north":{"uv":[6.75,0,6.5,0.625],"texture":"#0"},"east":{"uv":[2.125,7,2,7.625],"texture":"#0"},"south":{"uv":[6.75,1,6.5,1.625],"texture":"#0"},"west":{"uv":[7.125,1.5,7,2.125],"texture":"#0"},"up":{"uv":[3,7.125,3.25,7],"texture":"#0"},"down":{"uv":[3.5,7,3.75,7.125],"texture":"#0"}}},{"name":"head","from":[11.5,26.5,3.6],"to":[12.4,27.6,4],"rotation":{"angle":0,"axis":"y","origin":[16,0.3,-8]},"faces":{"north":{"uv":[6,5.5,5.5,6],"texture":"#0"},"east":{"uv":[6.75,6.5,6.5,7],"texture":"#0"},"south":{"uv":[0.5,6,0,6.5],"texture":"#0"},"west":{"uv":[6.75,6,6.5,6.5],"texture":"#0"},"up":{"uv":[7,0.25,7.5,0],"texture":"#0"},"down":{"uv":[0.5,7,1,7.25],"texture":"#0"}}},{"name":"head","from":[8.68786,22.1665,3.575],"to":[12.18786,23.9665,4.025],"rotation":{"angle":22.5,"axis":"z","origin":[8.18786,23.5165,3.575]},"faces":{"north":{"uv":[3.75,3,2,3.875],"texture":"#0"},"east":{"uv":[6.25,1,6,1.875],"texture":"#0"},"south":{"uv":[2,3,3.75,3.875],"texture":"#0"},"west":{"uv":[1.25,6,1,6.875],"texture":"#0"},"up":{"uv":[3,5.25,4.75,5],"texture":"#0"},"down":{"uv":[5,5,6.75,5.25],"texture":"#0"}}},{"name":"head","from":[6.84142,22.46061,3.6],"to":[9.16642,23.81061,4],"rotation":{"angle":0,"axis":"y","origin":[4.76642,23.81061,3.6]},"faces":{"north":{"uv":[4,4,5.125,4.575],"texture":"#0"},"east":{"uv":[6,5.5,6.25,6.125],"texture":"#0"},"south":{"uv":[5.125,4,4,4.625],"texture":"#0"},"west":{"uv":[0,6.5,0.25,7.125],"texture":"#0"},"up":{"uv":[6.625,2.75,5.5,2.5],"texture":"#0"},"down":{"uv":[4.625,5.5,3.5,5.75],"texture":"#0"}}},{"name":"head","from":[7.43358,22.04345,3.31716],"to":[8.55858,23.14345,3.71716],"rotation":{"angle":45,"axis":"x","origin":[11.23358,22.74345,3.31716]},"faces":{"north":{"uv":[0,5.25,0.625,5.875],"texture":"#0"},"east":{"uv":[1.5,6.25,1.75,6.875],"texture":"#0"},"south":{"uv":[0.625,5.25,0,5.875],"texture":"#0"},"west":{"uv":[3.5,6.25,3.75,6.875],"texture":"#0"},"up":{"uv":[7.125,4.75,6.5,4.5],"texture":"#0"},"down":{"uv":[7.125,5.5,6.5,5.75],"texture":"#0"}}}],"gui_light":"front","display":{"thirdperson_righthand":{"rotation":[90,0,0],"translation":[0,-2.25,-9.5],"scale":[0.62,0.62,0.62]},"thirdperson_lefthand":{"rotation":[90,0,0],"translation":[0,-2.25,-9.5],"scale":[0.62,0.62,0.62]},"firstperson_righthand":{"rotation":[-2,-9,0],"translation":[-3,-5.25,6.5],"scale":[0.55,0.55,0.55]},"firstperson_lefthand":{"rotation":[-2,-9,0],"translation":[-3,-5.25,6.5],"scale":[0.55,0.55,0.55]},"ground":{"rotation":[34.12,2.88,9.49],"translation":[2.75,-12.75,-6]},"gui":{"rotation":[-176.02,35.33,-170.21],"translation":[-0.75,-23.25,0],"scale":[1.4,1.4,1.4]},"head":{"translation":[0,-30.25,0],"scale":[1.48,1.48,1.48]},"fixed":{"translation":[0,-27.5,6.25],"scale":[1.63,1.63,1.63]}}}