{"credit":"Naruto RPG","texture_size":[128,128],"textures":{"0":"agua:item/agua_prision_1","1":"agua:item/agua_prision_2","particle":"agua:item/agua_prision_1"},"elements":[{"name":"hexadecagon","from":[6.71296,-0.67856,-5.65496],"to":[11.0969,14.82098,-5.65496],"rotation":{"angle":-45,"axis":"y","origin":[8.9049,7.07121,5.36484]},"faces":{"north":{"uv":[6,0,4,16],"texture":"#0"},"east":{"uv":[0,0,1,1],"texture":"#0"},"south":{"uv":[4,0,6,16],"texture":"#0"},"west":{"uv":[0,0,1,1],"texture":"#0"},"up":{"uv":[0,0,16,16],"texture":"#0"},"down":{"uv":[0,0,1,1],"texture":"#0"}}},{"name":"hexadecagon","from":[6.71297,-0.67856,-5.65495],"to":[11.09691,14.82098,-5.65495],"rotation":{"angle":-22.5,"axis":"y","origin":[8.9049,7.07121,5.36484]},"faces":{"north":{"uv":[4,0,6,16],"texture":"#0"},"east":{"uv":[0,0,1,1],"texture":"#0"},"south":{"uv":[6,0,4,16],"texture":"#0"},"west":{"uv":[0,0,1,1],"texture":"#0"},"up":{"uv":[0,0,16,16],"texture":"#0"},"down":{"uv":[0,0,1,1],"texture":"#0"}}},{"name":"hexadecagon","from":[6.71297,-0.67856,-5.65493],"to":[11.09691,14.82098,-5.65493],"rotation":{"angle":0,"axis":"y","origin":[8.9049,7.07121,5.36484]},"faces":{"north":{"uv":[6,0,8,16],"texture":"#0"},"east":{"uv":[0,0,1,1],"texture":"#0"},"south":{"uv":[8,0,6,16],"texture":"#0"},"west":{"uv":[0,0,1,1],"texture":"#0"},"up":{"uv":[6,0,8,16],"texture":"#0"},"down":{"uv":[0,0,1,1],"texture":"#0"}}},{"name":"hexadecagon","from":[6.71297,-0.67856,-5.65492],"to":[11.0969,14.82098,-5.65492],"rotation":{"angle":22.5,"axis":"y","origin":[8.9049,7.07121,5.36484]},"faces":{"north":{"uv":[8,0,10,16],"texture":"#0"},"east":{"uv":[0,0,1,1],"texture":"#0"},"south":{"uv":[10,0,8,16],"texture":"#0"},"west":{"uv":[0,0,1,1],"texture":"#0"},"up":{"uv":[0,0,16,16],"texture":"#0"},"down":{"uv":[0,0,1,1],"texture":"#0"}}},{"name":"hexadecagon","from":[6.71296,-0.67856,-5.6549],"to":[11.0969,14.82098,-5.6549],"rotation":{"angle":45,"axis":"y","origin":[8.9049,7.07121,5.36484]},"faces":{"north":{"uv":[10,0,12,16],"texture":"#0"},"east":{"uv":[0,0,1,1],"texture":"#0"},"south":{"uv":[12,0,10,16],"texture":"#0"},"west":{"uv":[0,0,1,1],"texture":"#0"},"up":{"uv":[12,0,10,16],"texture":"#0"},"down":{"uv":[0,0,1,1],"texture":"#0"}}},{"name":"hexadecagon","from":[-2.11483,-0.67856,3.17285],"to":[-2.11483,14.82098,7.55679],"rotation":{"angle":-22.5,"axis":"y","origin":[8.9049,7.07121,5.36484]},"faces":{"north":{"uv":[0,0,1,1],"texture":"#0"},"east":{"uv":[10,0,12,16],"texture":"#0"},"south":{"uv":[0,0,1,1],"texture":"#0"},"west":{"uv":[12,0,10,16],"texture":"#0"},"up":{"uv":[0,0,16,16],"texture":"#0"},"down":{"uv":[0,0,1,1],"texture":"#0"}}},{"name":"hexadecagon","from":[-2.11483,-0.67856,3.17287],"to":[-2.11483,14.82098,7.55681],"rotation":{"angle":0,"axis":"y","origin":[8.9049,7.07121,5.36484]},"faces":{"north":{"uv":[0,0,1,1],"texture":"#0"},"east":{"uv":[8,0,10,16],"texture":"#0"},"south":{"uv":[0,0,1,1],"texture":"#0"},"west":{"uv":[10,0,8,16],"texture":"#0"},"up":{"uv":[0,0,16,16],"texture":"#0"},"down":{"uv":[0,0,1,1],"texture":"#0"}}},{"name":"hexadecagon","from":[19.92463,-0.67856,3.17245],"to":[19.92463,14.82098,7.55639],"rotation":{"angle":0,"axis":"y","origin":[8.9049,7.07121,5.36484]},"faces":{"north":{"uv":[1,0,0,1],"texture":"#0"},"east":{"uv":[10,0,8,16],"texture":"#0"},"south":{"uv":[1,0,0,1],"texture":"#0"},"west":{"uv":[8,0,10,16],"texture":"#0"},"up":{"uv":[16,0,0,16],"texture":"#0"},"down":{"uv":[1,0,0,1],"texture":"#0"}}},{"name":"hexadecagon","from":[19.92471,-0.67856,3.17289],"to":[19.92471,14.82098,7.55682],"rotation":{"angle":22.5,"axis":"y","origin":[8.9049,7.07121,5.36484]},"faces":{"north":{"uv":[0,0,2,16],"texture":"#0"},"east":{"uv":[8,0,6,16],"texture":"#0"},"south":{"uv":[0,0,2,16],"texture":"#0"},"west":{"uv":[6,0,8,16],"texture":"#0"},"up":{"uv":[0,0,2,16],"texture":"#0"},"down":{"uv":[0,0,2,16],"texture":"#0"}}},{"name":"hexadecagon","from":[6.71296,-0.67856,16.38464],"to":[11.0969,14.82098,16.38464],"rotation":{"angle":45,"axis":"y","origin":[8.9049,7.07121,5.36484]},"faces":{"north":{"uv":[8,0,10,16],"texture":"#0"},"east":{"uv":[1,0,0,1],"texture":"#0"},"south":{"uv":[10,0,8,16],"texture":"#0"},"west":{"uv":[1,0,0,1],"texture":"#0"},"up":{"uv":[0,16,16,0],"texture":"#0"},"down":{"uv":[0,1,1,0],"texture":"#0"}}},{"name":"hexadecagon","from":[19.92462,-0.67856,3.17327],"to":[19.92462,14.82098,7.55721],"rotation":{"angle":-22.5,"axis":"y","origin":[8.9049,7.07121,5.36484]},"faces":{"north":{"uv":[1,0,0,1],"texture":"#0"},"east":{"uv":[8,0,10,16],"texture":"#0"},"south":{"uv":[1,0,0,1],"texture":"#0"},"west":{"uv":[10,0,8,16],"texture":"#0"},"up":{"uv":[0,16,16,0],"rotation":270,"texture":"#0"},"down":{"uv":[0,1,1,0],"rotation":90,"texture":"#0"}}},{"name":"hexadecagon","from":[6.71297,-0.67856,16.38462],"to":[11.09691,14.82098,16.38462],"rotation":{"angle":22.5,"axis":"y","origin":[8.9049,7.07121,5.36484]},"faces":{"north":{"uv":[10,0,8,16],"texture":"#0"},"east":{"uv":[1,0,0,1],"texture":"#0"},"south":{"uv":[8,0,10,16],"texture":"#0"},"west":{"uv":[1,0,0,1],"texture":"#0"},"up":{"uv":[0,16,16,0],"texture":"#0"},"down":{"uv":[0,1,1,0],"texture":"#0"}}},{"name":"hexadecagon","from":[6.71297,-0.67856,16.38461],"to":[11.09691,14.82098,16.38461],"rotation":{"angle":0,"axis":"y","origin":[8.9049,7.07121,5.36484]},"faces":{"north":{"uv":[8,0,6,16],"texture":"#0"},"east":{"uv":[1,0,0,1],"texture":"#0"},"south":{"uv":[6,0,8,16],"texture":"#0"},"west":{"uv":[1,0,0,1],"texture":"#0"},"up":{"uv":[6,16,8,0],"texture":"#0"},"down":{"uv":[0,1,1,0],"texture":"#0"}}},{"name":"hexadecagon","from":[6.71297,-0.67856,16.38459],"to":[11.0969,14.82098,16.38459],"rotation":{"angle":-22.5,"axis":"y","origin":[8.9049,7.07121,5.36484]},"faces":{"north":{"uv":[6,0,4,16],"texture":"#0"},"east":{"uv":[1,0,0,1],"texture":"#0"},"south":{"uv":[4,0,6,16],"texture":"#0"},"west":{"uv":[1,0,0,1],"texture":"#0"},"up":{"uv":[0,16,16,0],"texture":"#0"},"down":{"uv":[0,1,1,0],"texture":"#0"}}},{"name":"hexadecagon","from":[6.71296,-0.67856,16.38458],"to":[11.0969,14.82098,16.38458],"rotation":{"angle":-45,"axis":"y","origin":[8.9049,7.07121,5.36484]},"faces":{"north":{"uv":[4,0,6,16],"texture":"#0"},"east":{"uv":[1,0,0,1],"texture":"#0"},"south":{"uv":[6,0,4,16],"texture":"#0"},"west":{"uv":[1,0,0,1],"texture":"#0"},"up":{"uv":[8,16,10,0],"texture":"#0"},"down":{"uv":[0,1,1,0],"texture":"#0"}}},{"name":"hexadecagon","from":[-2.11483,-0.67856,3.17289],"to":[-2.11483,14.82098,7.55682],"rotation":{"angle":22.5,"axis":"y","origin":[8.9049,7.07121,5.36484]},"faces":{"north":{"uv":[1,0,0,1],"texture":"#0"},"east":{"uv":[6,0,8,16],"texture":"#0"},"south":{"uv":[1,0,0,1],"texture":"#0"},"west":{"uv":[8,0,6,16],"texture":"#0"},"up":{"uv":[0,16,16,0],"texture":"#0"},"down":{"uv":[0,1,1,0],"texture":"#0"}}},{"from":[1.95439,5.14487,-1.27],"to":[15.45439,18.64487,12.23],"rotation":{"angle":0,"axis":"y","origin":[8.82348,11.92467,5.75]},"faces":{"north":{"uv":[0,0,1.875,1.875],"texture":"#1"},"east":{"uv":[0,1.875,1.875,3.75],"texture":"#1"},"south":{"uv":[1.875,0,3.75,1.875],"texture":"#1"},"west":{"uv":[1.875,1.875,3.75,3.75],"texture":"#1"},"up":{"uv":[1.875,5.625,0,3.75],"texture":"#1"},"down":{"uv":[5.625,0,3.75,1.875],"texture":"#1"}}},{"from":[-0.07061,6.49487,0.08],"to":[2.62939,17.29487,10.88],"rotation":{"angle":0,"axis":"y","origin":[8.82348,11.92467,5.75]},"faces":{"north":{"uv":[1.5,5.625,1.875,7.125],"texture":"#1"},"east":{"uv":[1.875,3.75,3.375,5.25],"texture":"#1"},"south":{"uv":[6.375,4.875,6.75,6.375],"texture":"#1"},"west":{"uv":[3.75,1.875,5.25,3.375],"texture":"#1"},"up":{"uv":[6.75,7.875,6.375,6.375],"texture":"#1"},"down":{"uv":[7.125,1.5,6.75,3],"texture":"#1"}}},{"from":[3.39439,6.49487,11.33],"to":[14.19439,17.29487,14.03],"rotation":{"angle":0,"axis":"y","origin":[8.82348,11.92467,5.75]},"faces":{"north":{"uv":[3.375,3.75,4.875,5.25],"texture":"#1"},"east":{"uv":[1.875,6.75,2.25,8.25],"texture":"#1"},"south":{"uv":[4.875,3.375,6.375,4.875],"texture":"#1"},"west":{"uv":[2.25,6.75,2.625,8.25],"texture":"#1"},"up":{"uv":[4.125,7.125,2.625,6.75],"texture":"#1"},"down":{"uv":[8.25,3,6.75,3.375],"texture":"#1"}}},{"from":[3.39439,6.49487,-2.53],"to":[14.19439,17.29487,0.17],"rotation":{"angle":0,"axis":"y","origin":[8.82348,11.92467,5.75]},"faces":{"north":{"uv":[4.875,4.875,6.375,6.375],"texture":"#1"},"east":{"uv":[4.125,6.75,4.5,8.25],"texture":"#1"},"south":{"uv":[1.875,5.25,3.375,6.75],"texture":"#1"},"west":{"uv":[4.5,6.75,4.875,8.25],"texture":"#1"},"up":{"uv":[8.25,5.25,6.75,4.875],"texture":"#1"},"down":{"uv":[8.25,5.25,6.75,5.625],"texture":"#1"}}},{"from":[15.01757,6.49487,0.08],"to":[17.71757,17.29487,10.88],"rotation":{"angle":0,"axis":"y","origin":[8.82348,11.92467,5.75]},"faces":{"north":{"uv":[6.75,5.625,7.125,7.125],"texture":"#1"},"east":{"uv":[5.25,1.875,6.75,3.375],"texture":"#1"},"south":{"uv":[0,7.125,0.375,8.625],"texture":"#1"},"west":{"uv":[3.375,5.25,4.875,6.75],"texture":"#1"},"up":{"uv":[7.5,1.5,7.125,0],"texture":"#1"},"down":{"uv":[0.75,7.125,0.375,8.625],"texture":"#1"}}},{"from":[3.49757,17.92487,0.08],"to":[14.29757,20.62487,10.88],"rotation":{"angle":0,"axis":"y","origin":[8.82348,11.92467,5.75]},"faces":{"north":{"uv":[7.125,1.5,8.625,1.875],"texture":"#1"},"east":{"uv":[7.125,1.875,8.625,2.25],"texture":"#1"},"south":{"uv":[7.125,2.25,8.625,2.625],"texture":"#1"},"west":{"uv":[2.625,7.125,4.125,7.5],"texture":"#1"},"up":{"uv":[1.5,7.125,0,5.625],"texture":"#1"},"down":{"uv":[7.125,0,5.625,1.5],"texture":"#1"}}},{"from":[3.49757,3.22447,0.08],"to":[14.29757,5.92447,10.88],"rotation":{"angle":0,"axis":"y","origin":[8.82348,11.92467,5.75]},"faces":{"north":{"uv":[7.125,2.625,8.625,3],"texture":"#1"},"east":{"uv":[7.125,5.625,8.625,6],"texture":"#1"},"south":{"uv":[7.125,6,8.625,6.375],"texture":"#1"},"west":{"uv":[7.125,6.375,8.625,6.75],"texture":"#1"},"up":{"uv":[7.875,4.875,6.375,3.375],"texture":"#1"},"down":{"uv":[6.375,6.375,4.875,7.875],"texture":"#1"}}}],"display":{"head":{"translation":[-4.25,-31,11.25],"scale":[4,4,4]}}}