{"credit":"Naruto RPG","texture_size":[128,128],"textures":{"0":"agua:item/agua_dragon"},"elements":[{"from":[8.6344,2.42816,-1.47792],"to":[8.9516,2.65245,-1.25362],"rotation":{"angle":22.5,"axis":"x","origin":[7.8414,2.65245,-1.25362]},"faces":{"north":{"uv":[1.254,6.754,1.371,6.8125],"texture":"#0"},"east":{"uv":[8.379,8.879,8.4375,8.9375],"texture":"#0"},"south":{"uv":[1.379,6.754,1.496,6.8125],"texture":"#0"},"west":{"uv":[9.004,8.379,9.0625,8.4375],"texture":"#0"},"up":{"uv":[6.996,2.1875,6.879,2.129],"texture":"#0"},"down":{"uv":[7.121,2.129,7.004,2.1875],"texture":"#0"}}},{"from":[7.207,1.27007,-3.102],"to":[8.793,2.53887,-0.2472],"rotation":{"angle":0,"axis":"y","origin":[8.4758,1.586,-0.5644]},"faces":{"north":{"uv":[4.379,3.254,4.996,3.746],"texture":"#0"},"east":{"uv":[1.504,4.629,2.621,5.121],"texture":"#0"},"south":{"uv":[8.504,5.379,9.121,5.871],"texture":"#0"},"west":{"uv":[7.129,2.129,8.246,2.621],"texture":"#0"},"up":{"uv":[1.121,8.121,0.504,7.004],"texture":"#0"},"down":{"uv":[7.121,7.129,6.504,8.246],"texture":"#0"}}},{"from":[8.66829,1.2688,-1.80839],"to":[9.30269,2.5376,-0.22239],"rotation":{"angle":22.5,"axis":"y","origin":[8.98549,1.9032,-0.53959]},"faces":{"north":{"uv":[7.879,9.004,8.121,9.496],"texture":"#0"},"east":{"uv":[8.504,5.879,9.121,6.371],"texture":"#0"},"south":{"uv":[9.004,7.879,9.246,8.371],"texture":"#0"},"west":{"uv":[8.504,6.379,9.121,6.871],"texture":"#0"},"up":{"uv":[1.496,6.746,1.254,6.129],"texture":"#0"},"down":{"uv":[8.371,8.629,8.129,9.246],"texture":"#0"}}},{"from":[6.69731,1.2688,-1.80839],"to":[7.33171,2.5376,-0.22239],"rotation":{"angle":-22.5,"axis":"y","origin":[7.01451,1.9032,-0.53959]},"faces":{"north":{"uv":[8.379,9.004,8.621,9.496],"texture":"#0"},"east":{"uv":[8.504,6.879,9.121,7.371],"texture":"#0"},"south":{"uv":[8.629,9.004,8.871,9.496],"texture":"#0"},"west":{"uv":[8.504,7.379,9.121,7.871],"texture":"#0"},"up":{"uv":[5.246,9.371,5.004,8.754],"texture":"#0"},"down":{"uv":[5.496,8.754,5.254,9.371],"texture":"#0"}}},{"from":[9.30269,0.6344,-1.80839],"to":[9.30269,1.2688,-0.22239],"rotation":{"angle":22.5,"axis":"y","origin":[8.98549,1.2688,-0.53959]},"faces":{"north":{"uv":[1.004,8.129,1.246,8.371],"texture":"#0"},"east":{"uv":[8.754,5.004,9.371,5.246],"texture":"#0"},"south":{"uv":[4.754,9.129,4.996,9.371],"texture":"#0"},"west":{"uv":[9.371,5.004,8.754,5.246],"texture":"#0"},"up":{"uv":[0.746,9.496,0.504,8.879],"texture":"#0"},"down":{"uv":[0.996,8.879,0.754,9.496],"texture":"#0"}}},{"from":[6.69731,0.6344,-1.80839],"to":[6.69731,1.2688,-0.22239],"rotation":{"angle":-22.5,"axis":"y","origin":[7.01451,1.2688,-0.53959]},"faces":{"north":{"uv":[9.129,8.879,9.371,9.121],"texture":"#0"},"east":{"uv":[9.496,1.754,8.879,1.996],"texture":"#0"},"south":{"uv":[9.129,9.129,9.371,9.371],"texture":"#0"},"west":{"uv":[8.879,1.754,9.496,1.996],"texture":"#0"},"up":{"uv":[5.746,9.621,5.504,9.004],"texture":"#0"},"down":{"uv":[5.996,9.004,5.754,9.621],"texture":"#0"}}},{"from":[8.793,0.3172,-3.102],"to":[8.793,1.2688,-1.8332],"rotation":{"angle":0,"axis":"y","origin":[8.4758,1.586,-0.5644]},"faces":{"north":{"uv":[0.004,0.004,0.004,0.371],"texture":"#0"},"east":{"uv":[7.254,1.129,7.746,1.496],"texture":"#0"},"south":{"uv":[0.004,0.004,0.004,0.371],"texture":"#0"},"west":{"uv":[7.504,6.004,7.996,6.371],"texture":"#0"},"up":{"uv":[0.004,0.496,0.004,0.004],"texture":"#0"},"down":{"uv":[0.004,0.004,0.004,0.496],"texture":"#0"}}},{"from":[7.207,0.3172,-3.102],"to":[7.207,1.2688,-1.8332],"rotation":{"angle":0,"axis":"y","origin":[8.4758,1.586,-0.5644]},"faces":{"north":{"uv":[0.004,0.004,0.004,0.371],"texture":"#0"},"east":{"uv":[8.004,6.754,8.496,7.121],"texture":"#0"},"south":{"uv":[0.004,0.004,0.004,0.371],"texture":"#0"},"west":{"uv":[7.629,8.629,8.121,8.996],"texture":"#0"},"up":{"uv":[0.004,0.496,0.004,0.004],"texture":"#0"},"down":{"uv":[0.004,0.004,0.004,0.496],"texture":"#0"}}},{"from":[7.0484,2.2997,-2.3883],"to":[7.3656,2.6169,-1.4367],"rotation":{"angle":-22.5,"axis":"x","origin":[7.207,2.6169,-1.7539]},"faces":{"north":{"uv":[1.379,3.629,1.496,3.746],"texture":"#0"},"east":{"uv":[8.754,4.004,9.121,4.121],"texture":"#0"},"south":{"uv":[1.504,3.629,1.621,3.746],"texture":"#0"},"west":{"uv":[8.754,5.254,9.121,5.371],"texture":"#0"},"up":{"uv":[2.246,2.871,2.129,2.504],"texture":"#0"},"down":{"uv":[7.871,1.129,7.754,1.496],"texture":"#0"}}},{"from":[8.6344,2.2997,-2.3883],"to":[8.9516,2.6169,-1.4367],"rotation":{"angle":-22.5,"axis":"x","origin":[8.793,2.6169,-1.7539]},"faces":{"north":{"uv":[1.254,4.504,1.371,4.621],"texture":"#0"},"east":{"uv":[9.254,4.879,9.621,4.996],"texture":"#0"},"south":{"uv":[2.504,5.129,2.621,5.246],"texture":"#0"},"west":{"uv":[9.254,8.254,9.621,8.371],"texture":"#0"},"up":{"uv":[7.746,8.621,7.629,8.254],"texture":"#0"},"down":{"uv":[3.621,8.379,3.504,8.746],"texture":"#0"}}},{"from":[7.0484,2.42816,-1.47792],"to":[7.3656,2.65245,-1.25362],"rotation":{"angle":22.5,"axis":"x","origin":[8.1586,2.65245,-1.25362]},"faces":{"north":{"uv":[2.629,5.129,2.746,5.1875],"texture":"#0"},"east":{"uv":[1.129,8.004,1.1875,8.0625],"texture":"#0"},"south":{"uv":[0.504,6.004,0.621,6.0625],"texture":"#0"},"west":{"uv":[8.254,2.129,8.3125,2.1875],"texture":"#0"},"up":{"uv":[0.746,6.0625,0.629,6.004],"texture":"#0"},"down":{"uv":[6.496,3.129,6.379,3.1875],"texture":"#0"}}},{"from":[7.9105,1.2688,-3.29615],"to":[8.76852,2.5376,-2.97895],"rotation":{"angle":-22.5,"axis":"y","origin":[8.29272,1.9032,-3.13755]},"faces":{"north":{"uv":[6.004,9.004,6.3125,9.496],"texture":"#0"},"east":{"uv":[2.629,4.629,2.746,5.121],"texture":"#0"},"south":{"uv":[6.379,9.004,6.6875,9.496],"texture":"#0"},"west":{"uv":[1.129,7.004,1.246,7.496],"texture":"#0"},"up":{"uv":[4.8125,9.496,4.504,9.379],"texture":"#0"},"down":{"uv":[5.1875,9.379,4.879,9.496],"texture":"#0"}}},{"from":[7.23148,1.2688,-3.29615],"to":[8.0895,2.5376,-2.97895],"rotation":{"angle":22.5,"axis":"y","origin":[7.70728,1.9032,-3.13755]},"faces":{"north":{"uv":[6.754,9.004,7.0625,9.496],"texture":"#0"},"east":{"uv":[1.129,7.504,1.246,7.996],"texture":"#0"},"south":{"uv":[7.129,9.004,7.4375,9.496],"texture":"#0"},"west":{"uv":[7.879,2.629,7.996,3.121],"texture":"#0"},"up":{"uv":[9.6875,5.121,9.379,5.004],"texture":"#0"},"down":{"uv":[9.6875,5.129,9.379,5.246],"texture":"#0"}}},{"from":[7.207,0.13313,-3.102],"to":[8.793,0.76753,-1.2472],"rotation":{"angle":0,"axis":"y","origin":[8.29272,0.5188,-1.88755]},"faces":{"north":{"uv":[4.379,1.504,4.996,1.746],"texture":"#0"},"east":{"uv":[8.629,2.254,9.371,2.496],"texture":"#0"},"south":{"uv":[8.629,1.254,9.246,1.496],"texture":"#0"},"west":{"uv":[9.371,2.254,8.254,2.496],"texture":"#0"},"up":{"uv":[7.746,8.246,7.129,7.129],"texture":"#0"},"down":{"uv":[7.871,0.004,7.254,1.121],"texture":"#0"}}},{"from":[7.75439,0.1344,-3.42504],"to":[8.61242,0.7688,-3.10784],"rotation":{"angle":22.5,"axis":"y","origin":[8.29272,0.5188,-1.88755]},"faces":{"north":{"uv":[5.004,1.504,5.3125,1.746],"texture":"#0"},"east":{"uv":[8.629,4.629,8.746,4.871],"texture":"#0"},"south":{"uv":[6.129,8.004,6.4375,8.246],"texture":"#0"},"west":{"uv":[8.379,8.629,8.496,8.871],"texture":"#0"},"up":{"uv":[7.8125,9.496,7.504,9.379],"texture":"#0"},"down":{"uv":[9.6875,8.879,9.379,8.996],"texture":"#0"}}},{"from":[7.43214,0.1344,-3.201],"to":[8.29017,0.7688,-2.8838],"rotation":{"angle":-22.5,"axis":"y","origin":[8.29272,0.5188,-1.88755]},"faces":{"north":{"uv":[9.129,8.379,9.4375,8.621],"texture":"#0"},"east":{"uv":[9.504,1.254,9.621,1.496],"texture":"#0"},"south":{"uv":[9.129,8.629,9.4375,8.871],"texture":"#0"},"west":{"uv":[9.504,1.504,9.621,1.746],"texture":"#0"},"up":{"uv":[9.6875,9.121,9.379,9.004],"texture":"#0"},"down":{"uv":[9.4375,9.379,9.129,9.496],"texture":"#0"}}},{"from":[8.7137,0.7688,-3.102],"to":[8.7137,1.086,-1.8332],"rotation":{"angle":0,"axis":"y","origin":[8.4758,0.7688,-0.5644]},"faces":{"north":{"uv":[0.004,0.004,0.004,0.121],"texture":"#0"},"east":{"uv":[0.754,4.504,1.246,4.621],"texture":"#0"},"south":{"uv":[0.004,0.004,0.004,0.121],"texture":"#0"},"west":{"uv":[1.504,5.129,1.996,5.246],"texture":"#0"},"up":{"uv":[0.004,0.496,0.004,0.004],"texture":"#0"},"down":{"uv":[0.004,0.004,0.004,0.496],"texture":"#0"}}},{"from":[7.23148,0.7688,-3.16685],"to":[8.0895,1.086,-3.16685],"rotation":{"angle":22.5,"axis":"y","origin":[7.70728,1.4032,-3.08755]},"faces":{"north":{"uv":[9.379,9.129,9.6875,9.246],"texture":"#0"},"east":{"uv":[0.004,0.004,0.004,0.121],"texture":"#0"},"south":{"uv":[9.379,9.254,9.6875,9.371],"texture":"#0"},"west":{"uv":[0.004,0.004,0.004,0.121],"texture":"#0"},"up":{"uv":[0.3125,0.004,0.004,0.004],"texture":"#0"},"down":{"uv":[0.3125,0.004,0.004,0.004],"texture":"#0"}}},{"from":[7.9105,0.7688,-3.16685],"to":[8.76852,1.086,-3.16685],"rotation":{"angle":-22.5,"axis":"y","origin":[8.29272,1.4032,-3.08755]},"faces":{"north":{"uv":[9.504,0.004,9.8125,0.121],"texture":"#0"},"east":{"uv":[0.004,0.004,0.004,0.121],"texture":"#0"},"south":{"uv":[9.504,0.129,9.8125,0.246],"texture":"#0"},"west":{"uv":[0.004,0.004,0.004,0.121],"texture":"#0"},"up":{"uv":[0.3125,0.004,0.004,0.004],"texture":"#0"},"down":{"uv":[0.3125,0.004,0.004,0.004],"texture":"#0"}}},{"from":[7.2863,0.7688,-3.102],"to":[7.2863,1.086,-1.8332],"rotation":{"angle":0,"axis":"y","origin":[8.4758,0.7688,-0.5644]},"faces":{"north":{"uv":[0.004,0.004,0.004,0.121],"texture":"#0"},"east":{"uv":[2.004,5.129,2.496,5.246],"texture":"#0"},"south":{"uv":[0.004,0.004,0.004,0.121],"texture":"#0"},"west":{"uv":[5.879,3.129,6.371,3.246],"texture":"#0"},"up":{"uv":[0.004,0.496,0.004,0.004],"texture":"#0"},"down":{"uv":[0.004,0.004,0.004,0.496],"texture":"#0"}}},{"from":[7.9105,0.3172,-3.29615],"to":[8.76852,1.2688,-3.29615],"rotation":{"angle":-22.5,"axis":"y","origin":[8.29272,1.2688,-3.13755]},"faces":{"north":{"uv":[9.129,5.254,9.4375,5.621],"texture":"#0"},"east":{"uv":[0.004,0.004,0.004,0.371],"texture":"#0"},"south":{"uv":[9.129,5.629,9.4375,5.996],"texture":"#0"},"west":{"uv":[0.004,0.004,0.004,0.371],"texture":"#0"},"up":{"uv":[0.3125,0.004,0.004,0.004],"texture":"#0"},"down":{"uv":[0.3125,0.004,0.004,0.004],"texture":"#0"}}},{"from":[7.23148,0.3172,-3.29615],"to":[8.0895,1.2688,-3.29615],"rotation":{"angle":22.5,"axis":"y","origin":[7.70728,1.2688,-3.13755]},"faces":{"north":{"uv":[9.129,6.004,9.4375,6.371],"texture":"#0"},"east":{"uv":[0.004,0.004,0.004,0.371],"texture":"#0"},"south":{"uv":[9.129,6.379,9.4375,6.746],"texture":"#0"},"west":{"uv":[0.004,0.004,0.004,0.371],"texture":"#0"},"up":{"uv":[0.3125,0.004,0.004,0.004],"texture":"#0"},"down":{"uv":[0.3125,0.004,0.004,0.004],"texture":"#0"}}},{"from":[8,2.08959,-2.39417],"to":[8,4.30999,1.09503],"rotation":{"angle":-45,"axis":"x","origin":[8,3.19979,0.61923]},"faces":{"north":{"uv":[0.004,0.004,0.004,0.871],"texture":"#0"},"east":{"uv":[1.629,2.879,2.996,3.746],"texture":"#0"},"south":{"uv":[0.004,0.004,0.004,0.871],"texture":"#0"},"west":{"uv":[3.004,2.879,4.371,3.746],"texture":"#0"},"up":{"uv":[0.004,1.371,0.004,0.004],"texture":"#0"},"down":{"uv":[0.004,0.004,0.004,1.371],"texture":"#0"}}},{"from":[9.30269,0.6344,-0.22239],"to":[9.30269,1.586,1.04641],"rotation":{"angle":22.5,"axis":"y","origin":[8.98549,1.9032,-0.53959]},"faces":{"north":{"uv":[0.004,0.004,0.004,0.371],"texture":"#0"},"east":{"uv":[1.629,2.504,2.121,2.871],"texture":"#0"},"south":{"uv":[0.004,0.004,0.004,0.371],"texture":"#0"},"west":{"uv":[2.121,2.504,1.629,2.871],"texture":"#0"},"up":{"uv":[0.004,0.496,0.004,0.004],"texture":"#0"},"down":{"uv":[0.004,0.004,0.004,0.496],"texture":"#0"}}},{"from":[9.09315,1.90383,-0.3069],"to":[9.72755,2.53697,0.9619],"rotation":{"angle":22.5,"axis":"y","origin":[9.41035,2.22103,0.4861]},"faces":{"north":{"uv":[9.254,0.004,9.496,0.246],"texture":"#0"},"east":{"uv":[4.504,5.254,4.996,5.496],"texture":"#0"},"south":{"uv":[9.254,0.254,9.496,0.496],"texture":"#0"},"west":{"uv":[5.379,2.254,5.871,2.496],"texture":"#0"},"up":{"uv":[9.121,9.496,8.879,9.004],"texture":"#0"},"down":{"uv":[0.246,9.129,0.004,9.621],"texture":"#0"}}},{"from":[9.1197,1.9032,1.9417],"to":[9.56828,2.5376,2.39029],"rotation":{"angle":-45,"axis":"y","origin":[9.56828,2.2204,2.39029]},"faces":{"north":{"uv":[1.504,9.379,1.6875,9.621],"texture":"#0"},"east":{"uv":[9.379,2.004,9.5625,2.246],"texture":"#0"},"south":{"uv":[2.254,9.379,2.4375,9.621],"texture":"#0"},"west":{"uv":[9.379,2.254,9.5625,2.496],"texture":"#0"},"up":{"uv":[0.6875,9.6875,0.504,9.504],"texture":"#0"},"down":{"uv":[0.9375,9.504,0.754,9.6875],"texture":"#0"}}},{"from":[9.25108,1.90447,0.80429],"to":[9.88548,2.53633,2.07309],"rotation":{"angle":0,"axis":"y","origin":[9.56828,2.22167,1.43869]},"faces":{"north":{"uv":[9.254,1.254,9.496,1.496],"texture":"#0"},"east":{"uv":[8.879,2.004,9.371,2.246],"texture":"#0"},"south":{"uv":[9.254,2.504,9.496,2.746],"texture":"#0"},"west":{"uv":[9.129,0.754,9.621,0.996],"texture":"#0"},"up":{"uv":[0.496,9.621,0.254,9.129],"texture":"#0"},"down":{"uv":[1.246,9.129,1.004,9.621],"texture":"#0"}}},{"from":[8.93388,2.2204,1.43869],"to":[10.20268,2.2204,3.34189],"rotation":{"angle":0,"axis":"y","origin":[9.56828,2.2204,1.43869]},"faces":{"north":{"uv":[0.004,0.004,0.496,0.004],"texture":"#0"},"east":{"uv":[0.004,0.004,0.746,0.004],"texture":"#0"},"south":{"uv":[0.004,0.004,0.496,0.004],"texture":"#0"},"west":{"uv":[0.004,0.004,0.746,0.004],"texture":"#0"},"up":{"uv":[6.121,8.746,5.629,8.004],"texture":"#0"},"down":{"uv":[6.121,8.004,5.629,8.746],"texture":"#0"}}},{"from":[5.79732,2.2204,1.43869],"to":[7.06612,2.2204,3.34189],"rotation":{"angle":0,"axis":"y","origin":[6.43172,2.2204,1.43869]},"faces":{"north":{"uv":[0.004,0.004,0.496,0.004],"texture":"#0"},"east":{"uv":[0.004,0.004,0.746,0.004],"texture":"#0"},"south":{"uv":[0.004,0.004,0.496,0.004],"texture":"#0"},"west":{"uv":[0.004,0.004,0.746,0.004],"texture":"#0"},"up":{"uv":[0.996,8.871,0.504,8.129],"texture":"#0"},"down":{"uv":[0.996,8.129,0.504,8.871],"texture":"#0"}}},{"from":[6.43172,1.9032,1.9417],"to":[6.8803,2.5376,2.39029],"rotation":{"angle":45,"axis":"y","origin":[6.43172,2.2204,2.39029]},"faces":{"north":{"uv":[9.254,7.754,9.4375,7.996],"texture":"#0"},"east":{"uv":[9.254,8.004,9.4375,8.246],"texture":"#0"},"south":{"uv":[8.129,9.254,8.3125,9.496],"texture":"#0"},"west":{"uv":[1.254,9.379,1.4375,9.621],"texture":"#0"},"up":{"uv":[5.4375,9.5625,5.254,9.379],"texture":"#0"},"down":{"uv":[9.6875,0.254,9.504,0.4375],"texture":"#0"}}},{"from":[6.11452,1.90447,0.80429],"to":[6.74892,2.53633,2.07309],"rotation":{"angle":0,"axis":"y","origin":[6.43172,2.22167,1.43869]},"faces":{"north":{"uv":[9.254,3.254,9.496,3.496],"texture":"#0"},"east":{"uv":[2.254,9.129,2.746,9.371],"texture":"#0"},"south":{"uv":[9.254,3.504,9.496,3.746],"texture":"#0"},"west":{"uv":[2.754,9.129,3.246,9.371],"texture":"#0"},"up":{"uv":[3.496,9.621,3.254,9.129],"texture":"#0"},"down":{"uv":[3.746,9.129,3.504,9.621],"texture":"#0"}}},{"from":[6.27245,1.90383,-0.3069],"to":[6.90685,2.53697,0.9619],"rotation":{"angle":-22.5,"axis":"y","origin":[6.58965,2.22103,0.4861]},"faces":{"north":{"uv":[9.254,2.754,9.496,2.996],"texture":"#0"},"east":{"uv":[9.129,1.004,9.621,1.246],"texture":"#0"},"south":{"uv":[9.254,3.004,9.496,3.246],"texture":"#0"},"west":{"uv":[1.254,9.129,1.746,9.371],"texture":"#0"},"up":{"uv":[1.996,9.621,1.754,9.129],"texture":"#0"},"down":{"uv":[2.246,9.129,2.004,9.621],"texture":"#0"}}},{"from":[7.33839,1.90574,-0.5644],"to":[8.45986,2.54014,0.55707],"rotation":{"angle":45,"axis":"y","origin":[7.65559,2.2204,-0.2472]},"faces":{"north":{"uv":[9.129,6.754,9.5625,6.996],"texture":"#0"},"east":{"uv":[9.129,7.004,9.5625,7.246],"texture":"#0"},"south":{"uv":[9.129,7.254,9.5625,7.496],"texture":"#0"},"west":{"uv":[9.129,7.504,9.5625,7.746],"texture":"#0"},"up":{"uv":[9.0625,1.1875,8.629,0.754],"texture":"#0"},"down":{"uv":[9.0625,4.129,8.629,4.5625],"texture":"#0"}}},{"from":[6.69731,0.6344,-0.22239],"to":[6.69731,1.586,1.04641],"rotation":{"angle":-22.5,"axis":"y","origin":[7.01451,1.9032,-0.53959]},"faces":{"north":{"uv":[0.004,0.004,0.004,0.371],"texture":"#0"},"east":{"uv":[7.496,6.004,7.004,6.371],"texture":"#0"},"south":{"uv":[0.004,0.004,0.004,0.371],"texture":"#0"},"west":{"uv":[7.004,6.004,7.496,6.371],"texture":"#0"},"up":{"uv":[0.004,0.496,0.004,0.004],"texture":"#0"},"down":{"uv":[0.004,0.004,0.004,0.496],"texture":"#0"}}},{"from":[7.0484,0.3172,-1.1988],"to":[8.9516,2.2204,0.7044],"rotation":{"angle":22.5,"axis":"x","origin":[8,0.6344,-0.2472]},"faces":{"north":{"uv":[3.629,7.254,4.371,7.996],"texture":"#0"},"east":{"uv":[4.379,7.254,5.121,7.996],"texture":"#0"},"south":{"uv":[5.129,7.254,5.871,7.996],"texture":"#0"},"west":{"uv":[7.754,7.129,8.496,7.871],"texture":"#0"},"up":{"uv":[8.621,0.746,7.879,0.004],"texture":"#0"},"down":{"uv":[8.621,0.754,7.879,1.496],"texture":"#0"}}},{"from":[7.04903,-0.02282,0.51058],"to":[8.95097,1.88038,4.31698],"rotation":{"angle":0,"axis":"y","origin":[8.00063,0.92878,1.46218]},"faces":{"north":{"uv":[7.754,7.879,8.496,8.621],"texture":"#0"},"east":{"uv":[2.754,3.754,4.246,4.496],"texture":"#0"},"south":{"uv":[8.004,2.629,8.746,3.371],"texture":"#0"},"west":{"uv":[3.879,1.754,5.371,2.496],"texture":"#0"},"up":{"uv":[4.996,5.246,4.254,3.754],"texture":"#0"},"down":{"uv":[5.121,0.004,4.379,1.496],"texture":"#0"}}},{"from":[8,0.46511,0.73934],"to":[8,2.68551,4.22854],"rotation":{"angle":-22.5,"axis":"x","origin":[8,1.57531,2.48394]},"faces":{"north":{"uv":[0.004,0.004,0.004,0.871],"texture":"#0"},"east":{"uv":[0.004,3.629,1.371,4.496],"texture":"#0"},"south":{"uv":[0.004,0.004,0.004,0.871],"texture":"#0"},"west":{"uv":[1.379,3.754,2.746,4.621],"texture":"#0"},"up":{"uv":[0.004,1.371,0.004,0.004],"texture":"#0"},"down":{"uv":[0.004,0.004,0.004,1.371],"texture":"#0"}}},{"from":[7.0484,-0.02282,4.31698],"to":[8.9516,1.88038,8.12338],"rotation":{"angle":0,"axis":"y","origin":[8,0.92878,1.46218]},"faces":{"north":{"uv":[8.004,3.379,8.746,4.121],"texture":"#0"},"east":{"uv":[4.379,2.504,5.871,3.246],"texture":"#0"},"south":{"uv":[3.629,8.004,4.371,8.746],"texture":"#0"},"west":{"uv":[2.754,4.504,4.246,5.246],"texture":"#0"},"up":{"uv":[0.746,5.996,0.004,4.504],"texture":"#0"},"down":{"uv":[1.496,4.629,0.754,6.121],"texture":"#0"}}},{"from":[9.19408,-0.02282,8.07521],"to":[9.19408,1.88038,9.34401],"rotation":{"angle":22.5,"axis":"y","origin":[9.19408,0.29438,8.70961]},"faces":{"north":{"uv":[0.004,0.004,0.004,0.746],"texture":"#0"},"east":{"uv":[6.629,8.254,7.121,8.996],"texture":"#0"},"south":{"uv":[0.004,0.004,0.004,0.746],"texture":"#0"},"west":{"uv":[7.121,8.254,6.629,8.996],"texture":"#0"},"up":{"uv":[0.004,0.496,0.004,0.004],"texture":"#0"},"down":{"uv":[0.004,0.004,0.004,0.496],"texture":"#0"}}},{"from":[6.80592,-0.02282,8.07521],"to":[6.80592,1.88038,9.34401],"rotation":{"angle":-22.5,"axis":"y","origin":[6.80592,0.29438,8.70961]},"faces":{"north":{"uv":[0.004,0.004,0.004,0.746],"texture":"#0"},"east":{"uv":[1.996,8.379,1.504,9.121],"texture":"#0"},"south":{"uv":[0.004,0.004,0.004,0.746],"texture":"#0"},"west":{"uv":[1.504,8.379,1.996,9.121],"texture":"#0"},"up":{"uv":[0.004,0.496,0.004,0.004],"texture":"#0"},"down":{"uv":[0.004,0.004,0.004,0.496],"texture":"#0"}}},{"from":[7.0484,2.12287,8.07521],"to":[8.9516,2.12287,9.34401],"rotation":{"angle":-22.5,"axis":"x","origin":[7.8414,2.12287,8.70961]},"faces":{"north":{"uv":[0.004,0.004,0.746,0.004],"texture":"#0"},"east":{"uv":[0.004,0.004,0.496,0.004],"texture":"#0"},"south":{"uv":[0.004,0.004,0.746,0.004],"texture":"#0"},"west":{"uv":[0.004,0.004,0.496,0.004],"texture":"#0"},"up":{"uv":[7.871,3.121,7.129,2.629],"texture":"#0"},"down":{"uv":[8.746,4.879,8.004,5.371],"texture":"#0"}}},{"from":[8,0.46511,4.54574],"to":[8,3.31991,8.66934],"rotation":{"angle":-22.5,"axis":"x","origin":[8,1.57531,6.29034]},"faces":{"north":{"uv":[0.004,0.004,0.004,1.121],"texture":"#0"},"east":{"uv":[2.254,1.754,3.871,2.871],"texture":"#0"},"south":{"uv":[0.004,0.004,0.004,1.121],"texture":"#0"},"west":{"uv":[0.004,2.504,1.621,3.621],"texture":"#0"},"up":{"uv":[0.004,1.621,0.004,0.004],"texture":"#0"},"down":{"uv":[0.004,0.004,0.004,1.621],"texture":"#0"}}},{"from":[7.5242,0.67427,4.01052],"to":[7.5242,2.89467,7.18252],"rotation":{"angle":-22.5,"axis":"x","origin":[7.5242,1.62587,6.38952]},"faces":{"north":{"uv":[0.004,0.004,0.004,0.871],"texture":"#0"},"east":{"uv":[2.754,6.004,3.996,6.871],"texture":"#0"},"south":{"uv":[0.004,0.004,0.004,0.871],"texture":"#0"},"west":{"uv":[0.004,6.129,1.246,6.996],"texture":"#0"},"up":{"uv":[0.004,1.246,0.004,0.004],"texture":"#0"},"down":{"uv":[0.004,0.004,0.004,1.246],"texture":"#0"}}},{"from":[8.4758,0.67427,4.01052],"to":[8.4758,2.89467,7.18252],"rotation":{"angle":-22.5,"axis":"x","origin":[8.4758,1.62587,6.38952]},"faces":{"north":{"uv":[0.004,0.004,0.004,0.871],"texture":"#0"},"east":{"uv":[4.004,6.379,5.246,7.246],"texture":"#0"},"south":{"uv":[0.004,0.004,0.004,0.871],"texture":"#0"},"west":{"uv":[5.254,6.379,6.496,7.246],"texture":"#0"},"up":{"uv":[0.004,1.246,0.004,0.004],"texture":"#0"},"down":{"uv":[0.004,0.004,0.004,1.246],"texture":"#0"}}},{"from":[4.828,0.9516,4.5108],"to":[8.6344,0.9516,6.414],"rotation":{"angle":45,"axis":"y","origin":[7.0484,0.9516,5.4624]},"faces":{"north":{"uv":[0.004,0.004,1.496,0.004],"texture":"#0"},"east":{"uv":[0.004,0.004,0.746,0.004],"texture":"#0"},"south":{"uv":[0.004,0.004,1.496,0.004],"texture":"#0"},"west":{"uv":[0.004,0.004,0.746,0.004],"texture":"#0"},"up":{"uv":[6.496,3.996,5.004,3.254],"texture":"#0"},"down":{"uv":[6.496,3.254,5.004,3.996],"texture":"#0"}}},{"from":[7.3656,0.9516,4.5108],"to":[11.172,0.9516,6.414],"rotation":{"angle":-45,"axis":"y","origin":[8.9516,0.9516,5.4624]},"faces":{"north":{"uv":[0.004,0.004,1.496,0.004],"texture":"#0"},"east":{"uv":[0.004,0.004,0.746,0.004],"texture":"#0"},"south":{"uv":[0.004,0.004,1.496,0.004],"texture":"#0"},"west":{"uv":[0.004,0.004,0.746,0.004],"texture":"#0"},"up":{"uv":[6.496,5.496,5.004,4.754],"texture":"#0"},"down":{"uv":[6.496,4.754,5.004,5.496],"texture":"#0"}}},{"from":[7.207,-0.02282,8.12338],"to":[8.793,1.72178,11.92978],"rotation":{"angle":0,"axis":"y","origin":[8,0.92878,1.46218]},"faces":{"north":{"uv":[5.879,7.254,6.496,7.9375],"texture":"#0"},"east":{"uv":[6.504,3.129,7.996,3.8125],"texture":"#0"},"south":{"uv":[8.004,4.129,8.621,4.8125],"texture":"#0"},"west":{"uv":[6.504,3.879,7.996,4.5625],"texture":"#0"},"up":{"uv":[7.246,1.496,6.629,0.004],"texture":"#0"},"down":{"uv":[1.871,6.879,1.254,8.371],"texture":"#0"}}},{"from":[7.20763,-0.02282,11.92978],"to":[8.79237,1.72178,15.73618],"rotation":{"angle":0,"axis":"y","origin":[8.00063,0.92878,1.46218]},"faces":{"north":{"uv":[4.379,8.004,4.996,8.6875],"texture":"#0"},"east":{"uv":[6.504,4.629,7.996,5.3125],"texture":"#0"},"south":{"uv":[5.004,8.004,5.621,8.6875],"texture":"#0"},"west":{"uv":[6.504,6.379,7.996,7.0625],"texture":"#0"},"up":{"uv":[2.496,8.371,1.879,6.879],"texture":"#0"},"down":{"uv":[3.121,6.879,2.504,8.371],"texture":"#0"}}},{"from":[8,0.67427,10.98892],"to":[8,2.89467,16.38132],"rotation":{"angle":-22.5,"axis":"x","origin":[8,1.62587,13.68512]},"faces":{"north":{"uv":[0.004,0.004,0.004,0.871],"texture":"#0"},"east":{"uv":[2.254,0.004,4.371,0.871],"texture":"#0"},"south":{"uv":[0.004,0.004,0.004,0.871],"texture":"#0"},"west":{"uv":[2.254,0.879,4.371,1.746],"texture":"#0"},"up":{"uv":[0.004,2.121,0.004,0.004],"texture":"#0"},"down":{"uv":[0.004,0.004,0.004,2.121],"texture":"#0"}}},{"from":[8.4758,0.67427,11.94052],"to":[8.4758,2.89467,15.11252],"rotation":{"angle":-22.5,"axis":"x","origin":[8.4758,1.62587,14.31952]},"faces":{"north":{"uv":[0.004,0.004,0.004,0.871],"texture":"#0"},"east":{"uv":[4.504,5.504,5.746,6.371],"texture":"#0"},"south":{"uv":[0.004,0.004,0.004,0.871],"texture":"#0"},"west":{"uv":[5.754,5.504,6.996,6.371],"texture":"#0"},"up":{"uv":[0.004,1.246,0.004,0.004],"texture":"#0"},"down":{"uv":[0.004,0.004,0.004,1.246],"texture":"#0"}}},{"from":[7.5242,0.67427,11.94052],"to":[7.5242,2.89467,15.11252],"rotation":{"angle":-22.5,"axis":"x","origin":[7.5242,1.62587,14.31952]},"faces":{"north":{"uv":[0.004,0.004,0.004,0.871],"texture":"#0"},"east":{"uv":[5.879,2.254,7.121,3.121],"texture":"#0"},"south":{"uv":[0.004,0.004,0.004,0.871],"texture":"#0"},"west":{"uv":[1.504,6.004,2.746,6.871],"texture":"#0"},"up":{"uv":[0.004,1.246,0.004,0.004],"texture":"#0"},"down":{"uv":[0.004,0.004,0.004,1.246],"texture":"#0"}}},{"from":[6.96423,-0.02282,15.68789],"to":[6.96423,1.72178,16.95669],"rotation":{"angle":-22.5,"axis":"y","origin":[6.96423,0.29438,16.32229]},"faces":{"north":{"uv":[0.004,0.004,0.004,0.6875],"texture":"#0"},"east":{"uv":[8.379,1.504,8.871,2.1875],"texture":"#0"},"south":{"uv":[0.004,0.004,0.004,0.6875],"texture":"#0"},"west":{"uv":[2.004,8.379,2.496,9.0625],"texture":"#0"},"up":{"uv":[0.004,0.496,0.004,0.004],"texture":"#0"},"down":{"uv":[0.004,0.004,0.004,0.496],"texture":"#0"}}},{"from":[7.207,1.96427,15.68801],"to":[8.793,1.96427,16.95681],"rotation":{"angle":-22.5,"axis":"x","origin":[7.6828,1.96427,16.32241]},"faces":{"north":{"uv":[0.004,0.004,0.621,0.004],"texture":"#0"},"east":{"uv":[0.004,0.004,0.496,0.004],"texture":"#0"},"south":{"uv":[0.004,0.004,0.621,0.004],"texture":"#0"},"west":{"uv":[0.004,0.004,0.496,0.004],"texture":"#0"},"up":{"uv":[9.121,8.996,8.504,8.504],"texture":"#0"},"down":{"uv":[9.246,0.004,8.629,0.496],"texture":"#0"}}},{"from":[9.03548,-0.02282,15.68801],"to":[9.03548,1.72178,16.95681],"rotation":{"angle":22.5,"axis":"y","origin":[9.03548,0.29438,16.32241]},"faces":{"north":{"uv":[0.004,0.004,0.004,0.6875],"texture":"#0"},"east":{"uv":[2.504,8.379,2.996,9.0625],"texture":"#0"},"south":{"uv":[0.004,0.004,0.004,0.6875],"texture":"#0"},"west":{"uv":[3.004,8.379,3.496,9.0625],"texture":"#0"},"up":{"uv":[0.004,0.496,0.004,0.004],"texture":"#0"},"down":{"uv":[0.004,0.004,0.004,0.496],"texture":"#0"}}},{"from":[7.3656,-0.02282,15.73618],"to":[8.6344,1.56318,19.54258],"rotation":{"angle":0,"axis":"y","origin":[8,0.92878,1.46218]},"faces":{"north":{"uv":[0.004,8.504,0.496,9.121],"texture":"#0"},"east":{"uv":[6.879,1.504,8.371,2.121],"texture":"#0"},"south":{"uv":[8.504,7.879,8.996,8.496],"texture":"#0"},"west":{"uv":[7.004,5.379,8.496,5.996],"texture":"#0"},"up":{"uv":[3.621,8.371,3.129,6.879],"texture":"#0"},"down":{"uv":[0.496,7.004,0.004,8.496],"texture":"#0"}}},{"from":[7.3656,1.07598,19.44566],"to":[8.6344,1.39318,20.39726],"rotation":{"angle":22.5,"axis":"x","origin":[8,1.23458,19.92146]},"faces":{"north":{"uv":[0.004,6.004,0.496,6.121],"texture":"#0"},"east":{"uv":[2.504,9.379,2.871,9.496],"texture":"#0"},"south":{"uv":[6.504,5.379,6.996,5.496],"texture":"#0"},"west":{"uv":[2.879,9.379,3.246,9.496],"texture":"#0"},"up":{"uv":[9.246,2.871,8.754,2.504],"texture":"#0"},"down":{"uv":[9.246,2.879,8.754,3.246],"texture":"#0"}}},{"from":[7.3656,0.14719,19.44566],"to":[8.6344,0.46439,20.39726],"rotation":{"angle":-22.5,"axis":"x","origin":[8,0.30579,19.92146]},"faces":{"north":{"uv":[8.254,2.504,8.746,2.621],"texture":"#0"},"east":{"uv":[3.754,9.379,4.121,9.496],"texture":"#0"},"south":{"uv":[9.129,4.504,9.621,4.621],"texture":"#0"},"west":{"uv":[4.129,9.379,4.496,9.496],"texture":"#0"},"up":{"uv":[9.246,3.621,8.754,3.254],"texture":"#0"},"down":{"uv":[3.996,8.754,3.504,9.121],"texture":"#0"}}},{"from":[7.36687,0.30358,19.39543],"to":[8.63313,1.22725,20.3191],"rotation":{"angle":45,"axis":"x","origin":[8.00127,0.92878,19.79634]},"faces":{"north":{"uv":[8.754,3.629,9.246,3.996],"texture":"#0"},"east":{"uv":[3.629,6.879,3.996,7.246],"texture":"#0"},"south":{"uv":[4.004,8.754,4.496,9.121],"texture":"#0"},"west":{"uv":[7.504,9.004,7.871,9.371],"texture":"#0"},"up":{"uv":[4.996,9.121,4.504,8.754],"texture":"#0"},"down":{"uv":[9.246,4.629,8.754,4.996],"texture":"#0"}}},{"from":[7.36623,0.46218,20.25187],"to":[8.63377,1.06865,20.85834],"rotation":{"angle":45,"axis":"x","origin":[8.00063,0.92878,20.49418]},"faces":{"north":{"uv":[3.754,9.129,4.246,9.371],"texture":"#0"},"east":{"uv":[9.254,3.754,9.496,3.996],"texture":"#0"},"south":{"uv":[9.129,4.004,9.621,4.246],"texture":"#0"},"west":{"uv":[9.254,4.629,9.496,4.871],"texture":"#0"},"up":{"uv":[4.746,9.371,4.254,9.129],"texture":"#0"},"down":{"uv":[9.621,4.254,9.129,4.496],"texture":"#0"}}},{"from":[8,-0.81582,18.63018],"to":[8,2.35618,24.33978],"rotation":{"angle":0,"axis":"y","origin":[8,-0.65722,18.94738]},"faces":{"north":{"uv":[0.004,0.004,0.004,1.246],"texture":"#0"},"east":{"uv":[0.004,0.004,2.246,1.246],"texture":"#0"},"south":{"uv":[0.004,0.004,0.004,1.246],"texture":"#0"},"west":{"uv":[0.004,1.254,2.246,2.496],"texture":"#0"},"up":{"uv":[0.004,2.246,0.004,0.004],"texture":"#0"},"down":{"uv":[0.004,0.004,0.004,2.246],"texture":"#0"}}},{"from":[5.1452,0.793,12.758],"to":[8.9516,0.793,14.6612],"rotation":{"angle":45,"axis":"y","origin":[7.3656,0.793,13.7096]},"faces":{"north":{"uv":[0.004,0.004,1.496,0.004],"texture":"#0"},"east":{"uv":[0.004,0.004,0.746,0.004],"texture":"#0"},"south":{"uv":[0.004,0.004,1.496,0.004],"texture":"#0"},"west":{"uv":[0.004,0.004,0.746,0.004],"texture":"#0"},"up":{"uv":[6.621,1.496,5.129,0.754],"texture":"#0"},"down":{"uv":[6.621,0.754,5.129,1.496],"texture":"#0"}}},{"from":[7.0484,0.793,12.758],"to":[10.8548,0.793,14.6612],"rotation":{"angle":-45,"axis":"y","origin":[8.6344,0.793,13.7096]},"faces":{"north":{"uv":[0.004,0.004,1.496,0.004],"texture":"#0"},"east":{"uv":[0.004,0.004,0.746,0.004],"texture":"#0"},"south":{"uv":[0.004,0.004,1.496,0.004],"texture":"#0"},"west":{"uv":[0.004,0.004,0.746,0.004],"texture":"#0"},"up":{"uv":[4.496,5.996,3.004,5.254],"texture":"#0"},"down":{"uv":[4.496,5.254,3.004,5.996],"texture":"#0"}}}],"display":{"head":{"translation":[0,-9,-28.25],"scale":[4,4,4]}}}