{"credit":"Naruto RPG","textures":{"0":"agua:item/agua_tornado_4","1":"agua:item/agua_tornado_3","2":"agua:item/agua_tornado_2","3":"agua:item/agua_tornado_1","particle":"agua:item/agua_tornado_4"},"elements":[{"from":[-5.49375,28.275,-6.4105],"to":[20.85875,28.275,14.862],"rotation":{"angle":0,"axis":"y","origin":[7.70134,9.8459,4.69931]},"faces":{"north":{"uv":[0,0,16,16],"texture":"#1"},"east":{"uv":[0,0,16,16],"texture":"#1"},"south":{"uv":[0,0,16,16],"texture":"#1"},"west":{"uv":[0,0,16,16],"texture":"#1"},"up":{"uv":[0,0,16,16],"texture":"#1"},"down":{"uv":[0,0,16,16],"texture":"#1"}}},{"from":[-6.87525,28.975,-6.792],"to":[22.24025,28.975,17.2435],"rotation":{"angle":0,"axis":"y","origin":[7.70134,9.8459,4.69931]},"faces":{"north":{"uv":[0,0,16,16],"texture":"#2"},"east":{"uv":[0,0,16,16],"texture":"#2"},"south":{"uv":[0,0,16,16],"texture":"#2"},"west":{"uv":[0,0,16,16],"texture":"#2"},"up":{"uv":[0,16,16,0],"texture":"#2"},"down":{"uv":[16,0,0,16],"texture":"#2"}}},{"from":[-1.44562,28.71,-2.08735],"to":[17.00113,28.71,12.8034],"rotation":{"angle":0,"axis":"y","origin":[7.77775,22.155,5.70803]},"faces":{"north":{"uv":[0,0,16,16],"texture":"#1"},"east":{"uv":[0,0,16,16],"texture":"#1"},"south":{"uv":[0,0,16,16],"texture":"#1"},"west":{"uv":[0,0,16,16],"texture":"#1"},"up":{"uv":[0,0,16,16],"texture":"#1"},"down":{"uv":[0,0,16,16],"texture":"#1"}}},{"name":"hexadecagon","from":[6.90131,15.84013,-7.10631],"to":[12.36676,31.49527,-7.10631],"rotation":{"angle":-45,"axis":"y","origin":[7.70134,7.8459,4.69931]},"faces":{"north":{"uv":[6,2.875,4,16],"texture":"#0"},"east":{"uv":[0,0,1,3.625],"texture":"#0"},"south":{"uv":[4,2.875,6,13.25],"texture":"#0"},"west":{"uv":[0,0,1,0.375],"texture":"#0"},"up":{"uv":[0,0,16,13.25],"texture":"#0"},"down":{"uv":[0,0,1,0.375],"texture":"#0"}}},{"name":"hexadecagon","from":[6.01459,15.84013,-6.51382],"to":[11.48003,31.49527,-6.51382],"rotation":{"angle":-22.5,"axis":"y","origin":[7.70134,7.8459,4.69931]},"faces":{"north":{"uv":[4,2.875,6,16],"texture":"#0"},"east":{"uv":[0,0,1,0.375],"texture":"#0"},"south":{"uv":[6,2.875,4,13.25],"texture":"#0"},"west":{"uv":[0,0,1,0.375],"texture":"#0"},"up":{"uv":[0,0,16,13.25],"texture":"#0"},"down":{"uv":[0,0,1,0.375],"texture":"#0"}}},{"name":"hexadecagon","from":[4.96862,15.84013,-6.30577],"to":[10.43406,31.49527,-6.30577],"rotation":{"angle":0,"axis":"y","origin":[7.70134,7.8459,4.69931]},"faces":{"north":{"uv":[6,2.875,8,16],"texture":"#0"},"east":{"uv":[0,0,1,0.375],"texture":"#0"},"south":{"uv":[8,2.875,6,13.25],"texture":"#0"},"west":{"uv":[0,0,1,0.375],"texture":"#0"},"up":{"uv":[6,0,8,13.25],"texture":"#0"},"down":{"uv":[0,0,1,0.375],"texture":"#0"}}},{"name":"hexadecagon","from":[3.92265,15.84013,-6.51382],"to":[9.3881,31.49527,-6.51382],"rotation":{"angle":22.5,"axis":"y","origin":[7.70134,7.8459,4.69931]},"faces":{"north":{"uv":[8,2.875,10,16],"texture":"#0"},"east":{"uv":[0,0,1,0.375],"texture":"#0"},"south":{"uv":[10,2.875,8,13.25],"texture":"#0"},"west":{"uv":[0,0,1,0.375],"texture":"#0"},"up":{"uv":[0,0,16,13.25],"texture":"#0"},"down":{"uv":[0,0,1,0.375],"texture":"#0"}}},{"name":"hexadecagon","from":[3.03593,15.84013,-7.10631],"to":[8.50137,31.49527,-7.10631],"rotation":{"angle":45,"axis":"y","origin":[7.70134,7.8459,4.69931]},"faces":{"north":{"uv":[10,2.875,12,16],"texture":"#0"},"east":{"uv":[0,0,1,0.375],"texture":"#0"},"south":{"uv":[12,2.875,10,13.25],"texture":"#0"},"west":{"uv":[0,0,1,0.375],"texture":"#0"},"up":{"uv":[12,0,10,13.25],"texture":"#0"},"down":{"uv":[0,0,1,0.375],"texture":"#0"}}},{"name":"hexadecagon","from":[-4.99101,15.84013,4.49177],"to":[-4.99101,31.49527,9.95722],"rotation":{"angle":-22.5,"axis":"y","origin":[7.70134,7.8459,4.69931]},"faces":{"north":{"uv":[0,2.875,1,4.125],"texture":"#0"},"east":{"uv":[10,2.75,12,13.25],"texture":"#0"},"south":{"uv":[0,2.875,1,0.375],"texture":"#0"},"west":{"uv":[12,2.75,10,16],"texture":"#0"},"up":{"uv":[0,0,16,13.25],"texture":"#0"},"down":{"uv":[0,0,1,0.375],"texture":"#0"}}},{"name":"hexadecagon","from":[20.39369,15.84013,4.49177],"to":[20.39369,31.49527,9.95722],"rotation":{"angle":22.5,"axis":"y","origin":[7.70134,7.8459,4.69931]},"faces":{"north":{"uv":[0,2.875,2,13.25],"texture":"#0"},"east":{"uv":[8,2.875,6,16],"texture":"#0"},"south":{"uv":[0,2.875,2,13.25],"texture":"#0"},"west":{"uv":[6,0,8,13.25],"texture":"#0"},"up":{"uv":[0,0,2,13.25],"texture":"#0"},"down":{"uv":[0,0,2,13.25],"texture":"#0"}}},{"name":"hexadecagon","from":[6.90131,15.84013,16.50493],"to":[12.36676,31.49527,16.50493],"rotation":{"angle":45,"axis":"y","origin":[7.70134,7.8459,4.69931]},"faces":{"north":{"uv":[10,2.875,8,16],"texture":"#0"},"east":{"uv":[1,0,0,4.25],"texture":"#0"},"south":{"uv":[8,2.875,10,16],"texture":"#0"},"west":{"uv":[1,0,0,4.25],"texture":"#0"},"up":{"uv":[0,16,16,0],"texture":"#0"},"down":{"uv":[0,4.25,1,0],"texture":"#0"}}},{"name":"hexadecagon","from":[20.39359,15.84013,-0.55808],"to":[20.39359,31.49527,4.90737],"rotation":{"angle":-22.5,"axis":"y","origin":[7.70134,7.8459,4.69931]},"faces":{"north":{"uv":[1,2.875,0,4.25],"texture":"#0"},"east":{"uv":[10,2.875,8,16],"texture":"#0"},"south":{"uv":[1,2.875,0,4.25],"texture":"#0"},"west":{"uv":[8,0,10,16],"texture":"#0"},"up":{"uv":[0,16,16,0],"rotation":270,"texture":"#0"},"down":{"uv":[0,4.25,1,0],"rotation":90,"texture":"#0"}}},{"name":"hexadecagon","from":[6.01459,15.84013,15.91244],"to":[11.48003,31.49527,15.91244],"rotation":{"angle":22.5,"axis":"y","origin":[7.70134,7.8459,4.69931]},"faces":{"north":{"uv":[8,2.875,6,16],"texture":"#0"},"east":{"uv":[1,0,0,4.25],"texture":"#0"},"south":{"uv":[6,2.875,8,16],"texture":"#0"},"west":{"uv":[1,0,0,4.25],"texture":"#0"},"up":{"uv":[0,16,16,0],"texture":"#0"},"down":{"uv":[0,4.25,1,0],"texture":"#0"}}},{"name":"hexadecagon","from":[4.96862,15.84013,15.70438],"to":[10.43406,31.49527,15.70438],"rotation":{"angle":0,"axis":"y","origin":[7.70134,7.8459,4.69931]},"faces":{"north":{"uv":[6,2.875,4,16],"texture":"#0"},"east":{"uv":[1,0,0,4.25],"texture":"#0"},"south":{"uv":[4,2.875,6,16],"texture":"#0"},"west":{"uv":[1,0,0,4.25],"texture":"#0"},"up":{"uv":[6,16,8,0],"texture":"#0"},"down":{"uv":[0,4.25,1,0],"texture":"#0"}}},{"name":"hexadecagon","from":[3.92265,15.84013,15.91244],"to":[9.3881,31.49527,15.91244],"rotation":{"angle":-22.5,"axis":"y","origin":[7.70134,7.8459,4.69931]},"faces":{"north":{"uv":[4,2.875,6,16],"texture":"#0"},"east":{"uv":[1,0,0,4.25],"texture":"#0"},"south":{"uv":[6,2.875,4,16],"texture":"#0"},"west":{"uv":[1,0,0,4.25],"texture":"#0"},"up":{"uv":[0,16,16,0],"texture":"#0"},"down":{"uv":[0,4.25,1,0],"texture":"#0"}}},{"name":"hexadecagon","from":[3.03593,15.84013,16.50493],"to":[8.50137,31.49527,16.50493],"rotation":{"angle":-45,"axis":"y","origin":[7.70134,7.8459,4.69931]},"faces":{"north":{"uv":[6,2.875,8,16],"texture":"#0"},"east":{"uv":[1,0,0,4.25],"texture":"#0"},"south":{"uv":[8,2.875,6,16],"texture":"#0"},"west":{"uv":[1,0,0,4.25],"texture":"#0"},"up":{"uv":[8,16,10,0],"texture":"#0"},"down":{"uv":[0,4.25,1,0],"texture":"#0"}}},{"name":"hexadecagon","from":[-4.99101,15.84013,-0.5586],"to":[-4.99101,31.49527,4.90685],"rotation":{"angle":22.5,"axis":"y","origin":[7.70134,7.8459,4.69931]},"faces":{"north":{"uv":[1,2.875,0,4.25],"texture":"#0"},"east":{"uv":[8,2.75,10,16],"texture":"#0"},"south":{"uv":[1,2.875,0,4.25],"texture":"#0"},"west":{"uv":[10,2.75,8,16],"texture":"#0"},"up":{"uv":[0,16,16,0],"texture":"#0"},"down":{"uv":[0,4.25,1,0],"texture":"#0"}}},{"name":"hexadecagon","from":[7.10668,4.06554,-4.7827],"to":[11.55054,26.2853,-4.7827],"rotation":{"angle":-45,"axis":"y","origin":[7.75717,17.67542,4.81626]},"faces":{"north":{"uv":[6,0,4,16],"texture":"#0"},"east":{"uv":[0,0,1,4.125],"texture":"#0"},"south":{"uv":[4,0,6,16],"texture":"#0"},"west":{"uv":[0,0,1,4.125],"texture":"#0"},"up":{"uv":[0,0,16,16],"texture":"#0"},"down":{"uv":[0,0,1,0.375],"texture":"#0"}}},{"name":"hexadecagon","from":[6.38569,4.06554,-4.30096],"to":[10.82956,26.2853,-4.30096],"rotation":{"angle":-22.5,"axis":"y","origin":[7.75717,17.67542,4.81626]},"faces":{"north":{"uv":[4,0,6,16],"texture":"#0"},"east":{"uv":[0,0,1,4.125],"texture":"#0"},"south":{"uv":[6,0,4,16],"texture":"#0"},"west":{"uv":[0,0,1,4.125],"texture":"#0"},"up":{"uv":[0,0,16,16],"texture":"#0"},"down":{"uv":[0,0,1,0.375],"texture":"#0"}}},{"name":"hexadecagon","from":[5.53523,4.06554,-4.13179],"to":[9.9791,26.2853,-4.13179],"rotation":{"angle":0,"axis":"y","origin":[7.75717,17.67542,4.81626]},"faces":{"north":{"uv":[6,0,8,16],"texture":"#0"},"east":{"uv":[0,0,1,4.125],"texture":"#0"},"south":{"uv":[8,0,6,16],"texture":"#0"},"west":{"uv":[0,0,1,4.125],"texture":"#0"},"up":{"uv":[6,0,8,16],"texture":"#0"},"down":{"uv":[0,0,1,0.375],"texture":"#0"}}},{"name":"hexadecagon","from":[4.68477,4.06554,-4.30096],"to":[9.12864,26.2853,-4.30096],"rotation":{"angle":22.5,"axis":"y","origin":[7.75717,17.67542,4.81626]},"faces":{"north":{"uv":[8,0,10,16],"texture":"#0"},"east":{"uv":[0,0,1,4.125],"texture":"#0"},"south":{"uv":[10,0,8,16],"texture":"#0"},"west":{"uv":[0,0,1,4.125],"texture":"#0"},"up":{"uv":[0,0,16,13.25],"texture":"#0"},"down":{"uv":[0,0,1,0.375],"texture":"#0"}}},{"name":"hexadecagon","from":[3.96379,4.06554,-4.7827],"to":[8.40765,26.2853,-4.7827],"rotation":{"angle":45,"axis":"y","origin":[7.75717,17.67542,4.81626]},"faces":{"north":{"uv":[10,0,12,16],"texture":"#0"},"east":{"uv":[0,0,1,4.125],"texture":"#0"},"south":{"uv":[12,0,10,16],"texture":"#0"},"west":{"uv":[0,0,1,4.125],"texture":"#0"},"up":{"uv":[12,0,10,16],"texture":"#0"},"down":{"uv":[0,0,1,0.375],"texture":"#0"}}},{"name":"hexadecagon","from":[-2.56278,4.06554,4.64752],"to":[-2.56278,26.2853,9.09138],"rotation":{"angle":-22.5,"axis":"y","origin":[7.75717,17.67542,4.81626]},"faces":{"north":{"uv":[0,0,1,4.125],"texture":"#0"},"east":{"uv":[10,0,12,16],"texture":"#0"},"south":{"uv":[0,0,1,4.125],"texture":"#0"},"west":{"uv":[12,0,10,16],"texture":"#0"},"up":{"uv":[0,0,16,13.25],"texture":"#0"},"down":{"uv":[0,0,1,0.375],"texture":"#0"}}},{"name":"hexadecagon","from":[18.07711,4.06554,4.64752],"to":[18.07711,26.2853,9.09138],"rotation":{"angle":22.5,"axis":"y","origin":[7.75717,17.67542,4.81626]},"faces":{"north":{"uv":[0,0,2,16],"texture":"#0"},"east":{"uv":[8,0,6,16],"texture":"#0"},"south":{"uv":[0,0,2,16],"texture":"#0"},"west":{"uv":[6,0,8,16],"texture":"#0"},"up":{"uv":[0,0,2,13.25],"texture":"#0"},"down":{"uv":[0,0,2,13.25],"texture":"#0"}}},{"name":"hexadecagon","from":[7.10668,4.06554,14.41523],"to":[11.55054,26.2853,14.41523],"rotation":{"angle":45,"axis":"y","origin":[7.75717,17.67542,4.81626]},"faces":{"north":{"uv":[10,0,8,16],"texture":"#0"},"east":{"uv":[1,0,0,8.25],"texture":"#0"},"south":{"uv":[8,0,10,16],"texture":"#0"},"west":{"uv":[1,0,0,8.25],"texture":"#0"},"up":{"uv":[0,16,16,0],"texture":"#0"},"down":{"uv":[0,4.5,1,0],"texture":"#0"}}},{"name":"hexadecagon","from":[18.07703,4.06554,0.54156],"to":[18.07703,26.2853,4.98543],"rotation":{"angle":-22.5,"axis":"y","origin":[7.75717,17.67542,4.81626]},"faces":{"north":{"uv":[1,0,0,8.25],"texture":"#0"},"east":{"uv":[10,0,8,16],"texture":"#0"},"south":{"uv":[1,0,0,8.25],"texture":"#0"},"west":{"uv":[8,0,10,16],"texture":"#0"},"up":{"uv":[0,16,16,0],"rotation":270,"texture":"#0"},"down":{"uv":[0,4.5,1,0],"rotation":90,"texture":"#0"}}},{"name":"hexadecagon","from":[6.38569,4.06554,13.93348],"to":[10.82956,26.2853,13.93348],"rotation":{"angle":22.5,"axis":"y","origin":[7.75717,17.67542,4.81626]},"faces":{"north":{"uv":[8,0,6,16],"texture":"#0"},"east":{"uv":[1,0,0,8.25],"texture":"#0"},"south":{"uv":[6,0,8,16],"texture":"#0"},"west":{"uv":[1,0,0,8.25],"texture":"#0"},"up":{"uv":[0,16,16,0],"texture":"#0"},"down":{"uv":[0,4.5,1,0],"texture":"#0"}}},{"name":"hexadecagon","from":[5.53523,4.06554,13.76431],"to":[9.9791,26.2853,13.76431],"rotation":{"angle":0,"axis":"y","origin":[7.75717,17.67542,4.81626]},"faces":{"north":{"uv":[6,0,4,16],"texture":"#0"},"east":{"uv":[1,0,0,8.25],"texture":"#0"},"south":{"uv":[4,0,6,16],"texture":"#0"},"west":{"uv":[1,0,0,8.25],"texture":"#0"},"up":{"uv":[6,16,8,0],"texture":"#0"},"down":{"uv":[0,4.5,1,0],"texture":"#0"}}},{"name":"hexadecagon","from":[4.68477,4.06554,13.93348],"to":[9.12864,26.2853,13.93348],"rotation":{"angle":-22.5,"axis":"y","origin":[7.75717,17.67542,4.81626]},"faces":{"north":{"uv":[4,0,6,16],"texture":"#0"},"east":{"uv":[1,0,0,8.25],"texture":"#0"},"south":{"uv":[6,0,4,16],"texture":"#0"},"west":{"uv":[1,0,0,8.25],"texture":"#0"},"up":{"uv":[0,16,16,0],"texture":"#0"},"down":{"uv":[0,4.5,1,0],"texture":"#0"}}},{"name":"hexadecagon","from":[3.96379,4.06554,14.41523],"to":[8.40765,26.2853,14.41523],"rotation":{"angle":-45,"axis":"y","origin":[7.75717,17.67542,4.81626]},"faces":{"north":{"uv":[6,0,8,16],"texture":"#0"},"east":{"uv":[1,0,0,8.25],"texture":"#0"},"south":{"uv":[8,0,6,16],"texture":"#0"},"west":{"uv":[1,0,0,8.25],"texture":"#0"},"up":{"uv":[8,16,10,0],"texture":"#0"},"down":{"uv":[0,4.5,1,0],"texture":"#0"}}},{"name":"hexadecagon","from":[-2.56278,4.06554,0.54114],"to":[-2.56278,26.2853,4.985],"rotation":{"angle":22.5,"axis":"y","origin":[7.75717,17.67542,4.81626]},"faces":{"north":{"uv":[1,0,0,8.25],"texture":"#0"},"east":{"uv":[8,0,10,16],"texture":"#0"},"south":{"uv":[1,0,0,8.25],"texture":"#0"},"west":{"uv":[10,0,8,16],"texture":"#0"},"up":{"uv":[0,16,16,0],"texture":"#0"},"down":{"uv":[0,4.5,1,0],"texture":"#0"}}},{"name":"hexadecagon","from":[15.71533,-6.25298,1.66702],"to":[15.71533,11.81821,5.0888],"rotation":{"angle":-22.5,"axis":"y","origin":[7.76904,2.78262,4.95854]},"faces":{"north":{"uv":[1,0,0,1],"texture":"#0"},"east":{"uv":[10,0,8,16],"texture":"#0"},"south":{"uv":[1,0,0,1],"texture":"#0"},"west":{"uv":[8,0,10,16],"texture":"#0"},"up":{"uv":[0,16,16,0],"rotation":270,"texture":"#0"},"down":{"uv":[0,1,1,0],"rotation":90,"texture":"#0"}}},{"name":"hexadecagon","from":[-0.17732,-6.25298,4.82861],"to":[-0.17732,11.81821,8.25038],"rotation":{"angle":-22.5,"axis":"y","origin":[7.76904,2.78262,4.95854]},"faces":{"north":{"uv":[0,0,1,1],"texture":"#0"},"east":{"uv":[10,0,12,16],"texture":"#0"},"south":{"uv":[0,0,1,1],"texture":"#0"},"west":{"uv":[12,0,10,16],"texture":"#0"},"up":{"uv":[0,0,16,16],"texture":"#0"},"down":{"uv":[0,0,1,1],"texture":"#0"}}},{"name":"hexadecagon","from":[-0.17732,-6.25298,1.6667],"to":[-0.17732,11.81821,5.08847],"rotation":{"angle":22.5,"axis":"y","origin":[7.76904,2.78262,4.95854]},"faces":{"north":{"uv":[1,0,0,1],"texture":"#0"},"east":{"uv":[8,0,10,16],"texture":"#0"},"south":{"uv":[1,0,0,1],"texture":"#0"},"west":{"uv":[10,0,8,16],"texture":"#0"},"up":{"uv":[0,16,16,0],"texture":"#0"},"down":{"uv":[0,1,1,0],"texture":"#0"}}},{"name":"hexadecagon","from":[4.84814,-6.25298,12.34974],"to":[8.26992,11.81821,12.34974],"rotation":{"angle":-45,"axis":"y","origin":[7.76904,2.78262,4.95854]},"faces":{"north":{"uv":[6,0,8,16],"texture":"#0"},"east":{"uv":[1,0,0,1],"texture":"#0"},"south":{"uv":[8,0,6,16],"texture":"#0"},"west":{"uv":[1,0,0,1],"texture":"#0"},"up":{"uv":[8,16,10,0],"texture":"#0"},"down":{"uv":[0,1,1,0],"texture":"#0"}}},{"name":"hexadecagon","from":[5.4033,-6.25298,11.9788],"to":[8.82507,11.81821,11.9788],"rotation":{"angle":-22.5,"axis":"y","origin":[7.76904,2.78262,4.95854]},"faces":{"north":{"uv":[4,0,6,16],"texture":"#0"},"east":{"uv":[1,0,0,1],"texture":"#0"},"south":{"uv":[6,0,4,16],"texture":"#0"},"west":{"uv":[1,0,0,1],"texture":"#0"},"up":{"uv":[0,16,16,0],"texture":"#0"},"down":{"uv":[0,1,1,0],"texture":"#0"}}},{"name":"hexadecagon","from":[6.05815,-6.25298,11.84854],"to":[9.47993,11.81821,11.84854],"rotation":{"angle":0,"axis":"y","origin":[7.76904,2.78262,4.95854]},"faces":{"north":{"uv":[6,0,4,16],"texture":"#0"},"east":{"uv":[1,0,0,1],"texture":"#0"},"south":{"uv":[4,0,6,16],"texture":"#0"},"west":{"uv":[1,0,0,1],"texture":"#0"},"up":{"uv":[6,16,8,0],"texture":"#0"},"down":{"uv":[0,1,1,0],"texture":"#0"}}},{"name":"hexadecagon","from":[6.713,-6.25298,11.9788],"to":[10.13478,11.81821,11.9788],"rotation":{"angle":22.5,"axis":"y","origin":[7.76904,2.78262,4.95854]},"faces":{"north":{"uv":[8,0,6,16],"texture":"#0"},"east":{"uv":[1,0,0,1],"texture":"#0"},"south":{"uv":[6,0,8,16],"texture":"#0"},"west":{"uv":[1,0,0,1],"texture":"#0"},"up":{"uv":[0,16,16,0],"texture":"#0"},"down":{"uv":[0,1,1,0],"texture":"#0"}}},{"name":"hexadecagon","from":[7.26816,-6.25298,12.34974],"to":[10.68994,11.81821,12.34974],"rotation":{"angle":45,"axis":"y","origin":[7.76904,2.78262,4.95854]},"faces":{"north":{"uv":[10,0,8,16],"texture":"#0"},"east":{"uv":[1,0,0,1],"texture":"#0"},"south":{"uv":[8,0,10,16],"texture":"#0"},"west":{"uv":[1,0,0,1],"texture":"#0"},"up":{"uv":[0,16,16,0],"texture":"#0"},"down":{"uv":[0,1,1,0],"texture":"#0"}}},{"name":"hexadecagon","from":[6.05815,-6.25298,-1.93146],"to":[9.47993,11.81821,-1.93146],"rotation":{"angle":0,"axis":"y","origin":[7.76904,2.78262,4.95854]},"faces":{"north":{"uv":[6,0,8,16],"texture":"#0"},"east":{"uv":[0,0,1,1],"texture":"#0"},"south":{"uv":[8,0,6,16],"texture":"#0"},"west":{"uv":[0,0,1,1],"texture":"#0"},"up":{"uv":[6,0,8,16],"texture":"#0"},"down":{"uv":[0,0,1,1],"texture":"#0"}}},{"name":"hexadecagon","from":[15.7154,-6.25298,4.82861],"to":[15.7154,11.81821,8.25038],"rotation":{"angle":22.5,"axis":"y","origin":[7.76904,2.78262,4.95854]},"faces":{"north":{"uv":[0,0,2,16],"texture":"#0"},"east":{"uv":[8,0,6,16],"texture":"#0"},"south":{"uv":[0,0,2,16],"texture":"#0"},"west":{"uv":[6,0,8,16],"texture":"#0"},"up":{"uv":[0,0,2,16],"texture":"#0"},"down":{"uv":[0,0,2,16],"texture":"#0"}}},{"name":"hexadecagon","from":[4.84814,-6.25298,-2.43266],"to":[8.26992,11.81821,-2.43266],"rotation":{"angle":45,"axis":"y","origin":[7.76904,2.78262,4.95854]},"faces":{"north":{"uv":[10,0,12,16],"texture":"#0"},"east":{"uv":[0,0,1,1],"texture":"#0"},"south":{"uv":[12,0,10,16],"texture":"#0"},"west":{"uv":[0,0,1,1],"texture":"#0"},"up":{"uv":[12,0,10,16],"texture":"#0"},"down":{"uv":[0,0,1,1],"texture":"#0"}}},{"name":"hexadecagon","from":[5.4033,-6.25298,-2.06172],"to":[8.82507,11.81821,-2.06172],"rotation":{"angle":22.5,"axis":"y","origin":[7.76904,2.78262,4.95854]},"faces":{"north":{"uv":[8,0,10,16],"texture":"#0"},"east":{"uv":[0,0,1,1],"texture":"#0"},"south":{"uv":[10,0,8,16],"texture":"#0"},"west":{"uv":[0,0,1,1],"texture":"#0"},"up":{"uv":[0,0,16,16],"texture":"#0"},"down":{"uv":[0,0,1,1],"texture":"#0"}}},{"name":"hexadecagon","from":[6.713,-6.25298,-2.06172],"to":[10.13478,11.81821,-2.06172],"rotation":{"angle":-22.5,"axis":"y","origin":[7.76904,2.78262,4.95854]},"faces":{"north":{"uv":[4,0,6,16],"texture":"#0"},"east":{"uv":[0,0,1,1],"texture":"#0"},"south":{"uv":[6,0,4,16],"texture":"#0"},"west":{"uv":[0,0,1,1],"texture":"#0"},"up":{"uv":[0,0,16,16],"texture":"#0"},"down":{"uv":[0,0,1,1],"texture":"#0"}}},{"name":"hexadecagon","from":[7.26816,-6.25298,-2.43266],"to":[10.68994,11.81821,-2.43266],"rotation":{"angle":-45,"axis":"y","origin":[7.76904,2.78262,4.95854]},"faces":{"north":{"uv":[6,0,4,16],"texture":"#0"},"east":{"uv":[0,0,1,1],"texture":"#0"},"south":{"uv":[4,0,6,16],"texture":"#0"},"west":{"uv":[0,0,1,1],"texture":"#0"},"up":{"uv":[0,0,16,16],"texture":"#0"},"down":{"uv":[0,0,1,1],"texture":"#0"}}},{"name":"hexadecagon","from":[13.10618,-15,2.80956],"to":[13.10618,-0.71854,5.10215],"rotation":{"angle":-22.5,"axis":"y","origin":[7.78216,-6.77238,5.01487]},"faces":{"north":{"uv":[1,0,0,1],"texture":"#0"},"east":{"uv":[10,0,8,16],"texture":"#0"},"south":{"uv":[1,0,0,1],"texture":"#0"},"west":{"uv":[8,0,10,16],"texture":"#0"},"up":{"uv":[0,16,16,0],"rotation":270,"texture":"#0"},"down":{"uv":[0,1,1,0],"rotation":90,"texture":"#0"}}},{"name":"hexadecagon","from":[2.4581,-15,4.92782],"to":[2.4581,-0.71854,7.22041],"rotation":{"angle":-22.5,"axis":"y","origin":[7.78216,-6.77238,5.01487]},"faces":{"north":{"uv":[0,0,1,1],"texture":"#0"},"east":{"uv":[10,0,12,16],"texture":"#0"},"south":{"uv":[0,0,1,1],"texture":"#0"},"west":{"uv":[12,0,10,16],"texture":"#0"},"up":{"uv":[0,0,16,16],"texture":"#0"},"down":{"uv":[0,0,1,1],"texture":"#0"}}},{"name":"hexadecagon","from":[2.4581,-15,2.80934],"to":[2.4581,-0.71854,5.10193],"rotation":{"angle":22.5,"axis":"y","origin":[7.78216,-6.77238,5.01487]},"faces":{"north":{"uv":[1,0,0,1],"texture":"#0"},"east":{"uv":[8,0,10,16],"texture":"#0"},"south":{"uv":[1,0,0,1],"texture":"#0"},"west":{"uv":[10,0,8,16],"texture":"#0"},"up":{"uv":[0,16,16,0],"texture":"#0"},"down":{"uv":[0,1,1,0],"texture":"#0"}}},{"name":"hexadecagon","from":[5.82516,-15,9.96698],"to":[8.11775,-0.71854,9.96698],"rotation":{"angle":-45,"axis":"y","origin":[7.78216,-6.77238,5.01487]},"faces":{"north":{"uv":[6,0,8,16],"texture":"#0"},"east":{"uv":[1,0,0,1],"texture":"#0"},"south":{"uv":[8,0,6,16],"texture":"#0"},"west":{"uv":[1,0,0,1],"texture":"#0"},"up":{"uv":[8,16,10,0],"texture":"#0"},"down":{"uv":[0,1,1,0],"texture":"#0"}}},{"name":"hexadecagon","from":[6.19711,-15,9.71844],"to":[8.4897,-0.71854,9.71844],"rotation":{"angle":-22.5,"axis":"y","origin":[7.78216,-6.77238,5.01487]},"faces":{"north":{"uv":[4,0,6,16],"texture":"#0"},"east":{"uv":[1,0,0,1],"texture":"#0"},"south":{"uv":[6,0,4,16],"texture":"#0"},"west":{"uv":[1,0,0,1],"texture":"#0"},"up":{"uv":[0,16,16,0],"texture":"#0"},"down":{"uv":[0,1,1,0],"texture":"#0"}}},{"name":"hexadecagon","from":[6.63586,-15,9.63117],"to":[8.92845,-0.71854,9.63117],"rotation":{"angle":0,"axis":"y","origin":[7.78216,-6.77238,5.01487]},"faces":{"north":{"uv":[6,0,4,16],"texture":"#0"},"east":{"uv":[1,0,0,1],"texture":"#0"},"south":{"uv":[4,0,6,16],"texture":"#0"},"west":{"uv":[1,0,0,1],"texture":"#0"},"up":{"uv":[6,16,8,0],"texture":"#0"},"down":{"uv":[0,1,1,0],"texture":"#0"}}},{"name":"hexadecagon","from":[7.07461,-15,9.71844],"to":[9.3672,-0.71854,9.71844],"rotation":{"angle":22.5,"axis":"y","origin":[7.78216,-6.77238,5.01487]},"faces":{"north":{"uv":[8,0,6,16],"texture":"#0"},"east":{"uv":[1,0,0,1],"texture":"#0"},"south":{"uv":[6,0,8,16],"texture":"#0"},"west":{"uv":[1,0,0,1],"texture":"#0"},"up":{"uv":[0,16,16,0],"texture":"#0"},"down":{"uv":[0,1,1,0],"texture":"#0"}}},{"name":"hexadecagon","from":[7.44657,-15,9.96698],"to":[9.73916,-0.71854,9.96698],"rotation":{"angle":45,"axis":"y","origin":[7.78216,-6.77238,5.01487]},"faces":{"north":{"uv":[10,0,8,16],"texture":"#0"},"east":{"uv":[1,0,0,1],"texture":"#0"},"south":{"uv":[8,0,10,16],"texture":"#0"},"west":{"uv":[1,0,0,1],"texture":"#0"},"up":{"uv":[0,16,16,0],"texture":"#0"},"down":{"uv":[0,1,1,0],"texture":"#0"}}},{"name":"hexadecagon","from":[6.63586,-15,0.39857],"to":[8.92845,-0.71854,0.39857],"rotation":{"angle":0,"axis":"y","origin":[7.78216,-6.77238,5.01487]},"faces":{"north":{"uv":[6,0,8,16],"texture":"#0"},"east":{"uv":[0,0,1,1],"texture":"#0"},"south":{"uv":[8,0,6,16],"texture":"#0"},"west":{"uv":[0,0,1,1],"texture":"#0"},"up":{"uv":[6,0,8,16],"texture":"#0"},"down":{"uv":[0,0,1,1],"texture":"#0"}}},{"name":"hexadecagon","from":[13.10622,-15,4.92782],"to":[13.10622,-0.71854,7.22041],"rotation":{"angle":22.5,"axis":"y","origin":[7.78216,-6.77238,5.01487]},"faces":{"north":{"uv":[0,0,2,16],"texture":"#0"},"east":{"uv":[8,0,6,16],"texture":"#0"},"south":{"uv":[0,0,2,16],"texture":"#0"},"west":{"uv":[6,0,8,16],"texture":"#0"},"up":{"uv":[0,0,2,16],"texture":"#0"},"down":{"uv":[0,0,2,16],"texture":"#0"}}},{"name":"hexadecagon","from":[5.82516,-15,0.06277],"to":[8.11775,-0.71854,0.06277],"rotation":{"angle":45,"axis":"y","origin":[7.78216,-6.77238,5.01487]},"faces":{"north":{"uv":[10,0,12,16],"texture":"#0"},"east":{"uv":[0,0,1,1],"texture":"#0"},"south":{"uv":[12,0,10,16],"texture":"#0"},"west":{"uv":[0,0,1,1],"texture":"#0"},"up":{"uv":[12,0,10,16],"texture":"#0"},"down":{"uv":[0,0,1,1],"texture":"#0"}}},{"name":"hexadecagon","from":[6.19711,-15,0.3113],"to":[8.4897,-0.71854,0.3113],"rotation":{"angle":22.5,"axis":"y","origin":[7.78216,-6.77238,5.01487]},"faces":{"north":{"uv":[8,0,10,16],"texture":"#0"},"east":{"uv":[0,0,1,1],"texture":"#0"},"south":{"uv":[10,0,8,16],"texture":"#0"},"west":{"uv":[0,0,1,1],"texture":"#0"},"up":{"uv":[0,0,16,16],"texture":"#0"},"down":{"uv":[0,0,1,1],"texture":"#0"}}},{"name":"hexadecagon","from":[7.07461,-15,0.3113],"to":[9.3672,-0.71854,0.3113],"rotation":{"angle":-22.5,"axis":"y","origin":[7.78216,-6.77238,5.01487]},"faces":{"north":{"uv":[4,0,6,16],"texture":"#0"},"east":{"uv":[0,0,1,1],"texture":"#0"},"south":{"uv":[6,0,4,16],"texture":"#0"},"west":{"uv":[0,0,1,1],"texture":"#0"},"up":{"uv":[0,0,16,16],"texture":"#0"},"down":{"uv":[0,0,1,1],"texture":"#0"}}},{"name":"hexadecagon","from":[7.44657,-15,0.06277],"to":[9.73916,-0.71854,0.06277],"rotation":{"angle":-45,"axis":"y","origin":[7.78216,-6.77238,5.01487]},"faces":{"north":{"uv":[6,0,4,16],"texture":"#0"},"east":{"uv":[0,0,1,1],"texture":"#0"},"south":{"uv":[4,0,6,16],"texture":"#0"},"west":{"uv":[0,0,1,1],"texture":"#0"},"up":{"uv":[0,0,16,16],"texture":"#0"},"down":{"uv":[0,0,1,1],"texture":"#0"}}},{"name":"hexadecagon","from":[6.5539,-15.27441,-6.27473],"to":[11.60712,-7.71409,-6.27473],"rotation":{"angle":-45,"axis":"y","origin":[7.29359,-11.49425,4.64046]},"faces":{"north":{"uv":[6,0,4,16],"texture":"#0"},"east":{"uv":[0,0,1,0.375],"texture":"#0"},"south":{"uv":[4,0,6,13.25],"texture":"#0"},"west":{"uv":[0,0,1,0.375],"texture":"#0"},"up":{"uv":[0,0,16,13.25],"texture":"#0"},"down":{"uv":[0,0,1,0.375],"texture":"#0"}}},{"name":"hexadecagon","from":[5.73406,-15.27441,-5.72693],"to":[10.78727,-7.71409,-5.72693],"rotation":{"angle":-22.5,"axis":"y","origin":[7.29359,-11.49425,4.64046]},"faces":{"north":{"uv":[4,0,6,16],"texture":"#0"},"east":{"uv":[0,0,1,0.375],"texture":"#0"},"south":{"uv":[6,0,4,13.25],"texture":"#0"},"west":{"uv":[0,0,1,0.375],"texture":"#0"},"up":{"uv":[0,0,16,13.25],"texture":"#0"},"down":{"uv":[0,0,1,0.375],"texture":"#0"}}},{"name":"hexadecagon","from":[4.76698,-15.27441,-5.53456],"to":[9.8202,-7.71409,-5.53456],"rotation":{"angle":0,"axis":"y","origin":[7.29359,-11.49425,4.64046]},"faces":{"north":{"uv":[6,0,8,16],"texture":"#0"},"east":{"uv":[0,0,1,0.375],"texture":"#0"},"south":{"uv":[8,0,6,16],"texture":"#0"},"west":{"uv":[0,0,1,0.375],"texture":"#0"},"up":{"uv":[6,0,8,13.25],"texture":"#0"},"down":{"uv":[0,0,1,0.375],"texture":"#0"}}},{"name":"hexadecagon","from":[3.79991,-15.27441,-5.72693],"to":[8.85312,-7.71409,-5.72693],"rotation":{"angle":22.5,"axis":"y","origin":[7.29359,-11.49425,4.64046]},"faces":{"north":{"uv":[8,0,10,16],"texture":"#0"},"east":{"uv":[0,0,1,0.375],"texture":"#0"},"south":{"uv":[10,0,8,16],"texture":"#0"},"west":{"uv":[0,0,1,3.625],"texture":"#0"},"up":{"uv":[0,0,16,13.25],"texture":"#0"},"down":{"uv":[0,0,1,0.375],"texture":"#0"}}},{"name":"hexadecagon","from":[2.98006,-15.27441,-6.27473],"to":[8.03328,-7.71409,-6.27473],"rotation":{"angle":45,"axis":"y","origin":[7.29359,-11.49425,4.64046]},"faces":{"north":{"uv":[10,0,12,16],"texture":"#0"},"east":{"uv":[0,0,1,0.375],"texture":"#0"},"south":{"uv":[12,0,10,16],"texture":"#0"},"west":{"uv":[0,0,1,3.625],"texture":"#0"},"up":{"uv":[12,0,10,16],"texture":"#0"},"down":{"uv":[0,0,1,0.375],"texture":"#0"}}},{"name":"hexadecagon","from":[-4.44145,-15.27441,4.44858],"to":[-4.44145,-7.71409,9.50179],"rotation":{"angle":-22.5,"axis":"y","origin":[7.29359,-11.49425,4.64046]},"faces":{"north":{"uv":[0,0,1,0.375],"texture":"#0"},"east":{"uv":[10,0,12,13.25],"texture":"#0"},"south":{"uv":[0,0,1,0.375],"texture":"#0"},"west":{"uv":[12,0,10,16],"texture":"#0"},"up":{"uv":[0,0,16,13.25],"texture":"#0"},"down":{"uv":[0,0,1,0.375],"texture":"#0"}}},{"name":"hexadecagon","from":[19.02863,-15.27441,4.44858],"to":[19.02863,-7.71409,9.50179],"rotation":{"angle":22.5,"axis":"y","origin":[7.29359,-11.49425,4.64046]},"faces":{"north":{"uv":[0,0,2,16],"texture":"#0"},"east":{"uv":[8,0,6,16],"texture":"#0"},"south":{"uv":[0,0,2,13.25],"texture":"#0"},"west":{"uv":[6,0,8,16],"texture":"#0"},"up":{"uv":[0,0,2,13.25],"texture":"#0"},"down":{"uv":[0,0,2,13.25],"texture":"#0"}}},{"name":"hexadecagon","from":[6.5539,-15.27441,15.55565],"to":[11.60712,-7.71409,15.55565],"rotation":{"angle":45,"axis":"y","origin":[7.29359,-11.49425,4.64046]},"faces":{"north":{"uv":[10,0,8,15.96875],"texture":"#0"},"east":{"uv":[1,0,0,3.09375],"texture":"#0"},"south":{"uv":[8,0,10,15.96875],"texture":"#0"},"west":{"uv":[1,0,0,3.09375],"texture":"#0"},"up":{"uv":[0,15.96875,16,0],"texture":"#0"},"down":{"uv":[0,3.09375,1,0],"texture":"#0"}}},{"name":"hexadecagon","from":[19.02853,-15.27441,-0.22039],"to":[19.02853,-7.71409,4.83282],"rotation":{"angle":-22.5,"axis":"y","origin":[7.29359,-11.49425,4.64046]},"faces":{"north":{"uv":[1,0,0,3.09375],"texture":"#0"},"east":{"uv":[10,0,8,15.96875],"texture":"#0"},"south":{"uv":[1,0,0,3.09375],"texture":"#0"},"west":{"uv":[8,0,10,15.96875],"texture":"#0"},"up":{"uv":[0,15.96875,16,0],"rotation":270,"texture":"#0"},"down":{"uv":[0,3.09375,1,0],"rotation":90,"texture":"#0"}}},{"name":"hexadecagon","from":[5.73406,-15.27441,15.00785],"to":[10.78727,-7.71409,15.00785],"rotation":{"angle":22.5,"axis":"y","origin":[7.29359,-11.49425,4.64046]},"faces":{"north":{"uv":[8,0,6,15.96875],"texture":"#0"},"east":{"uv":[1,0,0,3.09375],"texture":"#0"},"south":{"uv":[6,0,8,15.96875],"texture":"#0"},"west":{"uv":[1,0,0,3.09375],"texture":"#0"},"up":{"uv":[0,15.96875,16,0],"texture":"#0"},"down":{"uv":[0,3.09375,1,0],"texture":"#0"}}},{"name":"hexadecagon","from":[4.76698,-15.27441,14.81549],"to":[9.8202,-7.71409,14.81549],"rotation":{"angle":0,"axis":"y","origin":[7.29359,-11.49425,4.64046]},"faces":{"north":{"uv":[6,0,4,15.96875],"texture":"#0"},"east":{"uv":[1,0,0,3.09375],"texture":"#0"},"south":{"uv":[4,0,6,15.96875],"texture":"#0"},"west":{"uv":[1,0,0,3.09375],"texture":"#0"},"up":{"uv":[6,15.96875,8,0],"texture":"#0"},"down":{"uv":[0,3.09375,1,0],"texture":"#0"}}},{"name":"hexadecagon","from":[3.79991,-15.27441,15.00785],"to":[8.85312,-7.71409,15.00785],"rotation":{"angle":-22.5,"axis":"y","origin":[7.29359,-11.49425,4.64046]},"faces":{"north":{"uv":[4,0,6,15.96875],"texture":"#0"},"east":{"uv":[1,0,0,3.09375],"texture":"#0"},"south":{"uv":[6,0,4,15.96875],"texture":"#0"},"west":{"uv":[1,0,0,3.09375],"texture":"#0"},"up":{"uv":[0,15.96875,16,0],"texture":"#0"},"down":{"uv":[0,3.09375,1,0],"texture":"#0"}}},{"name":"hexadecagon","from":[2.98006,-15.27441,15.55565],"to":[8.03328,-7.71409,15.55565],"rotation":{"angle":-45,"axis":"y","origin":[7.29359,-11.49425,4.64046]},"faces":{"north":{"uv":[6,0,8,15.96875],"texture":"#0"},"east":{"uv":[1,0,0,3.09375],"texture":"#0"},"south":{"uv":[8,0,6,15.96875],"texture":"#0"},"west":{"uv":[1,0,0,3.09375],"texture":"#0"},"up":{"uv":[8,15.96875,10,0],"texture":"#0"},"down":{"uv":[0,3.09375,1,0],"texture":"#0"}}},{"name":"hexadecagon","from":[-4.44145,-15.27441,-0.22087],"to":[-4.44145,-7.71409,4.83234],"rotation":{"angle":22.5,"axis":"y","origin":[7.29359,-11.49425,4.64046]},"faces":{"north":{"uv":[1,0,0,3.09375],"texture":"#0"},"east":{"uv":[8,0,10,15.96875],"texture":"#0"},"south":{"uv":[1,0,0,3.09375],"texture":"#0"},"west":{"uv":[10,0,8,16],"texture":"#0"},"up":{"uv":[0,15.96875,16,0],"texture":"#0"},"down":{"uv":[0,3.09375,1,0],"texture":"#0"}}},{"name":"hexadecagon","from":[6.83086,-15.27441,-11.1621],"to":[14.41068,1.28591,-11.1621],"rotation":{"angle":-45,"axis":"y","origin":[7.94039,-1.49425,5.21069]},"faces":{"north":{"uv":[6,0,4,16],"texture":"#0"},"east":{"uv":[0,0,1,0.375],"texture":"#0"},"south":{"uv":[4,0,6,16],"texture":"#0"},"west":{"uv":[0,0,1,0.375],"texture":"#0"},"up":{"uv":[0,0,16,13.25],"texture":"#0"},"down":{"uv":[0,0,1,0.375],"texture":"#0"}}},{"name":"hexadecagon","from":[5.60109,-15.27441,-10.34039],"to":[13.18091,1.28591,-10.34039],"rotation":{"angle":-22.5,"axis":"y","origin":[7.94039,-1.49425,5.21069]},"faces":{"north":{"uv":[4,0,6,16],"texture":"#0"},"east":{"uv":[0,0,1,0.375],"texture":"#0"},"south":{"uv":[6,0,4,16],"texture":"#0"},"west":{"uv":[0,0,1,0.375],"texture":"#0"},"up":{"uv":[0,0,16,13.25],"texture":"#0"},"down":{"uv":[0,0,1,0.375],"texture":"#0"}}},{"name":"hexadecagon","from":[4.15048,-15.27441,-10.05185],"to":[11.7303,1.28591,-10.05185],"rotation":{"angle":0,"axis":"y","origin":[7.94039,-1.49425,5.21069]},"faces":{"north":{"uv":[6,0,8,16],"texture":"#0"},"east":{"uv":[0,0,1,0.375],"texture":"#0"},"south":{"uv":[8,0,6,16],"texture":"#0"},"west":{"uv":[0,0,1,0.375],"texture":"#0"},"up":{"uv":[6,0,8,13.25],"texture":"#0"},"down":{"uv":[0,0,1,0.375],"texture":"#0"}}},{"name":"hexadecagon","from":[2.69986,-15.27441,-10.34039],"to":[10.27969,1.28591,-10.34039],"rotation":{"angle":22.5,"axis":"y","origin":[7.94039,-1.49425,5.21069]},"faces":{"north":{"uv":[8,0,10,16],"texture":"#0"},"east":{"uv":[0,0,1,0.375],"texture":"#0"},"south":{"uv":[10,0,8,16],"texture":"#0"},"west":{"uv":[0,0,1,3.625],"texture":"#0"},"up":{"uv":[0,0,16,13.25],"texture":"#0"},"down":{"uv":[0,0,1,0.375],"texture":"#0"}}},{"name":"hexadecagon","from":[1.47009,-15.27441,-11.1621],"to":[9.04992,1.28591,-11.1621],"rotation":{"angle":45,"axis":"y","origin":[7.94039,-1.49425,5.21069]},"faces":{"north":{"uv":[10,0,12,16],"texture":"#0"},"east":{"uv":[0,0,1,0.375],"texture":"#0"},"south":{"uv":[12,0,10,16],"texture":"#0"},"west":{"uv":[0,0,1,3.625],"texture":"#0"},"up":{"uv":[12,0,10,16],"texture":"#0"},"down":{"uv":[0,0,1,0.375],"texture":"#0"}}},{"name":"hexadecagon","from":[-9.66217,-15.27441,4.92287],"to":[-9.66217,1.28591,12.50269],"rotation":{"angle":-22.5,"axis":"y","origin":[7.94039,-1.49425,5.21069]},"faces":{"north":{"uv":[0,0,1,0.375],"texture":"#0"},"east":{"uv":[10,0,12,16],"texture":"#0"},"south":{"uv":[0,0,1,0.375],"texture":"#0"},"west":{"uv":[12,0,10,16],"texture":"#0"},"up":{"uv":[0,0,16,13.25],"texture":"#0"},"down":{"uv":[0,0,1,0.375],"texture":"#0"}}},{"name":"hexadecagon","from":[25.54294,-15.27441,4.92287],"to":[25.54294,1.28591,12.50269],"rotation":{"angle":22.5,"axis":"y","origin":[7.94039,-1.49425,5.21069]},"faces":{"north":{"uv":[0,0,2,16],"texture":"#0"},"east":{"uv":[8,0,6,16],"texture":"#0"},"south":{"uv":[0,0,2,13.25],"texture":"#0"},"west":{"uv":[6,0,8,16],"texture":"#0"},"up":{"uv":[0,0,2,13.25],"texture":"#0"},"down":{"uv":[0,0,2,13.25],"texture":"#0"}}},{"name":"hexadecagon","from":[6.83086,-15.27441,21.58348],"to":[14.41068,1.28591,21.58348],"rotation":{"angle":45,"axis":"y","origin":[7.94039,-1.49425,5.21069]},"faces":{"north":{"uv":[10,0,8,15.96875],"texture":"#0"},"east":{"uv":[1,0,0,3.09375],"texture":"#0"},"south":{"uv":[8,0,10,15.96875],"texture":"#0"},"west":{"uv":[1,0,0,3.09375],"texture":"#0"},"up":{"uv":[0,15.96875,16,0],"texture":"#0"},"down":{"uv":[0,3.09375,1,0],"texture":"#0"}}},{"name":"hexadecagon","from":[25.5428,-15.27441,-2.08059],"to":[25.5428,1.28591,5.49924],"rotation":{"angle":-22.5,"axis":"y","origin":[7.94039,-1.49425,5.21069]},"faces":{"north":{"uv":[1,0,0,3.09375],"texture":"#0"},"east":{"uv":[10,0,8,15.96875],"texture":"#0"},"south":{"uv":[1,0,0,3.09375],"texture":"#0"},"west":{"uv":[8,0,10,15.96875],"texture":"#0"},"up":{"uv":[0,15.96875,16,0],"rotation":270,"texture":"#0"},"down":{"uv":[0,3.09375,1,0],"rotation":90,"texture":"#0"}}},{"name":"hexadecagon","from":[5.60109,-15.27441,20.76177],"to":[13.18091,1.28591,20.76177],"rotation":{"angle":22.5,"axis":"y","origin":[7.94039,-1.49425,5.21069]},"faces":{"north":{"uv":[8,0,6,15.96875],"texture":"#0"},"east":{"uv":[1,0,0,3.09375],"texture":"#0"},"south":{"uv":[6,0,8,15.96875],"texture":"#0"},"west":{"uv":[1,0,0,3.09375],"texture":"#0"},"up":{"uv":[0,15.96875,16,0],"texture":"#0"},"down":{"uv":[0,3.09375,1,0],"texture":"#0"}}},{"name":"hexadecagon","from":[4.15048,-15.27441,20.47323],"to":[11.7303,1.28591,20.47323],"rotation":{"angle":0,"axis":"y","origin":[7.94039,-1.49425,5.21069]},"faces":{"north":{"uv":[6,0,4,15.96875],"texture":"#0"},"east":{"uv":[1,0,0,3.09375],"texture":"#0"},"south":{"uv":[4,0,6,15.96875],"texture":"#0"},"west":{"uv":[1,0,0,3.09375],"texture":"#0"},"up":{"uv":[6,15.96875,8,0],"texture":"#0"},"down":{"uv":[0,3.09375,1,0],"texture":"#0"}}},{"name":"hexadecagon","from":[2.69986,-15.27441,20.76177],"to":[10.27969,1.28591,20.76177],"rotation":{"angle":-22.5,"axis":"y","origin":[7.94039,-1.49425,5.21069]},"faces":{"north":{"uv":[4,0,6,15.96875],"texture":"#0"},"east":{"uv":[1,0,0,3.09375],"texture":"#0"},"south":{"uv":[6,0,4,15.96875],"texture":"#0"},"west":{"uv":[1,0,0,3.09375],"texture":"#0"},"up":{"uv":[0,15.96875,16,0],"texture":"#0"},"down":{"uv":[0,3.09375,1,0],"texture":"#0"}}},{"name":"hexadecagon","from":[1.47009,-15.27441,21.58348],"to":[9.04992,1.28591,21.58348],"rotation":{"angle":-45,"axis":"y","origin":[7.94039,-1.49425,5.21069]},"faces":{"north":{"uv":[6,0,8,15.96875],"texture":"#0"},"east":{"uv":[1,0,0,3.09375],"texture":"#0"},"south":{"uv":[8,0,6,15.96875],"texture":"#0"},"west":{"uv":[1,0,0,3.09375],"texture":"#0"},"up":{"uv":[8,15.96875,10,0],"texture":"#0"},"down":{"uv":[0,3.09375,1,0],"texture":"#0"}}},{"name":"hexadecagon","from":[-9.66217,-15.27441,-2.08131],"to":[-9.66217,1.28591,5.49852],"rotation":{"angle":22.5,"axis":"y","origin":[7.94039,-1.49425,5.21069]},"faces":{"north":{"uv":[1,0,0,3.09375],"texture":"#0"},"east":{"uv":[8,0,10,15.96875],"texture":"#0"},"south":{"uv":[1,0,0,3.09375],"texture":"#0"},"west":{"uv":[10,0,8,16],"texture":"#0"},"up":{"uv":[0,15.96875,16,0],"texture":"#0"},"down":{"uv":[0,3.09375,1,0],"texture":"#0"}}},{"from":[-16,-14.2,-15.5],"to":[32,-14.2,23.5],"rotation":{"angle":0,"axis":"y","origin":[7.4325,-14.2,4.47575]},"faces":{"north":{"uv":[0,0,16,16],"texture":"#2"},"east":{"uv":[0,0,16,16],"texture":"#2"},"south":{"uv":[0,0,16,16],"texture":"#2"},"west":{"uv":[0,0,16,16],"texture":"#2"},"up":{"uv":[0,0,16,16],"texture":"#2"},"down":{"uv":[16,16,0,0],"texture":"#2"}}},{"from":[-11.74375,-13.9,-12.1605],"to":[26.60875,-13.9,21.112],"rotation":{"angle":0,"axis":"y","origin":[7.45134,7.8459,4.69931]},"faces":{"north":{"uv":[0,0,16,16],"texture":"#1"},"east":{"uv":[0,0,16,16],"texture":"#1"},"south":{"uv":[0,0,16,16],"texture":"#1"},"west":{"uv":[0,0,16,16],"texture":"#1"},"up":{"uv":[0,0,16,16],"texture":"#1"},"down":{"uv":[0,0,16,16],"texture":"#1"}}},{"from":[-4.74375,-13.9,-5.1605],"to":[19.60875,-13.9,14.112],"rotation":{"angle":0,"axis":"y","origin":[7.45134,7.8459,4.69931]},"faces":{"north":{"uv":[0,0,16,16],"texture":"#1"},"east":{"uv":[0,0,16,16],"texture":"#1"},"south":{"uv":[0,0,16,16],"texture":"#1"},"west":{"uv":[0,0,16,16],"texture":"#1"},"up":{"uv":[0,0,16,16],"texture":"#1"},"down":{"uv":[0,0,16,16],"texture":"#1"}}},{"name":"hexadecagon","from":[6.95024,-4.27441,-15.24336],"to":[14.53006,12.28591,-15.24336],"rotation":{"angle":-45,"axis":"y","origin":[8.05976,9.50575,1.12943]},"faces":{"north":{"uv":[2,0,3,16],"texture":"#3"},"east":{"uv":[2,0,3,16],"texture":"#3"},"south":{"uv":[3,0,2,16],"texture":"#3"},"west":{"uv":[2,0,3,16],"texture":"#3"},"up":{"uv":[2,0,3,16],"texture":"#3"},"down":{"uv":[2,0,3,16],"texture":"#3"}}},{"name":"hexadecagon","from":[5.72047,-4.27441,-14.42165],"to":[13.30029,12.28591,-14.42165],"rotation":{"angle":-22.5,"axis":"y","origin":[8.05976,9.50575,1.12943]},"faces":{"north":{"uv":[3,0,4,16],"texture":"#3"},"east":{"uv":[3,0,4,16],"texture":"#3"},"south":{"uv":[4,0,3,16],"texture":"#3"},"west":{"uv":[3,0,4,16],"texture":"#3"},"up":{"uv":[3,0,4,16],"texture":"#3"},"down":{"uv":[3,0,4,16],"texture":"#3"}}},{"name":"hexadecagon","from":[4.26985,-4.27441,-14.13311],"to":[11.84968,12.28591,-14.13311],"rotation":{"angle":0,"axis":"y","origin":[8.05976,9.50575,1.12943]},"faces":{"north":{"uv":[4,0,5,16],"texture":"#3"},"east":{"uv":[4,0,5,16],"texture":"#3"},"south":{"uv":[5,0,4,16],"texture":"#3"},"west":{"uv":[4,0,5,16],"texture":"#3"},"up":{"uv":[4,0,5,16],"texture":"#3"},"down":{"uv":[4,0,5,16],"texture":"#3"}}},{"name":"hexadecagon","from":[2.81924,-4.27441,-14.42165],"to":[10.39906,12.28591,-14.42165],"rotation":{"angle":22.5,"axis":"y","origin":[8.05976,9.50575,1.12943]},"faces":{"north":{"uv":[5,0,6,16],"texture":"#3"},"east":{"uv":[5,0,6,16],"texture":"#3"},"south":{"uv":[6,0,5,16],"texture":"#3"},"west":{"uv":[5,0,6,16],"texture":"#3"},"up":{"uv":[5,0,6,16],"texture":"#3"},"down":{"uv":[5,0,6,16],"texture":"#3"}}},{"name":"hexadecagon","from":[1.58947,-4.27441,-15.24336],"to":[9.16929,12.28591,-15.24336],"rotation":{"angle":45,"axis":"y","origin":[8.05976,9.50575,1.12943]},"faces":{"north":{"uv":[6,0,7,16],"texture":"#3"},"east":{"uv":[6,0,7,16],"texture":"#3"},"south":{"uv":[7,0,6,16],"texture":"#3"},"west":{"uv":[6,0,7,16],"texture":"#3"},"up":{"uv":[6,0,7,16],"texture":"#3"},"down":{"uv":[6,0,7,16],"texture":"#3"}}},{"name":"hexadecagon","from":[-9.54279,-4.27441,0.8416],"to":[-9.54279,12.28591,8.42143],"rotation":{"angle":-22.5,"axis":"y","origin":[8.05976,9.50575,1.12943]},"faces":{"north":{"uv":[7,0,8,16],"texture":"#3"},"east":{"uv":[8,0,7,16],"texture":"#3"},"south":{"uv":[7,0,8,16],"texture":"#3"},"west":{"uv":[7,0,8,16],"texture":"#3"},"up":{"uv":[7,0,8,16],"texture":"#3"},"down":{"uv":[7,0,8,16],"texture":"#3"}}},{"name":"hexadecagon","from":[-7.71029,9.72559,5.1149],"to":[-7.71029,26.28591,12.69472],"rotation":{"angle":45,"axis":"y","origin":[13.20977,18.00575,10.92006]},"faces":{"north":{"uv":[2,13.5,3,2.5],"texture":"#3"},"east":{"uv":[3,13.5,2,2.5],"texture":"#3"},"south":{"uv":[2,13.5,3,2.5],"texture":"#3"},"west":{"uv":[2,13.5,3,2.5],"texture":"#3"},"up":{"uv":[2,13.5,3,2.5],"rotation":270,"texture":"#3"},"down":{"uv":[2,13.5,3,2.5],"rotation":90,"texture":"#3"}}},{"name":"hexadecagon","from":[6.7868,9.72559,31.06388],"to":[14.36662,26.28591,31.06388],"rotation":{"angle":-22.5,"axis":"y","origin":[13.20977,18.00575,10.92006]},"faces":{"north":{"uv":[4,13.5,3,2.5],"texture":"#3"},"east":{"uv":[3,13.5,4,2.5],"texture":"#3"},"south":{"uv":[3,13.5,4,2.5],"texture":"#3"},"west":{"uv":[3,13.5,4,2.5],"texture":"#3"},"up":{"uv":[3,13.5,4,2.5],"rotation":180,"texture":"#3"},"down":{"uv":[3,13.5,4,2.5],"rotation":180,"texture":"#3"}}},{"name":"hexadecagon","from":[6.56986,9.72559,29.97323],"to":[14.14968,26.28591,29.97323],"rotation":{"angle":0,"axis":"y","origin":[13.20977,18.00575,10.92006]},"faces":{"north":{"uv":[5,13.5,4,2.5],"texture":"#3"},"east":{"uv":[4,13.5,5,2.5],"texture":"#3"},"south":{"uv":[4,13.5,5,2.5],"texture":"#3"},"west":{"uv":[4,13.5,5,2.5],"texture":"#3"},"up":{"uv":[4,13.5,5,2.5],"rotation":180,"texture":"#3"},"down":{"uv":[4,13.5,5,2.5],"rotation":180,"texture":"#3"}}},{"name":"hexadecagon","from":[7.4046,9.72559,27.95798],"to":[14.98442,26.28591,27.95798],"rotation":{"angle":45,"axis":"y","origin":[13.20977,18.00575,10.92006]},"faces":{"north":{"uv":[7,13.5,6,2.5],"texture":"#3"},"east":{"uv":[6,13.5,7,2.5],"texture":"#3"},"south":{"uv":[6,13.5,7,2.5],"texture":"#3"},"west":{"uv":[6,13.5,7,2.5],"texture":"#3"},"up":{"uv":[6,13.5,7,2.5],"rotation":180,"texture":"#3"},"down":{"uv":[6,13.5,7,2.5],"rotation":180,"texture":"#3"}}},{"name":"hexadecagon","from":[29.62988,9.72559,8.2208],"to":[29.62988,26.28591,15.80062],"rotation":{"angle":-22.5,"axis":"y","origin":[13.20977,18.00575,10.92006]},"faces":{"north":{"uv":[7,13.5,8,2.5],"texture":"#3"},"east":{"uv":[7,13.5,8,2.5],"texture":"#3"},"south":{"uv":[7,13.5,8,2.5],"texture":"#3"},"west":{"uv":[8,13.5,7,2.5],"texture":"#3"},"up":{"uv":[7,13.5,8,2.5],"rotation":180,"texture":"#3"},"down":{"uv":[7,13.5,8,2.5],"rotation":180,"texture":"#3"}}},{"name":"hexadecagon","from":[6.7868,9.72559,28.88258],"to":[14.36662,26.28591,28.88258],"rotation":{"angle":22.5,"axis":"y","origin":[13.20977,18.00575,10.92006]},"faces":{"north":{"uv":[6,13.5,5,2.5],"texture":"#3"},"east":{"uv":[5,13.5,6,2.5],"texture":"#3"},"south":{"uv":[5,13.5,6,2.5],"texture":"#3"},"west":{"uv":[5,13.5,6,2.5],"texture":"#3"},"up":{"uv":[5,13.5,6,2.5],"rotation":180,"texture":"#3"},"down":{"uv":[5,13.5,6,2.5],"rotation":180,"texture":"#3"}}},{"name":"hexadecagon","from":[2.81924,14.72559,-14.42165],"to":[10.39906,31.28591,-14.42165],"rotation":{"angle":22.5,"axis":"y","origin":[8.05976,28.50575,1.12943]},"faces":{"north":{"uv":[5,0,6,16],"texture":"#3"},"east":{"uv":[5,0,6,16],"texture":"#3"},"south":{"uv":[6,0,5,16],"texture":"#3"},"west":{"uv":[5,0,6,16],"texture":"#3"},"up":{"uv":[5,0,6,16],"texture":"#3"},"down":{"uv":[5,0,6,16],"texture":"#3"}}},{"name":"hexadecagon","from":[27.11286,14.72559,1.12977],"to":[27.11286,31.28591,8.70959],"rotation":{"angle":0,"axis":"y","origin":[27.11286,23.00575,4.91968]},"faces":{"north":{"uv":[0,0,1,16],"texture":"#3"},"east":{"uv":[0,0,1,16],"texture":"#3"},"south":{"uv":[0,0,1,16],"texture":"#3"},"west":{"uv":[1,0,0,16],"texture":"#3"},"up":{"uv":[0,0,1,16],"texture":"#3"},"down":{"uv":[0,0,1,16],"texture":"#3"}}},{"name":"hexadecagon","from":[-11.11286,14.72559,1.12977],"to":[-11.11286,31.28591,8.70959],"rotation":{"angle":0,"axis":"y","origin":[-11.11286,23.00575,4.91968]},"faces":{"north":{"uv":[8,0,9,16],"texture":"#3"},"east":{"uv":[9,0,8,16],"texture":"#3"},"south":{"uv":[8,0,9,16],"texture":"#3"},"west":{"uv":[8,0,9,16],"texture":"#3"},"up":{"uv":[8,0,9,16],"texture":"#3"},"down":{"uv":[8,0,9,16],"texture":"#3"}}},{"name":"hexadecagon","from":[-9.66217,14.72559,1.41869],"to":[-9.66217,31.28591,8.99852],"rotation":{"angle":22.5,"axis":"y","origin":[7.94039,28.50575,8.71069]},"faces":{"north":{"uv":[9,0,10,16],"texture":"#3"},"east":{"uv":[10,0,9,16],"texture":"#3"},"south":{"uv":[9,0,10,16],"texture":"#3"},"west":{"uv":[9,0,10,16],"texture":"#3"},"up":{"uv":[9,0,10,16],"texture":"#3"},"down":{"uv":[9,0,10,16],"texture":"#3"}}},{"name":"hexadecagon","from":[1.47009,14.72559,25.08348],"to":[9.04992,31.28591,25.08348],"rotation":{"angle":-45,"axis":"y","origin":[7.94039,28.50575,8.71069]},"faces":{"north":{"uv":[11,0,10,16],"texture":"#3"},"east":{"uv":[10,0,11,16],"texture":"#3"},"south":{"uv":[10,0,11,16],"texture":"#3"},"west":{"uv":[10,0,11,16],"texture":"#3"},"up":{"uv":[10,0,11,16],"texture":"#3"},"down":{"uv":[10,0,11,16],"texture":"#3"}}},{"name":"hexadecagon","from":[2.69986,14.72559,24.26177],"to":[10.27969,31.28591,24.26177],"rotation":{"angle":-22.5,"axis":"y","origin":[7.94039,28.50575,8.71069]},"faces":{"north":{"uv":[12,0,11,16],"texture":"#3"},"east":{"uv":[11,0,12,16],"texture":"#3"},"south":{"uv":[11,0,12,16],"texture":"#3"},"west":{"uv":[11,0,12,16],"texture":"#3"},"up":{"uv":[11,0,12,16],"texture":"#3"},"down":{"uv":[11,0,12,16],"texture":"#3"}}},{"name":"hexadecagon","from":[4.15048,14.72559,23.97323],"to":[11.7303,31.28591,23.97323],"rotation":{"angle":0,"axis":"y","origin":[7.94039,28.50575,8.71069]},"faces":{"north":{"uv":[13,0,12,16],"texture":"#3"},"east":{"uv":[12,0,13,16],"texture":"#3"},"south":{"uv":[12,0,13,16],"texture":"#3"},"west":{"uv":[12,0,13,16],"texture":"#3"},"up":{"uv":[12,0,13,16],"texture":"#3"},"down":{"uv":[12,0,13,16],"texture":"#3"}}},{"name":"hexadecagon","from":[5.60109,14.72559,24.26177],"to":[13.18091,31.28591,24.26177],"rotation":{"angle":22.5,"axis":"y","origin":[7.94039,28.50575,8.71069]},"faces":{"north":{"uv":[14,0,13,16],"texture":"#3"},"east":{"uv":[13,0,14,16],"texture":"#3"},"south":{"uv":[13,0,14,16],"texture":"#3"},"west":{"uv":[13,0,14,16],"texture":"#3"},"up":{"uv":[13,0,14,16],"texture":"#3"},"down":{"uv":[13,0,14,16],"texture":"#3"}}},{"name":"hexadecagon","from":[25.5428,14.72559,1.41941],"to":[25.5428,31.28591,8.99924],"rotation":{"angle":-22.5,"axis":"y","origin":[7.94039,28.50575,8.71069]},"faces":{"north":{"uv":[15,0,16,16],"texture":"#3"},"east":{"uv":[15,0,16,16],"texture":"#3"},"south":{"uv":[15,0,16,16],"texture":"#3"},"west":{"uv":[15,0,16,16],"texture":"#3"},"up":{"uv":[15,0,16,16],"texture":"#3"},"down":{"uv":[15,0,16,16],"texture":"#3"}}},{"name":"hexadecagon","from":[6.83086,14.72559,25.08348],"to":[14.41068,31.28591,25.08348],"rotation":{"angle":45,"axis":"y","origin":[7.94039,28.50575,8.71069]},"faces":{"north":{"uv":[14,0,15,16],"texture":"#3"},"east":{"uv":[14,0,15,16],"texture":"#3"},"south":{"uv":[14,0,15,16],"texture":"#3"},"west":{"uv":[14,0,15,16],"texture":"#3"},"up":{"uv":[14,0,15,16],"texture":"#3"},"down":{"uv":[14,0,15,16],"texture":"#3"}}},{"name":"hexadecagon","from":[25.66232,14.72559,0.8416],"to":[25.66232,31.28591,8.42143],"rotation":{"angle":22.5,"axis":"y","origin":[8.05976,28.50575,1.12943]},"faces":{"north":{"uv":[1,0,2,16],"texture":"#3"},"east":{"uv":[1,0,2,16],"texture":"#3"},"south":{"uv":[1,0,2,16],"texture":"#3"},"west":{"uv":[2,0,1,16],"texture":"#3"},"up":{"uv":[1,0,2,16],"texture":"#3"},"down":{"uv":[1,0,2,16],"texture":"#3"}}},{"name":"hexadecagon","from":[-9.54279,14.72559,0.8416],"to":[-9.54279,31.28591,8.42143],"rotation":{"angle":-22.5,"axis":"y","origin":[8.05976,28.50575,1.12943]},"faces":{"north":{"uv":[7,0,8,16],"texture":"#3"},"east":{"uv":[8,0,7,16],"texture":"#3"},"south":{"uv":[7,0,8,16],"texture":"#3"},"west":{"uv":[7,0,8,16],"texture":"#3"},"up":{"uv":[7,0,8,16],"texture":"#3"},"down":{"uv":[7,0,8,16],"texture":"#3"}}},{"name":"hexadecagon","from":[1.58947,14.72559,-15.24336],"to":[9.16929,31.28591,-15.24336],"rotation":{"angle":45,"axis":"y","origin":[8.05976,28.50575,1.12943]},"faces":{"north":{"uv":[6,0,7,16],"texture":"#3"},"east":{"uv":[6,0,7,16],"texture":"#3"},"south":{"uv":[7,0,6,16],"texture":"#3"},"west":{"uv":[6,0,7,16],"texture":"#3"},"up":{"uv":[6,0,7,16],"texture":"#3"},"down":{"uv":[6,0,7,16],"texture":"#3"}}},{"name":"hexadecagon","from":[4.26985,14.72559,-14.13311],"to":[11.84968,31.28591,-14.13311],"rotation":{"angle":0,"axis":"y","origin":[8.05976,28.50575,1.12943]},"faces":{"north":{"uv":[4,0,5,16],"texture":"#3"},"east":{"uv":[4,0,5,16],"texture":"#3"},"south":{"uv":[5,0,4,16],"texture":"#3"},"west":{"uv":[4,0,5,16],"texture":"#3"},"up":{"uv":[4,0,5,16],"texture":"#3"},"down":{"uv":[4,0,5,16],"texture":"#3"}}},{"name":"hexadecagon","from":[5.72047,14.72559,-14.42165],"to":[13.30029,31.28591,-14.42165],"rotation":{"angle":-22.5,"axis":"y","origin":[8.05976,28.50575,1.12943]},"faces":{"north":{"uv":[3,0,4,16],"texture":"#3"},"east":{"uv":[3,0,4,16],"texture":"#3"},"south":{"uv":[4,0,3,16],"texture":"#3"},"west":{"uv":[3,0,4,16],"texture":"#3"},"up":{"uv":[3,0,4,16],"texture":"#3"},"down":{"uv":[3,0,4,16],"texture":"#3"}}},{"name":"hexadecagon","from":[6.95024,14.72559,-15.24336],"to":[14.53006,31.28591,-15.24336],"rotation":{"angle":-45,"axis":"y","origin":[8.05976,28.50575,1.12943]},"faces":{"north":{"uv":[2,0,3,16],"texture":"#3"},"east":{"uv":[2,0,3,16],"texture":"#3"},"south":{"uv":[3,0,2,16],"texture":"#3"},"west":{"uv":[2,0,3,16],"texture":"#3"},"up":{"uv":[2,0,3,16],"texture":"#3"},"down":{"uv":[2,0,3,16],"texture":"#3"}}},{"name":"hexadecagon","from":[5.60109,-4.27441,24.26177],"to":[13.18091,12.28591,24.26177],"rotation":{"angle":22.5,"axis":"y","origin":[7.94039,9.50575,8.71069]},"faces":{"north":{"uv":[14,0,13,16],"texture":"#3"},"east":{"uv":[13,0,14,16],"texture":"#3"},"south":{"uv":[13,0,14,16],"texture":"#3"},"west":{"uv":[13,0,14,16],"texture":"#3"},"up":{"uv":[13,0,14,16],"texture":"#3"},"down":{"uv":[13,0,14,16],"texture":"#3"}}},{"name":"hexadecagon","from":[4.15048,-4.27441,23.97323],"to":[11.7303,12.28591,23.97323],"rotation":{"angle":0,"axis":"y","origin":[7.94039,9.50575,8.71069]},"faces":{"north":{"uv":[13,0,12,16],"texture":"#3"},"east":{"uv":[12,0,13,16],"texture":"#3"},"south":{"uv":[12,0,13,16],"texture":"#3"},"west":{"uv":[12,0,13,16],"texture":"#3"},"up":{"uv":[12,0,13,16],"texture":"#3"},"down":{"uv":[12,0,13,16],"texture":"#3"}}},{"name":"hexadecagon","from":[2.69986,-4.27441,24.26177],"to":[10.27969,12.28591,24.26177],"rotation":{"angle":-22.5,"axis":"y","origin":[7.94039,9.50575,8.71069]},"faces":{"north":{"uv":[12,0,11,16],"texture":"#3"},"east":{"uv":[11,0,12,16],"texture":"#3"},"south":{"uv":[11,0,12,16],"texture":"#3"},"west":{"uv":[11,0,12,16],"texture":"#3"},"up":{"uv":[11,0,12,16],"texture":"#3"},"down":{"uv":[11,0,12,16],"texture":"#3"}}},{"name":"hexadecagon","from":[1.47009,-4.27441,25.08348],"to":[9.04992,12.28591,25.08348],"rotation":{"angle":-45,"axis":"y","origin":[7.94039,9.50575,8.71069]},"faces":{"north":{"uv":[11,0,10,16],"texture":"#3"},"east":{"uv":[10,0,11,16],"texture":"#3"},"south":{"uv":[10,0,11,16],"texture":"#3"},"west":{"uv":[10,0,11,16],"texture":"#3"},"up":{"uv":[10,0,11,16],"texture":"#3"},"down":{"uv":[10,0,11,16],"texture":"#3"}}},{"name":"hexadecagon","from":[-9.66217,-4.27441,1.41869],"to":[-9.66217,12.28591,8.99852],"rotation":{"angle":22.5,"axis":"y","origin":[7.94039,9.50575,8.71069]},"faces":{"north":{"uv":[9,0,10,16],"texture":"#3"},"east":{"uv":[10,0,9,16],"texture":"#3"},"south":{"uv":[9,0,10,16],"texture":"#3"},"west":{"uv":[9,0,10,16],"texture":"#3"},"up":{"uv":[9,0,10,16],"texture":"#3"},"down":{"uv":[9,0,10,16],"texture":"#3"}}},{"name":"hexadecagon","from":[-11.11286,-4.27441,1.12977],"to":[-11.11286,12.28591,8.70959],"rotation":{"angle":0,"axis":"y","origin":[-11.11286,4.00575,4.91968]},"faces":{"north":{"uv":[8,0,9,16],"texture":"#3"},"east":{"uv":[9,0,8,16],"texture":"#3"},"south":{"uv":[8,0,9,16],"texture":"#3"},"west":{"uv":[8,0,9,16],"texture":"#3"},"up":{"uv":[8,0,9,16],"texture":"#3"},"down":{"uv":[8,0,9,16],"texture":"#3"}}},{"name":"hexadecagon","from":[6.7774,9.72559,-9.17767],"to":[14.35722,26.28591,-9.17767],"rotation":{"angle":22.5,"axis":"y","origin":[13.09007,18.00575,10.92046]},"faces":{"north":{"uv":[13,13.5,14,2.5],"texture":"#3"},"east":{"uv":[13,13.5,14,2.5],"texture":"#3"},"south":{"uv":[14,13.5,13,2.5],"texture":"#3"},"west":{"uv":[13,13.5,14,2.5],"texture":"#3"},"up":{"uv":[13,13.5,14,2.5],"rotation":180,"texture":"#3"},"down":{"uv":[13,13.5,14,2.5],"rotation":180,"texture":"#3"}}},{"name":"hexadecagon","from":[6.56992,9.72559,-8.13279],"to":[14.14974,26.28591,-8.13279],"rotation":{"angle":0,"axis":"y","origin":[13.09045,18.00575,10.92038]},"faces":{"north":{"uv":[12,13.5,13,2.5],"texture":"#3"},"east":{"uv":[12,13.5,13,2.5],"texture":"#3"},"south":{"uv":[13,13.5,12,2.5],"texture":"#3"},"west":{"uv":[12,13.5,13,2.5],"texture":"#3"},"up":{"uv":[12,13.5,13,2.5],"rotation":180,"texture":"#3"},"down":{"uv":[12,13.5,13,2.5],"rotation":180,"texture":"#3"}}},{"name":"hexadecagon","from":[6.77778,9.72559,-7.08782],"to":[14.3576,26.28591,-7.08782],"rotation":{"angle":-22.5,"axis":"y","origin":[13.09045,18.00575,10.92038]},"faces":{"north":{"uv":[11,13.5,12,2.5],"texture":"#3"},"east":{"uv":[11,13.5,12,2.5],"texture":"#3"},"south":{"uv":[12,13.5,11,2.5],"texture":"#3"},"west":{"uv":[11,13.5,12,2.5],"texture":"#3"},"up":{"uv":[11,13.5,12,2.5],"rotation":180,"texture":"#3"},"down":{"uv":[11,13.5,12,2.5],"rotation":180,"texture":"#3"}}},{"name":"hexadecagon","from":[30.21278,9.72559,5.19963],"to":[30.21278,26.28591,12.77945],"rotation":{"angle":45,"axis":"y","origin":[13.09045,18.00575,10.92038]},"faces":{"north":{"uv":[10,13.5,11,2.5],"texture":"#3"},"east":{"uv":[10,13.5,11,2.5],"texture":"#3"},"south":{"uv":[10,13.5,11,2.5],"texture":"#3"},"west":{"uv":[11,13.5,10,2.5],"texture":"#3"},"up":{"uv":[10,13.5,11,2.5],"rotation":270,"texture":"#3"},"down":{"uv":[10,13.5,11,2.5],"rotation":90,"texture":"#3"}}},{"name":"hexadecagon","from":[29.62064,9.72559,6.08519],"to":[29.62064,26.28591,13.66501],"rotation":{"angle":22.5,"axis":"y","origin":[13.09024,18.00575,10.92006]},"faces":{"north":{"uv":[9,13.5,10,2.5],"texture":"#3"},"east":{"uv":[9,13.5,10,2.5],"texture":"#3"},"south":{"uv":[9,13.5,10,2.5],"texture":"#3"},"west":{"uv":[10,13.5,9,2.5],"texture":"#3"},"up":{"uv":[9,13.5,10,2.5],"rotation":180,"texture":"#3"},"down":{"uv":[9,13.5,10,2.5],"rotation":180,"texture":"#3"}}},{"name":"hexadecagon","from":[29.41286,9.72559,7.13053],"to":[29.41286,26.28591,14.71035],"rotation":{"angle":0,"axis":"y","origin":[13.09024,18.00575,10.92006]},"faces":{"north":{"uv":[8,13.5,9,2.5],"texture":"#3"},"east":{"uv":[8,13.5,9,2.5],"texture":"#3"},"south":{"uv":[8,13.5,9,2.5],"texture":"#3"},"west":{"uv":[9,13.5,8,2.5],"texture":"#3"},"up":{"uv":[8,13.5,9,2.5],"rotation":180,"texture":"#3"},"down":{"uv":[8,13.5,9,2.5],"rotation":180,"texture":"#3"}}}],"display":{"thirdperson_righthand":{"translation":[0,23.5,0]},"head":{"rotation":[-1,0,0],"translation":[3.25,43.5,11.25],"scale":[4,4,4]}}}