{"format_version":"1.21.6","credit":"Naruto RPG","texture_size":[64,64],"textures":{"0":"kamizuru:item/kamizuru_rinkaichu_2"},"elements":[{"from":[-1.9925,6.3165,-4.50375],"to":[3.9925,12.3015,2.47875],"rotation":{"angle":22.5,"axis":"x","origin":[1,9.309,-0.51375]},"faces":{"north":{"uv":[0,8.5,1.5,10],"texture":"#0"},"east":{"uv":[0,7,1.75,8.5],"texture":"#0"},"south":{"uv":[1.5,8.5,3,10],"texture":"#0"},"west":{"uv":[1.75,7,3.5,8.5],"texture":"#0"},"up":{"uv":[8.5,7.75,7,6],"texture":"#0"},"down":{"uv":[9,0,7.5,1.75],"texture":"#0"}}},{"from":[-1.21975,8.66,6.768],"to":[3.21975,12.751,10.758],"rotation":{"angle":45,"axis":"x","origin":[0.50125,10.7055,-1.212]},"faces":{"north":{"uv":[4.25,9.25,5.375,10.125],"texture":"#0"},"east":{"uv":[7.75,9.25,6.75,10.125],"texture":"#0"},"south":{"uv":[5.5,9.25,6.625,10.125],"texture":"#0"},"west":{"uv":[6.75,9.25,7.75,10.125],"texture":"#0"},"up":{"uv":[10.125,4,9,3],"texture":"#0"},"down":{"uv":[4.125,9.25,3,10.25],"texture":"#0"}}},{"from":[0.309,-0.58587,7.0034],"to":[1.691,0.59613,9.1409],"rotation":{"angle":45,"axis":"x","origin":[1,-0.3883,9.35041]},"faces":{"north":{"uv":[4.125,15.234,4.816,15.825],"texture":"#0"},"east":{"uv":[8.87187,11.375,7.75,10.74963],"texture":"#0"},"south":{"uv":[11.75,8.609,11.941,8.95],"texture":"#0"},"west":{"uv":[7.75,10.74963,8.86875,11.375],"texture":"#0"},"up":{"uv":[8.87187,10.74963,7.75,11.375],"rotation":270,"texture":"#0"},"down":{"uv":[8.86875,10.74963,7.75,11.375],"rotation":90,"texture":"#0"}}},{"from":[0.559,-1.35001,9.19223],"to":[1.441,0.18199,9.97973],"rotation":{"angle":-22.5,"axis":"x","origin":[1,-0.3883,9.35041]},"faces":{"north":{"uv":[9.25,10.7465,8.8785,11.5],"texture":"#0"},"east":{"uv":[8.875,10.75,9.25313,11.4965],"texture":"#0"},"south":{"uv":[9.25,10.7465,8.8785,11.5],"texture":"#0"},"west":{"uv":[8.87813,10.74963,9.25,11.5],"texture":"#0"},"up":{"uv":[11.89375,9.234,11.5,9.675],"rotation":270,"texture":"#0"},"down":{"uv":[12.01875,8.57462,11.7375,8.94063],"rotation":90,"texture":"#0"}}},{"from":[0.809,-2.07386,9.78233],"to":[1.191,-1.06686,10.16983],"rotation":{"angle":0,"axis":"y","origin":[1,-0.3883,9.35041]},"faces":{"north":{"uv":[11.5,9.1215,11.25038,9.625],"texture":"#0"},"east":{"uv":[11.25,9.12187,11.5,9.62463],"texture":"#0"},"south":{"uv":[11.5,9.1215,11.25038,9.625],"texture":"#0"},"west":{"uv":[11.25,9.1215,11.5,9.625],"texture":"#0"},"up":{"uv":[11.69375,9.234,11.5,9.425],"rotation":270,"texture":"#0"},"down":{"uv":[11.94375,8.734,11.75,8.925],"rotation":90,"texture":"#0"}}},{"from":[-0.09725,0.72304,6.22868],"to":[2.09725,5.31154,8.82218],"rotation":{"angle":-45,"axis":"x","origin":[1,2.21929,8.52293]},"faces":{"north":{"uv":[7.75,9.25,8.375,10.375],"texture":"#0"},"east":{"uv":[8.5,9.25,9.125,10.375],"texture":"#0"},"south":{"uv":[9.25,9.25,9.875,10.375],"texture":"#0"},"west":{"uv":[9.5,7.75,10.125,8.875],"texture":"#0"},"up":{"uv":[10.375,6.125,9.75,5.5],"texture":"#0"},"down":{"uv":[0.625,10,0,10.625],"texture":"#0"}}},{"from":[-2.591,7.1145,1.7805],"to":[4.591,14.2965,6.768],"rotation":{"angle":45,"axis":"x","origin":[1,10.7055,-1.212]},"faces":{"north":{"uv":[3.5,6,5.25,7.75],"texture":"#0"},"east":{"uv":[8.5,4.75,9.75,6.5],"texture":"#0"},"south":{"uv":[5.25,6,7,7.75],"texture":"#0"},"west":{"uv":[9,0,10.25,1.75],"texture":"#0"},"up":{"uv":[10.25,7.75,8.5,6.5],"texture":"#0"},"down":{"uv":[10.75,1.75,9,3],"texture":"#0"}}},{"from":[-2.99,5.9175,-9.99],"to":[4.99,13.8975,-2.01],"rotation":{"angle":0,"axis":"y","origin":[1,8.91,-6]},"faces":{"north":{"uv":[3.5,0,5.5,2],"texture":"#0"},"east":{"uv":[3.5,2,5.5,4],"texture":"#0"},"south":{"uv":[3.5,4,5.5,6],"texture":"#0"},"west":{"uv":[5.5,0,7.5,2],"texture":"#0"},"up":{"uv":[7.5,4,5.5,2],"texture":"#0"},"down":{"uv":[7.5,4,5.5,6],"texture":"#0"}}},{"from":[-15.40265,6.035,-4.84416],"to":[-1.43765,20,-4.84416],"rotation":{"angle":0,"axis":"y","origin":[2.33083,9.21543,-6.65869]},"faces":{"north":{"uv":[0,0,3.5,3.5],"texture":"#0"},"east":{"uv":[0,0,0,3.5],"texture":"#0"},"south":{"uv":[3.5,0,0,3.5],"texture":"#0"},"west":{"uv":[0,0,0,3.5],"texture":"#0"},"up":{"uv":[3.5,0,0,0],"texture":"#0"},"down":{"uv":[3.5,0,0,0],"texture":"#0"}}},{"from":[3.43765,6.035,-4.84416],"to":[17.40265,20,-4.84416],"rotation":{"angle":0,"axis":"y","origin":[-0.33082,9.21543,-6.65869]},"faces":{"north":{"uv":[3.5,0,0,3.5],"texture":"#0"},"east":{"uv":[0,0,0,3.5],"texture":"#0"},"south":{"uv":[0,0,3.5,3.5],"texture":"#0"},"west":{"uv":[0,0,0,3.5],"texture":"#0"},"up":{"uv":[0,0,3.5,0],"texture":"#0"},"down":{"uv":[0,0,3.5,0],"texture":"#0"}}},{"from":[4.61758,7.10032,-3.2909],"to":[6.11383,8.09782,-2.2934],"rotation":{"angle":-22.5,"axis":"z","origin":[5.3657,7.57413,-2.76721]},"faces":{"north":{"uv":[6.875,10.25,6.5,10.5],"texture":"#0"},"east":{"uv":[10.75,8.5,10.5,8.75],"texture":"#0"},"south":{"uv":[10.625,6.5,10.25,6.75],"texture":"#0"},"west":{"uv":[8.75,10.5,8.5,10.75],"texture":"#0"},"up":{"uv":[10.25,7,10.625,6.75],"texture":"#0"},"down":{"uv":[7,10.25,7.375,10.5],"texture":"#0"}}},{"from":[5.4507,2.90184,-3.26596],"to":[6.39833,7.59009,-2.31834],"rotation":{"angle":22.5,"axis":"z","origin":[5.92452,7.29084,-2.79215]},"faces":{"north":{"uv":[3,10,2.75,11.125],"texture":"#0"},"east":{"uv":[3.25,10.25,3,11.375],"texture":"#0"},"south":{"uv":[10.5,0,10.25,1.125],"texture":"#0"},"west":{"uv":[10.25,9,10,10.125],"texture":"#0"},"up":{"uv":[8.75,10.75,9,10.5],"texture":"#0"},"down":{"uv":[10.5,8.75,10.75,9],"texture":"#0"}}},{"from":[7.13476,0.98513,-3.16621],"to":[7.88288,3.52875,-2.41809],"rotation":{"angle":-22.5,"axis":"z","origin":[7.60856,3.25444,-2.8919]},"faces":{"north":{"uv":[4.25,10.25,4,10.875],"texture":"#0"},"east":{"uv":[5,10.25,4.75,10.875],"texture":"#0"},"south":{"uv":[4.75,10.25,4.5,10.875],"texture":"#0"},"west":{"uv":[4.5,10.25,4.25,10.875],"texture":"#0"},"up":{"uv":[9,10.75,9.25,10.5],"texture":"#0"},"down":{"uv":[10.5,9,10.75,9.25],"texture":"#0"}}},{"from":[6.39455,0.15389,-3.14128],"to":[6.94318,1.30101,-2.44303],"rotation":{"angle":0,"axis":"y","origin":[6.76861,1.0267,-2.8919]},"faces":{"north":{"uv":[10.875,1.5,10.75,1.75],"texture":"#0"},"east":{"uv":[10.875,2.25,10.75,2.5],"texture":"#0"},"south":{"uv":[10.875,2,10.75,2.25],"texture":"#0"},"west":{"uv":[10.875,1.75,10.75,2],"texture":"#0"},"up":{"uv":[10.75,6.625,10.875,6.5],"texture":"#0"},"down":{"uv":[10.75,6.75,10.875,6.875],"texture":"#0"}}},{"from":[-4.20614,6.47184,-8.89275],"to":[-2.70989,7.46934,-7.89525],"rotation":{"angle":22.5,"axis":"z","origin":[-3.45801,6.94566,-8.36906]},"faces":{"north":{"uv":[7.5,5.75,7.875,6],"texture":"#0"},"east":{"uv":[10.5,6,10.75,6.25],"texture":"#0"},"south":{"uv":[8,5.75,8.375,6],"texture":"#0"},"west":{"uv":[7,10.5,7.25,10.75],"texture":"#0"},"up":{"uv":[9.875,9.25,9.5,9],"texture":"#0"},"down":{"uv":[10.125,6.25,9.75,6.5],"texture":"#0"}}},{"from":[-4.49064,2.27335,-8.86782],"to":[-3.54301,6.9616,-7.92019],"rotation":{"angle":-22.5,"axis":"z","origin":[-4.01683,6.66235,-8.394]},"faces":{"north":{"uv":[0.75,10,1,11.125],"texture":"#0"},"east":{"uv":[1,10,1.25,11.125],"texture":"#0"},"south":{"uv":[1.25,10,1.5,11.125],"texture":"#0"},"west":{"uv":[1.5,10,1.75,11.125],"texture":"#0"},"up":{"uv":[10.75,7.25,10.5,7],"texture":"#0"},"down":{"uv":[7.5,10.5,7.25,10.75],"texture":"#0"}}},{"from":[-5.9752,0.35664,-8.76806],"to":[-5.22707,2.90027,-8.01994],"rotation":{"angle":22.5,"axis":"z","origin":[-5.70088,2.62596,-8.49375]},"faces":{"north":{"uv":[3,8.5,3.25,9.125],"texture":"#0"},"east":{"uv":[3.25,8.5,3.5,9.125],"texture":"#0"},"south":{"uv":[10,4,10.25,4.625],"texture":"#0"},"west":{"uv":[10.25,3,10.5,3.625],"texture":"#0"},"up":{"uv":[10.75,7.5,10.5,7.25],"texture":"#0"},"down":{"uv":[10.75,7.5,10.5,7.75],"texture":"#0"}}},{"from":[-5.03549,-0.47459,-8.74313],"to":[-4.48686,0.67253,-8.04488],"rotation":{"angle":0,"axis":"y","origin":[-4.86092,0.39822,-8.49375]},"faces":{"north":{"uv":[10.75,0,10.875,0.25],"texture":"#0"},"east":{"uv":[0.25,10.75,0.375,11],"texture":"#0"},"south":{"uv":[10.75,0.25,10.875,0.5],"texture":"#0"},"west":{"uv":[0.5,10.75,0.625,11],"texture":"#0"},"up":{"uv":[10.875,5.625,10.75,5.5],"texture":"#0"},"down":{"uv":[10.875,5.75,10.75,5.875],"texture":"#0"}}},{"from":[-4.025,7.09877,-6.08258],"to":[-2.52875,8.09627,-5.08509],"rotation":{"angle":22.5,"axis":"z","origin":[-3.27688,7.57258,-5.55889]},"faces":{"north":{"uv":[10.25,1.25,10.625,1.5],"texture":"#0"},"east":{"uv":[7.75,10.5,8,10.75],"texture":"#0"},"south":{"uv":[10.25,1.5,10.625,1.75],"texture":"#0"},"west":{"uv":[10.5,7.75,10.75,8],"texture":"#0"},"up":{"uv":[10.625,4.75,10.25,4.5],"texture":"#0"},"down":{"uv":[10.625,6.25,10.25,6.5],"texture":"#0"}}},{"from":[-4.3095,2.90028,-6.05764],"to":[-3.36188,7.58853,-5.11002],"rotation":{"angle":-22.5,"axis":"z","origin":[-3.83569,7.28928,-5.58384]},"faces":{"north":{"uv":[1.75,10,2,11.125],"texture":"#0"},"east":{"uv":[2,10,2.25,11.125],"texture":"#0"},"south":{"uv":[2.25,10,2.5,11.125],"texture":"#0"},"west":{"uv":[2.5,10,2.75,11.125],"texture":"#0"},"up":{"uv":[8.25,10.75,8,10.5],"texture":"#0"},"down":{"uv":[10.75,8,10.5,8.25],"texture":"#0"}}},{"from":[-5.79406,0.98357,-5.9579],"to":[-5.04593,3.5272,-5.20977],"rotation":{"angle":22.5,"axis":"z","origin":[-5.51975,3.25288,-5.68358]},"faces":{"north":{"uv":[3.25,10.25,3.5,10.875],"texture":"#0"},"east":{"uv":[3.5,10.25,3.75,10.875],"texture":"#0"},"south":{"uv":[3.75,10.25,4,10.875],"texture":"#0"},"west":{"uv":[10.25,3.75,10.5,4.375],"texture":"#0"},"up":{"uv":[8.5,10.75,8.25,10.5],"texture":"#0"},"down":{"uv":[10.75,8.25,10.5,8.5],"texture":"#0"}}},{"from":[-4.85435,0.15233,-5.93296],"to":[-4.30572,1.29946,-5.23471],"rotation":{"angle":0,"axis":"y","origin":[-4.67979,1.02515,-5.68358]},"faces":{"north":{"uv":[10.75,0.5,10.875,0.75],"texture":"#0"},"east":{"uv":[10.75,0.75,10.875,1],"texture":"#0"},"south":{"uv":[10.75,1,10.875,1.25],"texture":"#0"},"west":{"uv":[10.75,1.25,10.875,1.5],"texture":"#0"},"up":{"uv":[10.875,6.125,10.75,6],"texture":"#0"},"down":{"uv":[10.875,6.25,10.75,6.375],"texture":"#0"}}},{"from":[-4.11382,7.10032,-3.2909],"to":[-2.61758,8.09782,-2.2934],"rotation":{"angle":22.5,"axis":"z","origin":[-3.3657,7.57413,-2.76721]},"faces":{"north":{"uv":[6.5,10.25,6.875,10.5],"texture":"#0"},"east":{"uv":[8.5,10.5,8.75,10.75],"texture":"#0"},"south":{"uv":[10.25,6.5,10.625,6.75],"texture":"#0"},"west":{"uv":[10.5,8.5,10.75,8.75],"texture":"#0"},"up":{"uv":[10.625,7,10.25,6.75],"texture":"#0"},"down":{"uv":[7.375,10.25,7,10.5],"texture":"#0"}}},{"from":[-4.39832,2.90184,-3.26596],"to":[-3.4507,7.59009,-2.31834],"rotation":{"angle":-22.5,"axis":"z","origin":[-3.92452,7.29084,-2.79215]},"faces":{"north":{"uv":[2.75,10,3,11.125],"texture":"#0"},"east":{"uv":[10,9,10.25,10.125],"texture":"#0"},"south":{"uv":[10.25,0,10.5,1.125],"texture":"#0"},"west":{"uv":[3,10.25,3.25,11.375],"texture":"#0"},"up":{"uv":[9,10.75,8.75,10.5],"texture":"#0"},"down":{"uv":[10.75,8.75,10.5,9],"texture":"#0"}}},{"from":[-5.88288,0.98513,-3.16621],"to":[-5.13476,3.52875,-2.41809],"rotation":{"angle":22.5,"axis":"z","origin":[-5.60856,3.25444,-2.8919]},"faces":{"north":{"uv":[4,10.25,4.25,10.875],"texture":"#0"},"east":{"uv":[4.25,10.25,4.5,10.875],"texture":"#0"},"south":{"uv":[4.5,10.25,4.75,10.875],"texture":"#0"},"west":{"uv":[4.75,10.25,5,10.875],"texture":"#0"},"up":{"uv":[9.25,10.75,9,10.5],"texture":"#0"},"down":{"uv":[10.75,9,10.5,9.25],"texture":"#0"}}},{"from":[-4.94317,0.15389,-3.14128],"to":[-4.39455,1.30101,-2.44303],"rotation":{"angle":0,"axis":"y","origin":[-4.76861,1.0267,-2.8919]},"faces":{"north":{"uv":[10.75,1.5,10.875,1.75],"texture":"#0"},"east":{"uv":[10.75,1.75,10.875,2],"texture":"#0"},"south":{"uv":[10.75,2,10.875,2.25],"texture":"#0"},"west":{"uv":[10.75,2.25,10.875,2.5],"texture":"#0"},"up":{"uv":[10.875,6.625,10.75,6.5],"texture":"#0"},"down":{"uv":[10.875,6.75,10.75,6.875],"texture":"#0"}}},{"from":[4.70989,6.47184,-8.89275],"to":[6.20614,7.46934,-7.89525],"rotation":{"angle":-22.5,"axis":"z","origin":[5.45802,6.94566,-8.36906]},"faces":{"north":{"uv":[7.875,5.75,7.5,6],"texture":"#0"},"east":{"uv":[7.25,10.5,7,10.75],"texture":"#0"},"south":{"uv":[8.375,5.75,8,6],"texture":"#0"},"west":{"uv":[10.75,6,10.5,6.25],"texture":"#0"},"up":{"uv":[9.5,9.25,9.875,9],"texture":"#0"},"down":{"uv":[9.75,6.25,10.125,6.5],"texture":"#0"}}},{"from":[5.54302,2.27335,-8.86782],"to":[6.49064,6.9616,-7.92019],"rotation":{"angle":22.5,"axis":"z","origin":[6.01683,6.66235,-8.394]},"faces":{"north":{"uv":[1,10,0.75,11.125],"texture":"#0"},"east":{"uv":[1.75,10,1.5,11.125],"texture":"#0"},"south":{"uv":[1.5,10,1.25,11.125],"texture":"#0"},"west":{"uv":[1.25,10,1,11.125],"texture":"#0"},"up":{"uv":[10.5,7.25,10.75,7],"texture":"#0"},"down":{"uv":[7.25,10.5,7.5,10.75],"texture":"#0"}}},{"from":[7.22707,0.35664,-8.76806],"to":[7.9752,2.90027,-8.01994],"rotation":{"angle":-22.5,"axis":"z","origin":[7.70088,2.62596,-8.49375]},"faces":{"north":{"uv":[3.25,8.5,3,9.125],"texture":"#0"},"east":{"uv":[10.5,3,10.25,3.625],"texture":"#0"},"south":{"uv":[10.25,4,10,4.625],"texture":"#0"},"west":{"uv":[3.5,8.5,3.25,9.125],"texture":"#0"},"up":{"uv":[10.5,7.5,10.75,7.25],"texture":"#0"},"down":{"uv":[10.5,7.5,10.75,7.75],"texture":"#0"}}},{"from":[6.48687,-0.47459,-8.74313],"to":[7.03549,0.67253,-8.04488],"rotation":{"angle":0,"axis":"y","origin":[6.86093,0.39822,-8.49375]},"faces":{"north":{"uv":[10.875,0,10.75,0.25],"texture":"#0"},"east":{"uv":[0.625,10.75,0.5,11],"texture":"#0"},"south":{"uv":[10.875,0.25,10.75,0.5],"texture":"#0"},"west":{"uv":[0.375,10.75,0.25,11],"texture":"#0"},"up":{"uv":[10.75,5.625,10.875,5.5],"texture":"#0"},"down":{"uv":[10.75,5.75,10.875,5.875],"texture":"#0"}}},{"from":[4.52875,7.09877,-6.08258],"to":[6.025,8.09627,-5.08509],"rotation":{"angle":-22.5,"axis":"z","origin":[5.27688,7.57258,-5.55889]},"faces":{"north":{"uv":[10.625,1.25,10.25,1.5],"texture":"#0"},"east":{"uv":[10.75,7.75,10.5,8],"texture":"#0"},"south":{"uv":[10.625,1.5,10.25,1.75],"texture":"#0"},"west":{"uv":[8,10.5,7.75,10.75],"texture":"#0"},"up":{"uv":[10.25,4.75,10.625,4.5],"texture":"#0"},"down":{"uv":[10.25,6.25,10.625,6.5],"texture":"#0"}}},{"from":[5.36188,2.90028,-6.05764],"to":[6.3095,7.58853,-5.11002],"rotation":{"angle":22.5,"axis":"z","origin":[5.83569,7.28928,-5.58384]},"faces":{"north":{"uv":[2,10,1.75,11.125],"texture":"#0"},"east":{"uv":[2.75,10,2.5,11.125],"texture":"#0"},"south":{"uv":[2.5,10,2.25,11.125],"texture":"#0"},"west":{"uv":[2.25,10,2,11.125],"texture":"#0"},"up":{"uv":[8,10.75,8.25,10.5],"texture":"#0"},"down":{"uv":[10.5,8,10.75,8.25],"texture":"#0"}}},{"from":[7.04593,0.98357,-5.9579],"to":[7.79406,3.5272,-5.20977],"rotation":{"angle":-22.5,"axis":"z","origin":[7.51975,3.25288,-5.68358]},"faces":{"north":{"uv":[3.5,10.25,3.25,10.875],"texture":"#0"},"east":{"uv":[10.5,3.75,10.25,4.375],"texture":"#0"},"south":{"uv":[4,10.25,3.75,10.875],"texture":"#0"},"west":{"uv":[3.75,10.25,3.5,10.875],"texture":"#0"},"up":{"uv":[8.25,10.75,8.5,10.5],"texture":"#0"},"down":{"uv":[10.5,8.25,10.75,8.5],"texture":"#0"}}},{"from":[6.30573,0.15233,-5.93296],"to":[6.85435,1.29946,-5.23471],"rotation":{"angle":0,"axis":"y","origin":[6.67979,1.02515,-5.68358]},"faces":{"north":{"uv":[10.875,0.5,10.75,0.75],"texture":"#0"},"east":{"uv":[10.875,1.25,10.75,1.5],"texture":"#0"},"south":{"uv":[10.875,1,10.75,1.25],"texture":"#0"},"west":{"uv":[10.875,0.75,10.75,1],"texture":"#0"},"up":{"uv":[10.75,6.125,10.875,6],"texture":"#0"},"down":{"uv":[10.75,6.25,10.875,6.375],"texture":"#0"}}},{"from":[3.9925,8.81025,-14.1795],"to":[4.29175,11.20425,-10.788],"rotation":{"angle":-22.5,"axis":"x","origin":[1,10.107,-12.48375]},"faces":{"north":{"uv":[10.375,7,10.25,7.625],"texture":"#0"},"east":{"uv":[10.625,4.75,9.75,5.375],"texture":"#0"},"south":{"uv":[7.625,10.25,7.5,10.875],"texture":"#0"},"west":{"uv":[9.875,4,9,4.625],"texture":"#0"},"up":{"uv":[5,11.125,5.125,10.25],"texture":"#0"},"down":{"uv":[5.25,10.25,5.375,11.125],"texture":"#0"}}},{"from":[-2.29175,8.81025,-14.1795],"to":[-1.9925,11.20425,-10.788],"rotation":{"angle":-22.5,"axis":"x","origin":[1,10.107,-12.48375]},"faces":{"north":{"uv":[10.25,7,10.375,7.625],"texture":"#0"},"east":{"uv":[9,4,9.875,4.625],"texture":"#0"},"south":{"uv":[7.5,10.25,7.625,10.875],"texture":"#0"},"west":{"uv":[9.75,4.75,10.625,5.375],"texture":"#0"},"up":{"uv":[5.125,11.125,5,10.25],"texture":"#0"},"down":{"uv":[5.375,10.25,5.25,11.125],"texture":"#0"}}},{"from":[-1.9925,6.915,-15.27675],"to":[3.9925,12.9,-9.29175],"rotation":{"angle":-22.5,"axis":"x","origin":[1,9.9075,-12.28425]},"faces":{"north":{"uv":[7.5,1.75,9,3.25],"texture":"#0"},"east":{"uv":[7.5,3.25,9,4.75],"texture":"#0"},"south":{"uv":[3.5,7.75,5,9.25],"texture":"#0"},"west":{"uv":[5,7.75,6.5,9.25],"texture":"#0"},"up":{"uv":[8,9.25,6.5,7.75],"texture":"#0"},"down":{"uv":[9.5,7.75,8,9.25],"texture":"#0"}}},{"from":[-1.69325,6.37181,-15.3334],"to":[-1.09475,6.97031,-14.03665],"rotation":{"angle":-45,"axis":"x","origin":[-1.394,6.67106,-14.88452]},"faces":{"north":{"uv":[10.75,2.5,10.875,2.625],"texture":"#0"},"east":{"uv":[9.25,10.5,9.625,10.625],"texture":"#0"},"south":{"uv":[10.75,2.75,10.875,2.875],"texture":"#0"},"west":{"uv":[10.5,9.25,10.875,9.375],"texture":"#0"},"up":{"uv":[10.625,9.875,10.5,9.5],"texture":"#0"},"down":{"uv":[9.875,10.5,9.75,10.875],"texture":"#0"}}},{"from":[3.24438,3.4216,-14.38573],"to":[3.54363,4.6186,-14.08648],"rotation":{"angle":22.5,"axis":"x","origin":[3.394,4.6186,-13.98673]},"faces":{"north":{"uv":[10.625,10,10.5,10.25],"texture":"#0"},"east":{"uv":[0.125,10.75,0,11],"texture":"#0"},"south":{"uv":[10.625,10.5,10.5,10.75],"texture":"#0"},"west":{"uv":[10.625,10.25,10.5,10.5],"texture":"#0"},"up":{"uv":[10.75,3.625,10.875,3.5],"texture":"#0"},"down":{"uv":[10.75,3.75,10.875,3.875],"texture":"#0"}}},{"from":[3.1945,4.50491,-15.19906],"to":[3.5935,6.4999,-14.80006],"rotation":{"angle":-22.5,"axis":"x","origin":[3.394,6.4999,-14.75019]},"faces":{"north":{"uv":[10.625,0.75,10.5,1.25],"texture":"#0"},"east":{"uv":[6.875,10.5,6.75,11],"texture":"#0"},"south":{"uv":[6.625,10.5,6.5,11],"texture":"#0"},"west":{"uv":[10.625,5.5,10.5,6],"texture":"#0"},"up":{"uv":[10.75,3.125,10.875,3],"texture":"#0"},"down":{"uv":[10.75,3.25,10.875,3.375],"texture":"#0"}}},{"from":[3.09475,6.37181,-15.3334],"to":[3.69325,6.97031,-14.03665],"rotation":{"angle":-45,"axis":"x","origin":[3.394,6.67106,-14.88452]},"faces":{"north":{"uv":[10.875,2.5,10.75,2.625],"texture":"#0"},"east":{"uv":[10.875,9.25,10.5,9.375],"texture":"#0"},"south":{"uv":[10.875,2.75,10.75,2.875],"texture":"#0"},"west":{"uv":[9.625,10.5,9.25,10.625],"texture":"#0"},"up":{"uv":[10.5,9.875,10.625,9.5],"texture":"#0"},"down":{"uv":[9.75,10.5,9.875,10.875],"texture":"#0"}}},{"from":[-1.5935,4.50491,-15.19906],"to":[-1.1945,6.4999,-14.80006],"rotation":{"angle":-22.5,"axis":"x","origin":[-1.394,6.4999,-14.75019]},"faces":{"north":{"uv":[10.5,0.75,10.625,1.25],"texture":"#0"},"east":{"uv":[10.5,5.5,10.625,6],"texture":"#0"},"south":{"uv":[6.5,10.5,6.625,11],"texture":"#0"},"west":{"uv":[6.75,10.5,6.875,11],"texture":"#0"},"up":{"uv":[10.875,3.125,10.75,3],"texture":"#0"},"down":{"uv":[10.875,3.25,10.75,3.375],"texture":"#0"}}},{"from":[-1.54362,3.4216,-14.38573],"to":[-1.24437,4.6186,-14.08648],"rotation":{"angle":22.5,"axis":"x","origin":[-1.394,4.6186,-13.98673]},"faces":{"north":{"uv":[10.5,10,10.625,10.25],"texture":"#0"},"east":{"uv":[10.5,10.25,10.625,10.5],"texture":"#0"},"south":{"uv":[10.5,10.5,10.625,10.75],"texture":"#0"},"west":{"uv":[0,10.75,0.125,11],"texture":"#0"},"up":{"uv":[10.875,3.625,10.75,3.5],"texture":"#0"},"down":{"uv":[10.875,3.75,10.75,3.875],"texture":"#0"}}},{"from":[-0.94512,12.75038,-12.70819],"to":[-0.54612,16.24163,-12.30918],"rotation":{"angle":-22.5,"axis":"x","origin":[1.14963,9.75788,-12.50869]},"faces":{"north":{"uv":[5.5,10.25,5.625,11.125],"texture":"#0"},"east":{"uv":[5.75,10.25,5.875,11.125],"texture":"#0"},"south":{"uv":[6,10.25,6.125,11.125],"texture":"#0"},"west":{"uv":[6.25,10.25,6.375,11.125],"texture":"#0"},"up":{"uv":[10.875,4.125,10.75,4],"texture":"#0"},"down":{"uv":[10.875,4.25,10.75,4.375],"texture":"#0"}}},{"from":[4.34862,17.46939,-15.14929],"to":[4.69775,19.96314,-14.80016],"rotation":{"angle":-45,"axis":"z","origin":[4.52319,18.71627,-14.97472]},"faces":{"north":{"uv":[10.375,10,10.25,10.625],"texture":"#0"},"east":{"uv":[10.625,3.75,10.5,4.375],"texture":"#0"},"south":{"uv":[10.625,3,10.5,3.625],"texture":"#0"},"west":{"uv":[10.625,0,10.5,0.625],"texture":"#0"},"up":{"uv":[10.75,5.125,10.875,5],"texture":"#0"},"down":{"uv":[10.75,5.25,10.875,5.375],"texture":"#0"}}},{"from":[1.53003,16.54846,-15.17422],"to":[1.92902,19.04221,-14.77523],"rotation":{"angle":-22.5,"axis":"z","origin":[-0.16572,13.55596,-14.97472]},"faces":{"north":{"uv":[10.375,7.75,10.25,8.375],"texture":"#0"},"east":{"uv":[10.125,10.25,10,10.875],"texture":"#0"},"south":{"uv":[10.375,9.25,10.25,9.875],"texture":"#0"},"west":{"uv":[10.375,8.5,10.25,9.125],"texture":"#0"},"up":{"uv":[10.75,4.625,10.875,4.5],"texture":"#0"},"down":{"uv":[10.75,4.75,10.875,4.875],"texture":"#0"}}},{"from":[2.54613,12.75038,-12.70819],"to":[2.94513,16.24163,-12.30918],"rotation":{"angle":-22.5,"axis":"x","origin":[0.85038,9.75788,-12.50869]},"faces":{"north":{"uv":[5.625,10.25,5.5,11.125],"texture":"#0"},"east":{"uv":[6.375,10.25,6.25,11.125],"texture":"#0"},"south":{"uv":[6.125,10.25,6,11.125],"texture":"#0"},"west":{"uv":[5.875,10.25,5.75,11.125],"texture":"#0"},"up":{"uv":[10.75,4.125,10.875,4],"texture":"#0"},"down":{"uv":[10.75,4.25,10.875,4.375],"texture":"#0"}}},{"from":[0.07098,16.54846,-15.17422],"to":[0.46998,19.04221,-14.77523],"rotation":{"angle":22.5,"axis":"z","origin":[2.16573,13.55596,-14.97472]},"faces":{"north":{"uv":[10.25,7.75,10.375,8.375],"texture":"#0"},"east":{"uv":[10.25,8.5,10.375,9.125],"texture":"#0"},"south":{"uv":[10.25,9.25,10.375,9.875],"texture":"#0"},"west":{"uv":[10,10.25,10.125,10.875],"texture":"#0"},"up":{"uv":[10.875,4.625,10.75,4.5],"texture":"#0"},"down":{"uv":[10.875,4.75,10.75,4.875],"texture":"#0"}}},{"from":[-2.69774,17.46939,-15.14929],"to":[-2.34862,19.96314,-14.80016],"rotation":{"angle":45,"axis":"z","origin":[-2.52318,18.71627,-14.97472]},"faces":{"north":{"uv":[10.25,10,10.375,10.625],"texture":"#0"},"east":{"uv":[10.5,0,10.625,0.625],"texture":"#0"},"south":{"uv":[10.5,3,10.625,3.625],"texture":"#0"},"west":{"uv":[10.5,3.75,10.625,4.375],"texture":"#0"},"up":{"uv":[10.875,5.125,10.75,5],"texture":"#0"},"down":{"uv":[10.875,5.25,10.75,5.375],"texture":"#0"}}},{"from":[6.0075,18.3165,16.49625],"to":[11.9925,24.3015,23.47875],"rotation":{"angle":22.5,"axis":"x","origin":[9,21.309,20.48625]},"faces":{"north":{"uv":[0,8.5,1.5,10],"texture":"#0"},"east":{"uv":[0,7,1.75,8.5],"texture":"#0"},"south":{"uv":[1.5,8.5,3,10],"texture":"#0"},"west":{"uv":[1.75,7,3.5,8.5],"texture":"#0"},"up":{"uv":[8.5,7.75,7,6],"texture":"#0"},"down":{"uv":[9,0,7.5,1.75],"texture":"#0"}}},{"from":[6.78025,20.66,27.768],"to":[11.21975,24.751,31.758],"rotation":{"angle":45,"axis":"x","origin":[8.50125,22.7055,19.788]},"faces":{"north":{"uv":[4.25,9.25,5.375,10.125],"texture":"#0"},"east":{"uv":[7.75,9.25,6.75,10.125],"texture":"#0"},"south":{"uv":[5.5,9.25,6.625,10.125],"texture":"#0"},"west":{"uv":[6.75,9.25,7.75,10.125],"texture":"#0"},"up":{"uv":[10.125,4,9,3],"texture":"#0"},"down":{"uv":[4.125,9.25,3,10.25],"texture":"#0"}}},{"from":[8.309,11.41413,28.0034],"to":[9.691,12.59613,30.1409],"rotation":{"angle":45,"axis":"x","origin":[9,11.6117,30.35041]},"faces":{"north":{"uv":[4.125,15.234,4.816,15.825],"texture":"#0"},"east":{"uv":[8.87187,11.375,7.75,10.74963],"texture":"#0"},"south":{"uv":[11.75,8.609,11.941,8.95],"texture":"#0"},"west":{"uv":[7.75,10.74963,8.86875,11.375],"texture":"#0"},"up":{"uv":[8.87187,10.74963,7.75,11.375],"rotation":270,"texture":"#0"},"down":{"uv":[8.86875,10.74963,7.75,11.375],"rotation":90,"texture":"#0"}}},{"from":[8.559,10.64999,30.19223],"to":[9.441,12.18199,30.97973],"rotation":{"angle":-22.5,"axis":"x","origin":[9,11.6117,30.35041]},"faces":{"north":{"uv":[9.25,10.7465,8.8785,11.5],"texture":"#0"},"east":{"uv":[8.875,10.75,9.25313,11.4965],"texture":"#0"},"south":{"uv":[9.25,10.7465,8.8785,11.5],"texture":"#0"},"west":{"uv":[8.87813,10.74963,9.25,11.5],"texture":"#0"},"up":{"uv":[11.89375,9.234,11.5,9.675],"rotation":270,"texture":"#0"},"down":{"uv":[12.01875,8.57462,11.7375,8.94063],"rotation":90,"texture":"#0"}}},{"from":[8.809,9.92614,30.78233],"to":[9.191,10.93314,31.16983],"rotation":{"angle":0,"axis":"y","origin":[9,11.6117,30.35041]},"faces":{"north":{"uv":[11.5,9.1215,11.25038,9.625],"texture":"#0"},"east":{"uv":[11.25,9.12187,11.5,9.62463],"texture":"#0"},"south":{"uv":[11.5,9.1215,11.25038,9.625],"texture":"#0"},"west":{"uv":[11.25,9.1215,11.5,9.625],"texture":"#0"},"up":{"uv":[11.69375,9.234,11.5,9.425],"rotation":270,"texture":"#0"},"down":{"uv":[11.94375,8.734,11.75,8.925],"rotation":90,"texture":"#0"}}},{"from":[7.90275,12.72304,27.22868],"to":[10.09725,17.31154,29.82218],"rotation":{"angle":-45,"axis":"x","origin":[9,14.21929,29.52293]},"faces":{"north":{"uv":[7.75,9.25,8.375,10.375],"texture":"#0"},"east":{"uv":[8.5,9.25,9.125,10.375],"texture":"#0"},"south":{"uv":[9.25,9.25,9.875,10.375],"texture":"#0"},"west":{"uv":[9.5,7.75,10.125,8.875],"texture":"#0"},"up":{"uv":[10.375,6.125,9.75,5.5],"texture":"#0"},"down":{"uv":[0.625,10,0,10.625],"texture":"#0"}}},{"from":[5.409,19.1145,22.7805],"to":[12.591,26.2965,27.768],"rotation":{"angle":45,"axis":"x","origin":[9,22.7055,19.788]},"faces":{"north":{"uv":[3.5,6,5.25,7.75],"texture":"#0"},"east":{"uv":[8.5,4.75,9.75,6.5],"texture":"#0"},"south":{"uv":[5.25,6,7,7.75],"texture":"#0"},"west":{"uv":[9,0,10.25,1.75],"texture":"#0"},"up":{"uv":[10.25,7.75,8.5,6.5],"texture":"#0"},"down":{"uv":[10.75,1.75,9,3],"texture":"#0"}}},{"from":[5.01,17.9175,11.01],"to":[12.99,25.8975,18.99],"rotation":{"angle":0,"axis":"y","origin":[9,20.91,15]},"faces":{"north":{"uv":[3.5,0,5.5,2],"texture":"#0"},"east":{"uv":[3.5,2,5.5,4],"texture":"#0"},"south":{"uv":[3.5,4,5.5,6],"texture":"#0"},"west":{"uv":[5.5,0,7.5,2],"texture":"#0"},"up":{"uv":[7.5,4,5.5,2],"texture":"#0"},"down":{"uv":[7.5,4,5.5,6],"texture":"#0"}}},{"from":[-7.40265,18.035,16.15584],"to":[6.56235,32,16.15584],"rotation":{"angle":0,"axis":"y","origin":[10.33083,21.21543,14.34131]},"faces":{"north":{"uv":[0,0,3.5,3.5],"texture":"#0"},"east":{"uv":[0,0,0,3.5],"texture":"#0"},"south":{"uv":[3.5,0,0,3.5],"texture":"#0"},"west":{"uv":[0,0,0,3.5],"texture":"#0"},"up":{"uv":[3.5,0,0,0],"texture":"#0"},"down":{"uv":[3.5,0,0,0],"texture":"#0"}}},{"from":[11.43765,18.035,16.15584],"to":[25.40265,32,16.15584],"rotation":{"angle":0,"axis":"y","origin":[7.66918,21.21543,14.34131]},"faces":{"north":{"uv":[3.5,0,0,3.5],"texture":"#0"},"east":{"uv":[0,0,0,3.5],"texture":"#0"},"south":{"uv":[0,0,3.5,3.5],"texture":"#0"},"west":{"uv":[0,0,0,3.5],"texture":"#0"},"up":{"uv":[0,0,3.5,0],"texture":"#0"},"down":{"uv":[0,0,3.5,0],"texture":"#0"}}},{"from":[12.61758,19.10032,17.7091],"to":[14.11383,20.09782,18.7066],"rotation":{"angle":-22.5,"axis":"z","origin":[13.3657,19.57413,18.23279]},"faces":{"north":{"uv":[6.875,10.25,6.5,10.5],"texture":"#0"},"east":{"uv":[10.75,8.5,10.5,8.75],"texture":"#0"},"south":{"uv":[10.625,6.5,10.25,6.75],"texture":"#0"},"west":{"uv":[8.75,10.5,8.5,10.75],"texture":"#0"},"up":{"uv":[10.25,7,10.625,6.75],"texture":"#0"},"down":{"uv":[7,10.25,7.375,10.5],"texture":"#0"}}},{"from":[13.4507,14.90184,17.73404],"to":[14.39833,19.59009,18.68166],"rotation":{"angle":22.5,"axis":"z","origin":[13.92452,19.29084,18.20785]},"faces":{"north":{"uv":[3,10,2.75,11.125],"texture":"#0"},"east":{"uv":[3.25,10.25,3,11.375],"texture":"#0"},"south":{"uv":[10.5,0,10.25,1.125],"texture":"#0"},"west":{"uv":[10.25,9,10,10.125],"texture":"#0"},"up":{"uv":[8.75,10.75,9,10.5],"texture":"#0"},"down":{"uv":[10.5,8.75,10.75,9],"texture":"#0"}}},{"from":[15.13476,12.98513,17.83379],"to":[15.88288,15.52875,18.58191],"rotation":{"angle":-22.5,"axis":"z","origin":[15.60856,15.25444,18.1081]},"faces":{"north":{"uv":[4.25,10.25,4,10.875],"texture":"#0"},"east":{"uv":[5,10.25,4.75,10.875],"texture":"#0"},"south":{"uv":[4.75,10.25,4.5,10.875],"texture":"#0"},"west":{"uv":[4.5,10.25,4.25,10.875],"texture":"#0"},"up":{"uv":[9,10.75,9.25,10.5],"texture":"#0"},"down":{"uv":[10.5,9,10.75,9.25],"texture":"#0"}}},{"from":[14.39455,12.15389,17.85872],"to":[14.94318,13.30101,18.55697],"rotation":{"angle":0,"axis":"y","origin":[14.76861,13.0267,18.1081]},"faces":{"north":{"uv":[10.875,1.5,10.75,1.75],"texture":"#0"},"east":{"uv":[10.875,2.25,10.75,2.5],"texture":"#0"},"south":{"uv":[10.875,2,10.75,2.25],"texture":"#0"},"west":{"uv":[10.875,1.75,10.75,2],"texture":"#0"},"up":{"uv":[10.75,6.625,10.875,6.5],"texture":"#0"},"down":{"uv":[10.75,6.75,10.875,6.875],"texture":"#0"}}},{"from":[3.79386,18.47184,12.10725],"to":[5.29011,19.46934,13.10475],"rotation":{"angle":22.5,"axis":"z","origin":[4.54199,18.94566,12.63094]},"faces":{"north":{"uv":[7.5,5.75,7.875,6],"texture":"#0"},"east":{"uv":[10.5,6,10.75,6.25],"texture":"#0"},"south":{"uv":[8,5.75,8.375,6],"texture":"#0"},"west":{"uv":[7,10.5,7.25,10.75],"texture":"#0"},"up":{"uv":[9.875,9.25,9.5,9],"texture":"#0"},"down":{"uv":[10.125,6.25,9.75,6.5],"texture":"#0"}}},{"from":[3.50936,14.27335,12.13218],"to":[4.45699,18.9616,13.07981],"rotation":{"angle":-22.5,"axis":"z","origin":[3.98317,18.66235,12.606]},"faces":{"north":{"uv":[0.75,10,1,11.125],"texture":"#0"},"east":{"uv":[1,10,1.25,11.125],"texture":"#0"},"south":{"uv":[1.25,10,1.5,11.125],"texture":"#0"},"west":{"uv":[1.5,10,1.75,11.125],"texture":"#0"},"up":{"uv":[10.75,7.25,10.5,7],"texture":"#0"},"down":{"uv":[7.5,10.5,7.25,10.75],"texture":"#0"}}},{"from":[2.0248,12.35664,12.23194],"to":[2.77293,14.90027,12.98006],"rotation":{"angle":22.5,"axis":"z","origin":[2.29912,14.62596,12.50625]},"faces":{"north":{"uv":[3,8.5,3.25,9.125],"texture":"#0"},"east":{"uv":[3.25,8.5,3.5,9.125],"texture":"#0"},"south":{"uv":[10,4,10.25,4.625],"texture":"#0"},"west":{"uv":[10.25,3,10.5,3.625],"texture":"#0"},"up":{"uv":[10.75,7.5,10.5,7.25],"texture":"#0"},"down":{"uv":[10.75,7.5,10.5,7.75],"texture":"#0"}}},{"from":[2.96451,11.52541,12.25687],"to":[3.51314,12.67253,12.95512],"rotation":{"angle":0,"axis":"y","origin":[3.13908,12.39822,12.50625]},"faces":{"north":{"uv":[10.75,0,10.875,0.25],"texture":"#0"},"east":{"uv":[0.25,10.75,0.375,11],"texture":"#0"},"south":{"uv":[10.75,0.25,10.875,0.5],"texture":"#0"},"west":{"uv":[0.5,10.75,0.625,11],"texture":"#0"},"up":{"uv":[10.875,5.625,10.75,5.5],"texture":"#0"},"down":{"uv":[10.875,5.75,10.75,5.875],"texture":"#0"}}},{"from":[3.975,19.09877,14.91742],"to":[5.47125,20.09627,15.91491],"rotation":{"angle":22.5,"axis":"z","origin":[4.72312,19.57258,15.44111]},"faces":{"north":{"uv":[10.25,1.25,10.625,1.5],"texture":"#0"},"east":{"uv":[7.75,10.5,8,10.75],"texture":"#0"},"south":{"uv":[10.25,1.5,10.625,1.75],"texture":"#0"},"west":{"uv":[10.5,7.75,10.75,8],"texture":"#0"},"up":{"uv":[10.625,4.75,10.25,4.5],"texture":"#0"},"down":{"uv":[10.625,6.25,10.25,6.5],"texture":"#0"}}},{"from":[3.6905,14.90028,14.94236],"to":[4.63812,19.58853,15.88998],"rotation":{"angle":-22.5,"axis":"z","origin":[4.16431,19.28928,15.41616]},"faces":{"north":{"uv":[1.75,10,2,11.125],"texture":"#0"},"east":{"uv":[2,10,2.25,11.125],"texture":"#0"},"south":{"uv":[2.25,10,2.5,11.125],"texture":"#0"},"west":{"uv":[2.5,10,2.75,11.125],"texture":"#0"},"up":{"uv":[8.25,10.75,8,10.5],"texture":"#0"},"down":{"uv":[10.75,8,10.5,8.25],"texture":"#0"}}},{"from":[2.20594,12.98357,15.0421],"to":[2.95407,15.5272,15.79023],"rotation":{"angle":22.5,"axis":"z","origin":[2.48025,15.25288,15.31642]},"faces":{"north":{"uv":[3.25,10.25,3.5,10.875],"texture":"#0"},"east":{"uv":[3.5,10.25,3.75,10.875],"texture":"#0"},"south":{"uv":[3.75,10.25,4,10.875],"texture":"#0"},"west":{"uv":[10.25,3.75,10.5,4.375],"texture":"#0"},"up":{"uv":[8.5,10.75,8.25,10.5],"texture":"#0"},"down":{"uv":[10.75,8.25,10.5,8.5],"texture":"#0"}}},{"from":[3.14565,12.15233,15.06704],"to":[3.69428,13.29946,15.76529],"rotation":{"angle":0,"axis":"y","origin":[3.32021,13.02515,15.31642]},"faces":{"north":{"uv":[10.75,0.5,10.875,0.75],"texture":"#0"},"east":{"uv":[10.75,0.75,10.875,1],"texture":"#0"},"south":{"uv":[10.75,1,10.875,1.25],"texture":"#0"},"west":{"uv":[10.75,1.25,10.875,1.5],"texture":"#0"},"up":{"uv":[10.875,6.125,10.75,6],"texture":"#0"},"down":{"uv":[10.875,6.25,10.75,6.375],"texture":"#0"}}},{"from":[3.88618,19.10032,17.7091],"to":[5.38242,20.09782,18.7066],"rotation":{"angle":22.5,"axis":"z","origin":[4.6343,19.57413,18.23279]},"faces":{"north":{"uv":[6.5,10.25,6.875,10.5],"texture":"#0"},"east":{"uv":[8.5,10.5,8.75,10.75],"texture":"#0"},"south":{"uv":[10.25,6.5,10.625,6.75],"texture":"#0"},"west":{"uv":[10.5,8.5,10.75,8.75],"texture":"#0"},"up":{"uv":[10.625,7,10.25,6.75],"texture":"#0"},"down":{"uv":[7.375,10.25,7,10.5],"texture":"#0"}}},{"from":[3.60168,14.90184,17.73404],"to":[4.5493,19.59009,18.68166],"rotation":{"angle":-22.5,"axis":"z","origin":[4.07548,19.29084,18.20785]},"faces":{"north":{"uv":[2.75,10,3,11.125],"texture":"#0"},"east":{"uv":[10,9,10.25,10.125],"texture":"#0"},"south":{"uv":[10.25,0,10.5,1.125],"texture":"#0"},"west":{"uv":[3,10.25,3.25,11.375],"texture":"#0"},"up":{"uv":[9,10.75,8.75,10.5],"texture":"#0"},"down":{"uv":[10.75,8.75,10.5,9],"texture":"#0"}}},{"from":[2.11712,12.98513,17.83379],"to":[2.86524,15.52875,18.58191],"rotation":{"angle":22.5,"axis":"z","origin":[2.39144,15.25444,18.1081]},"faces":{"north":{"uv":[4,10.25,4.25,10.875],"texture":"#0"},"east":{"uv":[4.25,10.25,4.5,10.875],"texture":"#0"},"south":{"uv":[4.5,10.25,4.75,10.875],"texture":"#0"},"west":{"uv":[4.75,10.25,5,10.875],"texture":"#0"},"up":{"uv":[9.25,10.75,9,10.5],"texture":"#0"},"down":{"uv":[10.75,9,10.5,9.25],"texture":"#0"}}},{"from":[3.05683,12.15389,17.85872],"to":[3.60545,13.30101,18.55697],"rotation":{"angle":0,"axis":"y","origin":[3.23139,13.0267,18.1081]},"faces":{"north":{"uv":[10.75,1.5,10.875,1.75],"texture":"#0"},"east":{"uv":[10.75,1.75,10.875,2],"texture":"#0"},"south":{"uv":[10.75,2,10.875,2.25],"texture":"#0"},"west":{"uv":[10.75,2.25,10.875,2.5],"texture":"#0"},"up":{"uv":[10.875,6.625,10.75,6.5],"texture":"#0"},"down":{"uv":[10.875,6.75,10.75,6.875],"texture":"#0"}}},{"from":[12.70989,18.47184,12.10725],"to":[14.20614,19.46934,13.10475],"rotation":{"angle":-22.5,"axis":"z","origin":[13.45802,18.94566,12.63094]},"faces":{"north":{"uv":[7.875,5.75,7.5,6],"texture":"#0"},"east":{"uv":[7.25,10.5,7,10.75],"texture":"#0"},"south":{"uv":[8.375,5.75,8,6],"texture":"#0"},"west":{"uv":[10.75,6,10.5,6.25],"texture":"#0"},"up":{"uv":[9.5,9.25,9.875,9],"texture":"#0"},"down":{"uv":[9.75,6.25,10.125,6.5],"texture":"#0"}}},{"from":[13.54302,14.27335,12.13218],"to":[14.49064,18.9616,13.07981],"rotation":{"angle":22.5,"axis":"z","origin":[14.01683,18.66235,12.606]},"faces":{"north":{"uv":[1,10,0.75,11.125],"texture":"#0"},"east":{"uv":[1.75,10,1.5,11.125],"texture":"#0"},"south":{"uv":[1.5,10,1.25,11.125],"texture":"#0"},"west":{"uv":[1.25,10,1,11.125],"texture":"#0"},"up":{"uv":[10.5,7.25,10.75,7],"texture":"#0"},"down":{"uv":[7.25,10.5,7.5,10.75],"texture":"#0"}}},{"from":[15.22707,12.35664,12.23194],"to":[15.9752,14.90027,12.98006],"rotation":{"angle":-22.5,"axis":"z","origin":[15.70088,14.62596,12.50625]},"faces":{"north":{"uv":[3.25,8.5,3,9.125],"texture":"#0"},"east":{"uv":[10.5,3,10.25,3.625],"texture":"#0"},"south":{"uv":[10.25,4,10,4.625],"texture":"#0"},"west":{"uv":[3.5,8.5,3.25,9.125],"texture":"#0"},"up":{"uv":[10.5,7.5,10.75,7.25],"texture":"#0"},"down":{"uv":[10.5,7.5,10.75,7.75],"texture":"#0"}}},{"from":[14.48687,11.52541,12.25687],"to":[15.03549,12.67253,12.95512],"rotation":{"angle":0,"axis":"y","origin":[14.86093,12.39822,12.50625]},"faces":{"north":{"uv":[10.875,0,10.75,0.25],"texture":"#0"},"east":{"uv":[0.625,10.75,0.5,11],"texture":"#0"},"south":{"uv":[10.875,0.25,10.75,0.5],"texture":"#0"},"west":{"uv":[0.375,10.75,0.25,11],"texture":"#0"},"up":{"uv":[10.75,5.625,10.875,5.5],"texture":"#0"},"down":{"uv":[10.75,5.75,10.875,5.875],"texture":"#0"}}},{"from":[12.52875,19.09877,14.91742],"to":[14.025,20.09627,15.91491],"rotation":{"angle":-22.5,"axis":"z","origin":[13.27688,19.57258,15.44111]},"faces":{"north":{"uv":[10.625,1.25,10.25,1.5],"texture":"#0"},"east":{"uv":[10.75,7.75,10.5,8],"texture":"#0"},"south":{"uv":[10.625,1.5,10.25,1.75],"texture":"#0"},"west":{"uv":[8,10.5,7.75,10.75],"texture":"#0"},"up":{"uv":[10.25,4.75,10.625,4.5],"texture":"#0"},"down":{"uv":[10.25,6.25,10.625,6.5],"texture":"#0"}}},{"from":[13.36188,14.90028,14.94236],"to":[14.3095,19.58853,15.88998],"rotation":{"angle":22.5,"axis":"z","origin":[13.83569,19.28928,15.41616]},"faces":{"north":{"uv":[2,10,1.75,11.125],"texture":"#0"},"east":{"uv":[2.75,10,2.5,11.125],"texture":"#0"},"south":{"uv":[2.5,10,2.25,11.125],"texture":"#0"},"west":{"uv":[2.25,10,2,11.125],"texture":"#0"},"up":{"uv":[8,10.75,8.25,10.5],"texture":"#0"},"down":{"uv":[10.5,8,10.75,8.25],"texture":"#0"}}},{"from":[15.04593,12.98357,15.0421],"to":[15.79406,15.5272,15.79023],"rotation":{"angle":-22.5,"axis":"z","origin":[15.51975,15.25288,15.31642]},"faces":{"north":{"uv":[3.5,10.25,3.25,10.875],"texture":"#0"},"east":{"uv":[10.5,3.75,10.25,4.375],"texture":"#0"},"south":{"uv":[4,10.25,3.75,10.875],"texture":"#0"},"west":{"uv":[3.75,10.25,3.5,10.875],"texture":"#0"},"up":{"uv":[8.25,10.75,8.5,10.5],"texture":"#0"},"down":{"uv":[10.5,8.25,10.75,8.5],"texture":"#0"}}},{"from":[14.30573,12.15233,15.06704],"to":[14.85435,13.29946,15.76529],"rotation":{"angle":0,"axis":"y","origin":[14.67979,13.02515,15.31642]},"faces":{"north":{"uv":[10.875,0.5,10.75,0.75],"texture":"#0"},"east":{"uv":[10.875,1.25,10.75,1.5],"texture":"#0"},"south":{"uv":[10.875,1,10.75,1.25],"texture":"#0"},"west":{"uv":[10.875,0.75,10.75,1],"texture":"#0"},"up":{"uv":[10.75,6.125,10.875,6],"texture":"#0"},"down":{"uv":[10.75,6.25,10.875,6.375],"texture":"#0"}}},{"from":[11.9925,20.81025,6.8205],"to":[12.29175,23.20425,10.212],"rotation":{"angle":-22.5,"axis":"x","origin":[9,22.107,8.51625]},"faces":{"north":{"uv":[10.375,7,10.25,7.625],"texture":"#0"},"east":{"uv":[10.625,4.75,9.75,5.375],"texture":"#0"},"south":{"uv":[7.625,10.25,7.5,10.875],"texture":"#0"},"west":{"uv":[9.875,4,9,4.625],"texture":"#0"},"up":{"uv":[5,11.125,5.125,10.25],"texture":"#0"},"down":{"uv":[5.25,10.25,5.375,11.125],"texture":"#0"}}},{"from":[5.70825,20.81025,6.8205],"to":[6.0075,23.20425,10.212],"rotation":{"angle":-22.5,"axis":"x","origin":[9,22.107,8.51625]},"faces":{"north":{"uv":[10.25,7,10.375,7.625],"texture":"#0"},"east":{"uv":[9,4,9.875,4.625],"texture":"#0"},"south":{"uv":[7.5,10.25,7.625,10.875],"texture":"#0"},"west":{"uv":[9.75,4.75,10.625,5.375],"texture":"#0"},"up":{"uv":[5.125,11.125,5,10.25],"texture":"#0"},"down":{"uv":[5.375,10.25,5.25,11.125],"texture":"#0"}}},{"from":[6.0075,18.915,5.72325],"to":[11.9925,24.9,11.70825],"rotation":{"angle":-22.5,"axis":"x","origin":[9,21.9075,8.71575]},"faces":{"north":{"uv":[7.5,1.75,9,3.25],"texture":"#0"},"east":{"uv":[7.5,3.25,9,4.75],"texture":"#0"},"south":{"uv":[3.5,7.75,5,9.25],"texture":"#0"},"west":{"uv":[5,7.75,6.5,9.25],"texture":"#0"},"up":{"uv":[8,9.25,6.5,7.75],"texture":"#0"},"down":{"uv":[9.5,7.75,8,9.25],"texture":"#0"}}},{"from":[6.30675,18.37181,5.6666],"to":[6.90525,18.97031,6.96335],"rotation":{"angle":-45,"axis":"x","origin":[6.606,18.67106,6.11548]},"faces":{"north":{"uv":[10.75,2.5,10.875,2.625],"texture":"#0"},"east":{"uv":[9.25,10.5,9.625,10.625],"texture":"#0"},"south":{"uv":[10.75,2.75,10.875,2.875],"texture":"#0"},"west":{"uv":[10.5,9.25,10.875,9.375],"texture":"#0"},"up":{"uv":[10.625,9.875,10.5,9.5],"texture":"#0"},"down":{"uv":[9.875,10.5,9.75,10.875],"texture":"#0"}}},{"from":[11.24438,15.4216,6.61427],"to":[11.54363,16.6186,6.91352],"rotation":{"angle":22.5,"axis":"x","origin":[11.394,16.6186,7.01327]},"faces":{"north":{"uv":[10.625,10,10.5,10.25],"texture":"#0"},"east":{"uv":[0.125,10.75,0,11],"texture":"#0"},"south":{"uv":[10.625,10.5,10.5,10.75],"texture":"#0"},"west":{"uv":[10.625,10.25,10.5,10.5],"texture":"#0"},"up":{"uv":[10.75,3.625,10.875,3.5],"texture":"#0"},"down":{"uv":[10.75,3.75,10.875,3.875],"texture":"#0"}}},{"from":[11.1945,16.50491,5.80094],"to":[11.5935,18.4999,6.19994],"rotation":{"angle":-22.5,"axis":"x","origin":[11.394,18.4999,6.24981]},"faces":{"north":{"uv":[10.625,0.75,10.5,1.25],"texture":"#0"},"east":{"uv":[6.875,10.5,6.75,11],"texture":"#0"},"south":{"uv":[6.625,10.5,6.5,11],"texture":"#0"},"west":{"uv":[10.625,5.5,10.5,6],"texture":"#0"},"up":{"uv":[10.75,3.125,10.875,3],"texture":"#0"},"down":{"uv":[10.75,3.25,10.875,3.375],"texture":"#0"}}},{"from":[11.09475,18.37181,5.6666],"to":[11.69325,18.97031,6.96335],"rotation":{"angle":-45,"axis":"x","origin":[11.394,18.67106,6.11548]},"faces":{"north":{"uv":[10.875,2.5,10.75,2.625],"texture":"#0"},"east":{"uv":[10.875,9.25,10.5,9.375],"texture":"#0"},"south":{"uv":[10.875,2.75,10.75,2.875],"texture":"#0"},"west":{"uv":[9.625,10.5,9.25,10.625],"texture":"#0"},"up":{"uv":[10.5,9.875,10.625,9.5],"texture":"#0"},"down":{"uv":[9.75,10.5,9.875,10.875],"texture":"#0"}}},{"from":[6.4065,16.50491,5.80094],"to":[6.8055,18.4999,6.19994],"rotation":{"angle":-22.5,"axis":"x","origin":[6.606,18.4999,6.24981]},"faces":{"north":{"uv":[10.5,0.75,10.625,1.25],"texture":"#0"},"east":{"uv":[10.5,5.5,10.625,6],"texture":"#0"},"south":{"uv":[6.5,10.5,6.625,11],"texture":"#0"},"west":{"uv":[6.75,10.5,6.875,11],"texture":"#0"},"up":{"uv":[10.875,3.125,10.75,3],"texture":"#0"},"down":{"uv":[10.875,3.25,10.75,3.375],"texture":"#0"}}},{"from":[6.45638,15.4216,6.61427],"to":[6.75563,16.6186,6.91352],"rotation":{"angle":22.5,"axis":"x","origin":[6.606,16.6186,7.01327]},"faces":{"north":{"uv":[10.5,10,10.625,10.25],"texture":"#0"},"east":{"uv":[10.5,10.25,10.625,10.5],"texture":"#0"},"south":{"uv":[10.5,10.5,10.625,10.75],"texture":"#0"},"west":{"uv":[0,10.75,0.125,11],"texture":"#0"},"up":{"uv":[10.875,3.625,10.75,3.5],"texture":"#0"},"down":{"uv":[10.875,3.75,10.75,3.875],"texture":"#0"}}},{"from":[7.05488,24.75038,8.29181],"to":[7.45388,28.24163,8.69082],"rotation":{"angle":-22.5,"axis":"x","origin":[9.14963,21.75788,8.49131]},"faces":{"north":{"uv":[5.5,10.25,5.625,11.125],"texture":"#0"},"east":{"uv":[5.75,10.25,5.875,11.125],"texture":"#0"},"south":{"uv":[6,10.25,6.125,11.125],"texture":"#0"},"west":{"uv":[6.25,10.25,6.375,11.125],"texture":"#0"},"up":{"uv":[10.875,4.125,10.75,4],"texture":"#0"},"down":{"uv":[10.875,4.25,10.75,4.375],"texture":"#0"}}},{"from":[12.34862,29.46939,5.85071],"to":[12.69775,31.96314,6.19984],"rotation":{"angle":-45,"axis":"z","origin":[12.52319,30.71627,6.02528]},"faces":{"north":{"uv":[10.375,10,10.25,10.625],"texture":"#0"},"east":{"uv":[10.625,3.75,10.5,4.375],"texture":"#0"},"south":{"uv":[10.625,3,10.5,3.625],"texture":"#0"},"west":{"uv":[10.625,0,10.5,0.625],"texture":"#0"},"up":{"uv":[10.75,5.125,10.875,5],"texture":"#0"},"down":{"uv":[10.75,5.25,10.875,5.375],"texture":"#0"}}},{"from":[9.53003,28.54846,5.82578],"to":[9.92902,31.04221,6.22477],"rotation":{"angle":-22.5,"axis":"z","origin":[7.83428,25.55596,6.02528]},"faces":{"north":{"uv":[10.375,7.75,10.25,8.375],"texture":"#0"},"east":{"uv":[10.125,10.25,10,10.875],"texture":"#0"},"south":{"uv":[10.375,9.25,10.25,9.875],"texture":"#0"},"west":{"uv":[10.375,8.5,10.25,9.125],"texture":"#0"},"up":{"uv":[10.75,4.625,10.875,4.5],"texture":"#0"},"down":{"uv":[10.75,4.75,10.875,4.875],"texture":"#0"}}},{"from":[10.54613,24.75038,8.29181],"to":[10.94513,28.24163,8.69082],"rotation":{"angle":-22.5,"axis":"x","origin":[8.85038,21.75788,8.49131]},"faces":{"north":{"uv":[5.625,10.25,5.5,11.125],"texture":"#0"},"east":{"uv":[6.375,10.25,6.25,11.125],"texture":"#0"},"south":{"uv":[6.125,10.25,6,11.125],"texture":"#0"},"west":{"uv":[5.875,10.25,5.75,11.125],"texture":"#0"},"up":{"uv":[10.75,4.125,10.875,4],"texture":"#0"},"down":{"uv":[10.75,4.25,10.875,4.375],"texture":"#0"}}},{"from":[8.07098,28.54846,5.82578],"to":[8.46998,31.04221,6.22477],"rotation":{"angle":22.5,"axis":"z","origin":[10.16573,25.55596,6.02528]},"faces":{"north":{"uv":[10.25,7.75,10.375,8.375],"texture":"#0"},"east":{"uv":[10.25,8.5,10.375,9.125],"texture":"#0"},"south":{"uv":[10.25,9.25,10.375,9.875],"texture":"#0"},"west":{"uv":[10,10.25,10.125,10.875],"texture":"#0"},"up":{"uv":[10.875,4.625,10.75,4.5],"texture":"#0"},"down":{"uv":[10.875,4.75,10.75,4.875],"texture":"#0"}}},{"from":[5.30226,29.46939,5.85071],"to":[5.65138,31.96314,6.19984],"rotation":{"angle":45,"axis":"z","origin":[5.47682,30.71627,6.02528]},"faces":{"north":{"uv":[10.25,10,10.375,10.625],"texture":"#0"},"east":{"uv":[10.5,0,10.625,0.625],"texture":"#0"},"south":{"uv":[10.5,3,10.625,3.625],"texture":"#0"},"west":{"uv":[10.5,3.75,10.625,4.375],"texture":"#0"},"up":{"uv":[10.875,5.125,10.75,5],"texture":"#0"},"down":{"uv":[10.875,5.25,10.75,5.375],"texture":"#0"}}},{"from":[12.0075,-6.6835,10.24625],"to":[17.9925,-0.6985,17.22875],"rotation":{"angle":22.5,"axis":"x","origin":[15,-3.691,14.23625]},"faces":{"north":{"uv":[0,8.5,1.5,10],"texture":"#0"},"east":{"uv":[0,7,1.75,8.5],"texture":"#0"},"south":{"uv":[1.5,8.5,3,10],"texture":"#0"},"west":{"uv":[1.75,7,3.5,8.5],"texture":"#0"},"up":{"uv":[8.5,7.75,7,6],"texture":"#0"},"down":{"uv":[9,0,7.5,1.75],"texture":"#0"}}},{"from":[12.78025,-4.34,21.518],"to":[17.21975,-0.249,25.508],"rotation":{"angle":45,"axis":"x","origin":[14.50125,-2.2945,13.538]},"faces":{"north":{"uv":[4.25,9.25,5.375,10.125],"texture":"#0"},"east":{"uv":[7.75,9.25,6.75,10.125],"texture":"#0"},"south":{"uv":[5.5,9.25,6.625,10.125],"texture":"#0"},"west":{"uv":[6.75,9.25,7.75,10.125],"texture":"#0"},"up":{"uv":[10.125,4,9,3],"texture":"#0"},"down":{"uv":[4.125,9.25,3,10.25],"texture":"#0"}}},{"from":[14.309,-13.58587,21.7534],"to":[15.691,-12.40387,23.8909],"rotation":{"angle":45,"axis":"x","origin":[15,-13.3883,24.10041]},"faces":{"north":{"uv":[4.125,15.234,4.816,15.825],"texture":"#0"},"east":{"uv":[8.87187,11.375,7.75,10.74963],"texture":"#0"},"south":{"uv":[11.75,8.609,11.941,8.95],"texture":"#0"},"west":{"uv":[7.75,10.74963,8.86875,11.375],"texture":"#0"},"up":{"uv":[8.87187,10.74963,7.75,11.375],"rotation":270,"texture":"#0"},"down":{"uv":[8.86875,10.74963,7.75,11.375],"rotation":90,"texture":"#0"}}},{"from":[14.559,-14.35001,23.94223],"to":[15.441,-12.81801,24.72973],"rotation":{"angle":-22.5,"axis":"x","origin":[15,-13.3883,24.10041]},"faces":{"north":{"uv":[9.25,10.7465,8.8785,11.5],"texture":"#0"},"east":{"uv":[8.875,10.75,9.25313,11.4965],"texture":"#0"},"south":{"uv":[9.25,10.7465,8.8785,11.5],"texture":"#0"},"west":{"uv":[8.87813,10.74963,9.25,11.5],"texture":"#0"},"up":{"uv":[11.89375,9.234,11.5,9.675],"rotation":270,"texture":"#0"},"down":{"uv":[12.01875,8.57462,11.7375,8.94063],"rotation":90,"texture":"#0"}}},{"from":[14.809,-15.07386,24.53233],"to":[15.191,-14.06686,24.91983],"rotation":{"angle":0,"axis":"y","origin":[15,-13.3883,24.10041]},"faces":{"north":{"uv":[11.5,9.1215,11.25038,9.625],"texture":"#0"},"east":{"uv":[11.25,9.12187,11.5,9.62463],"texture":"#0"},"south":{"uv":[11.5,9.1215,11.25038,9.625],"texture":"#0"},"west":{"uv":[11.25,9.1215,11.5,9.625],"texture":"#0"},"up":{"uv":[11.69375,9.234,11.5,9.425],"rotation":270,"texture":"#0"},"down":{"uv":[11.94375,8.734,11.75,8.925],"rotation":90,"texture":"#0"}}},{"from":[13.90275,-12.27696,20.97868],"to":[16.09725,-7.68846,23.57218],"rotation":{"angle":-45,"axis":"x","origin":[15,-10.78071,23.27293]},"faces":{"north":{"uv":[7.75,9.25,8.375,10.375],"texture":"#0"},"east":{"uv":[8.5,9.25,9.125,10.375],"texture":"#0"},"south":{"uv":[9.25,9.25,9.875,10.375],"texture":"#0"},"west":{"uv":[9.5,7.75,10.125,8.875],"texture":"#0"},"up":{"uv":[10.375,6.125,9.75,5.5],"texture":"#0"},"down":{"uv":[0.625,10,0,10.625],"texture":"#0"}}},{"from":[11.409,-5.8855,16.5305],"to":[18.591,1.2965,21.518],"rotation":{"angle":45,"axis":"x","origin":[15,-2.2945,13.538]},"faces":{"north":{"uv":[3.5,6,5.25,7.75],"texture":"#0"},"east":{"uv":[8.5,4.75,9.75,6.5],"texture":"#0"},"south":{"uv":[5.25,6,7,7.75],"texture":"#0"},"west":{"uv":[9,0,10.25,1.75],"texture":"#0"},"up":{"uv":[10.25,7.75,8.5,6.5],"texture":"#0"},"down":{"uv":[10.75,1.75,9,3],"texture":"#0"}}},{"from":[11.01,-7.0825,4.76],"to":[18.99,0.8975,12.74],"rotation":{"angle":0,"axis":"y","origin":[15,-4.09,8.75]},"faces":{"north":{"uv":[3.5,0,5.5,2],"texture":"#0"},"east":{"uv":[3.5,2,5.5,4],"texture":"#0"},"south":{"uv":[3.5,4,5.5,6],"texture":"#0"},"west":{"uv":[5.5,0,7.5,2],"texture":"#0"},"up":{"uv":[7.5,4,5.5,2],"texture":"#0"},"down":{"uv":[7.5,4,5.5,6],"texture":"#0"}}},{"from":[-1.40265,-6.965,9.90584],"to":[12.56235,7,9.90584],"rotation":{"angle":0,"axis":"y","origin":[16.33083,-3.78457,8.09131]},"faces":{"north":{"uv":[0,0,3.5,3.5],"texture":"#0"},"east":{"uv":[0,0,0,3.5],"texture":"#0"},"south":{"uv":[3.5,0,0,3.5],"texture":"#0"},"west":{"uv":[0,0,0,3.5],"texture":"#0"},"up":{"uv":[3.5,0,0,0],"texture":"#0"},"down":{"uv":[3.5,0,0,0],"texture":"#0"}}},{"from":[17.43765,-6.965,9.90584],"to":[31.40265,7,9.90584],"rotation":{"angle":0,"axis":"y","origin":[13.66918,-3.78457,8.09131]},"faces":{"north":{"uv":[3.5,0,0,3.5],"texture":"#0"},"east":{"uv":[0,0,0,3.5],"texture":"#0"},"south":{"uv":[0,0,3.5,3.5],"texture":"#0"},"west":{"uv":[0,0,0,3.5],"texture":"#0"},"up":{"uv":[0,0,3.5,0],"texture":"#0"},"down":{"uv":[0,0,3.5,0],"texture":"#0"}}},{"from":[18.61758,-5.89968,11.4591],"to":[20.11383,-4.90218,12.4566],"rotation":{"angle":-22.5,"axis":"z","origin":[19.3657,-5.42587,11.98279]},"faces":{"north":{"uv":[6.875,10.25,6.5,10.5],"texture":"#0"},"east":{"uv":[10.75,8.5,10.5,8.75],"texture":"#0"},"south":{"uv":[10.625,6.5,10.25,6.75],"texture":"#0"},"west":{"uv":[8.75,10.5,8.5,10.75],"texture":"#0"},"up":{"uv":[10.25,7,10.625,6.75],"texture":"#0"},"down":{"uv":[7,10.25,7.375,10.5],"texture":"#0"}}},{"from":[19.4507,-10.09816,11.48404],"to":[20.39833,-5.40991,12.43166],"rotation":{"angle":22.5,"axis":"z","origin":[19.92452,-5.70916,11.95785]},"faces":{"north":{"uv":[3,10,2.75,11.125],"texture":"#0"},"east":{"uv":[3.25,10.25,3,11.375],"texture":"#0"},"south":{"uv":[10.5,0,10.25,1.125],"texture":"#0"},"west":{"uv":[10.25,9,10,10.125],"texture":"#0"},"up":{"uv":[8.75,10.75,9,10.5],"texture":"#0"},"down":{"uv":[10.5,8.75,10.75,9],"texture":"#0"}}},{"from":[21.13476,-12.01487,11.58379],"to":[21.88288,-9.47125,12.33191],"rotation":{"angle":-22.5,"axis":"z","origin":[21.60856,-9.74556,11.8581]},"faces":{"north":{"uv":[4.25,10.25,4,10.875],"texture":"#0"},"east":{"uv":[5,10.25,4.75,10.875],"texture":"#0"},"south":{"uv":[4.75,10.25,4.5,10.875],"texture":"#0"},"west":{"uv":[4.5,10.25,4.25,10.875],"texture":"#0"},"up":{"uv":[9,10.75,9.25,10.5],"texture":"#0"},"down":{"uv":[10.5,9,10.75,9.25],"texture":"#0"}}},{"from":[20.39455,-12.84611,11.60872],"to":[20.94318,-11.69899,12.30697],"rotation":{"angle":0,"axis":"y","origin":[20.76861,-11.9733,11.8581]},"faces":{"north":{"uv":[10.875,1.5,10.75,1.75],"texture":"#0"},"east":{"uv":[10.875,2.25,10.75,2.5],"texture":"#0"},"south":{"uv":[10.875,2,10.75,2.25],"texture":"#0"},"west":{"uv":[10.875,1.75,10.75,2],"texture":"#0"},"up":{"uv":[10.75,6.625,10.875,6.5],"texture":"#0"},"down":{"uv":[10.75,6.75,10.875,6.875],"texture":"#0"}}},{"from":[9.79386,-6.52816,5.85725],"to":[11.29011,-5.53066,6.85475],"rotation":{"angle":22.5,"axis":"z","origin":[10.54199,-6.05434,6.38094]},"faces":{"north":{"uv":[7.5,5.75,7.875,6],"texture":"#0"},"east":{"uv":[10.5,6,10.75,6.25],"texture":"#0"},"south":{"uv":[8,5.75,8.375,6],"texture":"#0"},"west":{"uv":[7,10.5,7.25,10.75],"texture":"#0"},"up":{"uv":[9.875,9.25,9.5,9],"texture":"#0"},"down":{"uv":[10.125,6.25,9.75,6.5],"texture":"#0"}}},{"from":[9.50936,-10.72665,5.88218],"to":[10.45699,-6.0384,6.82981],"rotation":{"angle":-22.5,"axis":"z","origin":[9.98317,-6.33765,6.356]},"faces":{"north":{"uv":[0.75,10,1,11.125],"texture":"#0"},"east":{"uv":[1,10,1.25,11.125],"texture":"#0"},"south":{"uv":[1.25,10,1.5,11.125],"texture":"#0"},"west":{"uv":[1.5,10,1.75,11.125],"texture":"#0"},"up":{"uv":[10.75,7.25,10.5,7],"texture":"#0"},"down":{"uv":[7.5,10.5,7.25,10.75],"texture":"#0"}}},{"from":[8.0248,-12.64336,5.98194],"to":[8.77293,-10.09973,6.73006],"rotation":{"angle":22.5,"axis":"z","origin":[8.29912,-10.37404,6.25625]},"faces":{"north":{"uv":[3,8.5,3.25,9.125],"texture":"#0"},"east":{"uv":[3.25,8.5,3.5,9.125],"texture":"#0"},"south":{"uv":[10,4,10.25,4.625],"texture":"#0"},"west":{"uv":[10.25,3,10.5,3.625],"texture":"#0"},"up":{"uv":[10.75,7.5,10.5,7.25],"texture":"#0"},"down":{"uv":[10.75,7.5,10.5,7.75],"texture":"#0"}}},{"from":[8.96451,-13.47459,6.00687],"to":[9.51314,-12.32747,6.70512],"rotation":{"angle":0,"axis":"y","origin":[9.13908,-12.60178,6.25625]},"faces":{"north":{"uv":[10.75,0,10.875,0.25],"texture":"#0"},"east":{"uv":[0.25,10.75,0.375,11],"texture":"#0"},"south":{"uv":[10.75,0.25,10.875,0.5],"texture":"#0"},"west":{"uv":[0.5,10.75,0.625,11],"texture":"#0"},"up":{"uv":[10.875,5.625,10.75,5.5],"texture":"#0"},"down":{"uv":[10.875,5.75,10.75,5.875],"texture":"#0"}}},{"from":[9.975,-5.90123,8.66742],"to":[11.47125,-4.90373,9.66491],"rotation":{"angle":22.5,"axis":"z","origin":[10.72312,-5.42742,9.19111]},"faces":{"north":{"uv":[10.25,1.25,10.625,1.5],"texture":"#0"},"east":{"uv":[7.75,10.5,8,10.75],"texture":"#0"},"south":{"uv":[10.25,1.5,10.625,1.75],"texture":"#0"},"west":{"uv":[10.5,7.75,10.75,8],"texture":"#0"},"up":{"uv":[10.625,4.75,10.25,4.5],"texture":"#0"},"down":{"uv":[10.625,6.25,10.25,6.5],"texture":"#0"}}},{"from":[9.6905,-10.09972,8.69236],"to":[10.63812,-5.41147,9.63998],"rotation":{"angle":-22.5,"axis":"z","origin":[10.16431,-5.71072,9.16616]},"faces":{"north":{"uv":[1.75,10,2,11.125],"texture":"#0"},"east":{"uv":[2,10,2.25,11.125],"texture":"#0"},"south":{"uv":[2.25,10,2.5,11.125],"texture":"#0"},"west":{"uv":[2.5,10,2.75,11.125],"texture":"#0"},"up":{"uv":[8.25,10.75,8,10.5],"texture":"#0"},"down":{"uv":[10.75,8,10.5,8.25],"texture":"#0"}}},{"from":[8.20594,-12.01643,8.7921],"to":[8.95407,-9.4728,9.54023],"rotation":{"angle":22.5,"axis":"z","origin":[8.48025,-9.74712,9.06642]},"faces":{"north":{"uv":[3.25,10.25,3.5,10.875],"texture":"#0"},"east":{"uv":[3.5,10.25,3.75,10.875],"texture":"#0"},"south":{"uv":[3.75,10.25,4,10.875],"texture":"#0"},"west":{"uv":[10.25,3.75,10.5,4.375],"texture":"#0"},"up":{"uv":[8.5,10.75,8.25,10.5],"texture":"#0"},"down":{"uv":[10.75,8.25,10.5,8.5],"texture":"#0"}}},{"from":[9.14565,-12.84767,8.81704],"to":[9.69428,-11.70054,9.51529],"rotation":{"angle":0,"axis":"y","origin":[9.32021,-11.97485,9.06642]},"faces":{"north":{"uv":[10.75,0.5,10.875,0.75],"texture":"#0"},"east":{"uv":[10.75,0.75,10.875,1],"texture":"#0"},"south":{"uv":[10.75,1,10.875,1.25],"texture":"#0"},"west":{"uv":[10.75,1.25,10.875,1.5],"texture":"#0"},"up":{"uv":[10.875,6.125,10.75,6],"texture":"#0"},"down":{"uv":[10.875,6.25,10.75,6.375],"texture":"#0"}}},{"from":[9.88618,-5.89968,11.4591],"to":[11.38242,-4.90218,12.4566],"rotation":{"angle":22.5,"axis":"z","origin":[10.6343,-5.42587,11.98279]},"faces":{"north":{"uv":[6.5,10.25,6.875,10.5],"texture":"#0"},"east":{"uv":[8.5,10.5,8.75,10.75],"texture":"#0"},"south":{"uv":[10.25,6.5,10.625,6.75],"texture":"#0"},"west":{"uv":[10.5,8.5,10.75,8.75],"texture":"#0"},"up":{"uv":[10.625,7,10.25,6.75],"texture":"#0"},"down":{"uv":[7.375,10.25,7,10.5],"texture":"#0"}}},{"from":[9.60168,-10.09816,11.48404],"to":[10.5493,-5.40991,12.43166],"rotation":{"angle":-22.5,"axis":"z","origin":[10.07548,-5.70916,11.95785]},"faces":{"north":{"uv":[2.75,10,3,11.125],"texture":"#0"},"east":{"uv":[10,9,10.25,10.125],"texture":"#0"},"south":{"uv":[10.25,0,10.5,1.125],"texture":"#0"},"west":{"uv":[3,10.25,3.25,11.375],"texture":"#0"},"up":{"uv":[9,10.75,8.75,10.5],"texture":"#0"},"down":{"uv":[10.75,8.75,10.5,9],"texture":"#0"}}},{"from":[8.11712,-12.01487,11.58379],"to":[8.86524,-9.47125,12.33191],"rotation":{"angle":22.5,"axis":"z","origin":[8.39144,-9.74556,11.8581]},"faces":{"north":{"uv":[4,10.25,4.25,10.875],"texture":"#0"},"east":{"uv":[4.25,10.25,4.5,10.875],"texture":"#0"},"south":{"uv":[4.5,10.25,4.75,10.875],"texture":"#0"},"west":{"uv":[4.75,10.25,5,10.875],"texture":"#0"},"up":{"uv":[9.25,10.75,9,10.5],"texture":"#0"},"down":{"uv":[10.75,9,10.5,9.25],"texture":"#0"}}},{"from":[9.05683,-12.84611,11.60872],"to":[9.60545,-11.69899,12.30697],"rotation":{"angle":0,"axis":"y","origin":[9.23139,-11.9733,11.8581]},"faces":{"north":{"uv":[10.75,1.5,10.875,1.75],"texture":"#0"},"east":{"uv":[10.75,1.75,10.875,2],"texture":"#0"},"south":{"uv":[10.75,2,10.875,2.25],"texture":"#0"},"west":{"uv":[10.75,2.25,10.875,2.5],"texture":"#0"},"up":{"uv":[10.875,6.625,10.75,6.5],"texture":"#0"},"down":{"uv":[10.875,6.75,10.75,6.875],"texture":"#0"}}},{"from":[18.70989,-6.52816,5.85725],"to":[20.20614,-5.53066,6.85475],"rotation":{"angle":-22.5,"axis":"z","origin":[19.45802,-6.05434,6.38094]},"faces":{"north":{"uv":[7.875,5.75,7.5,6],"texture":"#0"},"east":{"uv":[7.25,10.5,7,10.75],"texture":"#0"},"south":{"uv":[8.375,5.75,8,6],"texture":"#0"},"west":{"uv":[10.75,6,10.5,6.25],"texture":"#0"},"up":{"uv":[9.5,9.25,9.875,9],"texture":"#0"},"down":{"uv":[9.75,6.25,10.125,6.5],"texture":"#0"}}},{"from":[19.54302,-10.72665,5.88218],"to":[20.49064,-6.0384,6.82981],"rotation":{"angle":22.5,"axis":"z","origin":[20.01683,-6.33765,6.356]},"faces":{"north":{"uv":[1,10,0.75,11.125],"texture":"#0"},"east":{"uv":[1.75,10,1.5,11.125],"texture":"#0"},"south":{"uv":[1.5,10,1.25,11.125],"texture":"#0"},"west":{"uv":[1.25,10,1,11.125],"texture":"#0"},"up":{"uv":[10.5,7.25,10.75,7],"texture":"#0"},"down":{"uv":[7.25,10.5,7.5,10.75],"texture":"#0"}}},{"from":[21.22707,-12.64336,5.98194],"to":[21.9752,-10.09973,6.73006],"rotation":{"angle":-22.5,"axis":"z","origin":[21.70088,-10.37404,6.25625]},"faces":{"north":{"uv":[3.25,8.5,3,9.125],"texture":"#0"},"east":{"uv":[10.5,3,10.25,3.625],"texture":"#0"},"south":{"uv":[10.25,4,10,4.625],"texture":"#0"},"west":{"uv":[3.5,8.5,3.25,9.125],"texture":"#0"},"up":{"uv":[10.5,7.5,10.75,7.25],"texture":"#0"},"down":{"uv":[10.5,7.5,10.75,7.75],"texture":"#0"}}},{"from":[20.48687,-13.47459,6.00687],"to":[21.03549,-12.32747,6.70512],"rotation":{"angle":0,"axis":"y","origin":[20.86093,-12.60178,6.25625]},"faces":{"north":{"uv":[10.875,0,10.75,0.25],"texture":"#0"},"east":{"uv":[0.625,10.75,0.5,11],"texture":"#0"},"south":{"uv":[10.875,0.25,10.75,0.5],"texture":"#0"},"west":{"uv":[0.375,10.75,0.25,11],"texture":"#0"},"up":{"uv":[10.75,5.625,10.875,5.5],"texture":"#0"},"down":{"uv":[10.75,5.75,10.875,5.875],"texture":"#0"}}},{"from":[18.52875,-5.90123,8.66742],"to":[20.025,-4.90373,9.66491],"rotation":{"angle":-22.5,"axis":"z","origin":[19.27688,-5.42742,9.19111]},"faces":{"north":{"uv":[10.625,1.25,10.25,1.5],"texture":"#0"},"east":{"uv":[10.75,7.75,10.5,8],"texture":"#0"},"south":{"uv":[10.625,1.5,10.25,1.75],"texture":"#0"},"west":{"uv":[8,10.5,7.75,10.75],"texture":"#0"},"up":{"uv":[10.25,4.75,10.625,4.5],"texture":"#0"},"down":{"uv":[10.25,6.25,10.625,6.5],"texture":"#0"}}},{"from":[19.36188,-10.09972,8.69236],"to":[20.3095,-5.41147,9.63998],"rotation":{"angle":22.5,"axis":"z","origin":[19.83569,-5.71072,9.16616]},"faces":{"north":{"uv":[2,10,1.75,11.125],"texture":"#0"},"east":{"uv":[2.75,10,2.5,11.125],"texture":"#0"},"south":{"uv":[2.5,10,2.25,11.125],"texture":"#0"},"west":{"uv":[2.25,10,2,11.125],"texture":"#0"},"up":{"uv":[8,10.75,8.25,10.5],"texture":"#0"},"down":{"uv":[10.5,8,10.75,8.25],"texture":"#0"}}},{"from":[21.04593,-12.01643,8.7921],"to":[21.79406,-9.4728,9.54023],"rotation":{"angle":-22.5,"axis":"z","origin":[21.51975,-9.74712,9.06642]},"faces":{"north":{"uv":[3.5,10.25,3.25,10.875],"texture":"#0"},"east":{"uv":[10.5,3.75,10.25,4.375],"texture":"#0"},"south":{"uv":[4,10.25,3.75,10.875],"texture":"#0"},"west":{"uv":[3.75,10.25,3.5,10.875],"texture":"#0"},"up":{"uv":[8.25,10.75,8.5,10.5],"texture":"#0"},"down":{"uv":[10.5,8.25,10.75,8.5],"texture":"#0"}}},{"from":[20.30573,-12.84767,8.81704],"to":[20.85435,-11.70054,9.51529],"rotation":{"angle":0,"axis":"y","origin":[20.67979,-11.97485,9.06642]},"faces":{"north":{"uv":[10.875,0.5,10.75,0.75],"texture":"#0"},"east":{"uv":[10.875,1.25,10.75,1.5],"texture":"#0"},"south":{"uv":[10.875,1,10.75,1.25],"texture":"#0"},"west":{"uv":[10.875,0.75,10.75,1],"texture":"#0"},"up":{"uv":[10.75,6.125,10.875,6],"texture":"#0"},"down":{"uv":[10.75,6.25,10.875,6.375],"texture":"#0"}}},{"from":[17.9925,-4.18975,0.5705],"to":[18.29175,-1.79575,3.962],"rotation":{"angle":-22.5,"axis":"x","origin":[15,-2.893,2.26625]},"faces":{"north":{"uv":[10.375,7,10.25,7.625],"texture":"#0"},"east":{"uv":[10.625,4.75,9.75,5.375],"texture":"#0"},"south":{"uv":[7.625,10.25,7.5,10.875],"texture":"#0"},"west":{"uv":[9.875,4,9,4.625],"texture":"#0"},"up":{"uv":[5,11.125,5.125,10.25],"texture":"#0"},"down":{"uv":[5.25,10.25,5.375,11.125],"texture":"#0"}}},{"from":[11.70825,-4.18975,0.5705],"to":[12.0075,-1.79575,3.962],"rotation":{"angle":-22.5,"axis":"x","origin":[15,-2.893,2.26625]},"faces":{"north":{"uv":[10.25,7,10.375,7.625],"texture":"#0"},"east":{"uv":[9,4,9.875,4.625],"texture":"#0"},"south":{"uv":[7.5,10.25,7.625,10.875],"texture":"#0"},"west":{"uv":[9.75,4.75,10.625,5.375],"texture":"#0"},"up":{"uv":[5.125,11.125,5,10.25],"texture":"#0"},"down":{"uv":[5.375,10.25,5.25,11.125],"texture":"#0"}}},{"from":[12.0075,-6.085,-0.52675],"to":[17.9925,-0.1,5.45825],"rotation":{"angle":-22.5,"axis":"x","origin":[15,-3.0925,2.46575]},"faces":{"north":{"uv":[7.5,1.75,9,3.25],"texture":"#0"},"east":{"uv":[7.5,3.25,9,4.75],"texture":"#0"},"south":{"uv":[3.5,7.75,5,9.25],"texture":"#0"},"west":{"uv":[5,7.75,6.5,9.25],"texture":"#0"},"up":{"uv":[8,9.25,6.5,7.75],"texture":"#0"},"down":{"uv":[9.5,7.75,8,9.25],"texture":"#0"}}},{"from":[12.30675,-6.62819,-0.5834],"to":[12.90525,-6.02969,0.71335],"rotation":{"angle":-45,"axis":"x","origin":[12.606,-6.32894,-0.13452]},"faces":{"north":{"uv":[10.75,2.5,10.875,2.625],"texture":"#0"},"east":{"uv":[9.25,10.5,9.625,10.625],"texture":"#0"},"south":{"uv":[10.75,2.75,10.875,2.875],"texture":"#0"},"west":{"uv":[10.5,9.25,10.875,9.375],"texture":"#0"},"up":{"uv":[10.625,9.875,10.5,9.5],"texture":"#0"},"down":{"uv":[9.875,10.5,9.75,10.875],"texture":"#0"}}},{"from":[17.24438,-9.5784,0.36427],"to":[17.54363,-8.3814,0.66352],"rotation":{"angle":22.5,"axis":"x","origin":[17.394,-8.3814,0.76327]},"faces":{"north":{"uv":[10.625,10,10.5,10.25],"texture":"#0"},"east":{"uv":[0.125,10.75,0,11],"texture":"#0"},"south":{"uv":[10.625,10.5,10.5,10.75],"texture":"#0"},"west":{"uv":[10.625,10.25,10.5,10.5],"texture":"#0"},"up":{"uv":[10.75,3.625,10.875,3.5],"texture":"#0"},"down":{"uv":[10.75,3.75,10.875,3.875],"texture":"#0"}}},{"from":[17.1945,-8.49509,-0.44906],"to":[17.5935,-6.5001,-0.05006],"rotation":{"angle":-22.5,"axis":"x","origin":[17.394,-6.5001,-0.00019]},"faces":{"north":{"uv":[10.625,0.75,10.5,1.25],"texture":"#0"},"east":{"uv":[6.875,10.5,6.75,11],"texture":"#0"},"south":{"uv":[6.625,10.5,6.5,11],"texture":"#0"},"west":{"uv":[10.625,5.5,10.5,6],"texture":"#0"},"up":{"uv":[10.75,3.125,10.875,3],"texture":"#0"},"down":{"uv":[10.75,3.25,10.875,3.375],"texture":"#0"}}},{"from":[17.09475,-6.62819,-0.5834],"to":[17.69325,-6.02969,0.71335],"rotation":{"angle":-45,"axis":"x","origin":[17.394,-6.32894,-0.13452]},"faces":{"north":{"uv":[10.875,2.5,10.75,2.625],"texture":"#0"},"east":{"uv":[10.875,9.25,10.5,9.375],"texture":"#0"},"south":{"uv":[10.875,2.75,10.75,2.875],"texture":"#0"},"west":{"uv":[9.625,10.5,9.25,10.625],"texture":"#0"},"up":{"uv":[10.5,9.875,10.625,9.5],"texture":"#0"},"down":{"uv":[9.75,10.5,9.875,10.875],"texture":"#0"}}},{"from":[12.4065,-8.49509,-0.44906],"to":[12.8055,-6.5001,-0.05006],"rotation":{"angle":-22.5,"axis":"x","origin":[12.606,-6.5001,-0.00019]},"faces":{"north":{"uv":[10.5,0.75,10.625,1.25],"texture":"#0"},"east":{"uv":[10.5,5.5,10.625,6],"texture":"#0"},"south":{"uv":[6.5,10.5,6.625,11],"texture":"#0"},"west":{"uv":[6.75,10.5,6.875,11],"texture":"#0"},"up":{"uv":[10.875,3.125,10.75,3],"texture":"#0"},"down":{"uv":[10.875,3.25,10.75,3.375],"texture":"#0"}}},{"from":[12.45638,-9.5784,0.36427],"to":[12.75563,-8.3814,0.66352],"rotation":{"angle":22.5,"axis":"x","origin":[12.606,-8.3814,0.76327]},"faces":{"north":{"uv":[10.5,10,10.625,10.25],"texture":"#0"},"east":{"uv":[10.5,10.25,10.625,10.5],"texture":"#0"},"south":{"uv":[10.5,10.5,10.625,10.75],"texture":"#0"},"west":{"uv":[0,10.75,0.125,11],"texture":"#0"},"up":{"uv":[10.875,3.625,10.75,3.5],"texture":"#0"},"down":{"uv":[10.875,3.75,10.75,3.875],"texture":"#0"}}},{"from":[13.05488,-0.24962,2.04181],"to":[13.45388,3.24163,2.44082],"rotation":{"angle":-22.5,"axis":"x","origin":[15.14963,-3.24212,2.24131]},"faces":{"north":{"uv":[5.5,10.25,5.625,11.125],"texture":"#0"},"east":{"uv":[5.75,10.25,5.875,11.125],"texture":"#0"},"south":{"uv":[6,10.25,6.125,11.125],"texture":"#0"},"west":{"uv":[6.25,10.25,6.375,11.125],"texture":"#0"},"up":{"uv":[10.875,4.125,10.75,4],"texture":"#0"},"down":{"uv":[10.875,4.25,10.75,4.375],"texture":"#0"}}},{"from":[18.34862,4.46939,-0.39929],"to":[18.69775,6.96314,-0.05016],"rotation":{"angle":-45,"axis":"z","origin":[18.52319,5.71627,-0.22472]},"faces":{"north":{"uv":[10.375,10,10.25,10.625],"texture":"#0"},"east":{"uv":[10.625,3.75,10.5,4.375],"texture":"#0"},"south":{"uv":[10.625,3,10.5,3.625],"texture":"#0"},"west":{"uv":[10.625,0,10.5,0.625],"texture":"#0"},"up":{"uv":[10.75,5.125,10.875,5],"texture":"#0"},"down":{"uv":[10.75,5.25,10.875,5.375],"texture":"#0"}}},{"from":[15.53003,3.54846,-0.42422],"to":[15.92902,6.04221,-0.02523],"rotation":{"angle":-22.5,"axis":"z","origin":[13.83428,0.55596,-0.22472]},"faces":{"north":{"uv":[10.375,7.75,10.25,8.375],"texture":"#0"},"east":{"uv":[10.125,10.25,10,10.875],"texture":"#0"},"south":{"uv":[10.375,9.25,10.25,9.875],"texture":"#0"},"west":{"uv":[10.375,8.5,10.25,9.125],"texture":"#0"},"up":{"uv":[10.75,4.625,10.875,4.5],"texture":"#0"},"down":{"uv":[10.75,4.75,10.875,4.875],"texture":"#0"}}},{"from":[16.54613,-0.24962,2.04181],"to":[16.94513,3.24163,2.44082],"rotation":{"angle":-22.5,"axis":"x","origin":[14.85038,-3.24212,2.24131]},"faces":{"north":{"uv":[5.625,10.25,5.5,11.125],"texture":"#0"},"east":{"uv":[6.375,10.25,6.25,11.125],"texture":"#0"},"south":{"uv":[6.125,10.25,6,11.125],"texture":"#0"},"west":{"uv":[5.875,10.25,5.75,11.125],"texture":"#0"},"up":{"uv":[10.75,4.125,10.875,4],"texture":"#0"},"down":{"uv":[10.75,4.25,10.875,4.375],"texture":"#0"}}},{"from":[14.07098,3.54846,-0.42422],"to":[14.46998,6.04221,-0.02523],"rotation":{"angle":22.5,"axis":"z","origin":[16.16573,0.55596,-0.22472]},"faces":{"north":{"uv":[10.25,7.75,10.375,8.375],"texture":"#0"},"east":{"uv":[10.25,8.5,10.375,9.125],"texture":"#0"},"south":{"uv":[10.25,9.25,10.375,9.875],"texture":"#0"},"west":{"uv":[10,10.25,10.125,10.875],"texture":"#0"},"up":{"uv":[10.875,4.625,10.75,4.5],"texture":"#0"},"down":{"uv":[10.875,4.75,10.75,4.875],"texture":"#0"}}},{"from":[11.30226,4.46939,-0.39929],"to":[11.65138,6.96314,-0.05016],"rotation":{"angle":45,"axis":"z","origin":[11.47682,5.71627,-0.22472]},"faces":{"north":{"uv":[10.25,10,10.375,10.625],"texture":"#0"},"east":{"uv":[10.5,0,10.625,0.625],"texture":"#0"},"south":{"uv":[10.5,3,10.625,3.625],"texture":"#0"},"west":{"uv":[10.5,3.75,10.625,4.375],"texture":"#0"},"up":{"uv":[10.875,5.125,10.75,5],"texture":"#0"},"down":{"uv":[10.875,5.25,10.75,5.375],"texture":"#0"}}}],"display":{"head":{"translation":[0.25,-41.5,0.75],"scale":[0.35,0.35,0.35]}}}