{"credit":"Naruto RPG","texture_size":[64,64],"textures":{"0":"kamizuru:item/kamizuru_abeja"},"elements":[{"from":[5.0075,18.3165,4.49625],"to":[10.9925,24.3015,11.47875],"rotation":{"angle":22.5,"axis":"x","origin":[8,21.309,8.48625]},"faces":{"north":{"uv":[0,8.5,1.5,10],"texture":"#0"},"east":{"uv":[0,7,1.75,8.5],"texture":"#0"},"south":{"uv":[1.5,8.5,3,10],"texture":"#0"},"west":{"uv":[1.75,7,3.5,8.5],"texture":"#0"},"up":{"uv":[8.5,7.75,7,6],"texture":"#0"},"down":{"uv":[9,0,7.5,1.75],"texture":"#0"}}},{"from":[5.78025,20.66,15.768],"to":[10.21975,24.751,19.758],"rotation":{"angle":45,"axis":"x","origin":[7.50125,22.7055,7.788]},"faces":{"north":{"uv":[4.25,9.25,5.375,10.125],"texture":"#0"},"east":{"uv":[7.75,9.25,6.75,10.125],"texture":"#0"},"south":{"uv":[5.5,9.25,6.625,10.125],"texture":"#0"},"west":{"uv":[6.75,9.25,7.75,10.125],"texture":"#0"},"up":{"uv":[10.125,4,9,3],"texture":"#0"},"down":{"uv":[4.125,9.25,3,10.25],"texture":"#0"}}},{"from":[7.309,11.41413,16.0034],"to":[8.691,12.59613,18.1409],"rotation":{"angle":45,"axis":"x","origin":[8,11.6117,18.35041]},"faces":{"north":{"uv":[4.125,15.234,4.816,15.825],"texture":"#0"},"east":{"uv":[8.87187,11.375,7.75,10.74963],"texture":"#0"},"south":{"uv":[11.75,8.609,11.941,8.95],"texture":"#0"},"west":{"uv":[7.75,10.74963,8.86875,11.375],"texture":"#0"},"up":{"uv":[8.87187,10.74963,7.75,11.375],"rotation":270,"texture":"#0"},"down":{"uv":[8.86875,10.74963,7.75,11.375],"rotation":90,"texture":"#0"}}},{"from":[7.559,10.64999,18.19223],"to":[8.441,12.18199,18.97973],"rotation":{"angle":-22.5,"axis":"x","origin":[8,11.6117,18.35041]},"faces":{"north":{"uv":[9.25,10.7465,8.8785,11.5],"texture":"#0"},"east":{"uv":[8.875,10.75,9.25313,11.4965],"texture":"#0"},"south":{"uv":[9.25,10.7465,8.8785,11.5],"texture":"#0"},"west":{"uv":[8.87813,10.74963,9.25,11.5],"texture":"#0"},"up":{"uv":[11.89375,9.234,11.5,9.675],"rotation":270,"texture":"#0"},"down":{"uv":[12.01875,8.57462,11.7375,8.94063],"rotation":90,"texture":"#0"}}},{"from":[7.809,9.92614,18.78233],"to":[8.191,10.93314,19.16983],"rotation":{"angle":0,"axis":"y","origin":[8,11.6117,18.35041]},"faces":{"north":{"uv":[11.5,9.1215,11.25038,9.625],"texture":"#0"},"east":{"uv":[11.25,9.12187,11.5,9.62463],"texture":"#0"},"south":{"uv":[11.5,9.1215,11.25038,9.625],"texture":"#0"},"west":{"uv":[11.25,9.1215,11.5,9.625],"texture":"#0"},"up":{"uv":[11.69375,9.234,11.5,9.425],"rotation":270,"texture":"#0"},"down":{"uv":[11.94375,8.734,11.75,8.925],"rotation":90,"texture":"#0"}}},{"from":[6.90275,12.72304,15.22868],"to":[9.09725,17.31154,17.82218],"rotation":{"angle":-45,"axis":"x","origin":[8,14.21929,17.52293]},"faces":{"north":{"uv":[7.75,9.25,8.375,10.375],"texture":"#0"},"east":{"uv":[8.5,9.25,9.125,10.375],"texture":"#0"},"south":{"uv":[9.25,9.25,9.875,10.375],"texture":"#0"},"west":{"uv":[9.5,7.75,10.125,8.875],"texture":"#0"},"up":{"uv":[10.375,6.125,9.75,5.5],"texture":"#0"},"down":{"uv":[0.625,10,0,10.625],"texture":"#0"}}},{"from":[4.409,19.1145,10.7805],"to":[11.591,26.2965,15.768],"rotation":{"angle":45,"axis":"x","origin":[8,22.7055,7.788]},"faces":{"north":{"uv":[3.5,6,5.25,7.75],"texture":"#0"},"east":{"uv":[8.5,4.75,9.75,6.5],"texture":"#0"},"south":{"uv":[5.25,6,7,7.75],"texture":"#0"},"west":{"uv":[9,0,10.25,1.75],"texture":"#0"},"up":{"uv":[10.25,7.75,8.5,6.5],"texture":"#0"},"down":{"uv":[10.75,1.75,9,3],"texture":"#0"}}},{"from":[4.01,17.9175,-0.99],"to":[11.99,25.8975,6.99],"rotation":{"angle":0,"axis":"y","origin":[8,20.91,3]},"faces":{"north":{"uv":[3.5,0,5.5,2],"texture":"#0"},"east":{"uv":[3.5,2,5.5,4],"texture":"#0"},"south":{"uv":[3.5,4,5.5,6],"texture":"#0"},"west":{"uv":[5.5,0,7.5,2],"texture":"#0"},"up":{"uv":[7.5,4,5.5,2],"texture":"#0"},"down":{"uv":[7.5,4,5.5,6],"texture":"#0"}}},{"from":[-8.40265,18.035,4.15584],"to":[5.56235,32,4.15584],"rotation":{"angle":0,"axis":"y","origin":[9.33083,21.21543,2.34131]},"faces":{"north":{"uv":[0,0,3.5,3.5],"texture":"#0"},"east":{"uv":[0,0,0,3.5],"texture":"#0"},"south":{"uv":[3.5,0,0,3.5],"texture":"#0"},"west":{"uv":[0,0,0,3.5],"texture":"#0"},"up":{"uv":[3.5,0,0,0],"texture":"#0"},"down":{"uv":[3.5,0,0,0],"texture":"#0"}}},{"from":[10.43765,18.035,4.15584],"to":[24.40265,32,4.15584],"rotation":{"angle":0,"axis":"y","origin":[6.66918,21.21543,2.34131]},"faces":{"north":{"uv":[3.5,0,0,3.5],"texture":"#0"},"east":{"uv":[0,0,0,3.5],"texture":"#0"},"south":{"uv":[0,0,3.5,3.5],"texture":"#0"},"west":{"uv":[0,0,0,3.5],"texture":"#0"},"up":{"uv":[0,0,3.5,0],"texture":"#0"},"down":{"uv":[0,0,3.5,0],"texture":"#0"}}},{"from":[11.61758,19.10032,5.7091],"to":[13.11383,20.09782,6.7066],"rotation":{"angle":-22.5,"axis":"z","origin":[12.3657,19.57413,6.23279]},"faces":{"north":{"uv":[6.875,10.25,6.5,10.5],"texture":"#0"},"east":{"uv":[10.75,8.5,10.5,8.75],"texture":"#0"},"south":{"uv":[10.625,6.5,10.25,6.75],"texture":"#0"},"west":{"uv":[8.75,10.5,8.5,10.75],"texture":"#0"},"up":{"uv":[10.25,7,10.625,6.75],"texture":"#0"},"down":{"uv":[7,10.25,7.375,10.5],"texture":"#0"}}},{"from":[12.4507,14.90184,5.73404],"to":[13.39833,19.59009,6.68166],"rotation":{"angle":22.5,"axis":"z","origin":[12.92452,19.29084,6.20785]},"faces":{"north":{"uv":[3,10,2.75,11.125],"texture":"#0"},"east":{"uv":[3.25,10.25,3,11.375],"texture":"#0"},"south":{"uv":[10.5,0,10.25,1.125],"texture":"#0"},"west":{"uv":[10.25,9,10,10.125],"texture":"#0"},"up":{"uv":[8.75,10.75,9,10.5],"texture":"#0"},"down":{"uv":[10.5,8.75,10.75,9],"texture":"#0"}}},{"from":[14.13476,12.98513,5.83379],"to":[14.88288,15.52875,6.58191],"rotation":{"angle":-22.5,"axis":"z","origin":[14.60856,15.25444,6.1081]},"faces":{"north":{"uv":[4.25,10.25,4,10.875],"texture":"#0"},"east":{"uv":[5,10.25,4.75,10.875],"texture":"#0"},"south":{"uv":[4.75,10.25,4.5,10.875],"texture":"#0"},"west":{"uv":[4.5,10.25,4.25,10.875],"texture":"#0"},"up":{"uv":[9,10.75,9.25,10.5],"texture":"#0"},"down":{"uv":[10.5,9,10.75,9.25],"texture":"#0"}}},{"from":[13.39455,12.15389,5.85872],"to":[13.94318,13.30101,6.55697],"rotation":{"angle":0,"axis":"y","origin":[13.76861,13.0267,6.1081]},"faces":{"north":{"uv":[10.875,1.5,10.75,1.75],"texture":"#0"},"east":{"uv":[10.875,2.25,10.75,2.5],"texture":"#0"},"south":{"uv":[10.875,2,10.75,2.25],"texture":"#0"},"west":{"uv":[10.875,1.75,10.75,2],"texture":"#0"},"up":{"uv":[10.75,6.625,10.875,6.5],"texture":"#0"},"down":{"uv":[10.75,6.75,10.875,6.875],"texture":"#0"}}},{"from":[2.79386,18.47184,0.10725],"to":[4.29011,19.46934,1.10475],"rotation":{"angle":22.5,"axis":"z","origin":[3.54199,18.94566,0.63094]},"faces":{"north":{"uv":[7.5,5.75,7.875,6],"texture":"#0"},"east":{"uv":[10.5,6,10.75,6.25],"texture":"#0"},"south":{"uv":[8,5.75,8.375,6],"texture":"#0"},"west":{"uv":[7,10.5,7.25,10.75],"texture":"#0"},"up":{"uv":[9.875,9.25,9.5,9],"texture":"#0"},"down":{"uv":[10.125,6.25,9.75,6.5],"texture":"#0"}}},{"from":[2.50936,14.27335,0.13218],"to":[3.45699,18.9616,1.07981],"rotation":{"angle":-22.5,"axis":"z","origin":[2.98317,18.66235,0.606]},"faces":{"north":{"uv":[0.75,10,1,11.125],"texture":"#0"},"east":{"uv":[1,10,1.25,11.125],"texture":"#0"},"south":{"uv":[1.25,10,1.5,11.125],"texture":"#0"},"west":{"uv":[1.5,10,1.75,11.125],"texture":"#0"},"up":{"uv":[10.75,7.25,10.5,7],"texture":"#0"},"down":{"uv":[7.5,10.5,7.25,10.75],"texture":"#0"}}},{"from":[1.0248,12.35664,0.23194],"to":[1.77293,14.90027,0.98006],"rotation":{"angle":22.5,"axis":"z","origin":[1.29912,14.62596,0.50625]},"faces":{"north":{"uv":[3,8.5,3.25,9.125],"texture":"#0"},"east":{"uv":[3.25,8.5,3.5,9.125],"texture":"#0"},"south":{"uv":[10,4,10.25,4.625],"texture":"#0"},"west":{"uv":[10.25,3,10.5,3.625],"texture":"#0"},"up":{"uv":[10.75,7.5,10.5,7.25],"texture":"#0"},"down":{"uv":[10.75,7.5,10.5,7.75],"texture":"#0"}}},{"from":[1.96451,11.52541,0.25687],"to":[2.51314,12.67253,0.95512],"rotation":{"angle":0,"axis":"y","origin":[2.13908,12.39822,0.50625]},"faces":{"north":{"uv":[10.75,0,10.875,0.25],"texture":"#0"},"east":{"uv":[0.25,10.75,0.375,11],"texture":"#0"},"south":{"uv":[10.75,0.25,10.875,0.5],"texture":"#0"},"west":{"uv":[0.5,10.75,0.625,11],"texture":"#0"},"up":{"uv":[10.875,5.625,10.75,5.5],"texture":"#0"},"down":{"uv":[10.875,5.75,10.75,5.875],"texture":"#0"}}},{"from":[2.975,19.09877,2.91742],"to":[4.47125,20.09627,3.91491],"rotation":{"angle":22.5,"axis":"z","origin":[3.72312,19.57258,3.44111]},"faces":{"north":{"uv":[10.25,1.25,10.625,1.5],"texture":"#0"},"east":{"uv":[7.75,10.5,8,10.75],"texture":"#0"},"south":{"uv":[10.25,1.5,10.625,1.75],"texture":"#0"},"west":{"uv":[10.5,7.75,10.75,8],"texture":"#0"},"up":{"uv":[10.625,4.75,10.25,4.5],"texture":"#0"},"down":{"uv":[10.625,6.25,10.25,6.5],"texture":"#0"}}},{"from":[2.6905,14.90028,2.94236],"to":[3.63812,19.58853,3.88998],"rotation":{"angle":-22.5,"axis":"z","origin":[3.16431,19.28928,3.41616]},"faces":{"north":{"uv":[1.75,10,2,11.125],"texture":"#0"},"east":{"uv":[2,10,2.25,11.125],"texture":"#0"},"south":{"uv":[2.25,10,2.5,11.125],"texture":"#0"},"west":{"uv":[2.5,10,2.75,11.125],"texture":"#0"},"up":{"uv":[8.25,10.75,8,10.5],"texture":"#0"},"down":{"uv":[10.75,8,10.5,8.25],"texture":"#0"}}},{"from":[1.20594,12.98357,3.0421],"to":[1.95407,15.5272,3.79023],"rotation":{"angle":22.5,"axis":"z","origin":[1.48025,15.25288,3.31642]},"faces":{"north":{"uv":[3.25,10.25,3.5,10.875],"texture":"#0"},"east":{"uv":[3.5,10.25,3.75,10.875],"texture":"#0"},"south":{"uv":[3.75,10.25,4,10.875],"texture":"#0"},"west":{"uv":[10.25,3.75,10.5,4.375],"texture":"#0"},"up":{"uv":[8.5,10.75,8.25,10.5],"texture":"#0"},"down":{"uv":[10.75,8.25,10.5,8.5],"texture":"#0"}}},{"from":[2.14565,12.15233,3.06704],"to":[2.69428,13.29946,3.76529],"rotation":{"angle":0,"axis":"y","origin":[2.32021,13.02515,3.31642]},"faces":{"north":{"uv":[10.75,0.5,10.875,0.75],"texture":"#0"},"east":{"uv":[10.75,0.75,10.875,1],"texture":"#0"},"south":{"uv":[10.75,1,10.875,1.25],"texture":"#0"},"west":{"uv":[10.75,1.25,10.875,1.5],"texture":"#0"},"up":{"uv":[10.875,6.125,10.75,6],"texture":"#0"},"down":{"uv":[10.875,6.25,10.75,6.375],"texture":"#0"}}},{"from":[2.88618,19.10032,5.7091],"to":[4.38242,20.09782,6.7066],"rotation":{"angle":22.5,"axis":"z","origin":[3.6343,19.57413,6.23279]},"faces":{"north":{"uv":[6.5,10.25,6.875,10.5],"texture":"#0"},"east":{"uv":[8.5,10.5,8.75,10.75],"texture":"#0"},"south":{"uv":[10.25,6.5,10.625,6.75],"texture":"#0"},"west":{"uv":[10.5,8.5,10.75,8.75],"texture":"#0"},"up":{"uv":[10.625,7,10.25,6.75],"texture":"#0"},"down":{"uv":[7.375,10.25,7,10.5],"texture":"#0"}}},{"from":[2.60168,14.90184,5.73404],"to":[3.5493,19.59009,6.68166],"rotation":{"angle":-22.5,"axis":"z","origin":[3.07548,19.29084,6.20785]},"faces":{"north":{"uv":[2.75,10,3,11.125],"texture":"#0"},"east":{"uv":[10,9,10.25,10.125],"texture":"#0"},"south":{"uv":[10.25,0,10.5,1.125],"texture":"#0"},"west":{"uv":[3,10.25,3.25,11.375],"texture":"#0"},"up":{"uv":[9,10.75,8.75,10.5],"texture":"#0"},"down":{"uv":[10.75,8.75,10.5,9],"texture":"#0"}}},{"from":[1.11712,12.98513,5.83379],"to":[1.86524,15.52875,6.58191],"rotation":{"angle":22.5,"axis":"z","origin":[1.39144,15.25444,6.1081]},"faces":{"north":{"uv":[4,10.25,4.25,10.875],"texture":"#0"},"east":{"uv":[4.25,10.25,4.5,10.875],"texture":"#0"},"south":{"uv":[4.5,10.25,4.75,10.875],"texture":"#0"},"west":{"uv":[4.75,10.25,5,10.875],"texture":"#0"},"up":{"uv":[9.25,10.75,9,10.5],"texture":"#0"},"down":{"uv":[10.75,9,10.5,9.25],"texture":"#0"}}},{"from":[2.05683,12.15389,5.85872],"to":[2.60545,13.30101,6.55697],"rotation":{"angle":0,"axis":"y","origin":[2.23139,13.0267,6.1081]},"faces":{"north":{"uv":[10.75,1.5,10.875,1.75],"texture":"#0"},"east":{"uv":[10.75,1.75,10.875,2],"texture":"#0"},"south":{"uv":[10.75,2,10.875,2.25],"texture":"#0"},"west":{"uv":[10.75,2.25,10.875,2.5],"texture":"#0"},"up":{"uv":[10.875,6.625,10.75,6.5],"texture":"#0"},"down":{"uv":[10.875,6.75,10.75,6.875],"texture":"#0"}}},{"from":[11.70989,18.47184,0.10725],"to":[13.20614,19.46934,1.10475],"rotation":{"angle":-22.5,"axis":"z","origin":[12.45802,18.94566,0.63094]},"faces":{"north":{"uv":[7.875,5.75,7.5,6],"texture":"#0"},"east":{"uv":[7.25,10.5,7,10.75],"texture":"#0"},"south":{"uv":[8.375,5.75,8,6],"texture":"#0"},"west":{"uv":[10.75,6,10.5,6.25],"texture":"#0"},"up":{"uv":[9.5,9.25,9.875,9],"texture":"#0"},"down":{"uv":[9.75,6.25,10.125,6.5],"texture":"#0"}}},{"from":[12.54302,14.27335,0.13218],"to":[13.49064,18.9616,1.07981],"rotation":{"angle":22.5,"axis":"z","origin":[13.01683,18.66235,0.606]},"faces":{"north":{"uv":[1,10,0.75,11.125],"texture":"#0"},"east":{"uv":[1.75,10,1.5,11.125],"texture":"#0"},"south":{"uv":[1.5,10,1.25,11.125],"texture":"#0"},"west":{"uv":[1.25,10,1,11.125],"texture":"#0"},"up":{"uv":[10.5,7.25,10.75,7],"texture":"#0"},"down":{"uv":[7.25,10.5,7.5,10.75],"texture":"#0"}}},{"from":[14.22707,12.35664,0.23194],"to":[14.9752,14.90027,0.98006],"rotation":{"angle":-22.5,"axis":"z","origin":[14.70088,14.62596,0.50625]},"faces":{"north":{"uv":[3.25,8.5,3,9.125],"texture":"#0"},"east":{"uv":[10.5,3,10.25,3.625],"texture":"#0"},"south":{"uv":[10.25,4,10,4.625],"texture":"#0"},"west":{"uv":[3.5,8.5,3.25,9.125],"texture":"#0"},"up":{"uv":[10.5,7.5,10.75,7.25],"texture":"#0"},"down":{"uv":[10.5,7.5,10.75,7.75],"texture":"#0"}}},{"from":[13.48687,11.52541,0.25687],"to":[14.03549,12.67253,0.95512],"rotation":{"angle":0,"axis":"y","origin":[13.86093,12.39822,0.50625]},"faces":{"north":{"uv":[10.875,0,10.75,0.25],"texture":"#0"},"east":{"uv":[0.625,10.75,0.5,11],"texture":"#0"},"south":{"uv":[10.875,0.25,10.75,0.5],"texture":"#0"},"west":{"uv":[0.375,10.75,0.25,11],"texture":"#0"},"up":{"uv":[10.75,5.625,10.875,5.5],"texture":"#0"},"down":{"uv":[10.75,5.75,10.875,5.875],"texture":"#0"}}},{"from":[11.52875,19.09877,2.91742],"to":[13.025,20.09627,3.91491],"rotation":{"angle":-22.5,"axis":"z","origin":[12.27688,19.57258,3.44111]},"faces":{"north":{"uv":[10.625,1.25,10.25,1.5],"texture":"#0"},"east":{"uv":[10.75,7.75,10.5,8],"texture":"#0"},"south":{"uv":[10.625,1.5,10.25,1.75],"texture":"#0"},"west":{"uv":[8,10.5,7.75,10.75],"texture":"#0"},"up":{"uv":[10.25,4.75,10.625,4.5],"texture":"#0"},"down":{"uv":[10.25,6.25,10.625,6.5],"texture":"#0"}}},{"from":[12.36188,14.90028,2.94236],"to":[13.3095,19.58853,3.88998],"rotation":{"angle":22.5,"axis":"z","origin":[12.83569,19.28928,3.41616]},"faces":{"north":{"uv":[2,10,1.75,11.125],"texture":"#0"},"east":{"uv":[2.75,10,2.5,11.125],"texture":"#0"},"south":{"uv":[2.5,10,2.25,11.125],"texture":"#0"},"west":{"uv":[2.25,10,2,11.125],"texture":"#0"},"up":{"uv":[8,10.75,8.25,10.5],"texture":"#0"},"down":{"uv":[10.5,8,10.75,8.25],"texture":"#0"}}},{"from":[14.04593,12.98357,3.0421],"to":[14.79406,15.5272,3.79023],"rotation":{"angle":-22.5,"axis":"z","origin":[14.51975,15.25288,3.31642]},"faces":{"north":{"uv":[3.5,10.25,3.25,10.875],"texture":"#0"},"east":{"uv":[10.5,3.75,10.25,4.375],"texture":"#0"},"south":{"uv":[4,10.25,3.75,10.875],"texture":"#0"},"west":{"uv":[3.75,10.25,3.5,10.875],"texture":"#0"},"up":{"uv":[8.25,10.75,8.5,10.5],"texture":"#0"},"down":{"uv":[10.5,8.25,10.75,8.5],"texture":"#0"}}},{"from":[13.30573,12.15233,3.06704],"to":[13.85435,13.29946,3.76529],"rotation":{"angle":0,"axis":"y","origin":[13.67979,13.02515,3.31642]},"faces":{"north":{"uv":[10.875,0.5,10.75,0.75],"texture":"#0"},"east":{"uv":[10.875,1.25,10.75,1.5],"texture":"#0"},"south":{"uv":[10.875,1,10.75,1.25],"texture":"#0"},"west":{"uv":[10.875,0.75,10.75,1],"texture":"#0"},"up":{"uv":[10.75,6.125,10.875,6],"texture":"#0"},"down":{"uv":[10.75,6.25,10.875,6.375],"texture":"#0"}}},{"from":[10.9925,20.81025,-5.1795],"to":[11.29175,23.20425,-1.788],"rotation":{"angle":-22.5,"axis":"x","origin":[8,22.107,-3.48375]},"faces":{"north":{"uv":[10.375,7,10.25,7.625],"texture":"#0"},"east":{"uv":[10.625,4.75,9.75,5.375],"texture":"#0"},"south":{"uv":[7.625,10.25,7.5,10.875],"texture":"#0"},"west":{"uv":[9.875,4,9,4.625],"texture":"#0"},"up":{"uv":[5,11.125,5.125,10.25],"texture":"#0"},"down":{"uv":[5.25,10.25,5.375,11.125],"texture":"#0"}}},{"from":[4.70825,20.81025,-5.1795],"to":[5.0075,23.20425,-1.788],"rotation":{"angle":-22.5,"axis":"x","origin":[8,22.107,-3.48375]},"faces":{"north":{"uv":[10.25,7,10.375,7.625],"texture":"#0"},"east":{"uv":[9,4,9.875,4.625],"texture":"#0"},"south":{"uv":[7.5,10.25,7.625,10.875],"texture":"#0"},"west":{"uv":[9.75,4.75,10.625,5.375],"texture":"#0"},"up":{"uv":[5.125,11.125,5,10.25],"texture":"#0"},"down":{"uv":[5.375,10.25,5.25,11.125],"texture":"#0"}}},{"from":[5.0075,18.915,-6.27675],"to":[10.9925,24.9,-0.29175],"rotation":{"angle":-22.5,"axis":"x","origin":[8,21.9075,-3.28425]},"faces":{"north":{"uv":[7.5,1.75,9,3.25],"texture":"#0"},"east":{"uv":[7.5,3.25,9,4.75],"texture":"#0"},"south":{"uv":[3.5,7.75,5,9.25],"texture":"#0"},"west":{"uv":[5,7.75,6.5,9.25],"texture":"#0"},"up":{"uv":[8,9.25,6.5,7.75],"texture":"#0"},"down":{"uv":[9.5,7.75,8,9.25],"texture":"#0"}}},{"from":[5.30675,18.37181,-6.3334],"to":[5.90525,18.97031,-5.03665],"rotation":{"angle":-45,"axis":"x","origin":[5.606,18.67106,-5.88452]},"faces":{"north":{"uv":[10.75,2.5,10.875,2.625],"texture":"#0"},"east":{"uv":[9.25,10.5,9.625,10.625],"texture":"#0"},"south":{"uv":[10.75,2.75,10.875,2.875],"texture":"#0"},"west":{"uv":[10.5,9.25,10.875,9.375],"texture":"#0"},"up":{"uv":[10.625,9.875,10.5,9.5],"texture":"#0"},"down":{"uv":[9.875,10.5,9.75,10.875],"texture":"#0"}}},{"from":[10.24438,15.4216,-5.38573],"to":[10.54363,16.6186,-5.08648],"rotation":{"angle":22.5,"axis":"x","origin":[10.394,16.6186,-4.98673]},"faces":{"north":{"uv":[10.625,10,10.5,10.25],"texture":"#0"},"east":{"uv":[0.125,10.75,0,11],"texture":"#0"},"south":{"uv":[10.625,10.5,10.5,10.75],"texture":"#0"},"west":{"uv":[10.625,10.25,10.5,10.5],"texture":"#0"},"up":{"uv":[10.75,3.625,10.875,3.5],"texture":"#0"},"down":{"uv":[10.75,3.75,10.875,3.875],"texture":"#0"}}},{"from":[10.1945,16.50491,-6.19906],"to":[10.5935,18.4999,-5.80006],"rotation":{"angle":-22.5,"axis":"x","origin":[10.394,18.4999,-5.75019]},"faces":{"north":{"uv":[10.625,0.75,10.5,1.25],"texture":"#0"},"east":{"uv":[6.875,10.5,6.75,11],"texture":"#0"},"south":{"uv":[6.625,10.5,6.5,11],"texture":"#0"},"west":{"uv":[10.625,5.5,10.5,6],"texture":"#0"},"up":{"uv":[10.75,3.125,10.875,3],"texture":"#0"},"down":{"uv":[10.75,3.25,10.875,3.375],"texture":"#0"}}},{"from":[10.09475,18.37181,-6.3334],"to":[10.69325,18.97031,-5.03665],"rotation":{"angle":-45,"axis":"x","origin":[10.394,18.67106,-5.88452]},"faces":{"north":{"uv":[10.875,2.5,10.75,2.625],"texture":"#0"},"east":{"uv":[10.875,9.25,10.5,9.375],"texture":"#0"},"south":{"uv":[10.875,2.75,10.75,2.875],"texture":"#0"},"west":{"uv":[9.625,10.5,9.25,10.625],"texture":"#0"},"up":{"uv":[10.5,9.875,10.625,9.5],"texture":"#0"},"down":{"uv":[9.75,10.5,9.875,10.875],"texture":"#0"}}},{"from":[5.4065,16.50491,-6.19906],"to":[5.8055,18.4999,-5.80006],"rotation":{"angle":-22.5,"axis":"x","origin":[5.606,18.4999,-5.75019]},"faces":{"north":{"uv":[10.5,0.75,10.625,1.25],"texture":"#0"},"east":{"uv":[10.5,5.5,10.625,6],"texture":"#0"},"south":{"uv":[6.5,10.5,6.625,11],"texture":"#0"},"west":{"uv":[6.75,10.5,6.875,11],"texture":"#0"},"up":{"uv":[10.875,3.125,10.75,3],"texture":"#0"},"down":{"uv":[10.875,3.25,10.75,3.375],"texture":"#0"}}},{"from":[5.45638,15.4216,-5.38573],"to":[5.75563,16.6186,-5.08648],"rotation":{"angle":22.5,"axis":"x","origin":[5.606,16.6186,-4.98673]},"faces":{"north":{"uv":[10.5,10,10.625,10.25],"texture":"#0"},"east":{"uv":[10.5,10.25,10.625,10.5],"texture":"#0"},"south":{"uv":[10.5,10.5,10.625,10.75],"texture":"#0"},"west":{"uv":[0,10.75,0.125,11],"texture":"#0"},"up":{"uv":[10.875,3.625,10.75,3.5],"texture":"#0"},"down":{"uv":[10.875,3.75,10.75,3.875],"texture":"#0"}}},{"from":[6.05488,24.75038,-3.70819],"to":[6.45388,28.24163,-3.30918],"rotation":{"angle":-22.5,"axis":"x","origin":[8.14963,21.75788,-3.50869]},"faces":{"north":{"uv":[5.5,10.25,5.625,11.125],"texture":"#0"},"east":{"uv":[5.75,10.25,5.875,11.125],"texture":"#0"},"south":{"uv":[6,10.25,6.125,11.125],"texture":"#0"},"west":{"uv":[6.25,10.25,6.375,11.125],"texture":"#0"},"up":{"uv":[10.875,4.125,10.75,4],"texture":"#0"},"down":{"uv":[10.875,4.25,10.75,4.375],"texture":"#0"}}},{"from":[11.34862,29.46939,-6.14929],"to":[11.69775,31.96314,-5.80016],"rotation":{"angle":-45,"axis":"z","origin":[11.52319,30.71627,-5.97472]},"faces":{"north":{"uv":[10.375,10,10.25,10.625],"texture":"#0"},"east":{"uv":[10.625,3.75,10.5,4.375],"texture":"#0"},"south":{"uv":[10.625,3,10.5,3.625],"texture":"#0"},"west":{"uv":[10.625,0,10.5,0.625],"texture":"#0"},"up":{"uv":[10.75,5.125,10.875,5],"texture":"#0"},"down":{"uv":[10.75,5.25,10.875,5.375],"texture":"#0"}}},{"from":[8.53003,28.54846,-6.17422],"to":[8.92902,31.04221,-5.77523],"rotation":{"angle":-22.5,"axis":"z","origin":[6.83428,25.55596,-5.97472]},"faces":{"north":{"uv":[10.375,7.75,10.25,8.375],"texture":"#0"},"east":{"uv":[10.125,10.25,10,10.875],"texture":"#0"},"south":{"uv":[10.375,9.25,10.25,9.875],"texture":"#0"},"west":{"uv":[10.375,8.5,10.25,9.125],"texture":"#0"},"up":{"uv":[10.75,4.625,10.875,4.5],"texture":"#0"},"down":{"uv":[10.75,4.75,10.875,4.875],"texture":"#0"}}},{"from":[9.54613,24.75038,-3.70819],"to":[9.94513,28.24163,-3.30918],"rotation":{"angle":-22.5,"axis":"x","origin":[7.85038,21.75788,-3.50869]},"faces":{"north":{"uv":[5.625,10.25,5.5,11.125],"texture":"#0"},"east":{"uv":[6.375,10.25,6.25,11.125],"texture":"#0"},"south":{"uv":[6.125,10.25,6,11.125],"texture":"#0"},"west":{"uv":[5.875,10.25,5.75,11.125],"texture":"#0"},"up":{"uv":[10.75,4.125,10.875,4],"texture":"#0"},"down":{"uv":[10.75,4.25,10.875,4.375],"texture":"#0"}}},{"from":[7.07098,28.54846,-6.17422],"to":[7.46998,31.04221,-5.77523],"rotation":{"angle":22.5,"axis":"z","origin":[9.16573,25.55596,-5.97472]},"faces":{"north":{"uv":[10.25,7.75,10.375,8.375],"texture":"#0"},"east":{"uv":[10.25,8.5,10.375,9.125],"texture":"#0"},"south":{"uv":[10.25,9.25,10.375,9.875],"texture":"#0"},"west":{"uv":[10,10.25,10.125,10.875],"texture":"#0"},"up":{"uv":[10.875,4.625,10.75,4.5],"texture":"#0"},"down":{"uv":[10.875,4.75,10.75,4.875],"texture":"#0"}}},{"from":[4.30226,29.46939,-6.14929],"to":[4.65138,31.96314,-5.80016],"rotation":{"angle":45,"axis":"z","origin":[4.47682,30.71627,-5.97472]},"faces":{"north":{"uv":[10.25,10,10.375,10.625],"texture":"#0"},"east":{"uv":[10.5,0,10.625,0.625],"texture":"#0"},"south":{"uv":[10.5,3,10.625,3.625],"texture":"#0"},"west":{"uv":[10.5,3.75,10.625,4.375],"texture":"#0"},"up":{"uv":[10.875,5.125,10.75,5],"texture":"#0"},"down":{"uv":[10.875,5.25,10.75,5.375],"texture":"#0"}}}],"display":{"head":{"translation":[0.25,-44.25,-14.75],"scale":[0.35,0.35,0.35]}}}