{"credit":"Naruto RPG","texture_size":[128,128],"textures":{"1":"kamizuru:item/kamizuru_sellomiel"},"elements":[{"from":[-1.56982,2.74884,-5.65685],"to":[17.43018,16.74884,-5.65685],"rotation":{"angle":0,"axis":"y","origin":[7.93018,15.74884,2.34315]},"faces":{"north":{"uv":[4.375,8,6.75,9.75],"texture":"#1"},"east":{"uv":[9.6875,0,9.6875,0.875],"texture":"#1"},"south":{"uv":[6.75,8,4.375,9.75],"texture":"#1"},"west":{"uv":[9.6875,0,9.6875,0.875],"texture":"#1"},"up":{"uv":[9.6875,0,9.6875,1.1875],"rotation":90,"texture":"#1"},"down":{"uv":[9.6875,0,9.6875,1.1875],"rotation":270,"texture":"#1"}}},{"from":[23.58703,2.74884,0],"to":[23.58703,16.74884,16],"rotation":{"angle":0,"axis":"y","origin":[19.58703,11.74884,8]},"faces":{"north":{"uv":[13.5,0,13.5,0.875],"texture":"#1"},"east":{"uv":[2.375,8,4.375,9.75],"texture":"#1"},"south":{"uv":[13.5,0,13.5,0.875],"texture":"#1"},"west":{"uv":[4.375,8,2.375,9.75],"texture":"#1"},"up":{"uv":[13.5,0,13.5,1],"texture":"#1"},"down":{"uv":[13.5,0,13.5,1],"texture":"#1"}}},{"from":[-7.01957,3.45594,0],"to":[-7.01957,17.45594,16],"rotation":{"angle":0,"axis":"y","origin":[-8.35155,-0.35355,-8]},"faces":{"north":{"uv":[11.0625,0,11.0625,1.75],"texture":"#1"},"east":{"uv":[8.75,8,6.75,9.75],"texture":"#1"},"south":{"uv":[11.0625,0,11.0625,1.75],"texture":"#1"},"west":{"uv":[6.75,8,8.75,9.75],"texture":"#1"},"up":{"uv":[11.0625,0,11.0625,2],"texture":"#1"},"down":{"uv":[11.0625,0,11.0625,2],"texture":"#1"}}},{"from":[-2.06982,6.49227,20.6194],"to":[16.93018,20.49227,20.6194],"rotation":{"angle":0,"axis":"y","origin":[7.43018,19.49227,28.6194]},"faces":{"north":{"uv":[2.375,8,0,9.75],"texture":"#1"},"east":{"uv":[12.1875,0,12.1875,1.75],"texture":"#1"},"south":{"uv":[0,8,2.375,9.75],"texture":"#1"},"west":{"uv":[12.1875,0,12.1875,1.75],"texture":"#1"},"up":{"uv":[12.1875,0,12.1875,2.375],"rotation":90,"texture":"#1"},"down":{"uv":[12.1875,0,12.1875,2.375],"rotation":270,"texture":"#1"}}},{"from":[15.56982,3.75594,17.73553],"to":[19.56982,15.75594,17.73553],"rotation":{"angle":45,"axis":"y","origin":[17.56982,17.75594,15.73553]},"faces":{"north":{"uv":[5.5,4,6,5.5],"texture":"#1"},"east":{"uv":[15.5,1.5,15.5,3],"texture":"#1"},"south":{"uv":[5.5,4,6,5.5],"texture":"#1"},"west":{"uv":[15.5,1.5,15.5,3],"texture":"#1"},"up":{"uv":[15.5,2,15.5,1.5],"rotation":90,"texture":"#1"},"down":{"uv":[15.5,2,15.5,1.5],"rotation":270,"texture":"#1"}}},{"from":[15.31982,3.75594,-1.73553],"to":[19.31982,13.75594,-1.73553],"rotation":{"angle":-45,"axis":"y","origin":[17.31982,17.75594,0.26447]},"faces":{"north":{"uv":[4.5,4.25,5,5.5],"texture":"#1"},"east":{"uv":[15.25,0,15.25,1.25],"texture":"#1"},"south":{"uv":[4.5,4.25,5,5.5],"texture":"#1"},"west":{"uv":[15.25,0,15.25,1.25],"texture":"#1"},"up":{"uv":[15.25,0.25,15.25,0.75],"rotation":90,"texture":"#1"},"down":{"uv":[15.25,0.25,15.25,0.75],"rotation":270,"texture":"#1"}}},{"from":[-3.56982,3.75594,-1.73553],"to":[0.43018,15.75594,-1.73553],"rotation":{"angle":45,"axis":"y","origin":[-1.56982,17.75594,0.26447]},"faces":{"north":{"uv":[5,4,5.5,5.5],"texture":"#1"},"east":{"uv":[9.1875,0,9.1875,0.75],"texture":"#1"},"south":{"uv":[5,4,5.5,5.5],"texture":"#1"},"west":{"uv":[9.1875,0,9.1875,0.75],"texture":"#1"},"up":{"uv":[9.1875,0,9.1875,0.25],"rotation":90,"texture":"#1"},"down":{"uv":[9.1875,0,9.1875,0.25],"rotation":270,"texture":"#1"}}},{"from":[-3.56982,3.75594,17.73553],"to":[0.43018,15.75594,17.73553],"rotation":{"angle":-45,"axis":"y","origin":[-1.56982,17.75594,15.73553]},"faces":{"north":{"uv":[6.5,4,6,5.5],"texture":"#1"},"east":{"uv":[6,4,6,5.5],"texture":"#1"},"south":{"uv":[6.5,4,6,5.5],"texture":"#1"},"west":{"uv":[6,4,6,5.5],"texture":"#1"},"up":{"uv":[14.75,1.4375,14.75,1.9375],"rotation":90,"texture":"#1"},"down":{"uv":[14.75,1.4375,14.75,1.9375],"rotation":270,"texture":"#1"}}},{"from":[-2.06982,0.15569,0],"to":[17.93018,22.40569,16],"rotation":{"angle":0,"axis":"y","origin":[5.93018,21.40569,8]},"faces":{"north":{"uv":[0,0,2.5,2.78125],"texture":"#1"},"east":{"uv":[2.5,0,4.5,2.78125],"texture":"#1"},"south":{"uv":[0,0,2.5,2.78125],"texture":"#1"},"west":{"uv":[2.5,0,4.5,2.78125],"texture":"#1"},"up":{"uv":[0,3,2.5,5],"texture":"#1"},"down":{"uv":[0,5,2.5,7],"texture":"#1"}}},{"from":[-1.5,2.5,-3.5],"to":[16.5,8.5,0.5],"rotation":{"angle":22.5,"axis":"x","origin":[2.5,-1.5,0.5]},"faces":{"north":{"uv":[0.17656,1.62813,2.42656,2.37812],"texture":"#1"},"east":{"uv":[0.5,7.25,1,8],"texture":"#1"},"south":{"uv":[0,7.0625,0.8125,7.25],"texture":"#1"},"west":{"uv":[0,7.25,0.5,8],"texture":"#1"},"up":{"uv":[0,7.0625,0.8125,7.25],"texture":"#1"},"down":{"uv":[0,7.0625,0.8125,7.25],"texture":"#1"}}},{"from":[13.22307,13.04173,0.025],"to":[21.22307,21.04173,15.975],"rotation":{"angle":-45,"axis":"z","origin":[17.22307,16.04173,8]},"faces":{"north":{"uv":[2.5,5.5625,3.5,6.5625],"texture":"#1"},"east":{"uv":[2.5,0.44063,4.5,1.44063],"texture":"#1"},"south":{"uv":[5.5,5.5625,6.5,6.5625],"texture":"#1"},"west":{"uv":[0,7,0.75,7.25],"texture":"#1"},"up":{"uv":[3.5,6.5625,5.5,5.5625],"rotation":90,"texture":"#1"},"down":{"uv":[0.125,7.0625,0.625,7.25],"texture":"#1"}}},{"from":[-6.06982,13.74884,0.025],"to":[0.93018,20.74884,15.975],"rotation":{"angle":-45,"axis":"z","origin":[-2.06982,16.74884,9]},"faces":{"north":{"uv":[4.5,1.5,5.375,2.375],"texture":"#1"},"east":{"uv":[0,7,1,7.25],"texture":"#1"},"south":{"uv":[7.375,1.5,8.25,2.375],"texture":"#1"},"west":{"uv":[5.375,1.5,7.375,2.375],"texture":"#1"},"up":{"uv":[0,7,1,7.25],"rotation":90,"texture":"#1"},"down":{"uv":[4.5,1.25,2.5,0.375],"rotation":90,"texture":"#1"}}},{"from":[-2.01982,8.56839,15.23671],"to":[17.88018,20.56839,20.23671],"rotation":{"angle":22.5,"axis":"x","origin":[5.93018,19.56839,20.23671]},"faces":{"north":{"uv":[0,7,0.9875,7.25],"texture":"#1"},"east":{"uv":[3.125,3.0625,3.75,4.5625],"texture":"#1"},"south":{"uv":[0,0.125,2.5,1.625],"texture":"#1"},"west":{"uv":[2.5,3.0625,3.125,4.5625],"texture":"#1"},"up":{"uv":[4.49688,2.375,6.99688,3],"texture":"#1"},"down":{"uv":[0,7,0.9875,7.25],"rotation":180,"texture":"#1"}}},{"from":[-1.56982,10.69858,-7.29289],"to":[17.43018,22.69858,0.70711],"rotation":{"angle":-45,"axis":"x","origin":[7.93018,21.69858,0.70711]},"faces":{"north":{"uv":[0.0625,0.4375,2.4375,1.9375],"texture":"#1"},"east":{"uv":[4.5,0,5.5,1.5],"texture":"#1"},"south":{"uv":[0,7,1,7.25],"texture":"#1"},"west":{"uv":[7.875,0,8.875,1.5],"texture":"#1"},"up":{"uv":[5.5,0,7.875,1],"texture":"#1"},"down":{"uv":[0.1875,7,0.6875,7.25],"rotation":270,"texture":"#1"}}},{"from":[-3.56982,15.75594,-1.73553],"to":[0.43018,19.75594,2.26447],"rotation":{"angle":45,"axis":"y","origin":[-1.56982,17.75594,0.26447]},"faces":{"north":{"uv":[3.75,3.5,4.25,4],"texture":"#1"},"east":{"uv":[3.9375,6.75,4.4375,7.25],"texture":"#1"},"south":{"uv":[3.9375,6.75,4.4375,7.25],"texture":"#1"},"west":{"uv":[3.9375,6.75,4.4375,7.25],"texture":"#1"},"up":{"uv":[4.25,3.5,4.75,4],"rotation":90,"texture":"#1"},"down":{"uv":[4.75,3.5,5.25,4],"rotation":270,"texture":"#1"}}},{"from":[15.31982,13.75594,-1.73553],"to":[19.31982,19.75594,2.26447],"rotation":{"angle":-45,"axis":"y","origin":[17.31982,17.75594,0.26447]},"faces":{"north":{"uv":[3.5,4.75,4,5.5],"texture":"#1"},"east":{"uv":[3.4375,6.75,3.9375,7.5],"texture":"#1"},"south":{"uv":[3.4375,6.75,3.9375,7.5],"texture":"#1"},"west":{"uv":[3.4375,6.75,3.9375,7.5],"texture":"#1"},"up":{"uv":[4,5,4.5,5.5],"rotation":90,"texture":"#1"},"down":{"uv":[4,4.5,4.5,5],"rotation":270,"texture":"#1"}}},{"from":[15.56982,15.75594,13.73553],"to":[19.56982,19.75594,17.73553],"rotation":{"angle":45,"axis":"y","origin":[17.56982,17.75594,15.73553]},"faces":{"north":{"uv":[4.4375,6.75,4.9375,7.25],"texture":"#1"},"east":{"uv":[4.4375,6.75,4.9375,7.25],"texture":"#1"},"south":{"uv":[5.25,3.5,5.75,4],"texture":"#1"},"west":{"uv":[4.4375,6.75,4.9375,7.25],"texture":"#1"},"up":{"uv":[6.25,4,5.75,3.5],"rotation":90,"texture":"#1"},"down":{"uv":[6.75,4,6.25,3.5],"rotation":270,"texture":"#1"}}},{"from":[-3.56982,15.75594,13.73553],"to":[0.43018,19.75594,17.73553],"rotation":{"angle":-45,"axis":"y","origin":[-1.56982,17.75594,15.73553]},"faces":{"north":{"uv":[6,1,5.5,1.5],"texture":"#1"},"east":{"uv":[6,1,5.5,1.5],"texture":"#1"},"south":{"uv":[6,1,5.5,1.5],"texture":"#1"},"west":{"uv":[6,1,5.5,1.5],"texture":"#1"},"up":{"uv":[6.5,1,6,1.5],"rotation":90,"texture":"#1"},"down":{"uv":[7,1,6.5,1.5],"rotation":270,"texture":"#1"}}},{"from":[-1.51982,-4.0461,-4.52654],"to":[16.48018,3.7039,0.47346],"rotation":{"angle":45,"axis":"x","origin":[10.43018,-0.2961,-0.52654]},"faces":{"north":{"uv":[0.17969,2.125,2.42969,3.09375],"texture":"#1"},"east":{"uv":[1.625,7.03125,2.25,8],"texture":"#1"},"south":{"uv":[0.125,7.125,0.3125,7.25],"texture":"#1"},"west":{"uv":[1,7.03125,1.625,8],"texture":"#1"},"up":{"uv":[0,7.0625,0.625,7.25],"rotation":90,"texture":"#1"},"down":{"uv":[0.1875,7.125,0.8125,7.25],"rotation":270,"texture":"#1"}}},{"from":[-1.06982,-0.4711,10.92346],"to":[16.93018,3.5289,18.42346],"rotation":{"angle":45,"axis":"x","origin":[8.93018,-0.2961,14.97346]},"faces":{"north":{"uv":[0,7.0625,0.8125,7.25],"texture":"#1"},"east":{"uv":[2.5,4.5625,3,5.5],"rotation":90,"texture":"#1"},"south":{"uv":[0,7.0625,0.8125,7.25],"texture":"#1"},"west":{"uv":[3,4.5625,3.5,5.5],"rotation":90,"texture":"#1"},"up":{"uv":[0.125,2.0625,2.375,3],"texture":"#1"},"down":{"uv":[0,7.0625,0.8125,7.25],"rotation":270,"texture":"#1"}}},{"from":[-3.48403,-0.88189,0.97346],"to":[0.51597,5.61811,14.97346],"rotation":{"angle":-22.5,"axis":"z","origin":[-1.48403,1.61811,7.97346]},"faces":{"north":{"uv":[2.25,7.15625,2.75,7.96875],"texture":"#1"},"east":{"uv":[0.0625,7.125,0.8125,7.25],"rotation":90,"texture":"#1"},"south":{"uv":[2.75,7.15625,3.25,7.96875],"texture":"#1"},"west":{"uv":[2.625,2.02969,4.375,2.84219],"texture":"#1"},"up":{"uv":[0,7.125,0.8125,7.25],"rotation":270,"texture":"#1"},"down":{"uv":[0.0625,7.1875,0.6875,7.25],"rotation":270,"texture":"#1"}}},{"from":[15.48403,-0.88189,0.97346],"to":[19.48403,5.61811,14.97346],"rotation":{"angle":22.5,"axis":"z","origin":[17.48403,1.61811,7.97346]},"faces":{"north":{"uv":[2.75,7.15625,2.25,7.96875],"texture":"#1"},"east":{"uv":[4.375,2.02969,2.625,2.84219],"texture":"#1"},"south":{"uv":[3.25,7.15625,2.75,7.96875],"texture":"#1"},"west":{"uv":[0.0625,7.25,0.8125,7.125],"rotation":90,"texture":"#1"},"up":{"uv":[0,7.25,0.8125,7.125],"rotation":270,"texture":"#1"},"down":{"uv":[0.0625,7.25,0.6875,7.1875],"rotation":270,"texture":"#1"}}},{"from":[-11,0.075,-11],"to":[27,0.075,27],"rotation":{"angle":0,"axis":"y","origin":[2,0.075,6]},"faces":{"north":{"uv":[3.5,3.5,7.75,3.5],"texture":"#1"},"east":{"uv":[3.5,3.5,7.75,3.5],"texture":"#1"},"south":{"uv":[3.5,3.5,7.75,3.5],"texture":"#1"},"west":{"uv":[3.5,3.5,7.75,3.5],"texture":"#1"},"up":{"uv":[11.25,5,16,9.75],"texture":"#1"},"down":{"uv":[11.25,5,16,9.75],"texture":"#1"}}}],"display":{"head":{"translation":[0,-32.75,0],"scale":[1.5,1.5,1.5]}}}