{"credit":"Naruto RPG","texture_size":[64,64],"textures":{"0":"kamizuru:item/kamizuru_abejorro","particle":"kamizuru:item/kamizuru_abejorro"},"elements":[{"from":[2,6,-4],"to":[14,18,9],"rotation":{"angle":0,"axis":"y","origin":[9.42443,12.89892,2.26256]},"faces":{"north":{"uv":[0.25,4,3.25,7],"texture":"#0"},"east":{"uv":[3.25,0.5,0,3.5],"texture":"#0"},"south":{"uv":[3.75,4,6.75,7],"texture":"#0"},"west":{"uv":[0,0.5,3.25,3.5],"texture":"#0"},"up":{"uv":[0.25,7,3.25,10.25],"texture":"#0"},"down":{"uv":[7.25,3.875,10.25,7.125],"texture":"#0"}}},{"from":[1,7,-3],"to":[15,17,8],"rotation":{"angle":0,"axis":"y","origin":[9.42443,12.89892,2.26256]},"faces":{"north":{"uv":[0,4.25,3.5,6.75],"texture":"#0"},"east":{"uv":[3,0.75,0.25,3.25],"texture":"#0"},"south":{"uv":[3.5,4.25,7,6.75],"texture":"#0"},"west":{"uv":[0.25,0.75,3,3.25],"texture":"#0"},"up":{"uv":[0,7.25,3.5,10],"texture":"#0"},"down":{"uv":[7,4.125,10.5,6.875],"texture":"#0"}}},{"from":[4,18,-3],"to":[12,20,8],"rotation":{"angle":0,"axis":"y","origin":[9.42443,12.89892,2.26256]},"faces":{"north":{"uv":[0.75,3.5,2.75,4],"texture":"#0"},"east":{"uv":[3,0,0.25,0.5],"texture":"#0"},"south":{"uv":[4.25,3.5,6.25,4],"texture":"#0"},"west":{"uv":[0.25,0,3,0.5],"texture":"#0"},"up":{"uv":[0.75,7.25,2.75,10],"texture":"#0"},"down":{"uv":[6.25,15.875,6.5,16],"texture":"#0"}}},{"from":[-5.06398,19.75,3.17614],"to":[11.93602,19.75,32],"rotation":{"angle":-22.5,"axis":"y","origin":[9.42443,12.89892,2.26256]},"faces":{"north":{"uv":[0,0,16,0],"texture":"#0"},"east":{"uv":[0,0,16,0],"texture":"#0"},"south":{"uv":[0,0,16,0],"texture":"#0"},"west":{"uv":[0,0,16,0],"texture":"#0"},"up":{"uv":[11.75,8.79403,16,16],"texture":"#0"},"down":{"uv":[11.75,16,16,8.79403],"texture":"#0"}}},{"from":[4.06398,19.75,3.17614],"to":[21.06398,19.75,32],"rotation":{"angle":22.5,"axis":"y","origin":[6.57557,12.89892,2.26256]},"faces":{"north":{"uv":[16,0,0,0],"texture":"#0"},"east":{"uv":[16,0,0,0],"texture":"#0"},"south":{"uv":[16,0,0,0],"texture":"#0"},"west":{"uv":[16,0,0,0],"texture":"#0"},"up":{"uv":[16,8.79403,11.75,16],"texture":"#0"},"down":{"uv":[16,16,11.75,8.79403],"texture":"#0"}}},{"from":[4,8,9],"to":[12,17,10.5],"rotation":{"angle":0,"axis":"y","origin":[9.42443,12.89892,2.26256]},"faces":{"north":{"uv":[5.25,7,7.25,9.25],"texture":"#0"},"east":{"uv":[3.875,8.5,3.5,10.75],"texture":"#0"},"south":{"uv":[5.25,7,7.25,9.25],"texture":"#0"},"west":{"uv":[3.5,8.5,3.875,10.75],"texture":"#0"},"up":{"uv":[3.875,8.5,4.25,10.5],"rotation":90,"texture":"#0"},"down":{"uv":[4.625,8.5,4.25,10.5],"rotation":90,"texture":"#0"}}},{"from":[1.5,7,10.5],"to":[14.5,19,16],"rotation":{"angle":0,"axis":"y","origin":[9.42443,12.89892,1.76256]},"faces":{"north":{"uv":[10.75,4,14,7],"texture":"#0"},"east":{"uv":[4.625,0.25,3.25,3.25],"texture":"#0"},"south":{"uv":[2,16,2.125,16],"texture":"#0"},"west":{"uv":[3.25,0.25,4.625,3.25],"texture":"#0"},"up":{"uv":[9.125,0.25,10.5,3.5],"rotation":90,"texture":"#0"},"down":{"uv":[1.375,10.5,0,13.75],"rotation":90,"texture":"#0"}}},{"from":[0.5,10.51372,12.25815],"to":[15.5,24.51372,20.25815],"rotation":{"angle":22.5,"axis":"x","origin":[9.42443,12.89892,1.76256]},"faces":{"north":{"uv":[10.5,3.75,14.25,7.25],"texture":"#0"},"east":{"uv":[6.625,0,4.625,3.5],"texture":"#0"},"south":{"uv":[7.25,8.625,11,12.125],"texture":"#0"},"west":{"uv":[4.625,0,6.625,3.5],"texture":"#0"},"up":{"uv":[10.5,0,12.5,3.75],"rotation":90,"texture":"#0"},"down":{"uv":[0.25,10.25,2.25,14],"rotation":90,"texture":"#0"}}},{"from":[1,18.12357,14.67269],"to":[15,30.12357,20.67269],"rotation":{"angle":45,"axis":"x","origin":[9.42443,12.89892,1.76256]},"faces":{"north":{"uv":[10.625,15.375,11.25,16],"texture":"#0"},"east":{"uv":[8.125,0.25,6.625,3.25],"texture":"#0"},"south":{"uv":[7.375,8.875,10.875,11.875],"texture":"#0"},"west":{"uv":[6.625,0.25,8.125,3.25],"texture":"#0"},"up":{"uv":[12.5,0.125,14,3.625],"rotation":90,"texture":"#0"},"down":{"uv":[2.5,10.375,1,13.875],"rotation":90,"texture":"#0"}}},{"from":[2,19.12357,19.42269],"to":[14,29.12357,23.42269],"rotation":{"angle":45,"axis":"x","origin":[9.42443,12.89892,1.76256]},"faces":{"north":{"uv":[7.625,9.125,10.625,11.625],"texture":"#0"},"east":{"uv":[9.125,0.5,8.125,3],"texture":"#0"},"south":{"uv":[7.625,9.125,10.625,11.625],"texture":"#0"},"west":{"uv":[8.125,0.5,9.125,3],"texture":"#0"},"up":{"uv":[14,0.375,15,3.375],"rotation":90,"texture":"#0"},"down":{"uv":[2.5,10.625,3.5,13.625],"rotation":90,"texture":"#0"}}},{"from":[8,21.12357,23.42269],"to":[8,27.12357,28],"rotation":{"angle":45,"axis":"x","origin":[9.42443,12.89892,1.76256]},"faces":{"north":{"uv":[4.625,9.25,4.625,10.75],"texture":"#0"},"east":{"uv":[5.75,9.25,4.625,10.75],"texture":"#0"},"south":{"uv":[4.625,9.25,4.625,10.75],"texture":"#0"},"west":{"uv":[4.625,9.25,5.75,10.75],"texture":"#0"},"up":{"uv":[4.625,9.25,4.625,10.39433],"texture":"#0"},"down":{"uv":[4.625,9.25,4.625,10.39433],"texture":"#0"}}},{"from":[5,24.12357,23.42269],"to":[11,24.12357,28],"rotation":{"angle":45,"axis":"x","origin":[9.42443,12.89892,1.76256]},"faces":{"north":{"uv":[4.625,9.25,4.625,10.75],"rotation":90,"texture":"#0"},"east":{"uv":[4.625,9.25,4.625,10.39433],"rotation":90,"texture":"#0"},"south":{"uv":[4.625,9.25,4.625,10.75],"rotation":90,"texture":"#0"},"west":{"uv":[4.625,9.25,4.625,10.39433],"rotation":90,"texture":"#0"},"up":{"uv":[4.625,9.25,5.75,10.75],"rotation":90,"texture":"#0"},"down":{"uv":[5.75,9.25,4.625,10.75],"rotation":90,"texture":"#0"}}},{"from":[5,10,-4.5],"to":[11,16,-4],"rotation":{"angle":0,"axis":"y","origin":[9.42443,12.89892,0.26256]},"faces":{"north":{"uv":[3.75,7,5.25,8.5],"texture":"#0"},"east":{"uv":[3.5,7,3.625,8.5],"texture":"#0"},"south":{"uv":[3.75,7,5.25,8.5],"texture":"#0"},"west":{"uv":[3.5,7,3.625,8.5],"texture":"#0"},"up":{"uv":[3.625,7,3.75,8.5],"rotation":90,"texture":"#0"},"down":{"uv":[3.625,7,3.75,8.5],"rotation":90,"texture":"#0"}}},{"from":[4.5,27.76266,-5.50848],"to":[5.5,28.76266,-4.50848],"rotation":{"angle":-45,"axis":"x","origin":[9.42443,11.89892,0.76256]},"faces":{"north":{"uv":[3.875,10.5,4.125,10.75],"texture":"#0"},"east":{"uv":[3.875,10.5,4.125,10.75],"rotation":90,"texture":"#0"},"south":{"uv":[3.875,10.5,4.125,10.75],"texture":"#0"},"west":{"uv":[3.875,10.5,4.125,10.75],"rotation":90,"texture":"#0"},"up":{"uv":[4.375,10.5,4.625,10.75],"rotation":180,"texture":"#0"},"down":{"uv":[4.125,10.5,4.375,10.75],"texture":"#0"}}},{"from":[4.75,28.01266,-11.50848],"to":[5.25,28.51266,-5.50848],"rotation":{"angle":-45,"axis":"x","origin":[9.42443,11.89892,0.76256]},"faces":{"north":{"uv":[3.875,10.875,4,11],"rotation":90,"texture":"#0"},"east":{"uv":[4,12.25,3.875,10.75],"rotation":90,"texture":"#0"},"south":{"uv":[3.875,10.75,4,10.875],"rotation":90,"texture":"#0"},"west":{"uv":[3.875,10.75,4,12.25],"rotation":90,"texture":"#0"},"up":{"uv":[3.875,12.25,4,10.75],"texture":"#0"},"down":{"uv":[3.875,10.75,4,12.25],"texture":"#0"}}},{"from":[4.5,28.26266,-11.50848],"to":[5.5,28.26266,-5.50848],"rotation":{"angle":-45,"axis":"x","origin":[9.42443,11.89892,0.76256]},"faces":{"north":{"uv":[4,10.75,4,11],"rotation":90,"texture":"#0"},"east":{"uv":[4,10.75,4,12.25],"rotation":90,"texture":"#0"},"south":{"uv":[4,10.75,4,11],"rotation":90,"texture":"#0"},"west":{"uv":[4,10.75,4,12.25],"rotation":90,"texture":"#0"},"up":{"uv":[4,10.75,4.25,12.25],"rotation":180,"texture":"#0"},"down":{"uv":[4,10.75,4.25,12.25],"texture":"#0"}}},{"from":[5,27.76266,-11.50848],"to":[5,28.76266,-5.50848],"rotation":{"angle":-45,"axis":"x","origin":[9.42443,11.89892,0.76256]},"faces":{"north":{"uv":[4,10.75,4.25,10.75],"rotation":90,"texture":"#0"},"east":{"uv":[4,12.25,4.25,10.75],"rotation":90,"texture":"#0"},"south":{"uv":[4,10.75,4.25,10.75],"rotation":90,"texture":"#0"},"west":{"uv":[4,10.75,4.25,12.25],"rotation":90,"texture":"#0"},"up":{"uv":[4,10.75,4,12.25],"rotation":90,"texture":"#0"},"down":{"uv":[4,10.75,4,12.25],"rotation":90,"texture":"#0"}}},{"from":[4.75,22.76266,-5.25848],"to":[5.25,27.76266,-4.75848],"rotation":{"angle":-45,"axis":"x","origin":[9.42443,11.89892,0.76256]},"faces":{"north":{"uv":[3.5,10.75,3.625,12],"texture":"#0"},"east":{"uv":[3.5,10.75,3.625,12],"texture":"#0"},"south":{"uv":[3.5,10.75,3.625,12],"texture":"#0"},"west":{"uv":[3.5,10.75,3.625,12],"texture":"#0"},"up":{"uv":[3.5,10.875,3.625,11],"texture":"#0"},"down":{"uv":[3.5,10.875,3.625,11],"texture":"#0"}}},{"from":[4.5,22.76266,-5.00848],"to":[5.5,27.76266,-5.00848],"rotation":{"angle":-45,"axis":"x","origin":[9.42443,11.89892,0.76256]},"faces":{"north":{"uv":[3.625,11,3.875,12.25],"texture":"#0"},"east":{"uv":[3.625,10.75,3.625,12.25],"texture":"#0"},"south":{"uv":[3.625,11,3.875,12.25],"texture":"#0"},"west":{"uv":[3.625,10.75,3.625,12.25],"texture":"#0"},"up":{"uv":[3.625,10.75,3.625,11],"texture":"#0"},"down":{"uv":[3.625,10.75,3.625,11],"texture":"#0"}}},{"from":[5,22.76266,-5.50848],"to":[5,27.76266,-4.50848],"rotation":{"angle":-45,"axis":"x","origin":[9.42443,11.89892,0.76256]},"faces":{"north":{"uv":[3.625,10.75,3.625,12.25],"texture":"#0"},"east":{"uv":[3.625,11,3.875,12.25],"texture":"#0"},"south":{"uv":[3.625,10.75,3.625,12.25],"texture":"#0"},"west":{"uv":[3.625,11,3.875,12.25],"texture":"#0"},"up":{"uv":[3.625,10.75,3.875,10.75],"texture":"#0"},"down":{"uv":[3.625,10.75,3.875,10.75],"texture":"#0"}}},{"from":[10.5,27.76266,-5.50848],"to":[11.5,28.76266,-4.50848],"rotation":{"angle":-45,"axis":"x","origin":[6.57557,11.89892,0.76256]},"faces":{"north":{"uv":[4.125,10.5,3.875,10.75],"texture":"#0"},"east":{"uv":[3.875,10.75,4.125,10.5],"rotation":90,"texture":"#0"},"south":{"uv":[4.125,10.5,3.875,10.75],"texture":"#0"},"west":{"uv":[3.875,10.75,4.125,10.5],"rotation":90,"texture":"#0"},"up":{"uv":[4.625,10.5,4.375,10.75],"rotation":180,"texture":"#0"},"down":{"uv":[4.375,10.5,4.125,10.75],"texture":"#0"}}},{"from":[10.75,28.01266,-11.50848],"to":[11.25,28.51266,-5.50848],"rotation":{"angle":-45,"axis":"x","origin":[6.57557,11.89892,0.76256]},"faces":{"north":{"uv":[3.875,11,4,10.875],"rotation":90,"texture":"#0"},"east":{"uv":[3.875,12.25,4,10.75],"rotation":90,"texture":"#0"},"south":{"uv":[3.875,10.875,4,10.75],"rotation":90,"texture":"#0"},"west":{"uv":[4,10.75,3.875,12.25],"rotation":90,"texture":"#0"},"up":{"uv":[4,12.25,3.875,10.75],"texture":"#0"},"down":{"uv":[4,10.75,3.875,12.25],"texture":"#0"}}},{"from":[10.5,28.26266,-11.50848],"to":[11.5,28.26266,-5.50848],"rotation":{"angle":-45,"axis":"x","origin":[6.57557,11.89892,0.76256]},"faces":{"north":{"uv":[4,11,4,10.75],"rotation":90,"texture":"#0"},"east":{"uv":[4,12.25,4,10.75],"rotation":90,"texture":"#0"},"south":{"uv":[4,11,4,10.75],"rotation":90,"texture":"#0"},"west":{"uv":[4,12.25,4,10.75],"rotation":90,"texture":"#0"},"up":{"uv":[4.25,10.75,4,12.25],"rotation":180,"texture":"#0"},"down":{"uv":[4.25,10.75,4,12.25],"texture":"#0"}}},{"from":[11,27.76266,-11.50848],"to":[11,28.76266,-5.50848],"rotation":{"angle":-45,"axis":"x","origin":[6.57557,11.89892,0.76256]},"faces":{"north":{"uv":[4,10.75,4.25,10.75],"rotation":90,"texture":"#0"},"east":{"uv":[4,12.25,4.25,10.75],"rotation":90,"texture":"#0"},"south":{"uv":[4,10.75,4.25,10.75],"rotation":90,"texture":"#0"},"west":{"uv":[4,10.75,4.25,12.25],"rotation":90,"texture":"#0"},"up":{"uv":[4,12.25,4,10.75],"rotation":90,"texture":"#0"},"down":{"uv":[4,12.25,4,10.75],"rotation":90,"texture":"#0"}}},{"from":[10.75,22.76266,-5.25848],"to":[11.25,27.76266,-4.75848],"rotation":{"angle":-45,"axis":"x","origin":[6.57557,11.89892,0.76256]},"faces":{"north":{"uv":[3.625,10.75,3.5,12],"texture":"#0"},"east":{"uv":[3.625,10.75,3.5,12],"texture":"#0"},"south":{"uv":[3.625,10.75,3.5,12],"texture":"#0"},"west":{"uv":[3.625,10.75,3.5,12],"texture":"#0"},"up":{"uv":[3.625,10.875,3.5,11],"texture":"#0"},"down":{"uv":[3.625,10.875,3.5,11],"texture":"#0"}}},{"from":[10.5,22.76266,-5.00848],"to":[11.5,27.76266,-5.00848],"rotation":{"angle":-45,"axis":"x","origin":[6.57557,11.89892,0.76256]},"faces":{"north":{"uv":[3.875,11,3.625,12.25],"texture":"#0"},"east":{"uv":[3.625,10.75,3.625,12.25],"texture":"#0"},"south":{"uv":[3.875,11,3.625,12.25],"texture":"#0"},"west":{"uv":[3.625,10.75,3.625,12.25],"texture":"#0"},"up":{"uv":[3.625,10.75,3.625,11],"texture":"#0"},"down":{"uv":[3.625,10.75,3.625,11],"texture":"#0"}}},{"from":[11,22.76266,-5.50848],"to":[11,27.76266,-4.50848],"rotation":{"angle":-45,"axis":"x","origin":[6.57557,11.89892,0.76256]},"faces":{"north":{"uv":[3.625,10.75,3.625,12.25],"texture":"#0"},"east":{"uv":[3.875,11,3.625,12.25],"texture":"#0"},"south":{"uv":[3.625,10.75,3.625,12.25],"texture":"#0"},"west":{"uv":[3.875,11,3.625,12.25],"texture":"#0"},"up":{"uv":[3.875,10.75,3.625,10.75],"texture":"#0"},"down":{"uv":[3.875,10.75,3.625,10.75],"texture":"#0"}}},{"from":[5,10,-12.5],"to":[11,16,-11.5],"rotation":{"angle":0,"axis":"y","origin":[9.42443,12.89892,0.76256]},"faces":{"north":{"uv":[4.5,11.375,6,12.875],"texture":"#0"},"east":{"uv":[8.875,13.375,8.625,14.875],"texture":"#0"},"south":{"uv":[10.875,15.375,11.75,16],"texture":"#0"},"west":{"uv":[8.625,13.375,8.875,14.875],"texture":"#0"},"up":{"uv":[6.5,13,8,13.25],"texture":"#0"},"down":{"uv":[0.25,14,1.75,14.25],"texture":"#0"}}},{"from":[-0.47791,10,-8.70268],"to":[1.52209,16,-5.70268],"rotation":{"angle":-22.5,"axis":"y","origin":[9.42443,12.89892,0.76256]},"faces":{"north":{"uv":[8,7.125,8.5,8.625],"texture":"#0"},"east":{"uv":[15.25,0.125,16,1.625],"texture":"#0"},"south":{"uv":[9,7.125,9.5,8.625],"texture":"#0"},"west":{"uv":[7.25,7.125,8,8.625],"texture":"#0"},"up":{"uv":[8.5,7.875,9,8.625],"texture":"#0"},"down":{"uv":[8.5,7.125,9,7.875],"texture":"#0"}}},{"from":[14.47791,10,-8.70268],"to":[16.47791,16,-5.70268],"rotation":{"angle":22.5,"axis":"y","origin":[6.57557,12.89892,0.76256]},"faces":{"north":{"uv":[8.5,7.125,8,8.625],"texture":"#0"},"east":{"uv":[8,7.125,7.25,8.625],"texture":"#0"},"south":{"uv":[9.5,7.125,9,8.625],"texture":"#0"},"west":{"uv":[16,0.125,15.25,1.625],"texture":"#0"},"up":{"uv":[9,7.875,8.5,8.625],"texture":"#0"},"down":{"uv":[9,7.125,8.5,7.875],"texture":"#0"}}},{"from":[4,9,-11.5],"to":[12,17,-4.5],"rotation":{"angle":0,"axis":"y","origin":[9.42443,12.89892,0.76256]},"faces":{"north":{"uv":[4.25,11.125,6.25,13.125],"texture":"#0"},"east":{"uv":[10.625,13.125,8.875,15.125],"texture":"#0"},"south":{"uv":[2,14,4,16],"texture":"#0"},"west":{"uv":[8.875,13.125,10.625,15.125],"texture":"#0"},"up":{"uv":[6.25,13.25,8.25,15],"texture":"#0"},"down":{"uv":[0,14.25,2,16],"texture":"#0"}}},{"from":[5,17,-10.5],"to":[11,18,-5.5],"rotation":{"angle":0,"axis":"y","origin":[9.42443,12.89892,0.76256]},"faces":{"north":{"uv":[4.5,10.875,6,11.125],"texture":"#0"},"east":{"uv":[10.375,12.875,9.125,13.125],"texture":"#0"},"south":{"uv":[2.25,14,3.75,14.25],"texture":"#0"},"west":{"uv":[9.125,12.875,10.375,13.125],"texture":"#0"},"up":{"uv":[6.5,13.5,8,14.75],"texture":"#0"},"down":{"uv":[11.25,15.375,11.75,16],"texture":"#0"}}},{"from":[5,6,-11],"to":[11,9,-6],"rotation":{"angle":0,"axis":"y","origin":[9.42443,12.89892,0.76256]},"faces":{"north":{"uv":[4.5,13.125,6,13.875],"texture":"#0"},"east":{"uv":[10.375,15.125,9.125,15.875],"texture":"#0"},"south":{"uv":[4,15.25,5.5,16],"texture":"#0"},"west":{"uv":[9.125,15.125,10.375,15.875],"texture":"#0"},"up":{"uv":[10.75,15.375,11.75,16],"texture":"#0"},"down":{"uv":[0.25,14.5,1.75,15.75],"texture":"#0"}}},{"from":[0.31809,0.89964,-2.75],"to":[1.81809,4.89964,-1.25],"rotation":{"angle":-45,"axis":"z","origin":[9.42443,12.89892,1.26256]},"faces":{"north":{"uv":[7.25,10.875,6.875,11.875],"texture":"#0"},"east":{"uv":[6.875,11.875,7.25,12.875],"texture":"#0"},"south":{"uv":[6.875,10.875,7.25,11.875],"texture":"#0"},"west":{"uv":[6.5,10.875,6.875,11.875],"texture":"#0"},"up":{"uv":[6.5,11.875,6.875,12.25],"rotation":270,"texture":"#0"},"down":{"uv":[6.5,12.25,6.875,12.625],"rotation":270,"texture":"#0"}}},{"from":[0.7105,18.27051,-2.75],"to":[2.2105,21.27051,-1.25],"rotation":{"angle":45,"axis":"z","origin":[9.42443,12.89892,1.26256]},"faces":{"north":{"uv":[5.875,9.375,6.25,10.125],"texture":"#0"},"east":{"uv":[6.25,9.375,6.625,10.125],"texture":"#0"},"south":{"uv":[6.25,9.375,5.875,10.125],"texture":"#0"},"west":{"uv":[6.625,10.125,7,10.875],"texture":"#0"},"up":{"uv":[5.875,10.125,6.25,10.5],"rotation":90,"texture":"#0"},"down":{"uv":[6.25,10.125,6.625,10.5],"rotation":90,"texture":"#0"}}},{"from":[0.2105,13.27051,-3.25],"to":[2.7105,18.27051,-0.75],"rotation":{"angle":45,"axis":"z","origin":[9.42443,12.89892,1.26256]},"faces":{"north":{"uv":[4.875,14,5.5,15.25],"texture":"#0"},"east":{"uv":[4.25,14,4.875,15.25],"texture":"#0"},"south":{"uv":[5.5,14,4.875,15.25],"texture":"#0"},"west":{"uv":[5.5,14,6.125,15.25],"texture":"#0"},"up":{"uv":[3.5,12.25,4.125,12.875],"rotation":90,"texture":"#0"},"down":{"uv":[8.125,15.375,8.75,16],"rotation":90,"texture":"#0"}}},{"from":[0.06809,-3.10036,-3],"to":[2.06809,0.89964,-1],"rotation":{"angle":-45,"axis":"z","origin":[9.42443,12.89892,1.26256]},"faces":{"north":{"uv":[7.25,12.125,8.25,12.625],"rotation":90,"texture":"#0"},"east":{"uv":[9.25,12.125,10.25,12.625],"rotation":270,"texture":"#0"},"south":{"uv":[8.25,12.125,7.25,12.625],"rotation":270,"texture":"#0"},"west":{"uv":[8.25,12.125,9.25,12.625],"rotation":270,"texture":"#0"},"up":{"uv":[8.125,12.625,8.625,13.125],"rotation":270,"texture":"#0"},"down":{"uv":[8.625,12.625,9.125,13.125],"rotation":270,"texture":"#0"}}},{"from":[0.92515,20.75526,-2.5],"to":[1.92515,21.75526,-1.5],"rotation":{"angle":45,"axis":"z","origin":[9.42443,12.89892,1.26256]},"faces":{"north":{"uv":[6.875,9.375,7.125,9.625],"rotation":270,"texture":"#0"},"east":{"uv":[6.875,9.375,7.125,9.625],"rotation":90,"texture":"#0"},"south":{"uv":[6.875,9.375,7.125,9.625],"rotation":90,"texture":"#0"},"west":{"uv":[6.875,9.375,7.125,9.625],"rotation":90,"texture":"#0"},"up":{"uv":[6.875,9.375,7.125,9.625],"rotation":90,"texture":"#0"},"down":{"uv":[6.875,9.375,7.125,9.625],"rotation":90,"texture":"#0"}}},{"from":[0.56809,-4.10036,-2.5],"to":[1.56809,-3.10036,-1.5],"rotation":{"angle":-45,"axis":"z","origin":[9.42443,12.89892,1.26256]},"faces":{"north":{"uv":[6.875,9.375,7.125,9.625],"rotation":90,"texture":"#0"},"east":{"uv":[6.875,9.375,7.125,9.625],"rotation":270,"texture":"#0"},"south":{"uv":[6.875,9.375,7.125,9.625],"rotation":270,"texture":"#0"},"west":{"uv":[6.875,9.375,7.125,9.625],"rotation":270,"texture":"#0"},"up":{"uv":[6.875,9.375,7.125,9.625],"rotation":270,"texture":"#0"},"down":{"uv":[6.875,9.375,7.125,9.625],"rotation":270,"texture":"#0"}}},{"from":[-8.88338,4.40876,-3],"to":[-6.88338,7.40876,-1],"rotation":{"angle":0,"axis":"y","origin":[9.42443,12.89892,1.26256]},"faces":{"north":{"uv":[11,12.125,11.75,12.625],"rotation":90,"texture":"#0"},"east":{"uv":[10.25,12.125,11,12.625],"rotation":270,"texture":"#0"},"south":{"uv":[11.75,12.625,11,12.125],"rotation":270,"texture":"#0"},"west":{"uv":[10.25,12.125,11,12.625],"rotation":270,"texture":"#0"},"up":{"uv":[10.75,12.625,11.25,13.125],"rotation":270,"texture":"#0"},"down":{"uv":[11.25,12.625,11.75,13.125],"rotation":270,"texture":"#0"}}},{"from":[-8.63338,1.40876,-2.75],"to":[-7.13338,4.40876,-1.25],"rotation":{"angle":0,"axis":"y","origin":[9.17443,10.89892,1.51256]},"faces":{"north":{"uv":[11,11,11.375,11.75],"texture":"#0"},"east":{"uv":[11.375,11,11.75,11.75],"texture":"#0"},"south":{"uv":[11,11,11.375,11.75],"texture":"#0"},"west":{"uv":[11.375,11,11.75,11.75],"texture":"#0"},"up":{"uv":[11,11.75,11.375,12.125],"rotation":270,"texture":"#0"},"down":{"uv":[11.375,11.75,11.75,12.125],"rotation":270,"texture":"#0"}}},{"from":[-8.88338,-0.59124,-2],"to":[-6.88338,3.40876,-2],"rotation":{"angle":0,"axis":"y","origin":[9.42443,8.89892,1.26256]},"faces":{"north":{"uv":[11,10,11.5,11],"texture":"#0"},"east":{"uv":[11,10,11,11],"texture":"#0"},"south":{"uv":[11,10,11.5,11],"texture":"#0"},"west":{"uv":[11,10,11,11],"texture":"#0"},"up":{"uv":[11,10,11.5,10],"texture":"#0"},"down":{"uv":[11,10,11.5,10],"texture":"#0"}}},{"from":[-7.88338,-0.59124,-3],"to":[-7.88338,3.40876,-1],"rotation":{"angle":0,"axis":"y","origin":[-7.88338,1.40876,-2]},"faces":{"north":{"uv":[11,10,11,11],"texture":"#0"},"east":{"uv":[11,10,11.5,11],"texture":"#0"},"south":{"uv":[11,10,11,11],"texture":"#0"},"west":{"uv":[11,10,11.5,11],"texture":"#0"},"up":{"uv":[11,10,11.5,10],"texture":"#0"},"down":{"uv":[11,10,11.5,10],"texture":"#0"}}},{"from":[0.31809,0.89964,2],"to":[1.81809,4.89964,3.5],"rotation":{"angle":-45,"axis":"z","origin":[9.42443,12.89892,6.01256]},"faces":{"north":{"uv":[7.25,10.875,6.875,11.875],"texture":"#0"},"east":{"uv":[6.875,11.875,7.25,12.875],"texture":"#0"},"south":{"uv":[6.875,10.875,7.25,11.875],"texture":"#0"},"west":{"uv":[6.5,10.875,6.875,11.875],"texture":"#0"},"up":{"uv":[6.5,11.875,6.875,12.25],"rotation":270,"texture":"#0"},"down":{"uv":[6.5,12.25,6.875,12.625],"rotation":270,"texture":"#0"}}},{"from":[0.7105,18.27051,2],"to":[2.2105,21.27051,3.5],"rotation":{"angle":45,"axis":"z","origin":[9.42443,12.89892,6.01256]},"faces":{"north":{"uv":[5.875,9.375,6.25,10.125],"texture":"#0"},"east":{"uv":[6.25,9.375,6.625,10.125],"texture":"#0"},"south":{"uv":[6.25,9.375,5.875,10.125],"texture":"#0"},"west":{"uv":[6.625,10.125,7,10.875],"texture":"#0"},"up":{"uv":[5.875,10.125,6.25,10.5],"rotation":90,"texture":"#0"},"down":{"uv":[6.25,10.125,6.625,10.5],"rotation":90,"texture":"#0"}}},{"from":[0.2105,13.27051,1.5],"to":[2.7105,18.27051,4],"rotation":{"angle":45,"axis":"z","origin":[9.42443,12.89892,6.01256]},"faces":{"north":{"uv":[4.875,14,5.5,15.25],"texture":"#0"},"east":{"uv":[4.25,14,4.875,15.25],"texture":"#0"},"south":{"uv":[5.5,14,4.875,15.25],"texture":"#0"},"west":{"uv":[5.5,14,6.125,15.25],"texture":"#0"},"up":{"uv":[3.5,12.25,4.125,12.875],"rotation":90,"texture":"#0"},"down":{"uv":[8.125,15.375,8.75,16],"rotation":90,"texture":"#0"}}},{"from":[0.06809,-3.10036,1.75],"to":[2.06809,0.89964,3.75],"rotation":{"angle":-45,"axis":"z","origin":[9.42443,12.89892,6.01256]},"faces":{"north":{"uv":[7.25,12.125,8.25,12.625],"rotation":90,"texture":"#0"},"east":{"uv":[9.25,12.125,10.25,12.625],"rotation":270,"texture":"#0"},"south":{"uv":[8.25,12.125,7.25,12.625],"rotation":270,"texture":"#0"},"west":{"uv":[8.25,12.125,9.25,12.625],"rotation":270,"texture":"#0"},"up":{"uv":[8.125,12.625,8.625,13.125],"rotation":270,"texture":"#0"},"down":{"uv":[8.625,12.625,9.125,13.125],"rotation":270,"texture":"#0"}}},{"from":[0.92515,20.75526,2.25],"to":[1.92515,21.75526,3.25],"rotation":{"angle":45,"axis":"z","origin":[9.42443,12.89892,6.01256]},"faces":{"north":{"uv":[6.875,9.375,7.125,9.625],"rotation":270,"texture":"#0"},"east":{"uv":[6.875,9.375,7.125,9.625],"rotation":90,"texture":"#0"},"south":{"uv":[6.875,9.375,7.125,9.625],"rotation":90,"texture":"#0"},"west":{"uv":[6.875,9.375,7.125,9.625],"rotation":90,"texture":"#0"},"up":{"uv":[6.875,9.375,7.125,9.625],"rotation":90,"texture":"#0"},"down":{"uv":[6.875,9.375,7.125,9.625],"rotation":90,"texture":"#0"}}},{"from":[0.56809,-4.10036,2.25],"to":[1.56809,-3.10036,3.25],"rotation":{"angle":-45,"axis":"z","origin":[9.42443,12.89892,6.01256]},"faces":{"north":{"uv":[6.875,9.375,7.125,9.625],"rotation":90,"texture":"#0"},"east":{"uv":[6.875,9.375,7.125,9.625],"rotation":270,"texture":"#0"},"south":{"uv":[6.875,9.375,7.125,9.625],"rotation":270,"texture":"#0"},"west":{"uv":[6.875,9.375,7.125,9.625],"rotation":270,"texture":"#0"},"up":{"uv":[6.875,9.375,7.125,9.625],"rotation":270,"texture":"#0"},"down":{"uv":[6.875,9.375,7.125,9.625],"rotation":270,"texture":"#0"}}},{"from":[-8.88338,4.40876,1.75],"to":[-6.88338,7.40876,3.75],"rotation":{"angle":0,"axis":"y","origin":[9.42443,12.89892,6.01256]},"faces":{"north":{"uv":[11,12.125,11.75,12.625],"rotation":90,"texture":"#0"},"east":{"uv":[10.25,12.125,11,12.625],"rotation":270,"texture":"#0"},"south":{"uv":[11.75,12.625,11,12.125],"rotation":270,"texture":"#0"},"west":{"uv":[10.25,12.125,11,12.625],"rotation":270,"texture":"#0"},"up":{"uv":[10.75,12.625,11.25,13.125],"rotation":270,"texture":"#0"},"down":{"uv":[11.25,12.625,11.75,13.125],"rotation":270,"texture":"#0"}}},{"from":[-8.63338,1.40876,2],"to":[-7.13338,4.40876,3.5],"rotation":{"angle":0,"axis":"y","origin":[9.17443,10.89892,6.26256]},"faces":{"north":{"uv":[11,11,11.375,11.75],"texture":"#0"},"east":{"uv":[11.375,11,11.75,11.75],"texture":"#0"},"south":{"uv":[11,11,11.375,11.75],"texture":"#0"},"west":{"uv":[11.375,11,11.75,11.75],"texture":"#0"},"up":{"uv":[11,11.75,11.375,12.125],"rotation":270,"texture":"#0"},"down":{"uv":[11.375,11.75,11.75,12.125],"rotation":270,"texture":"#0"}}},{"from":[-8.88338,-0.59124,2.75],"to":[-6.88338,3.40876,2.75],"rotation":{"angle":0,"axis":"y","origin":[9.42443,8.89892,6.01256]},"faces":{"north":{"uv":[11,10,11.5,11],"texture":"#0"},"east":{"uv":[11,10,11,11],"texture":"#0"},"south":{"uv":[11,10,11.5,11],"texture":"#0"},"west":{"uv":[11,10,11,11],"texture":"#0"},"up":{"uv":[11,10,11.5,10],"texture":"#0"},"down":{"uv":[11,10,11.5,10],"texture":"#0"}}},{"from":[-7.88338,-0.59124,1.75],"to":[-7.88338,3.40876,3.75],"rotation":{"angle":0,"axis":"y","origin":[-7.88338,1.40876,2.75]},"faces":{"north":{"uv":[11,10,11,11],"texture":"#0"},"east":{"uv":[11,10,11.5,11],"texture":"#0"},"south":{"uv":[11,10,11,11],"texture":"#0"},"west":{"uv":[11,10,11.5,11],"texture":"#0"},"up":{"uv":[11,10,11.5,10],"texture":"#0"},"down":{"uv":[11,10,11.5,10],"texture":"#0"}}},{"from":[0.31809,0.89964,6.25],"to":[1.81809,4.89964,7.75],"rotation":{"angle":-45,"axis":"z","origin":[9.42443,12.89892,10.26256]},"faces":{"north":{"uv":[7.25,10.875,6.875,11.875],"texture":"#0"},"east":{"uv":[6.875,11.875,7.25,12.875],"texture":"#0"},"south":{"uv":[6.875,10.875,7.25,11.875],"texture":"#0"},"west":{"uv":[6.5,10.875,6.875,11.875],"texture":"#0"},"up":{"uv":[6.5,11.875,6.875,12.25],"rotation":270,"texture":"#0"},"down":{"uv":[6.5,12.25,6.875,12.625],"rotation":270,"texture":"#0"}}},{"from":[0.7105,18.27051,6.25],"to":[2.2105,21.27051,7.75],"rotation":{"angle":45,"axis":"z","origin":[9.42443,12.89892,10.26256]},"faces":{"north":{"uv":[5.875,9.375,6.25,10.125],"texture":"#0"},"east":{"uv":[6.25,9.375,6.625,10.125],"texture":"#0"},"south":{"uv":[6.25,9.375,5.875,10.125],"texture":"#0"},"west":{"uv":[6.625,10.125,7,10.875],"texture":"#0"},"up":{"uv":[5.875,10.125,6.25,10.5],"rotation":90,"texture":"#0"},"down":{"uv":[6.25,10.125,6.625,10.5],"rotation":90,"texture":"#0"}}},{"from":[0.2105,13.27051,5.75],"to":[2.7105,18.27051,8.25],"rotation":{"angle":45,"axis":"z","origin":[9.42443,12.89892,10.26256]},"faces":{"north":{"uv":[4.875,14,5.5,15.25],"texture":"#0"},"east":{"uv":[4.25,14,4.875,15.25],"texture":"#0"},"south":{"uv":[5.5,14,4.875,15.25],"texture":"#0"},"west":{"uv":[5.5,14,6.125,15.25],"texture":"#0"},"up":{"uv":[3.5,12.25,4.125,12.875],"rotation":90,"texture":"#0"},"down":{"uv":[8.125,15.375,8.75,16],"rotation":90,"texture":"#0"}}},{"from":[0.06809,-3.10036,6],"to":[2.06809,0.89964,8],"rotation":{"angle":-45,"axis":"z","origin":[9.42443,12.89892,10.26256]},"faces":{"north":{"uv":[7.25,12.125,8.25,12.625],"rotation":90,"texture":"#0"},"east":{"uv":[9.25,12.125,10.25,12.625],"rotation":270,"texture":"#0"},"south":{"uv":[8.25,12.125,7.25,12.625],"rotation":270,"texture":"#0"},"west":{"uv":[8.25,12.125,9.25,12.625],"rotation":270,"texture":"#0"},"up":{"uv":[8.125,12.625,8.625,13.125],"rotation":270,"texture":"#0"},"down":{"uv":[8.625,12.625,9.125,13.125],"rotation":270,"texture":"#0"}}},{"from":[0.92515,20.75526,6.5],"to":[1.92515,21.75526,7.5],"rotation":{"angle":45,"axis":"z","origin":[9.42443,12.89892,10.26256]},"faces":{"north":{"uv":[6.875,9.375,7.125,9.625],"rotation":270,"texture":"#0"},"east":{"uv":[6.875,9.375,7.125,9.625],"rotation":90,"texture":"#0"},"south":{"uv":[6.875,9.375,7.125,9.625],"rotation":90,"texture":"#0"},"west":{"uv":[6.875,9.375,7.125,9.625],"rotation":90,"texture":"#0"},"up":{"uv":[6.875,9.375,7.125,9.625],"rotation":90,"texture":"#0"},"down":{"uv":[6.875,9.375,7.125,9.625],"rotation":90,"texture":"#0"}}},{"from":[0.56809,-4.10036,6.5],"to":[1.56809,-3.10036,7.5],"rotation":{"angle":-45,"axis":"z","origin":[9.42443,12.89892,10.26256]},"faces":{"north":{"uv":[6.875,9.375,7.125,9.625],"rotation":90,"texture":"#0"},"east":{"uv":[6.875,9.375,7.125,9.625],"rotation":270,"texture":"#0"},"south":{"uv":[6.875,9.375,7.125,9.625],"rotation":270,"texture":"#0"},"west":{"uv":[6.875,9.375,7.125,9.625],"rotation":270,"texture":"#0"},"up":{"uv":[6.875,9.375,7.125,9.625],"rotation":270,"texture":"#0"},"down":{"uv":[6.875,9.375,7.125,9.625],"rotation":270,"texture":"#0"}}},{"from":[-8.88338,4.40876,6],"to":[-6.88338,7.40876,8],"rotation":{"angle":0,"axis":"y","origin":[9.42443,12.89892,10.26256]},"faces":{"north":{"uv":[11,12.125,11.75,12.625],"rotation":90,"texture":"#0"},"east":{"uv":[10.25,12.125,11,12.625],"rotation":270,"texture":"#0"},"south":{"uv":[11.75,12.625,11,12.125],"rotation":270,"texture":"#0"},"west":{"uv":[10.25,12.125,11,12.625],"rotation":270,"texture":"#0"},"up":{"uv":[10.75,12.625,11.25,13.125],"rotation":270,"texture":"#0"},"down":{"uv":[11.25,12.625,11.75,13.125],"rotation":270,"texture":"#0"}}},{"from":[-8.63338,1.40876,6.25],"to":[-7.13338,4.40876,7.75],"rotation":{"angle":0,"axis":"y","origin":[9.17443,10.89892,10.51256]},"faces":{"north":{"uv":[11,11,11.375,11.75],"texture":"#0"},"east":{"uv":[11.375,11,11.75,11.75],"texture":"#0"},"south":{"uv":[11,11,11.375,11.75],"texture":"#0"},"west":{"uv":[11.375,11,11.75,11.75],"texture":"#0"},"up":{"uv":[11,11.75,11.375,12.125],"rotation":270,"texture":"#0"},"down":{"uv":[11.375,11.75,11.75,12.125],"rotation":270,"texture":"#0"}}},{"from":[-8.88338,-0.59124,7],"to":[-6.88338,3.40876,7],"rotation":{"angle":0,"axis":"y","origin":[9.42443,8.89892,10.26256]},"faces":{"north":{"uv":[11,10,11.5,11],"texture":"#0"},"east":{"uv":[11,10,11,11],"texture":"#0"},"south":{"uv":[11,10,11.5,11],"texture":"#0"},"west":{"uv":[11,10,11,11],"texture":"#0"},"up":{"uv":[11,10,11.5,10],"texture":"#0"},"down":{"uv":[11,10,11.5,10],"texture":"#0"}}},{"from":[-7.88338,-0.59124,6],"to":[-7.88338,3.40876,8],"rotation":{"angle":0,"axis":"y","origin":[-7.88338,1.40876,7]},"faces":{"north":{"uv":[11,10,11,11],"texture":"#0"},"east":{"uv":[11,10,11.5,11],"texture":"#0"},"south":{"uv":[11,10,11,11],"texture":"#0"},"west":{"uv":[11,10,11.5,11],"texture":"#0"},"up":{"uv":[11,10,11.5,10],"texture":"#0"},"down":{"uv":[11,10,11.5,10],"texture":"#0"}}},{"from":[14.18191,0.89964,-2.75],"to":[15.68191,4.89964,-1.25],"rotation":{"angle":45,"axis":"z","origin":[6.57557,12.89892,1.26256]},"faces":{"north":{"uv":[6.875,10.875,7.25,11.875],"texture":"#0"},"east":{"uv":[6.875,10.875,6.5,11.875],"texture":"#0"},"south":{"uv":[7.25,10.875,6.875,11.875],"texture":"#0"},"west":{"uv":[7.25,11.875,6.875,12.875],"texture":"#0"},"up":{"uv":[6.5,12.25,6.875,11.875],"rotation":270,"texture":"#0"},"down":{"uv":[6.5,12.625,6.875,12.25],"rotation":270,"texture":"#0"}}},{"from":[13.7895,18.27051,-2.75],"to":[15.2895,21.27051,-1.25],"rotation":{"angle":-45,"axis":"z","origin":[6.57557,12.89892,1.26256]},"faces":{"north":{"uv":[6.25,9.375,5.875,10.125],"texture":"#0"},"east":{"uv":[7,10.125,6.625,10.875],"texture":"#0"},"south":{"uv":[5.875,9.375,6.25,10.125],"texture":"#0"},"west":{"uv":[6.625,9.375,6.25,10.125],"texture":"#0"},"up":{"uv":[5.875,10.5,6.25,10.125],"rotation":90,"texture":"#0"},"down":{"uv":[6.25,10.5,6.625,10.125],"rotation":90,"texture":"#0"}}},{"from":[13.2895,13.27051,-3.25],"to":[15.7895,18.27051,-0.75],"rotation":{"angle":-45,"axis":"z","origin":[6.57557,12.89892,1.26256]},"faces":{"north":{"uv":[5.5,14,4.875,15.25],"texture":"#0"},"east":{"uv":[6.125,14,5.5,15.25],"texture":"#0"},"south":{"uv":[4.875,14,5.5,15.25],"texture":"#0"},"west":{"uv":[4.875,14,4.25,15.25],"texture":"#0"},"up":{"uv":[3.5,12.875,4.125,12.25],"rotation":90,"texture":"#0"},"down":{"uv":[8.125,16,8.75,15.375],"rotation":90,"texture":"#0"}}},{"from":[13.93191,-3.10036,-3],"to":[15.93191,0.89964,-1],"rotation":{"angle":45,"axis":"z","origin":[6.57557,12.89892,1.26256]},"faces":{"north":{"uv":[7.25,12.625,8.25,12.125],"rotation":90,"texture":"#0"},"east":{"uv":[8.25,12.625,9.25,12.125],"rotation":270,"texture":"#0"},"south":{"uv":[8.25,12.625,7.25,12.125],"rotation":270,"texture":"#0"},"west":{"uv":[9.25,12.625,10.25,12.125],"rotation":270,"texture":"#0"},"up":{"uv":[8.125,13.125,8.625,12.625],"rotation":270,"texture":"#0"},"down":{"uv":[8.625,13.125,9.125,12.625],"rotation":270,"texture":"#0"}}},{"from":[14.07485,20.75526,-2.5],"to":[15.07485,21.75526,-1.5],"rotation":{"angle":-45,"axis":"z","origin":[6.57557,12.89892,1.26256]},"faces":{"north":{"uv":[6.875,9.625,7.125,9.375],"rotation":270,"texture":"#0"},"east":{"uv":[6.875,9.625,7.125,9.375],"rotation":90,"texture":"#0"},"south":{"uv":[6.875,9.625,7.125,9.375],"rotation":90,"texture":"#0"},"west":{"uv":[6.875,9.625,7.125,9.375],"rotation":90,"texture":"#0"},"up":{"uv":[6.875,9.625,7.125,9.375],"rotation":90,"texture":"#0"},"down":{"uv":[6.875,9.625,7.125,9.375],"rotation":90,"texture":"#0"}}},{"from":[14.43191,-4.10036,-2.5],"to":[15.43191,-3.10036,-1.5],"rotation":{"angle":45,"axis":"z","origin":[6.57557,12.89892,1.26256]},"faces":{"north":{"uv":[6.875,9.625,7.125,9.375],"rotation":90,"texture":"#0"},"east":{"uv":[6.875,9.625,7.125,9.375],"rotation":270,"texture":"#0"},"south":{"uv":[6.875,9.625,7.125,9.375],"rotation":270,"texture":"#0"},"west":{"uv":[6.875,9.625,7.125,9.375],"rotation":270,"texture":"#0"},"up":{"uv":[6.875,9.625,7.125,9.375],"rotation":270,"texture":"#0"},"down":{"uv":[6.875,9.625,7.125,9.375],"rotation":270,"texture":"#0"}}},{"from":[22.88338,4.40876,-3],"to":[24.88338,7.40876,-1],"rotation":{"angle":0,"axis":"y","origin":[6.57557,12.89892,1.26256]},"faces":{"north":{"uv":[11,12.625,11.75,12.125],"rotation":90,"texture":"#0"},"east":{"uv":[10.25,12.625,11,12.125],"rotation":270,"texture":"#0"},"south":{"uv":[11.75,12.125,11,12.625],"rotation":270,"texture":"#0"},"west":{"uv":[10.25,12.625,11,12.125],"rotation":270,"texture":"#0"},"up":{"uv":[10.75,13.125,11.25,12.625],"rotation":270,"texture":"#0"},"down":{"uv":[11.25,13.125,11.75,12.625],"rotation":270,"texture":"#0"}}},{"from":[23.13338,1.40876,-2.75],"to":[24.63338,4.40876,-1.25],"rotation":{"angle":0,"axis":"y","origin":[6.82557,10.89892,1.51256]},"faces":{"north":{"uv":[11.375,11,11,11.75],"texture":"#0"},"east":{"uv":[11.75,11,11.375,11.75],"texture":"#0"},"south":{"uv":[11.375,11,11,11.75],"texture":"#0"},"west":{"uv":[11.75,11,11.375,11.75],"texture":"#0"},"up":{"uv":[11,12.125,11.375,11.75],"rotation":270,"texture":"#0"},"down":{"uv":[11.375,12.125,11.75,11.75],"rotation":270,"texture":"#0"}}},{"from":[22.88338,-0.59124,-2],"to":[24.88338,3.40876,-2],"rotation":{"angle":0,"axis":"y","origin":[6.57557,8.89892,1.26256]},"faces":{"north":{"uv":[11.5,10,11,11],"texture":"#0"},"east":{"uv":[11,10,11,11],"texture":"#0"},"south":{"uv":[11.5,10,11,11],"texture":"#0"},"west":{"uv":[11,10,11,11],"texture":"#0"},"up":{"uv":[11.5,10,11,10],"texture":"#0"},"down":{"uv":[11.5,10,11,10],"texture":"#0"}}},{"from":[23.88338,-0.59124,-3],"to":[23.88338,3.40876,-1],"rotation":{"angle":0,"axis":"y","origin":[23.88338,1.40876,-2]},"faces":{"north":{"uv":[11,10,11,11],"texture":"#0"},"east":{"uv":[11.5,10,11,11],"texture":"#0"},"south":{"uv":[11,10,11,11],"texture":"#0"},"west":{"uv":[11.5,10,11,11],"texture":"#0"},"up":{"uv":[11.5,10,11,10],"texture":"#0"},"down":{"uv":[11.5,10,11,10],"texture":"#0"}}},{"from":[14.18191,0.89964,2],"to":[15.68191,4.89964,3.5],"rotation":{"angle":45,"axis":"z","origin":[6.57557,12.89892,6.01256]},"faces":{"north":{"uv":[6.875,10.875,7.25,11.875],"texture":"#0"},"east":{"uv":[6.875,10.875,6.5,11.875],"texture":"#0"},"south":{"uv":[7.25,10.875,6.875,11.875],"texture":"#0"},"west":{"uv":[7.25,11.875,6.875,12.875],"texture":"#0"},"up":{"uv":[6.5,12.25,6.875,11.875],"rotation":270,"texture":"#0"},"down":{"uv":[6.5,12.625,6.875,12.25],"rotation":270,"texture":"#0"}}},{"from":[13.7895,18.27051,2],"to":[15.2895,21.27051,3.5],"rotation":{"angle":-45,"axis":"z","origin":[6.57557,12.89892,6.01256]},"faces":{"north":{"uv":[6.25,9.375,5.875,10.125],"texture":"#0"},"east":{"uv":[7,10.125,6.625,10.875],"texture":"#0"},"south":{"uv":[5.875,9.375,6.25,10.125],"texture":"#0"},"west":{"uv":[6.625,9.375,6.25,10.125],"texture":"#0"},"up":{"uv":[5.875,10.5,6.25,10.125],"rotation":90,"texture":"#0"},"down":{"uv":[6.25,10.5,6.625,10.125],"rotation":90,"texture":"#0"}}},{"from":[13.2895,13.27051,1.5],"to":[15.7895,18.27051,4],"rotation":{"angle":-45,"axis":"z","origin":[6.57557,12.89892,6.01256]},"faces":{"north":{"uv":[5.5,14,4.875,15.25],"texture":"#0"},"east":{"uv":[6.125,14,5.5,15.25],"texture":"#0"},"south":{"uv":[4.875,14,5.5,15.25],"texture":"#0"},"west":{"uv":[4.875,14,4.25,15.25],"texture":"#0"},"up":{"uv":[3.5,12.875,4.125,12.25],"rotation":90,"texture":"#0"},"down":{"uv":[8.125,16,8.75,15.375],"rotation":90,"texture":"#0"}}},{"from":[13.93191,-3.10036,1.75],"to":[15.93191,0.89964,3.75],"rotation":{"angle":45,"axis":"z","origin":[6.57557,12.89892,6.01256]},"faces":{"north":{"uv":[7.25,12.625,8.25,12.125],"rotation":90,"texture":"#0"},"east":{"uv":[8.25,12.625,9.25,12.125],"rotation":270,"texture":"#0"},"south":{"uv":[8.25,12.625,7.25,12.125],"rotation":270,"texture":"#0"},"west":{"uv":[9.25,12.625,10.25,12.125],"rotation":270,"texture":"#0"},"up":{"uv":[8.125,13.125,8.625,12.625],"rotation":270,"texture":"#0"},"down":{"uv":[8.625,13.125,9.125,12.625],"rotation":270,"texture":"#0"}}},{"from":[14.07485,20.75526,2.25],"to":[15.07485,21.75526,3.25],"rotation":{"angle":-45,"axis":"z","origin":[6.57557,12.89892,6.01256]},"faces":{"north":{"uv":[6.875,9.625,7.125,9.375],"rotation":270,"texture":"#0"},"east":{"uv":[6.875,9.625,7.125,9.375],"rotation":90,"texture":"#0"},"south":{"uv":[6.875,9.625,7.125,9.375],"rotation":90,"texture":"#0"},"west":{"uv":[6.875,9.625,7.125,9.375],"rotation":90,"texture":"#0"},"up":{"uv":[6.875,9.625,7.125,9.375],"rotation":90,"texture":"#0"},"down":{"uv":[6.875,9.625,7.125,9.375],"rotation":90,"texture":"#0"}}},{"from":[14.43191,-4.10036,2.25],"to":[15.43191,-3.10036,3.25],"rotation":{"angle":45,"axis":"z","origin":[6.57557,12.89892,6.01256]},"faces":{"north":{"uv":[6.875,9.625,7.125,9.375],"rotation":90,"texture":"#0"},"east":{"uv":[6.875,9.625,7.125,9.375],"rotation":270,"texture":"#0"},"south":{"uv":[6.875,9.625,7.125,9.375],"rotation":270,"texture":"#0"},"west":{"uv":[6.875,9.625,7.125,9.375],"rotation":270,"texture":"#0"},"up":{"uv":[6.875,9.625,7.125,9.375],"rotation":270,"texture":"#0"},"down":{"uv":[6.875,9.625,7.125,9.375],"rotation":270,"texture":"#0"}}},{"from":[22.88338,4.40876,1.75],"to":[24.88338,7.40876,3.75],"rotation":{"angle":0,"axis":"y","origin":[6.57557,12.89892,6.01256]},"faces":{"north":{"uv":[11,12.625,11.75,12.125],"rotation":90,"texture":"#0"},"east":{"uv":[10.25,12.625,11,12.125],"rotation":270,"texture":"#0"},"south":{"uv":[11.75,12.125,11,12.625],"rotation":270,"texture":"#0"},"west":{"uv":[10.25,12.625,11,12.125],"rotation":270,"texture":"#0"},"up":{"uv":[10.75,13.125,11.25,12.625],"rotation":270,"texture":"#0"},"down":{"uv":[11.25,13.125,11.75,12.625],"rotation":270,"texture":"#0"}}},{"from":[23.13338,1.40876,2],"to":[24.63338,4.40876,3.5],"rotation":{"angle":0,"axis":"y","origin":[6.82557,10.89892,6.26256]},"faces":{"north":{"uv":[11.375,11,11,11.75],"texture":"#0"},"east":{"uv":[11.75,11,11.375,11.75],"texture":"#0"},"south":{"uv":[11.375,11,11,11.75],"texture":"#0"},"west":{"uv":[11.75,11,11.375,11.75],"texture":"#0"},"up":{"uv":[11,12.125,11.375,11.75],"rotation":270,"texture":"#0"},"down":{"uv":[11.375,12.125,11.75,11.75],"rotation":270,"texture":"#0"}}},{"from":[22.88338,-0.59124,2.75],"to":[24.88338,3.40876,2.75],"rotation":{"angle":0,"axis":"y","origin":[6.57557,8.89892,6.01256]},"faces":{"north":{"uv":[11.5,10,11,11],"texture":"#0"},"east":{"uv":[11,10,11,11],"texture":"#0"},"south":{"uv":[11.5,10,11,11],"texture":"#0"},"west":{"uv":[11,10,11,11],"texture":"#0"},"up":{"uv":[11.5,10,11,10],"texture":"#0"},"down":{"uv":[11.5,10,11,10],"texture":"#0"}}},{"from":[23.88338,-0.59124,1.75],"to":[23.88338,3.40876,3.75],"rotation":{"angle":0,"axis":"y","origin":[23.88338,1.40876,2.75]},"faces":{"north":{"uv":[11,10,11,11],"texture":"#0"},"east":{"uv":[11.5,10,11,11],"texture":"#0"},"south":{"uv":[11,10,11,11],"texture":"#0"},"west":{"uv":[11.5,10,11,11],"texture":"#0"},"up":{"uv":[11.5,10,11,10],"texture":"#0"},"down":{"uv":[11.5,10,11,10],"texture":"#0"}}},{"from":[14.18191,0.89964,6.25],"to":[15.68191,4.89964,7.75],"rotation":{"angle":45,"axis":"z","origin":[6.57557,12.89892,10.26256]},"faces":{"north":{"uv":[6.875,10.875,7.25,11.875],"texture":"#0"},"east":{"uv":[6.875,10.875,6.5,11.875],"texture":"#0"},"south":{"uv":[7.25,10.875,6.875,11.875],"texture":"#0"},"west":{"uv":[7.25,11.875,6.875,12.875],"texture":"#0"},"up":{"uv":[6.5,12.25,6.875,11.875],"rotation":270,"texture":"#0"},"down":{"uv":[6.5,12.625,6.875,12.25],"rotation":270,"texture":"#0"}}},{"from":[13.7895,18.27051,6.25],"to":[15.2895,21.27051,7.75],"rotation":{"angle":-45,"axis":"z","origin":[6.57557,12.89892,10.26256]},"faces":{"north":{"uv":[6.25,9.375,5.875,10.125],"texture":"#0"},"east":{"uv":[7,10.125,6.625,10.875],"texture":"#0"},"south":{"uv":[5.875,9.375,6.25,10.125],"texture":"#0"},"west":{"uv":[6.625,9.375,6.25,10.125],"texture":"#0"},"up":{"uv":[5.875,10.5,6.25,10.125],"rotation":90,"texture":"#0"},"down":{"uv":[6.25,10.5,6.625,10.125],"rotation":90,"texture":"#0"}}},{"from":[13.2895,13.27051,5.75],"to":[15.7895,18.27051,8.25],"rotation":{"angle":-45,"axis":"z","origin":[6.57557,12.89892,10.26256]},"faces":{"north":{"uv":[5.5,14,4.875,15.25],"texture":"#0"},"east":{"uv":[6.125,14,5.5,15.25],"texture":"#0"},"south":{"uv":[4.875,14,5.5,15.25],"texture":"#0"},"west":{"uv":[4.875,14,4.25,15.25],"texture":"#0"},"up":{"uv":[3.5,12.875,4.125,12.25],"rotation":90,"texture":"#0"},"down":{"uv":[8.125,16,8.75,15.375],"rotation":90,"texture":"#0"}}},{"from":[13.93191,-3.10036,6],"to":[15.93191,0.89964,8],"rotation":{"angle":45,"axis":"z","origin":[6.57557,12.89892,10.26256]},"faces":{"north":{"uv":[7.25,12.625,8.25,12.125],"rotation":90,"texture":"#0"},"east":{"uv":[8.25,12.625,9.25,12.125],"rotation":270,"texture":"#0"},"south":{"uv":[8.25,12.625,7.25,12.125],"rotation":270,"texture":"#0"},"west":{"uv":[9.25,12.625,10.25,12.125],"rotation":270,"texture":"#0"},"up":{"uv":[8.125,13.125,8.625,12.625],"rotation":270,"texture":"#0"},"down":{"uv":[8.625,13.125,9.125,12.625],"rotation":270,"texture":"#0"}}},{"from":[14.07485,20.75526,6.5],"to":[15.07485,21.75526,7.5],"rotation":{"angle":-45,"axis":"z","origin":[6.57557,12.89892,10.26256]},"faces":{"north":{"uv":[6.875,9.625,7.125,9.375],"rotation":270,"texture":"#0"},"east":{"uv":[6.875,9.625,7.125,9.375],"rotation":90,"texture":"#0"},"south":{"uv":[6.875,9.625,7.125,9.375],"rotation":90,"texture":"#0"},"west":{"uv":[6.875,9.625,7.125,9.375],"rotation":90,"texture":"#0"},"up":{"uv":[6.875,9.625,7.125,9.375],"rotation":90,"texture":"#0"},"down":{"uv":[6.875,9.625,7.125,9.375],"rotation":90,"texture":"#0"}}},{"from":[14.43191,-4.10036,6.5],"to":[15.43191,-3.10036,7.5],"rotation":{"angle":45,"axis":"z","origin":[6.57557,12.89892,10.26256]},"faces":{"north":{"uv":[6.875,9.625,7.125,9.375],"rotation":90,"texture":"#0"},"east":{"uv":[6.875,9.625,7.125,9.375],"rotation":270,"texture":"#0"},"south":{"uv":[6.875,9.625,7.125,9.375],"rotation":270,"texture":"#0"},"west":{"uv":[6.875,9.625,7.125,9.375],"rotation":270,"texture":"#0"},"up":{"uv":[6.875,9.625,7.125,9.375],"rotation":270,"texture":"#0"},"down":{"uv":[6.875,9.625,7.125,9.375],"rotation":270,"texture":"#0"}}},{"from":[22.88338,4.40876,6],"to":[24.88338,7.40876,8],"rotation":{"angle":0,"axis":"y","origin":[6.57557,12.89892,10.26256]},"faces":{"north":{"uv":[11,12.625,11.75,12.125],"rotation":90,"texture":"#0"},"east":{"uv":[10.25,12.625,11,12.125],"rotation":270,"texture":"#0"},"south":{"uv":[11.75,12.125,11,12.625],"rotation":270,"texture":"#0"},"west":{"uv":[10.25,12.625,11,12.125],"rotation":270,"texture":"#0"},"up":{"uv":[10.75,13.125,11.25,12.625],"rotation":270,"texture":"#0"},"down":{"uv":[11.25,13.125,11.75,12.625],"rotation":270,"texture":"#0"}}},{"from":[23.13338,1.40876,6.25],"to":[24.63338,4.40876,7.75],"rotation":{"angle":0,"axis":"y","origin":[6.82557,10.89892,10.51256]},"faces":{"north":{"uv":[11.375,11,11,11.75],"texture":"#0"},"east":{"uv":[11.75,11,11.375,11.75],"texture":"#0"},"south":{"uv":[11.375,11,11,11.75],"texture":"#0"},"west":{"uv":[11.75,11,11.375,11.75],"texture":"#0"},"up":{"uv":[11,12.125,11.375,11.75],"rotation":270,"texture":"#0"},"down":{"uv":[11.375,12.125,11.75,11.75],"rotation":270,"texture":"#0"}}},{"from":[22.88338,-0.59124,7],"to":[24.88338,3.40876,7],"rotation":{"angle":0,"axis":"y","origin":[6.57557,8.89892,10.26256]},"faces":{"north":{"uv":[11.5,10,11,11],"texture":"#0"},"east":{"uv":[11,10,11,11],"texture":"#0"},"south":{"uv":[11.5,10,11,11],"texture":"#0"},"west":{"uv":[11,10,11,11],"texture":"#0"},"up":{"uv":[11.5,10,11,10],"texture":"#0"},"down":{"uv":[11.5,10,11,10],"texture":"#0"}}},{"from":[23.88338,-0.59124,6],"to":[23.88338,3.40876,8],"rotation":{"angle":0,"axis":"y","origin":[23.88338,1.40876,7]},"faces":{"north":{"uv":[11,10,11,11],"texture":"#0"},"east":{"uv":[11.5,10,11,11],"texture":"#0"},"south":{"uv":[11,10,11,11],"texture":"#0"},"west":{"uv":[11.5,10,11,11],"texture":"#0"},"up":{"uv":[11.5,10,11,10],"texture":"#0"},"down":{"uv":[11.5,10,11,10],"texture":"#0"}}}],"display":{"head":{"translation":[0,-43.75,-9.5],"scale":[0.4,0.4,0.4]}}}