{"credit":"Naruto RPG","texture_size":[64,64],"textures":{"1":"kaguya:item/kaguya_hueso_1"},"elements":[{"from":[3.12388,10.175,4.10887],"to":[4.72388,11.825,7.40887],"rotation":{"angle":22.5,"axis":"y","origin":[5.53408,11,2.55692]},"faces":{"north":{"uv":[3.25,12.5,3.625,12.9375],"texture":"#1"},"east":{"uv":[1,11.5,1.8125,11.9375],"texture":"#1"},"south":{"uv":[12.5,3.25,12.875,3.6875],"texture":"#1"},"west":{"uv":[11.5,1.5,12.3125,1.9375],"texture":"#1"},"up":{"uv":[10.875,12.0625,10.5,11.25],"texture":"#1"},"down":{"uv":[9.125,11.5,8.75,12.3125],"texture":"#1"}}},{"from":[2.98352,8.8,10.21039],"to":[4.78352,10.4,15.51039],"rotation":{"angle":-22.5,"axis":"y","origin":[3.34357,9.6,14.53894]},"faces":{"north":{"uv":[12.5,8.25,12.9375,8.625],"texture":"#1"},"east":{"uv":[10.5,8.5,11.8125,8.875],"texture":"#1"},"south":{"uv":[4.375,5,4.75,5.375],"texture":"#1"},"west":{"uv":[8.75,10.5,10.0625,10.875],"texture":"#1"},"up":{"uv":[10.4375,1.3125,10,0],"texture":"#1"},"down":{"uv":[1.4375,10,1,11.3125],"texture":"#1"}}},{"from":[5.47612,8.575,8.59113],"to":[7.47612,10.625,11.89113],"rotation":{"angle":22.5,"axis":"y","origin":[4.86592,9.6,13.44308]},"faces":{"north":{"uv":[11.75,6.5,12.25,7],"texture":"#1"},"east":{"uv":[7.5,11,8.3125,11.5],"texture":"#1"},"south":{"uv":[12,8.75,12.5,9.25],"texture":"#1"},"west":{"uv":[8.5,11,9.3125,11.5],"texture":"#1"},"up":{"uv":[10,11.8125,9.5,11],"texture":"#1"},"down":{"uv":[10.5,11,10,11.8125],"texture":"#1"}}},{"from":[8.52388,8.575,8.59113],"to":[10.52388,10.625,11.89113],"rotation":{"angle":-22.5,"axis":"y","origin":[11.13408,9.6,13.44308]},"faces":{"north":{"uv":[9.25,12,9.75,12.5],"texture":"#1"},"east":{"uv":[11,10,11.8125,10.5],"texture":"#1"},"south":{"uv":[12,9.25,12.5,9.75],"texture":"#1"},"west":{"uv":[11,10.5,11.8125,11],"texture":"#1"},"up":{"uv":[11.5,11.8125,11,11],"texture":"#1"},"down":{"uv":[5.5,11.25,5,12.0625],"texture":"#1"}}},{"from":[11.21648,8.8,10.21039],"to":[13.01648,10.4,15.51039],"rotation":{"angle":22.5,"axis":"y","origin":[12.65643,9.6,14.53894]},"faces":{"north":{"uv":[12.5,8.75,12.9375,9.125],"texture":"#1"},"east":{"uv":[10.5,9,11.8125,9.375],"texture":"#1"},"south":{"uv":[4.375,5,4.75,5.375],"texture":"#1"},"west":{"uv":[10.5,9.5,11.8125,9.875],"texture":"#1"},"up":{"uv":[1.9375,11.3125,1.5,10],"texture":"#1"},"down":{"uv":[10.4375,1.5,10,2.8125],"texture":"#1"}}},{"from":[5.81648,10.4,1.08961],"to":[7.21648,11.6,5.78961],"rotation":{"angle":-22.5,"axis":"y","origin":[7.05643,11,1.46106]},"faces":{"north":{"uv":[12.5,11.5,12.875,11.8125],"texture":"#1"},"east":{"uv":[11.25,4,12.4375,4.3125],"texture":"#1"},"south":{"uv":[12.75,1,13.125,1.3125],"texture":"#1"},"west":{"uv":[11.25,5.5,12.4375,5.8125],"texture":"#1"},"up":{"uv":[0.375,12.1875,0,11],"texture":"#1"},"down":{"uv":[0.875,11,0.5,12.1875],"texture":"#1"}}},{"from":[4.81648,11,-1.91039],"to":[8.21648,11,2.78961],"rotation":{"angle":-22.5,"axis":"y","origin":[7.05643,11,1.46106]},"faces":{"north":{"uv":[0,0,0.875,0],"texture":"#1"},"east":{"uv":[0,0,1.1875,0],"texture":"#1"},"south":{"uv":[0,0,0.875,0],"texture":"#1"},"west":{"uv":[0,0,1.1875,0],"texture":"#1"},"up":{"uv":[9.875,5.1875,9,4],"texture":"#1"},"down":{"uv":[9.875,4,9,5.1875],"texture":"#1"}}},{"from":[3.21648,8.8,-1.01039],"to":[6.61648,8.8,3.68961],"rotation":{"angle":-22.5,"axis":"y","origin":[5.45643,8.8,2.36106]},"faces":{"north":{"uv":[0,0,0.875,0],"texture":"#1"},"east":{"uv":[0,0,1.1875,0],"texture":"#1"},"south":{"uv":[0,0,0.875,0],"texture":"#1"},"west":{"uv":[0,0,1.1875,0],"texture":"#1"},"up":{"uv":[9.875,5.1875,9,4],"texture":"#1"},"down":{"uv":[9.875,4,9,5.1875],"texture":"#1"}}},{"from":[9.38352,8.8,-1.01039],"to":[12.78352,8.8,3.68961],"rotation":{"angle":22.5,"axis":"y","origin":[10.54357,8.8,2.36106]},"faces":{"north":{"uv":[0.875,0,0,0],"texture":"#1"},"east":{"uv":[1.1875,0,0,0],"texture":"#1"},"south":{"uv":[0.875,0,0,0],"texture":"#1"},"west":{"uv":[1.1875,0,0,0],"texture":"#1"},"up":{"uv":[9,5.1875,9.875,4],"texture":"#1"},"down":{"uv":[9,4,9.875,5.1875],"texture":"#1"}}},{"from":[7.78352,11,-1.91039],"to":[11.18352,11,2.78961],"rotation":{"angle":22.5,"axis":"y","origin":[8.94357,11,1.46106]},"faces":{"north":{"uv":[0.875,0,0,0],"texture":"#1"},"east":{"uv":[1.1875,0,0,0],"texture":"#1"},"south":{"uv":[0.875,0,0,0],"texture":"#1"},"west":{"uv":[1.1875,0,0,0],"texture":"#1"},"up":{"uv":[9,5.1875,9.875,4],"texture":"#1"},"down":{"uv":[9,4,9.875,5.1875],"texture":"#1"}}},{"from":[8.78352,10.4,1.08961],"to":[10.18352,11.6,5.78961],"rotation":{"angle":22.5,"axis":"y","origin":[8.94357,11,1.46106]},"faces":{"north":{"uv":[4.25,12.75,4.625,13.0625],"texture":"#1"},"east":{"uv":[11.25,7.25,12.4375,7.5625],"texture":"#1"},"south":{"uv":[12.75,4.25,13.125,4.5625],"texture":"#1"},"west":{"uv":[11.5,1,12.6875,1.3125],"texture":"#1"},"up":{"uv":[6.125,12.1875,5.75,11],"texture":"#1"},"down":{"uv":[6.625,11,6.25,12.1875],"texture":"#1"}}},{"from":[11.27612,10.175,4.10887],"to":[12.87612,11.825,7.40887],"rotation":{"angle":-22.5,"axis":"y","origin":[10.46592,11,2.55692]},"faces":{"north":{"uv":[12.5,9.25,12.875,9.6875],"texture":"#1"},"east":{"uv":[11.5,2.75,12.3125,3.1875],"texture":"#1"},"south":{"uv":[10.25,12.5,10.625,12.9375],"texture":"#1"},"west":{"uv":[11.5,3.25,12.3125,3.6875],"texture":"#1"},"up":{"uv":[12.125,0.8125,11.75,0],"texture":"#1"},"down":{"uv":[4.375,11.75,4,12.5625],"texture":"#1"}}},{"from":[4.74078,10.84066,9.54033],"to":[6.61461,12.66878,14.55674],"rotation":{"angle":0,"axis":"y","origin":[5.6777,13.22654,13.97533]},"faces":{"north":{"uv":[6,12.25,6.4375,12.6875],"texture":"#1"},"east":{"uv":[4,10,5.25,10.4375],"texture":"#1"},"south":{"uv":[11.25,12.25,11.6875,12.6875],"texture":"#1"},"west":{"uv":[10,4,11.25,4.4375],"texture":"#1"},"up":{"uv":[10.4375,5.75,10,4.5],"texture":"#1"},"down":{"uv":[5.6875,10,5.25,11.25],"texture":"#1"}}},{"from":[3.53845,10.93654,13.27169],"to":[5.00095,12.58186,18.11623],"rotation":{"angle":-45,"axis":"y","origin":[4.2697,12.50654,15.49533]},"faces":{"north":{"uv":[2.75,12.5,3.125,12.9375],"texture":"#1"},"east":{"uv":[10.5,2.25,11.6875,2.6875],"texture":"#1"},"south":{"uv":[12.5,2.75,12.875,3.1875],"texture":"#1"},"west":{"uv":[10.5,4.5,11.6875,4.9375],"texture":"#1"},"up":{"uv":[4.875,11.6875,4.5,10.5],"texture":"#1"},"down":{"uv":[10.875,10,10.5,11.1875],"texture":"#1"}}},{"from":[-0.49102,11.17393,16.84764],"to":[2.98242,12.2708,17.94452],"rotation":{"angle":22.5,"axis":"y","origin":[1.2457,11.72237,17.39608]},"faces":{"north":{"uv":[11,12,11.875,12.25],"texture":"#1"},"east":{"uv":[8.75,10,9,10.25],"texture":"#1"},"south":{"uv":[12,12,12.875,12.25],"texture":"#1"},"west":{"uv":[4.375,5,4.75,5.375],"texture":"#1"},"up":{"uv":[0.875,12.5,0,12.25],"texture":"#1"},"down":{"uv":[13.125,0,12.25,0.25],"texture":"#1"}}},{"from":[4.74078,6.84066,9.54033],"to":[6.61461,8.66878,14.55674],"rotation":{"angle":0,"axis":"y","origin":[5.6777,9.22654,13.97533]},"faces":{"north":{"uv":[0,12.5,0.4375,12.9375],"texture":"#1"},"east":{"uv":[7.5,10,8.75,10.4375],"texture":"#1"},"south":{"uv":[0.5,12.5,0.9375,12.9375],"texture":"#1"},"west":{"uv":[10,7.5,11.25,7.9375],"texture":"#1"},"up":{"uv":[10.4375,9.25,10,8],"texture":"#1"},"down":{"uv":[10.4375,9.25,10,10.5],"texture":"#1"}}},{"from":[3.53845,6.93654,13.27169],"to":[5.00095,8.58186,18.11623],"rotation":{"angle":-45,"axis":"y","origin":[4.2697,8.50654,15.49533]},"faces":{"north":{"uv":[5.5,12.5,5.875,12.9375],"texture":"#1"},"east":{"uv":[10.5,6.25,11.6875,6.6875],"texture":"#1"},"south":{"uv":[12.5,5.5,12.875,5.9375],"texture":"#1"},"west":{"uv":[10.5,6.75,11.6875,7.1875],"texture":"#1"},"up":{"uv":[2.875,12.1875,2.5,11],"texture":"#1"},"down":{"uv":[11.375,2.75,11,3.9375],"texture":"#1"}}},{"from":[-0.49102,7.17393,16.84764],"to":[2.98242,8.2708,17.94452],"rotation":{"angle":22.5,"axis":"y","origin":[1.2457,7.72237,17.39608]},"faces":{"north":{"uv":[3,12.25,3.875,12.5],"texture":"#1"},"east":{"uv":[10.75,2.75,11,3],"texture":"#1"},"south":{"uv":[5,12.25,5.875,12.5],"texture":"#1"},"west":{"uv":[4.375,5,4.75,5.375],"texture":"#1"},"up":{"uv":[13.125,6.75,12.25,6.5],"texture":"#1"},"down":{"uv":[13.125,6.75,12.25,7],"texture":"#1"}}},{"from":[9.38539,6.84066,9.54033],"to":[11.25922,8.66878,14.55674],"rotation":{"angle":0,"axis":"y","origin":[10.3223,9.22654,13.97533]},"faces":{"north":{"uv":[12.5,1.5,12.9375,1.9375],"texture":"#1"},"east":{"uv":[10.5,0,11.75,0.4375],"texture":"#1"},"south":{"uv":[2,12.5,2.4375,12.9375],"texture":"#1"},"west":{"uv":[10.5,0.5,11.75,0.9375],"texture":"#1"},"up":{"uv":[10.9375,2.25,10.5,1],"texture":"#1"},"down":{"uv":[4.4375,10.5,4,11.75],"texture":"#1"}}},{"from":[10.99905,6.93654,13.27169],"to":[12.46155,8.58186,18.11623],"rotation":{"angle":45,"axis":"y","origin":[11.7303,8.50654,15.49533]},"faces":{"north":{"uv":[12.5,7.25,12.875,7.6875],"texture":"#1"},"east":{"uv":[7.5,10.5,8.6875,10.9375],"texture":"#1"},"south":{"uv":[12.5,7.75,12.875,8.1875],"texture":"#1"},"west":{"uv":[10.5,8,11.6875,8.4375],"texture":"#1"},"up":{"uv":[3.375,12.1875,3,11],"texture":"#1"},"down":{"uv":[3.875,11,3.5,12.1875],"texture":"#1"}}},{"from":[13.01758,7.17393,16.84764],"to":[16.49102,8.2708,17.94452],"rotation":{"angle":-22.5,"axis":"y","origin":[14.7543,7.72237,17.39608]},"faces":{"north":{"uv":[12.25,10,13.125,10.25],"texture":"#1"},"east":{"uv":[4.375,5,4.75,5.375],"texture":"#1"},"south":{"uv":[10.25,12.25,11.125,12.5],"texture":"#1"},"west":{"uv":[11.25,6,11.5,6.25],"texture":"#1"},"up":{"uv":[13.125,10.5,12.25,10.25],"texture":"#1"},"down":{"uv":[13.125,10.5,12.25,10.75],"texture":"#1"}}},{"from":[9.38539,10.84066,9.54033],"to":[11.25922,12.66878,14.55674],"rotation":{"angle":0,"axis":"y","origin":[10.3223,13.22654,13.97533]},"faces":{"north":{"uv":[11.75,12.25,12.1875,12.6875],"texture":"#1"},"east":{"uv":[5.75,10,7,10.4375],"texture":"#1"},"south":{"uv":[12.25,12.25,12.6875,12.6875],"texture":"#1"},"west":{"uv":[10,5.75,11.25,6.1875],"texture":"#1"},"up":{"uv":[10.4375,7.5,10,6.25],"texture":"#1"},"down":{"uv":[7.4375,10,7,11.25],"texture":"#1"}}},{"from":[10.99905,10.93654,13.27169],"to":[12.46155,12.58186,18.11623],"rotation":{"angle":45,"axis":"y","origin":[11.7303,12.50654,15.49533]},"faces":{"north":{"uv":[12.5,3.75,12.875,4.1875],"texture":"#1"},"east":{"uv":[10.5,5,11.6875,5.4375],"texture":"#1"},"south":{"uv":[5,12.5,5.375,12.9375],"texture":"#1"},"west":{"uv":[5.75,10.5,6.9375,10.9375],"texture":"#1"},"up":{"uv":[11.375,2.1875,11,1],"texture":"#1"},"down":{"uv":[2.375,11,2,12.1875],"texture":"#1"}}},{"from":[13.01758,11.17393,16.84764],"to":[16.49102,12.2708,17.94452],"rotation":{"angle":-22.5,"axis":"y","origin":[14.7543,11.72237,17.39608]},"faces":{"north":{"uv":[12.25,0.25,13.125,0.5],"texture":"#1"},"east":{"uv":[4.375,5,4.75,5.375],"texture":"#1"},"south":{"uv":[12.25,0.5,13.125,0.75],"texture":"#1"},"west":{"uv":[10.25,10.5,10.5,10.75],"texture":"#1"},"up":{"uv":[13.125,1,12.25,0.75],"texture":"#1"},"down":{"uv":[2.875,12.25,2,12.5],"texture":"#1"}}},{"from":[5.01041,5.8,1.9266],"to":[6.01041,6.6,5.0266],"rotation":{"angle":-22.5,"axis":"y","origin":[5.78806,6.2,4.82246]},"faces":{"north":{"uv":[4.375,5,4.75,5.375],"texture":"#1"},"east":{"uv":[10.5,5.5,11.25,5.6875],"texture":"#1"},"south":{"uv":[9.25,11.75,9.5,11.9375],"texture":"#1"},"west":{"uv":[10.5,7.25,11.25,7.4375],"texture":"#1"},"up":{"uv":[5.25,11.25,5,10.5],"texture":"#1"},"down":{"uv":[12,7.75,11.75,8.5],"texture":"#1"}}},{"from":[4.92954,5.475,4.52213],"to":[6.12954,6.925,7.82213],"rotation":{"angle":0,"axis":"y","origin":[5.78806,6.2,4.82246]},"faces":{"north":{"uv":[10.75,12.5,11.0625,12.875],"texture":"#1"},"east":{"uv":[6.75,11.5,7.5625,11.875],"texture":"#1"},"south":{"uv":[12.5,11,12.8125,11.375],"texture":"#1"},"west":{"uv":[7.75,11.5,8.5625,11.875],"texture":"#1"},"up":{"uv":[4.8125,12.5625,4.5,11.75],"texture":"#1"},"down":{"uv":[1.3125,12,1,12.8125],"texture":"#1"}}},{"from":[9.98959,5.8,1.9266],"to":[10.98959,6.6,5.0266],"rotation":{"angle":22.5,"axis":"y","origin":[10.21194,6.2,4.82246]},"faces":{"north":{"uv":[4.375,5,4.75,5.375],"texture":"#1"},"east":{"uv":[6.75,11.25,7.5,11.4375],"texture":"#1"},"south":{"uv":[3.75,12.5,4,12.6875],"texture":"#1"},"west":{"uv":[12.25,10.75,13,10.9375],"texture":"#1"},"up":{"uv":[6.75,13,6.5,12.25],"texture":"#1"},"down":{"uv":[2.75,12.5,2.5,13.25],"texture":"#1"}}},{"from":[9.87046,5.475,4.52213],"to":[11.07046,6.925,7.82213],"rotation":{"angle":0,"axis":"y","origin":[10.21194,6.2,4.82246]},"faces":{"north":{"uv":[12.75,6,13.0625,6.375],"texture":"#1"},"east":{"uv":[11.75,5,12.5625,5.375],"texture":"#1"},"south":{"uv":[11.25,12.75,11.5625,13.125],"texture":"#1"},"west":{"uv":[11.75,6,12.5625,6.375],"texture":"#1"},"up":{"uv":[12.3125,8.5625,12,7.75],"texture":"#1"},"down":{"uv":[8.5625,12,8.25,12.8125],"texture":"#1"}}},{"from":[4.37824,8.1,1.64292],"to":[5.37824,9.1,5.64292],"rotation":{"angle":0,"axis":"y","origin":[4.87824,8.6,3.99292]},"faces":{"north":{"uv":[11.25,7.75,11.5,8],"texture":"#1"},"east":{"uv":[11.5,3.75,12.5,4],"texture":"#1"},"south":{"uv":[11.5,2,11.75,2.25],"texture":"#1"},"west":{"uv":[11.75,2.5,12.75,2.75],"texture":"#1"},"up":{"uv":[5.75,12.25,5.5,11.25],"texture":"#1"},"down":{"uv":[10,12,9.75,13],"texture":"#1"}}},{"from":[4.4,7.875,4.5],"to":[5.6,9.325,7.8],"rotation":{"angle":45,"axis":"y","origin":[5,8.6,5.5]},"faces":{"north":{"uv":[12.75,2,13.0625,2.375],"texture":"#1"},"east":{"uv":[11.5,11,12.3125,11.375],"texture":"#1"},"south":{"uv":[3.75,12.75,4.0625,13.125],"texture":"#1"},"west":{"uv":[11.5,11.5,12.3125,11.875],"texture":"#1"},"up":{"uv":[1.8125,12.8125,1.5,12],"texture":"#1"},"down":{"uv":[7.0625,12,6.75,12.8125],"texture":"#1"}}},{"from":[10.62176,8.1,1.64292],"to":[11.62176,9.1,5.64292],"rotation":{"angle":0,"axis":"y","origin":[11.12176,8.6,3.99292]},"faces":{"north":{"uv":[11.5,6,11.75,6.25],"texture":"#1"},"east":{"uv":[11.75,7,12.75,7.25],"texture":"#1"},"south":{"uv":[11.5,7.75,11.75,8],"texture":"#1"},"west":{"uv":[12,9.75,13,10],"texture":"#1"},"up":{"uv":[10.25,13,10,12],"texture":"#1"},"down":{"uv":[12.25,10,12,11],"texture":"#1"}}},{"from":[10.4,7.875,4.5],"to":[11.6,9.325,7.8],"rotation":{"angle":-45,"axis":"y","origin":[11,8.6,5.5]},"faces":{"north":{"uv":[12.75,4.75,13.0625,5.125],"texture":"#1"},"east":{"uv":[11.75,2,12.5625,2.375],"texture":"#1"},"south":{"uv":[6,12.75,6.3125,13.125],"texture":"#1"},"west":{"uv":[11.75,4.5,12.5625,4.875],"texture":"#1"},"up":{"uv":[7.5625,12.8125,7.25,12],"texture":"#1"},"down":{"uv":[8.0625,12,7.75,12.8125],"texture":"#1"}}}],"display":{"head":{"translation":[0,-62.25,0.75],"scale":[1.5,1.5,1.5]}}}