{"credit":"Naruto RPG","texture_size":[64,64],"textures":{"1":"kaguya:item/kaguya_hueso_1"},"elements":[{"from":[14.94633,-2.26588,6.15707],"to":[16.32964,2.11461,7.54039],"rotation":{"angle":45,"axis":"z","origin":[0.84429,7.4808,6.35178]},"faces":{"north":{"uv":[13.125,0,12.25,0.25],"rotation":90,"texture":"#1"},"east":{"uv":[12,12,12.875,12.25],"rotation":90,"texture":"#1"},"south":{"uv":[13.125,0,12.25,0.25],"rotation":90,"texture":"#1"},"west":{"uv":[11,12,11.875,12.25],"rotation":270,"texture":"#1"},"up":{"uv":[4.375,5,4.75,5.375],"texture":"#1"},"down":{"uv":[8.75,10,9,10.25],"rotation":180,"texture":"#1"}}},{"from":[17.01178,-1.25483,5.79632],"to":[18.8562,4.8548,7.87129],"rotation":{"angle":22.5,"axis":"z","origin":[0.84429,7.4808,6.35178]},"faces":{"north":{"uv":[4.875,11.6875,4.5,10.5],"rotation":180,"texture":"#1"},"east":{"uv":[10.5,2.25,11.6875,2.6875],"rotation":90,"texture":"#1"},"south":{"uv":[10.875,10,10.5,11.1875],"texture":"#1"},"west":{"uv":[10.5,4.5,11.6875,4.9375],"rotation":270,"texture":"#1"},"up":{"uv":[12.5,2.75,12.875,3.1875],"texture":"#1"},"down":{"uv":[2.75,12.5,3.125,12.9375],"rotation":180,"texture":"#1"}}},{"from":[18.57096,-2.76612,5.68669],"to":[20.93412,6.56026,7.99222],"rotation":{"angle":0,"axis":"y","origin":[0.84429,7.4808,6.35178]},"faces":{"north":{"uv":[10.4375,5.75,10,4.5],"rotation":180,"texture":"#1"},"east":{"uv":[4,10,5.25,10.4375],"rotation":90,"texture":"#1"},"south":{"uv":[10.4375,5.75,10,4.5],"rotation":180,"texture":"#1"},"west":{"uv":[10,4,11.25,4.4375],"rotation":270,"texture":"#1"},"up":{"uv":[11.25,12.25,11.6875,12.6875],"texture":"#1"},"down":{"uv":[6,12.25,6.4375,12.6875],"rotation":180,"texture":"#1"}}},{"from":[-5.91748,-2.65083,8.01205],"to":[-4.04399,5.36468,9.83985],"rotation":{"angle":0,"axis":"y","origin":[-20.15571,7.4808,2.35178]},"faces":{"north":{"uv":[10.4375,5.75,10,4.5],"rotation":180,"texture":"#1"},"east":{"uv":[4,10,5.25,10.4375],"rotation":90,"texture":"#1"},"south":{"uv":[10.4375,5.75,10,4.5],"rotation":180,"texture":"#1"},"west":{"uv":[10,4,11.25,4.4375],"rotation":270,"texture":"#1"},"up":{"uv":[11.25,12.25,11.6875,12.6875],"texture":"#1"},"down":{"uv":[6,12.25,6.4375,12.6875],"rotation":180,"texture":"#1"}}},{"from":[-7.69817,-0.7962,8.09896],"to":[-6.23593,4.04747,9.74398],"rotation":{"angle":22.5,"axis":"z","origin":[-20.15571,7.4808,2.35178]},"faces":{"north":{"uv":[4.875,11.6875,4.5,10.5],"rotation":180,"texture":"#1"},"east":{"uv":[10.5,2.25,11.6875,2.6875],"rotation":90,"texture":"#1"},"south":{"uv":[10.875,10,10.5,11.1875],"texture":"#1"},"west":{"uv":[10.5,4.5,11.6875,4.9375],"rotation":270,"texture":"#1"},"up":{"uv":[12.5,2.75,12.875,3.1875],"texture":"#1"},"down":{"uv":[2.75,12.5,3.125,12.9375],"rotation":180,"texture":"#1"}}},{"from":[-9.82543,-1.35714,8.38496],"to":[-8.72875,2.11568,9.48164],"rotation":{"angle":45,"axis":"z","origin":[-20.15571,7.4808,2.35178]},"faces":{"north":{"uv":[13.125,0,12.25,0.25],"rotation":90,"texture":"#1"},"east":{"uv":[12,12,12.875,12.25],"rotation":90,"texture":"#1"},"south":{"uv":[13.125,0,12.25,0.25],"rotation":90,"texture":"#1"},"west":{"uv":[11,12,11.875,12.25],"rotation":270,"texture":"#1"},"up":{"uv":[4.75,5,5.125,5.375],"texture":"#1"},"down":{"uv":[8.75,10,9,10.25],"rotation":180,"texture":"#1"}}},{"from":[-10.21426,1.72827,8.98173],"to":[-8.11776,4.20127,8.98173],"rotation":{"angle":45,"axis":"z","origin":[-20.15571,7.4808,2.35178]},"faces":{"north":{"uv":[2.125,0.46875,1.75,0.07813],"rotation":90,"texture":"#1"},"east":{"uv":[12,12,12.875,12.25],"rotation":90,"texture":"#1"},"south":{"uv":[2.125,0.07813,1.75,0.46875],"rotation":90,"texture":"#1"},"west":{"uv":[11,12,11.875,12.25],"rotation":270,"texture":"#1"},"up":{"uv":[4.375,5,4.75,5.375],"texture":"#1"},"down":{"uv":[8.75,10,9,10.25],"rotation":180,"texture":"#1"}}},{"from":[1.05774,1.72827,-6.24403],"to":[3.15424,4.20127,-6.24403],"rotation":{"angle":45,"axis":"z","origin":[-8.88371,7.4808,-0.37622]},"faces":{"north":{"uv":[2.125,0.46875,1.75,0.07813],"rotation":90,"texture":"#1"},"east":{"uv":[12,12,12.875,12.25],"rotation":90,"texture":"#1"},"south":{"uv":[2.125,0.07813,1.75,0.46875],"rotation":90,"texture":"#1"},"west":{"uv":[11,12,11.875,12.25],"rotation":270,"texture":"#1"},"up":{"uv":[4.375,5,4.75,5.375],"texture":"#1"},"down":{"uv":[8.75,10,9,10.25],"rotation":180,"texture":"#1"}}},{"from":[1.44657,-1.35714,-6.8408],"to":[2.54325,2.11568,-5.74412],"rotation":{"angle":45,"axis":"z","origin":[-8.88371,7.4808,-0.37622]},"faces":{"north":{"uv":[13.125,0,12.25,0.25],"rotation":90,"texture":"#1"},"east":{"uv":[12,12,12.875,12.25],"rotation":90,"texture":"#1"},"south":{"uv":[13.125,0,12.25,0.25],"rotation":90,"texture":"#1"},"west":{"uv":[11,12,11.875,12.25],"rotation":270,"texture":"#1"},"up":{"uv":[4.75,5,5.125,5.375],"texture":"#1"},"down":{"uv":[8.75,10,9,10.25],"rotation":180,"texture":"#1"}}},{"from":[3.57383,-0.7962,-7.1268],"to":[5.03607,4.04747,-5.48178],"rotation":{"angle":22.5,"axis":"z","origin":[-8.88371,7.4808,-0.37622]},"faces":{"north":{"uv":[4.875,11.6875,4.5,10.5],"rotation":180,"texture":"#1"},"east":{"uv":[10.5,2.25,11.6875,2.6875],"rotation":90,"texture":"#1"},"south":{"uv":[10.875,10,10.5,11.1875],"texture":"#1"},"west":{"uv":[10.5,4.5,11.6875,4.9375],"rotation":270,"texture":"#1"},"up":{"uv":[12.5,2.75,12.875,3.1875],"texture":"#1"},"down":{"uv":[2.75,12.5,3.125,12.9375],"rotation":180,"texture":"#1"}}},{"from":[5.35452,-2.65083,-7.21371],"to":[7.22801,5.36468,-5.38591],"rotation":{"angle":0,"axis":"y","origin":[-8.88371,7.4808,-0.37622]},"faces":{"north":{"uv":[10.4375,5.75,10,4.5],"rotation":180,"texture":"#1"},"east":{"uv":[4,10,5.25,10.4375],"rotation":90,"texture":"#1"},"south":{"uv":[10.4375,5.75,10,4.5],"rotation":180,"texture":"#1"},"west":{"uv":[10,4,11.25,4.4375],"rotation":270,"texture":"#1"},"up":{"uv":[11.25,12.25,11.6875,12.6875],"texture":"#1"},"down":{"uv":[6,12.25,6.4375,12.6875],"rotation":180,"texture":"#1"}}},{"from":[-6.48648,3.04947,18.92337],"to":[-4.83024,5.00315,18.92337],"rotation":{"angle":45,"axis":"z","origin":[-12.15571,7.4808,6.35178]},"faces":{"north":{"uv":[2.125,0.46875,1.75,0.07813],"rotation":90,"texture":"#1"},"east":{"uv":[12,12,12.875,12.25],"rotation":90,"texture":"#1"},"south":{"uv":[2.125,0.07813,1.75,0.46875],"rotation":90,"texture":"#1"},"west":{"uv":[11,12,11.875,12.25],"rotation":270,"texture":"#1"},"up":{"uv":[4.375,5,4.75,5.375],"texture":"#1"},"down":{"uv":[8.75,10,9,10.25],"rotation":180,"texture":"#1"}}},{"from":[-6.1793,0.612,18.45192],"to":[-5.31292,3.35553,19.3183],"rotation":{"angle":45,"axis":"z","origin":[-12.15571,7.4808,6.35178]},"faces":{"north":{"uv":[13.125,0,12.25,0.25],"rotation":90,"texture":"#1"},"east":{"uv":[12,12,12.875,12.25],"rotation":90,"texture":"#1"},"south":{"uv":[13.125,0,12.25,0.25],"rotation":90,"texture":"#1"},"west":{"uv":[11,12,11.875,12.25],"rotation":270,"texture":"#1"},"up":{"uv":[4.75,5,5.125,5.375],"texture":"#1"},"down":{"uv":[8.75,10,9,10.25],"rotation":180,"texture":"#1"}}},{"from":[-4.37578,0.21055,18.22598],"to":[-3.22062,4.03705,19.52555],"rotation":{"angle":22.5,"axis":"z","origin":[-12.15571,7.4808,6.35178]},"faces":{"north":{"uv":[4.875,11.6875,4.5,10.5],"rotation":180,"texture":"#1"},"east":{"uv":[10.5,2.25,11.6875,2.6875],"rotation":90,"texture":"#1"},"south":{"uv":[10.875,10,10.5,11.1875],"texture":"#1"},"west":{"uv":[10.5,4.5,11.6875,4.9375],"rotation":270,"texture":"#1"},"up":{"uv":[12.5,2.75,12.875,3.1875],"texture":"#1"},"down":{"uv":[2.75,12.5,3.125,12.9375],"rotation":180,"texture":"#1"}}},{"from":[-2.53222,-2.61784,18.15732],"to":[-1.05216,4.34441,19.60128],"rotation":{"angle":0,"axis":"y","origin":[-12.15571,7.4808,6.35178]},"faces":{"north":{"uv":[10.4375,5.75,10,4.5],"rotation":180,"texture":"#1"},"east":{"uv":[4,10,5.25,10.4375],"rotation":90,"texture":"#1"},"south":{"uv":[10.4375,5.75,10,4.5],"rotation":180,"texture":"#1"},"west":{"uv":[10,4,11.25,4.4375],"rotation":270,"texture":"#1"},"up":{"uv":[11.25,12.25,11.6875,12.6875],"texture":"#1"},"down":{"uv":[6,12.25,6.4375,12.6875],"rotation":180,"texture":"#1"}}},{"from":[-7.51048,3.04947,0.84001],"to":[-5.85424,5.00315,0.84001],"rotation":{"angle":45,"axis":"z","origin":[-13.17971,7.4808,12.12778]},"faces":{"north":{"uv":[2.125,0.46875,1.75,0.07813],"rotation":90,"texture":"#1"},"east":{"uv":[12,12,12.875,12.25],"rotation":90,"texture":"#1"},"south":{"uv":[2.125,0.07813,1.75,0.46875],"rotation":90,"texture":"#1"},"west":{"uv":[11,12,11.875,12.25],"rotation":270,"texture":"#1"},"up":{"uv":[4.375,5,4.75,5.375],"texture":"#1"},"down":{"uv":[8.75,10,9,10.25],"rotation":180,"texture":"#1"}}},{"from":[-7.2033,0.612,0.36856],"to":[-6.33692,3.35553,1.23494],"rotation":{"angle":45,"axis":"z","origin":[-13.17971,7.4808,12.12778]},"faces":{"north":{"uv":[13.125,0,12.25,0.25],"rotation":90,"texture":"#1"},"east":{"uv":[12,12,12.875,12.25],"rotation":90,"texture":"#1"},"south":{"uv":[13.125,0,12.25,0.25],"rotation":90,"texture":"#1"},"west":{"uv":[11,12,11.875,12.25],"rotation":270,"texture":"#1"},"up":{"uv":[4.75,5,5.125,5.375],"texture":"#1"},"down":{"uv":[8.75,10,9,10.25],"rotation":180,"texture":"#1"}}},{"from":[-5.39978,0.21055,0.14262],"to":[-4.24462,4.03705,1.44219],"rotation":{"angle":22.5,"axis":"z","origin":[-13.17971,7.4808,12.12778]},"faces":{"north":{"uv":[4.875,11.6875,4.5,10.5],"rotation":180,"texture":"#1"},"east":{"uv":[10.5,2.25,11.6875,2.6875],"rotation":90,"texture":"#1"},"south":{"uv":[10.875,10,10.5,11.1875],"texture":"#1"},"west":{"uv":[10.5,4.5,11.6875,4.9375],"rotation":270,"texture":"#1"},"up":{"uv":[12.5,2.75,12.875,3.1875],"texture":"#1"},"down":{"uv":[2.75,12.5,3.125,12.9375],"rotation":180,"texture":"#1"}}},{"from":[-3.55622,-2.61784,0.07396],"to":[-2.07616,4.34441,1.51792],"rotation":{"angle":0,"axis":"y","origin":[-13.17971,7.4808,12.12778]},"faces":{"north":{"uv":[10.4375,5.75,10,4.5],"rotation":180,"texture":"#1"},"east":{"uv":[4,10,5.25,10.4375],"rotation":90,"texture":"#1"},"south":{"uv":[10.4375,5.75,10,4.5],"rotation":180,"texture":"#1"},"west":{"uv":[10,4,11.25,4.4375],"rotation":270,"texture":"#1"},"up":{"uv":[11.25,12.25,11.6875,12.6875],"texture":"#1"},"down":{"uv":[6,12.25,6.4375,12.6875],"rotation":180,"texture":"#1"}}},{"from":[10.35077,-5.78778,-5.66367],"to":[12.00701,-3.83411,-5.66367],"rotation":{"angle":45,"axis":"z","origin":[-4.15571,7.4808,3.35178]},"faces":{"north":{"uv":[2.125,0.46875,1.75,0.07813],"rotation":90,"texture":"#1"},"east":{"uv":[12,12,12.875,12.25],"rotation":90,"texture":"#1"},"south":{"uv":[2.125,0.07813,1.75,0.46875],"rotation":90,"texture":"#1"},"west":{"uv":[11,12,11.875,12.25],"rotation":270,"texture":"#1"},"up":{"uv":[4.375,5,4.75,5.375],"texture":"#1"},"down":{"uv":[8.75,10,9,10.25],"rotation":180,"texture":"#1"}}},{"from":[10.65795,-8.22525,-6.13512],"to":[11.52433,-5.48172,-5.26874],"rotation":{"angle":45,"axis":"z","origin":[-4.15571,7.4808,3.35178]},"faces":{"north":{"uv":[13.125,0,12.25,0.25],"rotation":90,"texture":"#1"},"east":{"uv":[12,12,12.875,12.25],"rotation":90,"texture":"#1"},"south":{"uv":[13.125,0,12.25,0.25],"rotation":90,"texture":"#1"},"west":{"uv":[11,12,11.875,12.25],"rotation":270,"texture":"#1"},"up":{"uv":[4.75,5,5.125,5.375],"texture":"#1"},"down":{"uv":[8.75,10,9,10.25],"rotation":180,"texture":"#1"}}},{"from":[15.17064,-4.57214,-6.36106],"to":[16.32581,-0.74564,-5.06149],"rotation":{"angle":22.5,"axis":"z","origin":[-4.15571,7.4808,3.35178]},"faces":{"north":{"uv":[4.875,11.6875,4.5,10.5],"rotation":180,"texture":"#1"},"east":{"uv":[10.5,2.25,11.6875,2.6875],"rotation":90,"texture":"#1"},"south":{"uv":[10.875,10,10.5,11.1875],"texture":"#1"},"west":{"uv":[10.5,4.5,11.6875,4.9375],"rotation":270,"texture":"#1"},"up":{"uv":[12.5,2.75,12.875,3.1875],"texture":"#1"},"down":{"uv":[2.75,12.5,3.125,12.9375],"rotation":180,"texture":"#1"}}},{"from":[17.96554,-2.61784,-6.42972],"to":[19.4456,4.34441,-4.98576],"rotation":{"angle":0,"axis":"y","origin":[-4.15571,7.4808,3.35178]},"faces":{"north":{"uv":[10.4375,5.75,10,4.5],"rotation":180,"texture":"#1"},"east":{"uv":[4,10,5.25,10.4375],"rotation":90,"texture":"#1"},"south":{"uv":[10.4375,5.75,10,4.5],"rotation":180,"texture":"#1"},"west":{"uv":[10,4,11.25,4.4375],"rotation":270,"texture":"#1"},"up":{"uv":[11.25,12.25,11.6875,12.6875],"texture":"#1"},"down":{"uv":[6,12.25,6.4375,12.6875],"rotation":180,"texture":"#1"}}},{"from":[7.82938,-2.61784,11.15732],"to":[9.30944,4.34441,12.60128],"rotation":{"angle":0,"axis":"y","origin":[-13.15571,7.4808,-0.64822]},"faces":{"north":{"uv":[10.4375,5.75,10,4.5],"rotation":180,"texture":"#1"},"east":{"uv":[4,10,5.25,10.4375],"rotation":90,"texture":"#1"},"south":{"uv":[10.4375,5.75,10,4.5],"rotation":180,"texture":"#1"},"west":{"uv":[10,4,11.25,4.4375],"rotation":270,"texture":"#1"},"up":{"uv":[11.25,12.25,11.6875,12.6875],"texture":"#1"},"down":{"uv":[6,12.25,6.4375,12.6875],"rotation":180,"texture":"#1"}}},{"from":[5.12096,-4.13735,11.22598],"to":[6.27613,-0.31085,12.52555],"rotation":{"angle":22.5,"axis":"z","origin":[-13.15571,7.4808,-0.64822]},"faces":{"north":{"uv":[4.875,11.6875,4.5,10.5],"rotation":180,"texture":"#1"},"east":{"uv":[10.5,2.25,11.6875,2.6875],"rotation":90,"texture":"#1"},"south":{"uv":[10.875,10,10.5,11.1875],"texture":"#1"},"west":{"uv":[10.5,4.5,11.6875,4.9375],"rotation":270,"texture":"#1"},"up":{"uv":[12.5,2.75,12.875,3.1875],"texture":"#1"},"down":{"uv":[2.75,12.5,3.125,12.9375],"rotation":180,"texture":"#1"}}},{"from":[0.85457,-7.42187,11.45192],"to":[1.72095,-4.67834,12.3183],"rotation":{"angle":45,"axis":"z","origin":[-13.15571,7.4808,-0.64822]},"faces":{"north":{"uv":[13.125,0,12.25,0.25],"rotation":90,"texture":"#1"},"east":{"uv":[12,12,12.875,12.25],"rotation":90,"texture":"#1"},"south":{"uv":[13.125,0,12.25,0.25],"rotation":90,"texture":"#1"},"west":{"uv":[11,12,11.875,12.25],"rotation":270,"texture":"#1"},"up":{"uv":[4.75,5,5.125,5.375],"texture":"#1"},"down":{"uv":[8.75,10,9,10.25],"rotation":180,"texture":"#1"}}},{"from":[0.54738,-4.98439,11.92337],"to":[2.20362,-3.03072,11.92337],"rotation":{"angle":45,"axis":"z","origin":[-13.15571,7.4808,-0.64822]},"faces":{"north":{"uv":[2.125,0.46875,1.75,0.07813],"rotation":90,"texture":"#1"},"east":{"uv":[12,12,12.875,12.25],"rotation":90,"texture":"#1"},"south":{"uv":[2.125,0.07813,1.75,0.46875],"rotation":90,"texture":"#1"},"west":{"uv":[11,12,11.875,12.25],"rotation":270,"texture":"#1"},"up":{"uv":[4.375,5,4.75,5.375],"texture":"#1"},"down":{"uv":[8.75,10,9,10.25],"rotation":180,"texture":"#1"}}},{"from":[14.38792,-2.76612,16.36749],"to":[16.75108,6.56026,18.67302],"rotation":{"angle":0,"axis":"y","origin":[-10.15571,7.4808,11.35178]},"faces":{"north":{"uv":[10.4375,5.75,10,4.5],"rotation":180,"texture":"#1"},"east":{"uv":[4,10,5.25,10.4375],"rotation":90,"texture":"#1"},"south":{"uv":[10.4375,5.75,10,4.5],"rotation":180,"texture":"#1"},"west":{"uv":[10,4,11.25,4.4375],"rotation":270,"texture":"#1"},"up":{"uv":[11.25,12.25,11.6875,12.6875],"texture":"#1"},"down":{"uv":[6,12.25,6.4375,12.6875],"rotation":180,"texture":"#1"}}},{"from":[12.30983,-3.86357,16.47712],"to":[14.15425,2.24606,18.55209],"rotation":{"angle":22.5,"axis":"z","origin":[-10.15571,7.4808,11.35178]},"faces":{"north":{"uv":[4.875,11.6875,4.5,10.5],"rotation":180,"texture":"#1"},"east":{"uv":[10.5,2.25,11.6875,2.6875],"rotation":90,"texture":"#1"},"south":{"uv":[10.875,10,10.5,11.1875],"texture":"#1"},"west":{"uv":[10.5,4.5,11.6875,4.9375],"rotation":270,"texture":"#1"},"up":{"uv":[12.5,2.75,12.875,3.1875],"texture":"#1"},"down":{"uv":[2.75,12.5,3.125,12.9375],"rotation":180,"texture":"#1"}}},{"from":[8.76665,-7.0862,16.83787],"to":[10.14996,-2.70571,18.22119],"rotation":{"angle":45,"axis":"z","origin":[-10.15571,7.4808,11.35178]},"faces":{"north":{"uv":[13.125,0,12.25,0.25],"rotation":90,"texture":"#1"},"east":{"uv":[12,12,12.875,12.25],"rotation":90,"texture":"#1"},"south":{"uv":[13.125,0,12.25,0.25],"rotation":90,"texture":"#1"},"west":{"uv":[11,12,11.875,12.25],"rotation":270,"texture":"#1"},"up":{"uv":[4.375,5,4.75,5.375],"texture":"#1"},"down":{"uv":[8.75,10,9,10.25],"rotation":180,"texture":"#1"}}},{"from":[9.30796,-2.65083,0.78661],"to":[11.18145,5.36468,2.61441],"rotation":{"angle":0,"axis":"y","origin":[-15.15571,7.4808,5.35178]},"faces":{"north":{"uv":[10.4375,5.75,10,4.5],"rotation":180,"texture":"#1"},"east":{"uv":[4,10,5.25,10.4375],"rotation":90,"texture":"#1"},"south":{"uv":[10.4375,5.75,10,4.5],"rotation":180,"texture":"#1"},"west":{"uv":[10,4,11.25,4.4375],"rotation":270,"texture":"#1"},"up":{"uv":[11.25,12.25,11.6875,12.6875],"texture":"#1"},"down":{"uv":[6,12.25,6.4375,12.6875],"rotation":180,"texture":"#1"}}},{"from":[6.74891,-4.70931,0.87352],"to":[8.21115,0.13436,2.51854],"rotation":{"angle":22.5,"axis":"z","origin":[-15.15571,7.4808,5.35178]},"faces":{"north":{"uv":[4.875,11.6875,4.5,10.5],"rotation":180,"texture":"#1"},"east":{"uv":[10.5,2.25,11.6875,2.6875],"rotation":90,"texture":"#1"},"south":{"uv":[10.875,10,10.5,11.1875],"texture":"#1"},"west":{"uv":[10.5,4.5,11.6875,4.9375],"rotation":270,"texture":"#1"},"up":{"uv":[12.5,2.75,12.875,3.1875],"texture":"#1"},"down":{"uv":[2.75,12.5,3.125,12.9375],"rotation":180,"texture":"#1"}}},{"from":[2.40505,-8.58762,1.15952],"to":[3.50173,-5.1148,2.2562],"rotation":{"angle":45,"axis":"z","origin":[-15.15571,7.4808,5.35178]},"faces":{"north":{"uv":[13.125,0,12.25,0.25],"rotation":90,"texture":"#1"},"east":{"uv":[12,12,12.875,12.25],"rotation":90,"texture":"#1"},"south":{"uv":[13.125,0,12.25,0.25],"rotation":90,"texture":"#1"},"west":{"uv":[11,12,11.875,12.25],"rotation":270,"texture":"#1"},"up":{"uv":[4.75,5,5.125,5.375],"texture":"#1"},"down":{"uv":[8.75,10,9,10.25],"rotation":180,"texture":"#1"}}},{"from":[2.01621,-5.50221,1.75629],"to":[4.11272,-3.02921,1.75629],"rotation":{"angle":45,"axis":"z","origin":[-15.15571,7.4808,5.35178]},"faces":{"north":{"uv":[2.125,0.46875,1.75,0.07813],"rotation":90,"texture":"#1"},"east":{"uv":[12,12,12.875,12.25],"rotation":90,"texture":"#1"},"south":{"uv":[2.125,0.07813,1.75,0.46875],"rotation":90,"texture":"#1"},"west":{"uv":[11,12,11.875,12.25],"rotation":270,"texture":"#1"},"up":{"uv":[4.375,5,4.75,5.375],"texture":"#1"},"down":{"uv":[8.75,10,9,10.25],"rotation":180,"texture":"#1"}}}],"display":{"head":{"rotation":[0,90,0],"translation":[-0.5,-16,0],"scale":[4,4,4]}}}