{"credit":"Naruto RPG","texture_size":[64,64],"textures":{"1":"kaguya:item/kaguya_hueso_1"},"elements":[{"from":[7.94633,-2.26588,6.15707],"to":[9.32964,2.11461,7.54039],"rotation":{"angle":45,"axis":"z","origin":[-6.15571,7.4808,6.35178]},"faces":{"north":{"uv":[13.125,0,12.25,0.25],"rotation":90,"texture":"#1"},"east":{"uv":[12,12,12.875,12.25],"rotation":90,"texture":"#1"},"south":{"uv":[13.125,0,12.25,0.25],"rotation":90,"texture":"#1"},"west":{"uv":[11,12,11.875,12.25],"rotation":270,"texture":"#1"},"up":{"uv":[4.375,5,4.75,5.375],"texture":"#1"},"down":{"uv":[8.75,10,9,10.25],"rotation":180,"texture":"#1"}}},{"from":[10.01178,-1.25483,5.79632],"to":[11.8562,4.8548,7.87129],"rotation":{"angle":22.5,"axis":"z","origin":[-6.15571,7.4808,6.35178]},"faces":{"north":{"uv":[4.875,11.6875,4.5,10.5],"rotation":180,"texture":"#1"},"east":{"uv":[10.5,2.25,11.6875,2.6875],"rotation":90,"texture":"#1"},"south":{"uv":[10.875,10,10.5,11.1875],"texture":"#1"},"west":{"uv":[10.5,4.5,11.6875,4.9375],"rotation":270,"texture":"#1"},"up":{"uv":[12.5,2.75,12.875,3.1875],"texture":"#1"},"down":{"uv":[2.75,12.5,3.125,12.9375],"rotation":180,"texture":"#1"}}},{"from":[11.57096,-2.76612,5.68669],"to":[13.93412,6.56026,7.99222],"rotation":{"angle":0,"axis":"y","origin":[-6.15571,7.4808,6.35178]},"faces":{"north":{"uv":[10.4375,5.75,10,4.5],"rotation":180,"texture":"#1"},"east":{"uv":[4,10,5.25,10.4375],"rotation":90,"texture":"#1"},"south":{"uv":[10.4375,5.75,10,4.5],"rotation":180,"texture":"#1"},"west":{"uv":[10,4,11.25,4.4375],"rotation":270,"texture":"#1"},"up":{"uv":[11.25,12.25,11.6875,12.6875],"texture":"#1"},"down":{"uv":[6,12.25,6.4375,12.6875],"rotation":180,"texture":"#1"}}},{"from":[2.08252,-2.65083,9.01205],"to":[3.95601,5.36468,10.83985],"rotation":{"angle":0,"axis":"y","origin":[-12.15571,7.4808,3.35178]},"faces":{"north":{"uv":[10.4375,5.75,10,4.5],"rotation":180,"texture":"#1"},"east":{"uv":[4,10,5.25,10.4375],"rotation":90,"texture":"#1"},"south":{"uv":[10.4375,5.75,10,4.5],"rotation":180,"texture":"#1"},"west":{"uv":[10,4,11.25,4.4375],"rotation":270,"texture":"#1"},"up":{"uv":[11.25,12.25,11.6875,12.6875],"texture":"#1"},"down":{"uv":[6,12.25,6.4375,12.6875],"rotation":180,"texture":"#1"}}},{"from":[0.30183,-0.7962,9.09896],"to":[1.76407,4.04747,10.74398],"rotation":{"angle":22.5,"axis":"z","origin":[-12.15571,7.4808,3.35178]},"faces":{"north":{"uv":[4.875,11.6875,4.5,10.5],"rotation":180,"texture":"#1"},"east":{"uv":[10.5,2.25,11.6875,2.6875],"rotation":90,"texture":"#1"},"south":{"uv":[10.875,10,10.5,11.1875],"texture":"#1"},"west":{"uv":[10.5,4.5,11.6875,4.9375],"rotation":270,"texture":"#1"},"up":{"uv":[12.5,2.75,12.875,3.1875],"texture":"#1"},"down":{"uv":[2.75,12.5,3.125,12.9375],"rotation":180,"texture":"#1"}}},{"from":[-1.82543,-1.35714,9.38496],"to":[-0.72875,2.11568,10.48164],"rotation":{"angle":45,"axis":"z","origin":[-12.15571,7.4808,3.35178]},"faces":{"north":{"uv":[13.125,0,12.25,0.25],"rotation":90,"texture":"#1"},"east":{"uv":[12,12,12.875,12.25],"rotation":90,"texture":"#1"},"south":{"uv":[13.125,0,12.25,0.25],"rotation":90,"texture":"#1"},"west":{"uv":[11,12,11.875,12.25],"rotation":270,"texture":"#1"},"up":{"uv":[4.75,5,5.125,5.375],"texture":"#1"},"down":{"uv":[8.75,10,9,10.25],"rotation":180,"texture":"#1"}}},{"from":[-2.21426,1.72827,9.98173],"to":[-0.11776,4.20127,9.98173],"rotation":{"angle":45,"axis":"z","origin":[-12.15571,7.4808,3.35178]},"faces":{"north":{"uv":[2.125,0.46875,1.75,0.07813],"rotation":90,"texture":"#1"},"east":{"uv":[12,12,12.875,12.25],"rotation":90,"texture":"#1"},"south":{"uv":[2.125,0.07813,1.75,0.46875],"rotation":90,"texture":"#1"},"west":{"uv":[11,12,11.875,12.25],"rotation":270,"texture":"#1"},"up":{"uv":[4.375,5,4.75,5.375],"texture":"#1"},"down":{"uv":[8.75,10,9,10.25],"rotation":180,"texture":"#1"}}},{"from":[-1.94226,1.72827,-3.24403],"to":[0.15424,4.20127,-3.24403],"rotation":{"angle":45,"axis":"z","origin":[-11.88371,7.4808,2.62378]},"faces":{"north":{"uv":[2.125,0.46875,1.75,0.07813],"rotation":90,"texture":"#1"},"east":{"uv":[12,12,12.875,12.25],"rotation":90,"texture":"#1"},"south":{"uv":[2.125,0.07813,1.75,0.46875],"rotation":90,"texture":"#1"},"west":{"uv":[11,12,11.875,12.25],"rotation":270,"texture":"#1"},"up":{"uv":[4.375,5,4.75,5.375],"texture":"#1"},"down":{"uv":[8.75,10,9,10.25],"rotation":180,"texture":"#1"}}},{"from":[-1.55343,-1.35714,-3.8408],"to":[-0.45675,2.11568,-2.74412],"rotation":{"angle":45,"axis":"z","origin":[-11.88371,7.4808,2.62378]},"faces":{"north":{"uv":[13.125,0,12.25,0.25],"rotation":90,"texture":"#1"},"east":{"uv":[12,12,12.875,12.25],"rotation":90,"texture":"#1"},"south":{"uv":[13.125,0,12.25,0.25],"rotation":90,"texture":"#1"},"west":{"uv":[11,12,11.875,12.25],"rotation":270,"texture":"#1"},"up":{"uv":[4.75,5,5.125,5.375],"texture":"#1"},"down":{"uv":[8.75,10,9,10.25],"rotation":180,"texture":"#1"}}},{"from":[0.57383,-0.7962,-4.1268],"to":[2.03607,4.04747,-2.48178],"rotation":{"angle":22.5,"axis":"z","origin":[-11.88371,7.4808,2.62378]},"faces":{"north":{"uv":[4.875,11.6875,4.5,10.5],"rotation":180,"texture":"#1"},"east":{"uv":[10.5,2.25,11.6875,2.6875],"rotation":90,"texture":"#1"},"south":{"uv":[10.875,10,10.5,11.1875],"texture":"#1"},"west":{"uv":[10.5,4.5,11.6875,4.9375],"rotation":270,"texture":"#1"},"up":{"uv":[12.5,2.75,12.875,3.1875],"texture":"#1"},"down":{"uv":[2.75,12.5,3.125,12.9375],"rotation":180,"texture":"#1"}}},{"from":[2.35452,-2.65083,-4.21371],"to":[4.22801,5.36468,-2.38591],"rotation":{"angle":0,"axis":"y","origin":[-11.88371,7.4808,2.62378]},"faces":{"north":{"uv":[10.4375,5.75,10,4.5],"rotation":180,"texture":"#1"},"east":{"uv":[4,10,5.25,10.4375],"rotation":90,"texture":"#1"},"south":{"uv":[10.4375,5.75,10,4.5],"rotation":180,"texture":"#1"},"west":{"uv":[10,4,11.25,4.4375],"rotation":270,"texture":"#1"},"up":{"uv":[11.25,12.25,11.6875,12.6875],"texture":"#1"},"down":{"uv":[6,12.25,6.4375,12.6875],"rotation":180,"texture":"#1"}}},{"from":[-2.48648,3.04947,20.92337],"to":[-0.83024,5.00315,20.92337],"rotation":{"angle":45,"axis":"z","origin":[-8.15571,7.4808,8.35178]},"faces":{"north":{"uv":[2.125,0.46875,1.75,0.07813],"rotation":90,"texture":"#1"},"east":{"uv":[12,12,12.875,12.25],"rotation":90,"texture":"#1"},"south":{"uv":[2.125,0.07813,1.75,0.46875],"rotation":90,"texture":"#1"},"west":{"uv":[11,12,11.875,12.25],"rotation":270,"texture":"#1"},"up":{"uv":[4.375,5,4.75,5.375],"texture":"#1"},"down":{"uv":[8.75,10,9,10.25],"rotation":180,"texture":"#1"}}},{"from":[-2.1793,0.612,20.45192],"to":[-1.31292,3.35553,21.3183],"rotation":{"angle":45,"axis":"z","origin":[-8.15571,7.4808,8.35178]},"faces":{"north":{"uv":[13.125,0,12.25,0.25],"rotation":90,"texture":"#1"},"east":{"uv":[12,12,12.875,12.25],"rotation":90,"texture":"#1"},"south":{"uv":[13.125,0,12.25,0.25],"rotation":90,"texture":"#1"},"west":{"uv":[11,12,11.875,12.25],"rotation":270,"texture":"#1"},"up":{"uv":[4.75,5,5.125,5.375],"texture":"#1"},"down":{"uv":[8.75,10,9,10.25],"rotation":180,"texture":"#1"}}},{"from":[-0.37578,0.21055,20.22598],"to":[0.77938,4.03705,21.52555],"rotation":{"angle":22.5,"axis":"z","origin":[-8.15571,7.4808,8.35178]},"faces":{"north":{"uv":[4.875,11.6875,4.5,10.5],"rotation":180,"texture":"#1"},"east":{"uv":[10.5,2.25,11.6875,2.6875],"rotation":90,"texture":"#1"},"south":{"uv":[10.875,10,10.5,11.1875],"texture":"#1"},"west":{"uv":[10.5,4.5,11.6875,4.9375],"rotation":270,"texture":"#1"},"up":{"uv":[12.5,2.75,12.875,3.1875],"texture":"#1"},"down":{"uv":[2.75,12.5,3.125,12.9375],"rotation":180,"texture":"#1"}}},{"from":[1.46778,-2.61784,20.15732],"to":[2.94784,4.34441,21.60128],"rotation":{"angle":0,"axis":"y","origin":[-8.15571,7.4808,8.35178]},"faces":{"north":{"uv":[10.4375,5.75,10,4.5],"rotation":180,"texture":"#1"},"east":{"uv":[4,10,5.25,10.4375],"rotation":90,"texture":"#1"},"south":{"uv":[10.4375,5.75,10,4.5],"rotation":180,"texture":"#1"},"west":{"uv":[10,4,11.25,4.4375],"rotation":270,"texture":"#1"},"up":{"uv":[11.25,12.25,11.6875,12.6875],"texture":"#1"},"down":{"uv":[6,12.25,6.4375,12.6875],"rotation":180,"texture":"#1"}}},{"from":[-7.51048,3.04947,4.84001],"to":[-5.85424,5.00315,4.84001],"rotation":{"angle":45,"axis":"z","origin":[-13.17971,7.4808,16.12778]},"faces":{"north":{"uv":[2.125,0.46875,1.75,0.07813],"rotation":90,"texture":"#1"},"east":{"uv":[12,12,12.875,12.25],"rotation":90,"texture":"#1"},"south":{"uv":[2.125,0.07813,1.75,0.46875],"rotation":90,"texture":"#1"},"west":{"uv":[11,12,11.875,12.25],"rotation":270,"texture":"#1"},"up":{"uv":[4.375,5,4.75,5.375],"texture":"#1"},"down":{"uv":[8.75,10,9,10.25],"rotation":180,"texture":"#1"}}},{"from":[-7.2033,0.612,4.36856],"to":[-6.33692,3.35553,5.23494],"rotation":{"angle":45,"axis":"z","origin":[-13.17971,7.4808,16.12778]},"faces":{"north":{"uv":[13.125,0,12.25,0.25],"rotation":90,"texture":"#1"},"east":{"uv":[12,12,12.875,12.25],"rotation":90,"texture":"#1"},"south":{"uv":[13.125,0,12.25,0.25],"rotation":90,"texture":"#1"},"west":{"uv":[11,12,11.875,12.25],"rotation":270,"texture":"#1"},"up":{"uv":[4.75,5,5.125,5.375],"texture":"#1"},"down":{"uv":[8.75,10,9,10.25],"rotation":180,"texture":"#1"}}},{"from":[-5.39978,0.21055,4.14262],"to":[-4.24462,4.03705,5.44219],"rotation":{"angle":22.5,"axis":"z","origin":[-13.17971,7.4808,16.12778]},"faces":{"north":{"uv":[4.875,11.6875,4.5,10.5],"rotation":180,"texture":"#1"},"east":{"uv":[10.5,2.25,11.6875,2.6875],"rotation":90,"texture":"#1"},"south":{"uv":[10.875,10,10.5,11.1875],"texture":"#1"},"west":{"uv":[10.5,4.5,11.6875,4.9375],"rotation":270,"texture":"#1"},"up":{"uv":[12.5,2.75,12.875,3.1875],"texture":"#1"},"down":{"uv":[2.75,12.5,3.125,12.9375],"rotation":180,"texture":"#1"}}},{"from":[-3.55622,-2.61784,4.07396],"to":[-2.07616,4.34441,5.51792],"rotation":{"angle":0,"axis":"y","origin":[-13.17971,7.4808,16.12778]},"faces":{"north":{"uv":[10.4375,5.75,10,4.5],"rotation":180,"texture":"#1"},"east":{"uv":[4,10,5.25,10.4375],"rotation":90,"texture":"#1"},"south":{"uv":[10.4375,5.75,10,4.5],"rotation":180,"texture":"#1"},"west":{"uv":[10,4,11.25,4.4375],"rotation":270,"texture":"#1"},"up":{"uv":[11.25,12.25,11.6875,12.6875],"texture":"#1"},"down":{"uv":[6,12.25,6.4375,12.6875],"rotation":180,"texture":"#1"}}},{"from":[7.35077,-5.78778,-2.66367],"to":[9.00701,-3.83411,-2.66367],"rotation":{"angle":45,"axis":"z","origin":[-7.15571,7.4808,6.35178]},"faces":{"north":{"uv":[2.125,0.46875,1.75,0.07813],"rotation":90,"texture":"#1"},"east":{"uv":[12,12,12.875,12.25],"rotation":90,"texture":"#1"},"south":{"uv":[2.125,0.07813,1.75,0.46875],"rotation":90,"texture":"#1"},"west":{"uv":[11,12,11.875,12.25],"rotation":270,"texture":"#1"},"up":{"uv":[4.375,5,4.75,5.375],"texture":"#1"},"down":{"uv":[8.75,10,9,10.25],"rotation":180,"texture":"#1"}}},{"from":[7.65795,-8.22525,-3.13512],"to":[8.52433,-5.48172,-2.26874],"rotation":{"angle":45,"axis":"z","origin":[-7.15571,7.4808,6.35178]},"faces":{"north":{"uv":[13.125,0,12.25,0.25],"rotation":90,"texture":"#1"},"east":{"uv":[12,12,12.875,12.25],"rotation":90,"texture":"#1"},"south":{"uv":[13.125,0,12.25,0.25],"rotation":90,"texture":"#1"},"west":{"uv":[11,12,11.875,12.25],"rotation":270,"texture":"#1"},"up":{"uv":[4.75,5,5.125,5.375],"texture":"#1"},"down":{"uv":[8.75,10,9,10.25],"rotation":180,"texture":"#1"}}},{"from":[12.17064,-4.57214,-3.36106],"to":[13.32581,-0.74564,-2.06149],"rotation":{"angle":22.5,"axis":"z","origin":[-7.15571,7.4808,6.35178]},"faces":{"north":{"uv":[4.875,11.6875,4.5,10.5],"rotation":180,"texture":"#1"},"east":{"uv":[10.5,2.25,11.6875,2.6875],"rotation":90,"texture":"#1"},"south":{"uv":[10.875,10,10.5,11.1875],"texture":"#1"},"west":{"uv":[10.5,4.5,11.6875,4.9375],"rotation":270,"texture":"#1"},"up":{"uv":[12.5,2.75,12.875,3.1875],"texture":"#1"},"down":{"uv":[2.75,12.5,3.125,12.9375],"rotation":180,"texture":"#1"}}},{"from":[14.96554,-2.61784,-3.42972],"to":[16.4456,4.34441,-1.98576],"rotation":{"angle":0,"axis":"y","origin":[-7.15571,7.4808,6.35178]},"faces":{"north":{"uv":[10.4375,5.75,10,4.5],"rotation":180,"texture":"#1"},"east":{"uv":[4,10,5.25,10.4375],"rotation":90,"texture":"#1"},"south":{"uv":[10.4375,5.75,10,4.5],"rotation":180,"texture":"#1"},"west":{"uv":[10,4,11.25,4.4375],"rotation":270,"texture":"#1"},"up":{"uv":[11.25,12.25,11.6875,12.6875],"texture":"#1"},"down":{"uv":[6,12.25,6.4375,12.6875],"rotation":180,"texture":"#1"}}},{"from":[7.82938,-2.61784,15.15732],"to":[9.30944,4.34441,16.60128],"rotation":{"angle":0,"axis":"y","origin":[-13.15571,7.4808,3.35178]},"faces":{"north":{"uv":[10.4375,5.75,10,4.5],"rotation":180,"texture":"#1"},"east":{"uv":[4,10,5.25,10.4375],"rotation":90,"texture":"#1"},"south":{"uv":[10.4375,5.75,10,4.5],"rotation":180,"texture":"#1"},"west":{"uv":[10,4,11.25,4.4375],"rotation":270,"texture":"#1"},"up":{"uv":[11.25,12.25,11.6875,12.6875],"texture":"#1"},"down":{"uv":[6,12.25,6.4375,12.6875],"rotation":180,"texture":"#1"}}},{"from":[5.12096,-4.13735,15.22598],"to":[6.27613,-0.31085,16.52555],"rotation":{"angle":22.5,"axis":"z","origin":[-13.15571,7.4808,3.35178]},"faces":{"north":{"uv":[4.875,11.6875,4.5,10.5],"rotation":180,"texture":"#1"},"east":{"uv":[10.5,2.25,11.6875,2.6875],"rotation":90,"texture":"#1"},"south":{"uv":[10.875,10,10.5,11.1875],"texture":"#1"},"west":{"uv":[10.5,4.5,11.6875,4.9375],"rotation":270,"texture":"#1"},"up":{"uv":[12.5,2.75,12.875,3.1875],"texture":"#1"},"down":{"uv":[2.75,12.5,3.125,12.9375],"rotation":180,"texture":"#1"}}},{"from":[0.85457,-7.42187,15.45192],"to":[1.72095,-4.67834,16.3183],"rotation":{"angle":45,"axis":"z","origin":[-13.15571,7.4808,3.35178]},"faces":{"north":{"uv":[13.125,0,12.25,0.25],"rotation":90,"texture":"#1"},"east":{"uv":[12,12,12.875,12.25],"rotation":90,"texture":"#1"},"south":{"uv":[13.125,0,12.25,0.25],"rotation":90,"texture":"#1"},"west":{"uv":[11,12,11.875,12.25],"rotation":270,"texture":"#1"},"up":{"uv":[4.75,5,5.125,5.375],"texture":"#1"},"down":{"uv":[8.75,10,9,10.25],"rotation":180,"texture":"#1"}}},{"from":[0.54738,-4.98439,15.92337],"to":[2.20362,-3.03072,15.92337],"rotation":{"angle":45,"axis":"z","origin":[-13.15571,7.4808,3.35178]},"faces":{"north":{"uv":[2.125,0.46875,1.75,0.07813],"rotation":90,"texture":"#1"},"east":{"uv":[12,12,12.875,12.25],"rotation":90,"texture":"#1"},"south":{"uv":[2.125,0.07813,1.75,0.46875],"rotation":90,"texture":"#1"},"west":{"uv":[11,12,11.875,12.25],"rotation":270,"texture":"#1"},"up":{"uv":[4.375,5,4.75,5.375],"texture":"#1"},"down":{"uv":[8.75,10,9,10.25],"rotation":180,"texture":"#1"}}},{"from":[14.38792,-2.76612,11.36749],"to":[16.75108,6.56026,13.67302],"rotation":{"angle":0,"axis":"y","origin":[-10.15571,7.4808,6.35178]},"faces":{"north":{"uv":[10.4375,5.75,10,4.5],"rotation":180,"texture":"#1"},"east":{"uv":[4,10,5.25,10.4375],"rotation":90,"texture":"#1"},"south":{"uv":[10.4375,5.75,10,4.5],"rotation":180,"texture":"#1"},"west":{"uv":[10,4,11.25,4.4375],"rotation":270,"texture":"#1"},"up":{"uv":[11.25,12.25,11.6875,12.6875],"texture":"#1"},"down":{"uv":[6,12.25,6.4375,12.6875],"rotation":180,"texture":"#1"}}},{"from":[12.30983,-3.86357,11.47712],"to":[14.15425,2.24606,13.55209],"rotation":{"angle":22.5,"axis":"z","origin":[-10.15571,7.4808,6.35178]},"faces":{"north":{"uv":[4.875,11.6875,4.5,10.5],"rotation":180,"texture":"#1"},"east":{"uv":[10.5,2.25,11.6875,2.6875],"rotation":90,"texture":"#1"},"south":{"uv":[10.875,10,10.5,11.1875],"texture":"#1"},"west":{"uv":[10.5,4.5,11.6875,4.9375],"rotation":270,"texture":"#1"},"up":{"uv":[12.5,2.75,12.875,3.1875],"texture":"#1"},"down":{"uv":[2.75,12.5,3.125,12.9375],"rotation":180,"texture":"#1"}}},{"from":[8.76665,-7.0862,11.83787],"to":[10.14996,-2.70571,13.22119],"rotation":{"angle":45,"axis":"z","origin":[-10.15571,7.4808,6.35178]},"faces":{"north":{"uv":[13.125,0,12.25,0.25],"rotation":90,"texture":"#1"},"east":{"uv":[12,12,12.875,12.25],"rotation":90,"texture":"#1"},"south":{"uv":[13.125,0,12.25,0.25],"rotation":90,"texture":"#1"},"west":{"uv":[11,12,11.875,12.25],"rotation":270,"texture":"#1"},"up":{"uv":[4.375,5,4.75,5.375],"texture":"#1"},"down":{"uv":[8.75,10,9,10.25],"rotation":180,"texture":"#1"}}},{"from":[10.30796,-2.65083,0.78661],"to":[12.18145,5.36468,2.61441],"rotation":{"angle":0,"axis":"y","origin":[-14.15571,7.4808,5.35178]},"faces":{"north":{"uv":[10.4375,5.75,10,4.5],"rotation":180,"texture":"#1"},"east":{"uv":[4,10,5.25,10.4375],"rotation":90,"texture":"#1"},"south":{"uv":[10.4375,5.75,10,4.5],"rotation":180,"texture":"#1"},"west":{"uv":[10,4,11.25,4.4375],"rotation":270,"texture":"#1"},"up":{"uv":[11.25,12.25,11.6875,12.6875],"texture":"#1"},"down":{"uv":[6,12.25,6.4375,12.6875],"rotation":180,"texture":"#1"}}},{"from":[7.74891,-4.70931,0.87352],"to":[9.21115,0.13436,2.51854],"rotation":{"angle":22.5,"axis":"z","origin":[-14.15571,7.4808,5.35178]},"faces":{"north":{"uv":[4.875,11.6875,4.5,10.5],"rotation":180,"texture":"#1"},"east":{"uv":[10.5,2.25,11.6875,2.6875],"rotation":90,"texture":"#1"},"south":{"uv":[10.875,10,10.5,11.1875],"texture":"#1"},"west":{"uv":[10.5,4.5,11.6875,4.9375],"rotation":270,"texture":"#1"},"up":{"uv":[12.5,2.75,12.875,3.1875],"texture":"#1"},"down":{"uv":[2.75,12.5,3.125,12.9375],"rotation":180,"texture":"#1"}}},{"from":[3.40505,-8.58762,1.15952],"to":[4.50173,-5.1148,2.2562],"rotation":{"angle":45,"axis":"z","origin":[-14.15571,7.4808,5.35178]},"faces":{"north":{"uv":[13.125,0,12.25,0.25],"rotation":90,"texture":"#1"},"east":{"uv":[12,12,12.875,12.25],"rotation":90,"texture":"#1"},"south":{"uv":[13.125,0,12.25,0.25],"rotation":90,"texture":"#1"},"west":{"uv":[11,12,11.875,12.25],"rotation":270,"texture":"#1"},"up":{"uv":[4.75,5,5.125,5.375],"texture":"#1"},"down":{"uv":[8.75,10,9,10.25],"rotation":180,"texture":"#1"}}},{"from":[3.01621,-5.50221,1.75629],"to":[5.11272,-3.02921,1.75629],"rotation":{"angle":45,"axis":"z","origin":[-14.15571,7.4808,5.35178]},"faces":{"north":{"uv":[2.125,0.46875,1.75,0.07813],"rotation":90,"texture":"#1"},"east":{"uv":[12,12,12.875,12.25],"rotation":90,"texture":"#1"},"south":{"uv":[2.125,0.07813,1.75,0.46875],"rotation":90,"texture":"#1"},"west":{"uv":[11,12,11.875,12.25],"rotation":270,"texture":"#1"},"up":{"uv":[4.375,5,4.75,5.375],"texture":"#1"},"down":{"uv":[8.75,10,9,10.25],"rotation":180,"texture":"#1"}}}],"display":{"head":{"rotation":[0,90,0],"translation":[-0.5,-16,0],"scale":[4,4,4]}}}