{"credit":"Naruto RPG","texture_size":[64,64],"textures":{"1":"kaguya:item/kaguya_hueso_1"},"elements":[{"from":[-4.20827,-0.65739,11.07738],"to":[0.49173,-0.65739,14.47738],"rotation":{"angle":22.5,"axis":"z","origin":[1.38703,3.42669,15.05075]},"faces":{"north":{"uv":[1.1875,0,0,0],"texture":"#1"},"east":{"uv":[0.875,0,0,0],"texture":"#1"},"south":{"uv":[1.1875,0,0,0],"texture":"#1"},"west":{"uv":[0.875,0,0,0],"texture":"#1"},"up":{"uv":[9.875,5.1875,9,4],"rotation":270,"texture":"#1"},"down":{"uv":[9,5.1875,9.875,4],"rotation":270,"texture":"#1"}}},{"from":[1.98358,1.75,12.91096],"to":[11.98358,6.65,17.81096],"rotation":{"angle":22.5,"axis":"y","origin":[1.38703,3.42669,15.05075]},"faces":{"north":{"uv":[2.25,3.125,3.25,3.625],"texture":"#1"},"east":{"uv":[2.625,4.875,3.125,5.375],"texture":"#1"},"south":{"uv":[3,0.5,4,1],"texture":"#1"},"west":{"uv":[4,5,4.375,5.375],"texture":"#1"},"up":{"uv":[1.5,4.125,1,3.125],"rotation":90,"texture":"#1"},"down":{"uv":[1.5,4.125,1,3.125],"rotation":270,"texture":"#1"}}},{"from":[-5.11721,2.59787,13.4569],"to":[2.88279,5.69787,16.5569],"rotation":{"angle":0,"axis":"y","origin":[1.38703,3.42669,15.05075]},"faces":{"north":{"uv":[5.25,0.375,4.25,0],"texture":"#1"},"east":{"uv":[4.375,5,4.75,5.375],"texture":"#1"},"south":{"uv":[5.25,2.125,4.25,1.75],"texture":"#1"},"west":{"uv":[4.375,5,4.75,5.375],"texture":"#1"},"up":{"uv":[5.25,2.5,4.25,2.125],"texture":"#1"},"down":{"uv":[5.25,2.5,4.25,2.125],"texture":"#1"}}},{"from":[-3.56813,4.14894,22.02542],"to":[-2.06813,4.99893,22.82542],"rotation":{"angle":45,"axis":"y","origin":[-2.61297,3.42669,15.05075]},"faces":{"north":{"uv":[4.6875,4.1875,4.375,4],"texture":"#1"},"east":{"uv":[4.375,5,4.75,5.375],"texture":"#1"},"south":{"uv":[4.6875,4.1875,4.375,4],"texture":"#1"},"west":{"uv":[4.75,5,5.125,5.375],"texture":"#1"},"up":{"uv":[4.6875,4.1875,4.375,4],"texture":"#1"},"down":{"uv":[4.6875,4.1875,4.375,4],"texture":"#1"}}},{"from":[-5.31813,4.57394,20.77542],"to":[-2.31813,4.57394,23.57542],"rotation":{"angle":45,"axis":"y","origin":[-2.61297,3.42669,15.05075]},"faces":{"north":{"uv":[0,0,1.5,0],"texture":"#1"},"east":{"uv":[0,0,1.375,0],"texture":"#1"},"south":{"uv":[0,0,1.5,0],"texture":"#1"},"west":{"uv":[0,0,1.375,0],"texture":"#1"},"up":{"uv":[2.25,0.6875,1.5,0],"texture":"#1"},"down":{"uv":[2.25,0,1.5,0.6875],"texture":"#1"}}},{"from":[-2.77188,3.79894,21.60115],"to":[1.22812,5.34894,23.15115],"rotation":{"angle":45,"axis":"y","origin":[-2.61297,3.42669,15.05075]},"faces":{"north":{"uv":[5.25,0.375,4.25,0],"texture":"#1"},"east":{"uv":[4.375,5,4.75,5.375],"texture":"#1"},"south":{"uv":[5.25,2.125,4.25,1.75],"texture":"#1"},"west":{"uv":[4.375,5,4.75,5.375],"texture":"#1"},"up":{"uv":[5.25,2.5,4.25,2.125],"texture":"#1"},"down":{"uv":[5.25,2.5,4.25,2.125],"texture":"#1"}}},{"from":[4.2889,3.375,9.70641],"to":[6.7389,5.825,14.70641],"rotation":{"angle":-22.5,"axis":"y","origin":[-2.61297,3.42669,15.05075]},"faces":{"north":{"uv":[2.625,4.875,3.125,5.375],"texture":"#1"},"east":{"uv":[3,0.5,4,1],"texture":"#1"},"south":{"uv":[4,5,4.375,5.375],"texture":"#1"},"west":{"uv":[2.25,3.125,3.25,3.625],"texture":"#1"},"up":{"uv":[1.5,4.125,1,3.125],"texture":"#1"},"down":{"uv":[1.5,4.125,1,3.125],"texture":"#1"}}},{"from":[8.69372,1.63875,12.03238],"to":[10.38422,3.32925,15.48238],"rotation":{"angle":-22.5,"axis":"y","origin":[8.847,2.47501,16.06345]},"faces":{"north":{"uv":[2.625,4.875,3.125,5.375],"texture":"#1"},"east":{"uv":[3,0.5,4,1],"texture":"#1"},"south":{"uv":[4,5,4.375,5.375],"texture":"#1"},"west":{"uv":[2.25,3.125,3.25,3.625],"texture":"#1"},"up":{"uv":[1.5,4.125,1,3.125],"texture":"#1"},"down":{"uv":[1.5,4.125,1,3.125],"texture":"#1"}}},{"from":[7.17358,1.93127,15.91039],"to":[9.93358,3.00077,16.97989],"rotation":{"angle":45,"axis":"y","origin":[8.847,2.47501,16.06345]},"faces":{"north":{"uv":[5.25,0.375,4.25,0],"texture":"#1"},"east":{"uv":[4.375,5,4.75,5.375],"texture":"#1"},"south":{"uv":[5.25,2.125,4.25,1.75],"texture":"#1"},"west":{"uv":[4.375,5,4.75,5.375],"texture":"#1"},"up":{"uv":[5.25,2.5,4.25,2.125],"texture":"#1"},"down":{"uv":[5.25,2.5,4.25,2.125],"texture":"#1"}}},{"from":[6.62416,2.17277,16.20314],"to":[7.65916,2.75926,16.75514],"rotation":{"angle":45,"axis":"y","origin":[8.847,2.47501,16.06345]},"faces":{"north":{"uv":[4.6875,4.1875,4.375,4],"texture":"#1"},"east":{"uv":[4.375,5,4.75,5.375],"texture":"#1"},"south":{"uv":[4.6875,4.1875,4.375,4],"texture":"#1"},"west":{"uv":[4.75,5,5.125,5.375],"texture":"#1"},"up":{"uv":[4.6875,4.1875,4.375,4],"texture":"#1"},"down":{"uv":[4.6875,4.1875,4.375,4],"texture":"#1"}}},{"from":[5.41666,2.46602,15.34064],"to":[7.48666,2.46602,17.27264],"rotation":{"angle":45,"axis":"y","origin":[8.847,2.47501,16.06345]},"faces":{"north":{"uv":[0,0,1.5,0],"texture":"#1"},"east":{"uv":[0,0,1.375,0],"texture":"#1"},"south":{"uv":[0,0,1.5,0],"texture":"#1"},"west":{"uv":[0,0,1.375,0],"texture":"#1"},"up":{"uv":[2.25,0.6875,1.5,0],"texture":"#1"},"down":{"uv":[2.25,0,1.5,0.6875],"texture":"#1"}}},{"from":[1.02905,2.875,7.5967],"to":[6.02905,5.325,10.0467],"rotation":{"angle":-22.5,"axis":"y","origin":[1.38703,3.42669,15.05075]},"faces":{"north":{"uv":[4,0.5,3,1],"texture":"#1"},"east":{"uv":[3.125,4.875,2.625,5.375],"texture":"#1"},"south":{"uv":[3.25,3.125,2.25,3.625],"texture":"#1"},"west":{"uv":[4.375,5,4,5.375],"texture":"#1"},"up":{"uv":[1.5,3.125,1,4.125],"rotation":270,"texture":"#1"},"down":{"uv":[1.5,3.125,1,4.125],"rotation":90,"texture":"#1"}}},{"from":[-0.14699,3.29894,8.43494],"to":[3.85301,4.84894,9.98494],"rotation":{"angle":0,"axis":"y","origin":[1.38703,3.42669,15.05075]},"faces":{"north":{"uv":[4.25,2.125,5.25,1.75],"texture":"#1"},"east":{"uv":[4.75,5,4.375,5.375],"texture":"#1"},"south":{"uv":[4.25,0.375,5.25,0],"texture":"#1"},"west":{"uv":[4.75,5,4.375,5.375],"texture":"#1"},"up":{"uv":[5.25,2.125,4.25,2.5],"texture":"#1"},"down":{"uv":[5.25,2.125,4.25,2.5],"texture":"#1"}}},{"from":[-2.69324,4.07394,8.01067],"to":[0.30676,4.07394,10.81067],"rotation":{"angle":0,"axis":"y","origin":[1.38703,3.42669,15.05075]},"faces":{"north":{"uv":[1.5,0,0,0],"texture":"#1"},"east":{"uv":[1.375,0,0,0],"texture":"#1"},"south":{"uv":[1.5,0,0,0],"texture":"#1"},"west":{"uv":[1.375,0,0,0],"texture":"#1"},"up":{"uv":[2.25,0,1.5,0.6875],"texture":"#1"},"down":{"uv":[2.25,0.6875,1.5,0],"texture":"#1"}}},{"from":[-0.94324,3.64894,8.76067],"to":[0.55676,4.49893,9.56067],"rotation":{"angle":0,"axis":"y","origin":[1.38703,3.42669,15.05075]},"faces":{"north":{"uv":[4.375,4.1875,4.6875,4],"texture":"#1"},"east":{"uv":[4.75,5,4.375,5.375],"texture":"#1"},"south":{"uv":[4.375,4.1875,4.6875,4],"texture":"#1"},"west":{"uv":[5.125,5,4.75,5.375],"texture":"#1"},"up":{"uv":[4.6875,4,4.375,4.1875],"texture":"#1"},"down":{"uv":[4.6875,4,4.375,4.1875],"texture":"#1"}}},{"from":[-7.15422,3.37401,16.51232],"to":[-5.77422,3.37401,17.80032],"rotation":{"angle":22.5,"axis":"y","origin":[-2.61297,3.42669,15.05075]},"faces":{"north":{"uv":[0,0,1.5,0],"texture":"#1"},"east":{"uv":[0,0,1.375,0],"texture":"#1"},"south":{"uv":[0,0,1.5,0],"texture":"#1"},"west":{"uv":[0,0,1.375,0],"texture":"#1"},"up":{"uv":[2.25,0.6875,1.5,0],"texture":"#1"},"down":{"uv":[2.25,0,1.5,0.6875],"texture":"#1"}}},{"from":[-5.98294,3.01751,16.89216],"to":[-4.14294,3.73051,17.60516],"rotation":{"angle":22.5,"axis":"y","origin":[-2.61297,3.42669,15.05075]},"faces":{"north":{"uv":[5.25,0.375,4.25,0],"texture":"#1"},"east":{"uv":[4.375,5,4.75,5.375],"texture":"#1"},"south":{"uv":[5.25,2.125,4.25,1.75],"texture":"#1"},"west":{"uv":[4.375,5,4.75,5.375],"texture":"#1"},"up":{"uv":[5.25,2.5,4.25,2.125],"texture":"#1"},"down":{"uv":[5.25,2.5,4.25,2.125],"texture":"#1"}}},{"from":[-1.78235,2.8225,15.18985],"to":[-0.65535,3.9495,17.48985],"rotation":{"angle":-45,"axis":"y","origin":[-2.61297,3.42669,15.05075]},"faces":{"north":{"uv":[2.625,4.875,3.125,5.375],"texture":"#1"},"east":{"uv":[3,0.5,4,1],"texture":"#1"},"south":{"uv":[4,5,4.4375,5.375],"texture":"#1"},"west":{"uv":[2.25,3.125,3.25,3.625],"texture":"#1"},"up":{"uv":[1.5,4.125,1,3.125],"texture":"#1"},"down":{"uv":[1.5,4.125,1,3.125],"texture":"#1"}}},{"from":[-6.31454,3.92851,14.17881],"to":[-5.62454,4.31951,14.54681],"rotation":{"angle":-22.5,"axis":"y","origin":[1.38703,3.42669,15.05075]},"faces":{"north":{"uv":[4.375,4.1875,4.6875,4],"texture":"#1"},"east":{"uv":[4.75,5,4.375,5.375],"texture":"#1"},"south":{"uv":[4.375,4.1875,4.6875,4],"texture":"#1"},"west":{"uv":[5.125,5,4.75,5.375],"texture":"#1"},"up":{"uv":[4.6875,4,4.375,4.1875],"texture":"#1"},"down":{"uv":[4.6875,4,4.375,4.1875],"texture":"#1"}}},{"from":[-7.11954,4.12401,13.83381],"to":[-5.73954,4.12401,15.12181],"rotation":{"angle":-22.5,"axis":"y","origin":[1.38703,3.42669,15.05075]},"faces":{"north":{"uv":[1.5,0,0,0],"texture":"#1"},"east":{"uv":[1.375,0,0,0],"texture":"#1"},"south":{"uv":[1.5,0,0,0],"texture":"#1"},"west":{"uv":[1.375,0,0,0],"texture":"#1"},"up":{"uv":[2.25,0,1.5,0.6875],"texture":"#1"},"down":{"uv":[2.25,0.6875,1.5,0],"texture":"#1"}}},{"from":[-5.94827,3.76751,14.02897],"to":[-4.10827,4.48051,14.74197],"rotation":{"angle":-22.5,"axis":"y","origin":[1.38703,3.42669,15.05075]},"faces":{"north":{"uv":[4.25,2.125,5.25,1.75],"texture":"#1"},"east":{"uv":[4.75,5,4.375,5.375],"texture":"#1"},"south":{"uv":[4.25,0.375,5.25,0],"texture":"#1"},"west":{"uv":[4.75,5,4.375,5.375],"texture":"#1"},"up":{"uv":[5.25,2.125,4.25,2.5],"texture":"#1"},"down":{"uv":[5.25,2.125,4.25,2.5],"texture":"#1"}}},{"from":[-0.71579,3.5725,9.53467],"to":[0.41121,4.6995,11.83467],"rotation":{"angle":45,"axis":"y","origin":[1.38703,3.42669,15.05075]},"faces":{"north":{"uv":[4.4375,5,4,5.375],"texture":"#1"},"east":{"uv":[4,0.5,3,1],"texture":"#1"},"south":{"uv":[3.125,4.875,2.625,5.375],"texture":"#1"},"west":{"uv":[3.25,3.125,2.25,3.625],"texture":"#1"},"up":{"uv":[1.5,3.125,1,4.125],"texture":"#1"},"down":{"uv":[1.5,3.125,1,4.125],"texture":"#1"}}},{"from":[-2.87224,10.5759,14.31842],"to":[0.42776,12.2259,15.91842],"rotation":{"angle":-45,"axis":"z","origin":[-3.61297,3.42669,17.30075]},"faces":{"north":{"uv":[12.3125,1.5,11.5,1.9375],"texture":"#1"},"east":{"uv":[12.875,3.25,12.5,3.6875],"texture":"#1"},"south":{"uv":[1.8125,11.5,1,11.9375],"texture":"#1"},"west":{"uv":[3.625,12.5,3.25,12.9375],"texture":"#1"},"up":{"uv":[10.5,12.0625,10.875,11.25],"rotation":270,"texture":"#1"},"down":{"uv":[8.75,11.5,9.125,12.3125],"rotation":90,"texture":"#1"}}},{"from":[-1.58864,7.84181,14.32738],"to":[3.11136,9.04181,15.72738],"rotation":{"angle":0,"axis":"y","origin":[-3.61297,3.42669,17.30075]},"faces":{"north":{"uv":[12.4375,5.5,11.25,5.8125],"texture":"#1"},"east":{"uv":[13.125,1,12.75,1.3125],"texture":"#1"},"south":{"uv":[12.4375,4,11.25,4.3125],"texture":"#1"},"west":{"uv":[12.875,11.5,12.5,11.8125],"texture":"#1"},"up":{"uv":[0,12.1875,0.375,11],"rotation":270,"texture":"#1"},"down":{"uv":[0.5,11,0.875,12.1875],"rotation":90,"texture":"#1"}}},{"from":[-4.83864,8.44181,13.32738],"to":[-0.13864,8.44181,16.72738],"rotation":{"angle":0,"axis":"y","origin":[-3.61297,3.42669,17.30075]},"faces":{"north":{"uv":[1.1875,0,0,0],"texture":"#1"},"east":{"uv":[0.875,0,0,0],"texture":"#1"},"south":{"uv":[1.1875,0,0,0],"texture":"#1"},"west":{"uv":[0.875,0,0,0],"texture":"#1"},"up":{"uv":[9.875,5.1875,9,4],"rotation":270,"texture":"#1"},"down":{"uv":[9,5.1875,9.875,4],"rotation":270,"texture":"#1"}}},{"from":[0.16136,8.44181,9.02262],"to":[4.86136,8.44181,12.42262],"rotation":{"angle":0,"axis":"y","origin":[5.61375,7.90831,10.6771]},"faces":{"north":{"uv":[0,0,1.1875,0],"texture":"#1"},"east":{"uv":[0,0,0.875,0],"texture":"#1"},"south":{"uv":[0,0,1.1875,0],"texture":"#1"},"west":{"uv":[0,0,0.875,0],"texture":"#1"},"up":{"uv":[9,5.1875,9.875,4],"rotation":270,"texture":"#1"},"down":{"uv":[9.875,5.1875,9,4],"rotation":270,"texture":"#1"}}},{"from":[3.41136,7.84181,10.02262],"to":[8.11136,9.04181,11.42262],"rotation":{"angle":0,"axis":"y","origin":[5.61375,7.90831,10.6771]},"faces":{"north":{"uv":[11.25,4,12.4375,4.3125],"texture":"#1"},"east":{"uv":[12.75,1,13.125,1.3125],"texture":"#1"},"south":{"uv":[11.25,5.5,12.4375,5.8125],"texture":"#1"},"west":{"uv":[12.5,11.5,12.875,11.8125],"texture":"#1"},"up":{"uv":[0.375,12.1875,0,11],"rotation":270,"texture":"#1"},"down":{"uv":[0.875,11,0.5,12.1875],"rotation":90,"texture":"#1"}}},{"from":[6.53472,8.89979,9.83158],"to":[9.83472,10.54979,11.43158],"rotation":{"angle":-45,"axis":"z","origin":[5.61375,7.90831,10.6771]},"faces":{"north":{"uv":[1,11.5,1.8125,11.9375],"texture":"#1"},"east":{"uv":[12.5,3.25,12.875,3.6875],"texture":"#1"},"south":{"uv":[11.5,1.5,12.3125,1.9375],"texture":"#1"},"west":{"uv":[3.25,12.5,3.625,12.9375],"texture":"#1"},"up":{"uv":[10.875,12.0625,10.5,11.25],"rotation":270,"texture":"#1"},"down":{"uv":[9.125,11.5,8.75,12.3125],"rotation":90,"texture":"#1"}}},{"from":[4.78811,1.73596,12.06842],"to":[6.43811,5.03596,13.66842],"rotation":{"angle":-22.5,"axis":"z","origin":[1.38703,3.42669,15.05075]},"faces":{"north":{"uv":[12.3125,1.9375,11.5,1.5],"rotation":90,"texture":"#1"},"east":{"uv":[10.875,12.0625,10.5,11.25],"rotation":180,"texture":"#1"},"south":{"uv":[1.8125,11.9375,1,11.5],"rotation":270,"texture":"#1"},"west":{"uv":[9.125,11.5,8.75,12.3125],"texture":"#1"},"up":{"uv":[12.875,3.6875,12.5,3.25],"rotation":270,"texture":"#1"},"down":{"uv":[3.625,12.9375,3.25,12.5],"rotation":270,"texture":"#1"}}},{"from":[-0.95827,-1.25739,12.07738],"to":[3.74173,-0.05739,13.47738],"rotation":{"angle":22.5,"axis":"z","origin":[1.38703,3.42669,15.05075]},"faces":{"north":{"uv":[12.4375,5.8125,11.25,5.5],"texture":"#1"},"east":{"uv":[13.125,1.3125,12.75,1],"texture":"#1"},"south":{"uv":[12.4375,4.3125,11.25,4],"texture":"#1"},"west":{"uv":[12.875,11.8125,12.5,11.5],"texture":"#1"},"up":{"uv":[0.875,11,0.5,12.1875],"rotation":90,"texture":"#1"},"down":{"uv":[0.375,12.1875,0,11],"rotation":270,"texture":"#1"}}},{"from":[1.02905,2.875,1.9533],"to":[6.02905,5.325,4.4033],"rotation":{"angle":22.5,"axis":"y","origin":[1.38703,3.42669,-3.05075]},"faces":{"north":{"uv":[2.25,3.125,3.25,3.625],"texture":"#1"},"east":{"uv":[2.625,4.875,3.125,5.375],"texture":"#1"},"south":{"uv":[3,0.5,4,1],"texture":"#1"},"west":{"uv":[4,5,4.375,5.375],"texture":"#1"},"up":{"uv":[1,3.125,1.5,4.125],"rotation":270,"texture":"#1"},"down":{"uv":[1,3.125,1.5,4.125],"rotation":90,"texture":"#1"}}},{"from":[-0.14699,3.29894,2.01506],"to":[3.85301,4.84894,3.56506],"rotation":{"angle":0,"axis":"y","origin":[1.38703,3.42669,-3.05075]},"faces":{"north":{"uv":[5.25,0.375,4.25,0],"texture":"#1"},"east":{"uv":[4.375,5,4.75,5.375],"texture":"#1"},"south":{"uv":[5.25,2.125,4.25,1.75],"texture":"#1"},"west":{"uv":[4.375,5,4.75,5.375],"texture":"#1"},"up":{"uv":[5.25,2.5,4.25,2.125],"texture":"#1"},"down":{"uv":[5.25,2.5,4.25,2.125],"texture":"#1"}}},{"from":[-2.69324,4.07394,1.18933],"to":[0.30676,4.07394,3.98933],"rotation":{"angle":0,"axis":"y","origin":[1.38703,3.42669,-3.05075]},"faces":{"north":{"uv":[0,0,1.5,0],"texture":"#1"},"east":{"uv":[0,0,1.375,0],"texture":"#1"},"south":{"uv":[0,0,1.5,0],"texture":"#1"},"west":{"uv":[0,0,1.375,0],"texture":"#1"},"up":{"uv":[2.25,0.6875,1.5,0],"texture":"#1"},"down":{"uv":[2.25,0,1.5,0.6875],"texture":"#1"}}},{"from":[-0.94324,3.64894,2.43933],"to":[0.55676,4.49893,3.23933],"rotation":{"angle":0,"axis":"y","origin":[1.38703,3.42669,-3.05075]},"faces":{"north":{"uv":[4.6875,4.1875,4.375,4],"texture":"#1"},"east":{"uv":[4.375,5,4.75,5.375],"texture":"#1"},"south":{"uv":[4.6875,4.1875,4.375,4],"texture":"#1"},"west":{"uv":[4.75,5,5.125,5.375],"texture":"#1"},"up":{"uv":[4.6875,4.1875,4.375,4],"texture":"#1"},"down":{"uv":[4.6875,4.1875,4.375,4],"texture":"#1"}}},{"from":[-6.31454,3.92851,-2.54681],"to":[-5.62454,4.31951,-2.17881],"rotation":{"angle":22.5,"axis":"y","origin":[1.38703,3.42669,-3.05075]},"faces":{"north":{"uv":[4.6875,4.1875,4.375,4],"texture":"#1"},"east":{"uv":[4.375,5,4.75,5.375],"texture":"#1"},"south":{"uv":[4.6875,4.1875,4.375,4],"texture":"#1"},"west":{"uv":[4.75,5,5.125,5.375],"texture":"#1"},"up":{"uv":[4.6875,4.1875,4.375,4],"texture":"#1"},"down":{"uv":[4.6875,4.1875,4.375,4],"texture":"#1"}}},{"from":[-7.11954,4.12401,-3.12181],"to":[-5.73954,4.12401,-1.83381],"rotation":{"angle":22.5,"axis":"y","origin":[1.38703,3.42669,-3.05075]},"faces":{"north":{"uv":[0,0,1.5,0],"texture":"#1"},"east":{"uv":[0,0,1.375,0],"texture":"#1"},"south":{"uv":[0,0,1.5,0],"texture":"#1"},"west":{"uv":[0,0,1.375,0],"texture":"#1"},"up":{"uv":[2.25,0.6875,1.5,0],"texture":"#1"},"down":{"uv":[2.25,0,1.5,0.6875],"texture":"#1"}}},{"from":[-5.94827,3.76751,-2.74197],"to":[-4.10827,4.48051,-2.02897],"rotation":{"angle":22.5,"axis":"y","origin":[1.38703,3.42669,-3.05075]},"faces":{"north":{"uv":[5.25,0.375,4.25,0],"texture":"#1"},"east":{"uv":[4.375,5,4.75,5.375],"texture":"#1"},"south":{"uv":[5.25,2.125,4.25,1.75],"texture":"#1"},"west":{"uv":[4.375,5,4.75,5.375],"texture":"#1"},"up":{"uv":[5.25,2.5,4.25,2.125],"texture":"#1"},"down":{"uv":[5.25,2.5,4.25,2.125],"texture":"#1"}}},{"from":[-0.71579,3.5725,0.16533],"to":[0.41121,4.6995,2.46533],"rotation":{"angle":-45,"axis":"y","origin":[1.38703,3.42669,-3.05075]},"faces":{"north":{"uv":[2.625,4.875,3.125,5.375],"texture":"#1"},"east":{"uv":[3,0.5,4,1],"texture":"#1"},"south":{"uv":[4.375,5,4.75,5.375],"texture":"#1"},"west":{"uv":[2.25,3.125,3.25,3.625],"texture":"#1"},"up":{"uv":[4.375,5,4.75,5.375],"texture":"#1"},"down":{"uv":[1.5,4.125,1,3.125],"texture":"#1"}}},{"from":[1.40553,2.8225,-1.95599],"to":[2.53253,3.9495,0.34401],"rotation":{"angle":-45,"axis":"y","origin":[1.38703,3.42669,-3.05075]},"faces":{"north":{"uv":[2.625,4.875,3.125,5.375],"texture":"#1"},"east":{"uv":[3,0.5,4,1],"texture":"#1"},"south":{"uv":[4.375,5,4.75,5.375],"texture":"#1"},"west":{"uv":[2.25,3.125,3.25,3.625],"texture":"#1"},"up":{"uv":[1.5,4.125,1,3.125],"texture":"#1"},"down":{"uv":[1.5,4.125,1,3.125],"texture":"#1"}}},{"from":[-3.17663,3.01751,-1.59392],"to":[-1.33663,3.73051,-0.88092],"rotation":{"angle":22.5,"axis":"y","origin":[1.38703,3.42669,-3.05075]},"faces":{"north":{"uv":[5.25,0.375,4.25,0],"texture":"#1"},"east":{"uv":[4.375,5,4.75,5.375],"texture":"#1"},"south":{"uv":[5.25,2.125,4.25,1.75],"texture":"#1"},"west":{"uv":[4.375,5,4.75,5.375],"texture":"#1"},"up":{"uv":[5.25,2.5,4.25,2.125],"texture":"#1"},"down":{"uv":[5.25,2.5,4.25,2.125],"texture":"#1"}}},{"from":[-4.34791,3.37401,-1.97376],"to":[-2.96791,3.37401,-0.68576],"rotation":{"angle":22.5,"axis":"y","origin":[1.38703,3.42669,-3.05075]},"faces":{"north":{"uv":[0,0,1.5,0],"texture":"#1"},"east":{"uv":[0,0,1.375,0],"texture":"#1"},"south":{"uv":[0,0,1.5,0],"texture":"#1"},"west":{"uv":[0,0,1.375,0],"texture":"#1"},"up":{"uv":[2.25,0.6875,1.5,0],"texture":"#1"},"down":{"uv":[2.25,0,1.5,0.6875],"texture":"#1"}}},{"from":[-3.54291,3.17851,-1.39876],"to":[-2.85291,3.56951,-1.03076],"rotation":{"angle":22.5,"axis":"y","origin":[1.38703,3.42669,-3.05075]},"faces":{"north":{"uv":[4.6875,4.1875,4.375,4],"texture":"#1"},"east":{"uv":[4.375,5,4.75,5.375],"texture":"#1"},"south":{"uv":[4.6875,4.1875,4.375,4],"texture":"#1"},"west":{"uv":[4.75,5,5.125,5.375],"texture":"#1"},"up":{"uv":[4.6875,4.1875,4.375,4],"texture":"#1"},"down":{"uv":[4.6875,4.1875,4.375,4],"texture":"#1"}}},{"from":[-4.42794,4.67851,-4.59428],"to":[-3.73794,5.06951,-4.22628],"rotation":{"angle":-22.5,"axis":"y","origin":[1.38703,3.42669,-3.05075]},"faces":{"north":{"uv":[4.375,4.1875,4.6875,4],"texture":"#1"},"east":{"uv":[4.75,5,4.375,5.375],"texture":"#1"},"south":{"uv":[4.375,4.1875,4.6875,4],"texture":"#1"},"west":{"uv":[5.125,5,4.75,5.375],"texture":"#1"},"up":{"uv":[4.6875,4,4.375,4.1875],"texture":"#1"},"down":{"uv":[4.6875,4,4.375,4.1875],"texture":"#1"}}},{"from":[-5.23294,4.87401,-4.93928],"to":[-3.85294,4.87401,-3.65128],"rotation":{"angle":-22.5,"axis":"y","origin":[1.38703,3.42669,-3.05075]},"faces":{"north":{"uv":[1.5,0,0,0],"texture":"#1"},"east":{"uv":[1.375,0,0,0],"texture":"#1"},"south":{"uv":[1.5,0,0,0],"texture":"#1"},"west":{"uv":[1.375,0,0,0],"texture":"#1"},"up":{"uv":[2.25,0,1.5,0.6875],"texture":"#1"},"down":{"uv":[2.25,0.6875,1.5,0],"texture":"#1"}}},{"from":[-4.06167,4.51751,-4.74412],"to":[-2.22167,5.23051,-4.03112],"rotation":{"angle":-22.5,"axis":"y","origin":[1.38703,3.42669,-3.05075]},"faces":{"north":{"uv":[4.25,2.125,5.25,1.75],"texture":"#1"},"east":{"uv":[4.75,5,4.375,5.375],"texture":"#1"},"south":{"uv":[4.25,0.375,5.25,0],"texture":"#1"},"west":{"uv":[4.75,5,4.375,5.375],"texture":"#1"},"up":{"uv":[5.25,2.125,4.25,2.5],"texture":"#1"},"down":{"uv":[5.25,2.125,4.25,2.5],"texture":"#1"}}},{"from":[0.62666,4.3225,-7.08084],"to":[1.75366,5.4495,-4.78084],"rotation":{"angle":45,"axis":"y","origin":[1.38703,3.42669,-3.05075]},"faces":{"north":{"uv":[4.375,5,4.75,5.375],"texture":"#1"},"east":{"uv":[4,0.5,3,1],"texture":"#1"},"south":{"uv":[3.125,4.875,2.625,5.375],"texture":"#1"},"west":{"uv":[3.25,3.125,2.25,3.625],"texture":"#1"},"up":{"uv":[1.5,3.125,1,4.125],"texture":"#1"},"down":{"uv":[1.5,3.125,1,4.125],"texture":"#1"}}},{"from":[-2.34922,3.17851,-5.45532],"to":[-1.65922,3.56951,-5.08732],"rotation":{"angle":-22.5,"axis":"y","origin":[1.38703,3.42669,-3.05075]},"faces":{"north":{"uv":[4.375,4.1875,4.6875,4],"texture":"#1"},"east":{"uv":[4.75,5,4.375,5.375],"texture":"#1"},"south":{"uv":[4.375,4.1875,4.6875,4],"texture":"#1"},"west":{"uv":[5.125,5,4.75,5.375],"texture":"#1"},"up":{"uv":[4.6875,4,4.375,4.1875],"texture":"#1"},"down":{"uv":[4.6875,4,4.375,4.1875],"texture":"#1"}}},{"from":[-3.15422,3.37401,-5.80032],"to":[-1.77422,3.37401,-4.51232],"rotation":{"angle":-22.5,"axis":"y","origin":[1.38703,3.42669,-3.05075]},"faces":{"north":{"uv":[1.5,0,0,0],"texture":"#1"},"east":{"uv":[1.375,0,0,0],"texture":"#1"},"south":{"uv":[1.5,0,0,0],"texture":"#1"},"west":{"uv":[1.375,0,0,0],"texture":"#1"},"up":{"uv":[2.25,0,1.5,0.6875],"texture":"#1"},"down":{"uv":[2.25,0.6875,1.5,0],"texture":"#1"}}},{"from":[-1.98294,3.01751,-5.60516],"to":[-0.14294,3.73051,-4.89216],"rotation":{"angle":-22.5,"axis":"y","origin":[1.38703,3.42669,-3.05075]},"faces":{"north":{"uv":[4.25,2.125,5.25,1.75],"texture":"#1"},"east":{"uv":[4.75,5,4.375,5.375],"texture":"#1"},"south":{"uv":[4.25,0.375,5.25,0],"texture":"#1"},"west":{"uv":[4.75,5,4.375,5.375],"texture":"#1"},"up":{"uv":[5.25,2.125,4.25,2.5],"texture":"#1"},"down":{"uv":[5.25,2.125,4.25,2.5],"texture":"#1"}}},{"from":[2.21765,2.8225,-5.48985],"to":[3.34465,3.9495,-3.18985],"rotation":{"angle":45,"axis":"y","origin":[1.38703,3.42669,-3.05075]},"faces":{"north":{"uv":[4.375,5,4.75,5.375],"texture":"#1"},"east":{"uv":[4,0.5,3,1],"texture":"#1"},"south":{"uv":[3.125,4.875,2.625,5.375],"texture":"#1"},"west":{"uv":[3.25,3.125,2.25,3.625],"texture":"#1"},"up":{"uv":[1.5,3.125,1,4.125],"texture":"#1"},"down":{"uv":[1.5,3.125,1,4.125],"texture":"#1"}}},{"from":[0.43187,4.14894,-10.82542],"to":[1.93187,4.99893,-10.02542],"rotation":{"angle":-45,"axis":"y","origin":[1.38703,3.42669,-3.05075]},"faces":{"north":{"uv":[4.375,4.1875,4.6875,4],"texture":"#1"},"east":{"uv":[4.75,5,4.375,5.375],"texture":"#1"},"south":{"uv":[4.375,4.1875,4.6875,4],"texture":"#1"},"west":{"uv":[5.125,5,4.75,5.375],"texture":"#1"},"up":{"uv":[4.6875,4,4.375,4.1875],"texture":"#1"},"down":{"uv":[4.6875,4,4.375,4.1875],"texture":"#1"}}},{"from":[-1.31813,4.57394,-11.57542],"to":[1.68187,4.57394,-8.77542],"rotation":{"angle":-45,"axis":"y","origin":[1.38703,3.42669,-3.05075]},"faces":{"north":{"uv":[1.5,0,0,0],"texture":"#1"},"east":{"uv":[1.375,0,0,0],"texture":"#1"},"south":{"uv":[1.5,0,0,0],"texture":"#1"},"west":{"uv":[1.375,0,0,0],"texture":"#1"},"up":{"uv":[2.25,0,1.5,0.6875],"texture":"#1"},"down":{"uv":[2.25,0.6875,1.5,0],"texture":"#1"}}},{"from":[1.22812,3.79894,-11.15115],"to":[5.22812,5.34894,-9.60115],"rotation":{"angle":-45,"axis":"y","origin":[1.38703,3.42669,-3.05075]},"faces":{"north":{"uv":[4.25,2.125,5.25,1.75],"texture":"#1"},"east":{"uv":[4.75,5,4.375,5.375],"texture":"#1"},"south":{"uv":[4.25,0.375,5.25,0],"texture":"#1"},"west":{"uv":[4.75,5,4.375,5.375],"texture":"#1"},"up":{"uv":[5.25,2.125,4.25,2.5],"texture":"#1"},"down":{"uv":[5.25,2.125,4.25,2.5],"texture":"#1"}}},{"from":[8.2889,3.375,-2.70641],"to":[10.7389,5.825,2.29359],"rotation":{"angle":22.5,"axis":"y","origin":[1.38703,3.42669,-3.05075]},"faces":{"north":{"uv":[4.375,5,4,5.375],"texture":"#1"},"east":{"uv":[4,0.5,3,1],"texture":"#1"},"south":{"uv":[3.125,4.875,2.625,5.375],"texture":"#1"},"west":{"uv":[3.25,3.125,2.25,3.625],"texture":"#1"},"up":{"uv":[1.5,3.125,1,4.125],"texture":"#1"},"down":{"uv":[1.5,3.125,1,4.125],"texture":"#1"}}},{"from":[4.78811,1.73596,-1.66842],"to":[6.43811,5.03596,-0.06842],"rotation":{"angle":-22.5,"axis":"z","origin":[1.38703,3.42669,-3.05075]},"faces":{"north":{"uv":[1.8125,11.5,1,11.9375],"rotation":270,"texture":"#1"},"east":{"uv":[10.5,12.0625,10.875,11.25],"rotation":180,"texture":"#1"},"south":{"uv":[12.3125,1.5,11.5,1.9375],"rotation":90,"texture":"#1"},"west":{"uv":[8.75,11.5,9.125,12.3125],"texture":"#1"},"up":{"uv":[12.5,3.6875,12.875,3.25],"rotation":270,"texture":"#1"},"down":{"uv":[3.25,12.9375,3.625,12.5],"rotation":270,"texture":"#1"}}},{"from":[-0.95827,-1.25739,-1.47738],"to":[3.74173,-0.05739,-0.07738],"rotation":{"angle":22.5,"axis":"z","origin":[1.38703,3.42669,-3.05075]},"faces":{"north":{"uv":[11.25,4.3125,12.4375,4],"texture":"#1"},"east":{"uv":[12.75,1.3125,13.125,1],"texture":"#1"},"south":{"uv":[11.25,5.8125,12.4375,5.5],"texture":"#1"},"west":{"uv":[12.5,11.8125,12.875,11.5],"texture":"#1"},"up":{"uv":[0.5,11,0.875,12.1875],"rotation":90,"texture":"#1"},"down":{"uv":[0,12.1875,0.375,11],"rotation":270,"texture":"#1"}}},{"from":[-4.20827,-0.65739,-2.47738],"to":[0.49173,-0.65739,0.92262],"rotation":{"angle":22.5,"axis":"z","origin":[1.38703,3.42669,-3.05075]},"faces":{"north":{"uv":[0,0,1.1875,0],"texture":"#1"},"east":{"uv":[0,0,0.875,0],"texture":"#1"},"south":{"uv":[0,0,1.1875,0],"texture":"#1"},"west":{"uv":[0,0,0.875,0],"texture":"#1"},"up":{"uv":[9,5.1875,9.875,4],"rotation":270,"texture":"#1"},"down":{"uv":[9.875,5.1875,9,4],"rotation":270,"texture":"#1"}}},{"from":[1.98358,1.75,-5.81096],"to":[11.98358,6.65,-0.91096],"rotation":{"angle":-22.5,"axis":"y","origin":[1.38703,3.42669,-3.05075]},"faces":{"north":{"uv":[4,0.5,3,1],"texture":"#1"},"east":{"uv":[3.125,4.875,2.625,5.375],"texture":"#1"},"south":{"uv":[3.25,3.125,2.25,3.625],"texture":"#1"},"west":{"uv":[4.375,5,4,5.375],"texture":"#1"},"up":{"uv":[1,4.125,1.5,3.125],"rotation":90,"texture":"#1"},"down":{"uv":[1,4.125,1.5,3.125],"rotation":270,"texture":"#1"}}},{"from":[-4.11721,2.59787,-4.5569],"to":[2.88279,5.69787,-1.4569],"rotation":{"angle":0,"axis":"y","origin":[1.38703,3.42669,-3.05075]},"faces":{"north":{"uv":[4.25,2.125,5.25,1.75],"texture":"#1"},"east":{"uv":[4.75,5,4.375,5.375],"texture":"#1"},"south":{"uv":[4.25,0.375,5.25,0],"texture":"#1"},"west":{"uv":[4.75,5,4.375,5.375],"texture":"#1"},"up":{"uv":[5.25,2.125,4.25,2.5],"texture":"#1"},"down":{"uv":[5.25,2.125,4.25,2.5],"texture":"#1"}}},{"from":[-9.7097,4.14787,-5.40543],"to":[-4.7097,4.14787,0.19457],"rotation":{"angle":0,"axis":"y","origin":[0.88703,3.42669,-3.05075]},"faces":{"north":{"uv":[1.5,0,0,0],"texture":"#1"},"east":{"uv":[1.375,0,0,0],"texture":"#1"},"south":{"uv":[1.5,0,0,0],"texture":"#1"},"west":{"uv":[1.375,0,0,0],"texture":"#1"},"up":{"uv":[2.25,0,1.5,0.6875],"texture":"#1"},"down":{"uv":[2.25,0.6875,1.5,0],"texture":"#1"}}},{"from":[-6.7097,3.29787,-3.90543],"to":[-3.7097,4.99787,-2.30543],"rotation":{"angle":0,"axis":"y","origin":[1.38703,3.42669,-3.05075]},"faces":{"north":{"uv":[4.375,4.1875,4.6875,4],"texture":"#1"},"east":{"uv":[4.75,5,4.375,5.375],"texture":"#1"},"south":{"uv":[4.375,4.1875,4.6875,4],"texture":"#1"},"west":{"uv":[5.125,5,4.75,5.375],"texture":"#1"},"up":{"uv":[4.6875,4,4.375,4.1875],"texture":"#1"},"down":{"uv":[4.6875,4,4.375,4.1875],"texture":"#1"}}},{"from":[-3.5315,10.54039,-3.13517],"to":[3.7065,10.54039,2.10083],"rotation":{"angle":-22.5,"axis":"z","origin":[4.86518,9.7188,-0.58727]},"faces":{"north":{"uv":[0,0,1.1875,0],"texture":"#1"},"east":{"uv":[0,0,0.875,0],"texture":"#1"},"south":{"uv":[0,0,1.1875,0],"texture":"#1"},"west":{"uv":[0,0,0.875,0],"texture":"#1"},"up":{"uv":[9,5.1875,9.875,4],"rotation":270,"texture":"#1"},"down":{"uv":[9.875,5.1875,9,4],"rotation":270,"texture":"#1"}}},{"from":[1.4735,9.61639,-1.59517],"to":[8.7115,11.46439,0.56083],"rotation":{"angle":-22.5,"axis":"z","origin":[4.86518,9.7188,-0.58727]},"faces":{"north":{"uv":[11.25,4,12.4375,4.3125],"texture":"#1"},"east":{"uv":[12.75,1,13.125,1.3125],"texture":"#1"},"south":{"uv":[11.25,5.5,12.4375,5.8125],"texture":"#1"},"west":{"uv":[12.5,11.5,12.875,11.8125],"texture":"#1"},"up":{"uv":[0.375,12.1875,0,11],"rotation":270,"texture":"#1"},"down":{"uv":[0.875,11,0.5,12.1875],"rotation":90,"texture":"#1"}}},{"from":[6.39207,3.21852,-1.88937],"to":[8.93307,8.30052,0.57463],"rotation":{"angle":22.5,"axis":"z","origin":[4.86518,9.7188,-0.58727]},"faces":{"north":{"uv":[1,11.5,1.8125,11.9375],"rotation":270,"texture":"#1"},"east":{"uv":[10.5,11.25,10.875,12.0625],"rotation":180,"texture":"#1"},"south":{"uv":[11.5,1.5,12.3125,1.9375],"rotation":90,"texture":"#1"},"west":{"uv":[8.75,12.3125,9.125,11.5],"texture":"#1"},"up":{"uv":[3.625,12.9375,3.25,12.5],"rotation":270,"texture":"#1"},"down":{"uv":[12.875,3.6875,12.5,3.25],"rotation":270,"texture":"#1"}}},{"from":[1.02905,-2.325,9.9533],"to":[6.02905,0.125,12.4033],"rotation":{"angle":22.5,"axis":"y","origin":[1.38703,-0.42669,4.94925]},"faces":{"north":{"uv":[2.25,3.625,3.25,3.125],"texture":"#1"},"east":{"uv":[2.625,5.375,3.125,4.875],"texture":"#1"},"south":{"uv":[3,1,4,0.5],"texture":"#1"},"west":{"uv":[4,5.375,4.375,5],"texture":"#1"},"up":{"uv":[1.5,3.125,1,4.125],"rotation":90,"texture":"#1"},"down":{"uv":[1.5,3.125,1,4.125],"rotation":270,"texture":"#1"}}},{"from":[-0.14699,-1.84894,10.01506],"to":[3.85301,-0.29894,11.56506],"rotation":{"angle":0,"axis":"y","origin":[1.38703,-0.42669,4.94925]},"faces":{"north":{"uv":[5.25,0,4.25,0.375],"texture":"#1"},"east":{"uv":[4.375,5.375,4.75,5],"texture":"#1"},"south":{"uv":[5.25,1.75,4.25,2.125],"texture":"#1"},"west":{"uv":[4.375,5.375,4.75,5],"texture":"#1"},"up":{"uv":[5.25,2.125,4.25,2.5],"texture":"#1"},"down":{"uv":[5.25,2.125,4.25,2.5],"texture":"#1"}}},{"from":[-2.69324,-1.07394,9.18933],"to":[0.30676,-1.07394,11.98933],"rotation":{"angle":0,"axis":"y","origin":[1.38703,-0.42669,4.94925]},"faces":{"north":{"uv":[0,0,1.5,0],"texture":"#1"},"east":{"uv":[0,0,1.375,0],"texture":"#1"},"south":{"uv":[0,0,1.5,0],"texture":"#1"},"west":{"uv":[0,0,1.375,0],"texture":"#1"},"up":{"uv":[2.25,0.6875,1.5,0],"texture":"#1"},"down":{"uv":[2.25,0,1.5,0.6875],"texture":"#1"}}},{"from":[-0.94324,-1.49893,10.43933],"to":[0.55676,-0.64894,11.23933],"rotation":{"angle":0,"axis":"y","origin":[1.38703,-0.42669,4.94925]},"faces":{"north":{"uv":[4.6875,4,4.375,4.1875],"texture":"#1"},"east":{"uv":[4.375,5.375,4.75,5],"texture":"#1"},"south":{"uv":[4.6875,4,4.375,4.1875],"texture":"#1"},"west":{"uv":[4.75,5.375,5.125,5],"texture":"#1"},"up":{"uv":[4.6875,4,4.375,4.1875],"texture":"#1"},"down":{"uv":[4.6875,4,4.375,4.1875],"texture":"#1"}}},{"from":[1.40553,-0.9495,6.04401],"to":[2.53253,0.1775,8.34401],"rotation":{"angle":-45,"axis":"y","origin":[1.38703,-0.42669,4.94925]},"faces":{"north":{"uv":[2.625,5.375,3.125,4.875],"texture":"#1"},"east":{"uv":[3,1,4,0.5],"texture":"#1"},"south":{"uv":[4.375,5.375,4.75,5],"texture":"#1"},"west":{"uv":[2.25,3.625,3.25,3.125],"texture":"#1"},"up":{"uv":[1.5,3.125,1,4.125],"texture":"#1"},"down":{"uv":[1.5,3.125,1,4.125],"texture":"#1"}}},{"from":[-3.17663,-0.73051,6.40608],"to":[-1.33663,-0.01751,7.11908],"rotation":{"angle":22.5,"axis":"y","origin":[1.38703,-0.42669,4.94925]},"faces":{"north":{"uv":[5.25,0,4.25,0.375],"texture":"#1"},"east":{"uv":[4.375,5.375,4.75,5],"texture":"#1"},"south":{"uv":[5.25,1.75,4.25,2.125],"texture":"#1"},"west":{"uv":[4.375,5.375,4.75,5],"texture":"#1"},"up":{"uv":[5.25,2.125,4.25,2.5],"texture":"#1"},"down":{"uv":[5.25,2.125,4.25,2.5],"texture":"#1"}}},{"from":[-4.34791,-0.37401,6.02624],"to":[-2.96791,-0.37401,7.31424],"rotation":{"angle":22.5,"axis":"y","origin":[1.38703,-0.42669,4.94925]},"faces":{"north":{"uv":[0,0,1.5,0],"texture":"#1"},"east":{"uv":[0,0,1.375,0],"texture":"#1"},"south":{"uv":[0,0,1.5,0],"texture":"#1"},"west":{"uv":[0,0,1.375,0],"texture":"#1"},"up":{"uv":[2.25,0.6875,1.5,0],"texture":"#1"},"down":{"uv":[2.25,0,1.5,0.6875],"texture":"#1"}}},{"from":[-3.54291,-0.56951,6.60124],"to":[-2.85291,-0.17851,6.96924],"rotation":{"angle":22.5,"axis":"y","origin":[1.38703,-0.42669,4.94925]},"faces":{"north":{"uv":[4.6875,4,4.375,4.1875],"texture":"#1"},"east":{"uv":[4.375,5.375,4.75,5],"texture":"#1"},"south":{"uv":[4.6875,4,4.375,4.1875],"texture":"#1"},"west":{"uv":[4.75,5.375,5.125,5],"texture":"#1"},"up":{"uv":[4.6875,4,4.375,4.1875],"texture":"#1"},"down":{"uv":[4.6875,4,4.375,4.1875],"texture":"#1"}}},{"from":[-2.34922,-0.56951,2.54468],"to":[-1.65922,-0.17851,2.91268],"rotation":{"angle":-22.5,"axis":"y","origin":[1.38703,-0.42669,4.94925]},"faces":{"north":{"uv":[4.375,4,4.6875,4.1875],"texture":"#1"},"east":{"uv":[4.75,5.375,4.375,5],"texture":"#1"},"south":{"uv":[4.375,4,4.6875,4.1875],"texture":"#1"},"west":{"uv":[5.125,5.375,4.75,5],"texture":"#1"},"up":{"uv":[4.6875,4.1875,4.375,4],"texture":"#1"},"down":{"uv":[4.6875,4.1875,4.375,4],"texture":"#1"}}},{"from":[-3.15422,-0.37401,2.19968],"to":[-1.77422,-0.37401,3.48768],"rotation":{"angle":-22.5,"axis":"y","origin":[1.38703,-0.42669,4.94925]},"faces":{"north":{"uv":[1.5,0,0,0],"texture":"#1"},"east":{"uv":[1.375,0,0,0],"texture":"#1"},"south":{"uv":[1.5,0,0,0],"texture":"#1"},"west":{"uv":[1.375,0,0,0],"texture":"#1"},"up":{"uv":[2.25,0,1.5,0.6875],"texture":"#1"},"down":{"uv":[2.25,0.6875,1.5,0],"texture":"#1"}}},{"from":[-1.98294,-0.73051,2.39484],"to":[-0.14294,-0.01751,3.10784],"rotation":{"angle":-22.5,"axis":"y","origin":[1.38703,-0.42669,4.94925]},"faces":{"north":{"uv":[4.25,1.75,5.25,2.125],"texture":"#1"},"east":{"uv":[4.75,5.375,4.375,5],"texture":"#1"},"south":{"uv":[4.25,0,5.25,0.375],"texture":"#1"},"west":{"uv":[4.75,5.375,4.375,5],"texture":"#1"},"up":{"uv":[5.25,2.5,4.25,2.125],"texture":"#1"},"down":{"uv":[5.25,2.5,4.25,2.125],"texture":"#1"}}},{"from":[2.21765,-0.9495,2.51015],"to":[3.34465,0.1775,4.81015],"rotation":{"angle":45,"axis":"y","origin":[1.38703,-0.42669,4.94925]},"faces":{"north":{"uv":[4.375,5.375,4.75,5],"texture":"#1"},"east":{"uv":[4,1,3,0.5],"texture":"#1"},"south":{"uv":[3.125,5.375,2.625,4.875],"texture":"#1"},"west":{"uv":[3.25,3.625,2.25,3.125],"texture":"#1"},"up":{"uv":[1.5,4.125,1,3.125],"texture":"#1"},"down":{"uv":[1.5,4.125,1,3.125],"texture":"#1"}}},{"from":[0.43187,-1.99893,-2.82542],"to":[1.93187,-1.14894,-2.02542],"rotation":{"angle":-45,"axis":"y","origin":[1.38703,-0.42669,4.94925]},"faces":{"north":{"uv":[4.375,4,4.6875,4.1875],"texture":"#1"},"east":{"uv":[4.75,5.375,4.375,5],"texture":"#1"},"south":{"uv":[4.375,4,4.6875,4.1875],"texture":"#1"},"west":{"uv":[5.125,5.375,4.75,5],"texture":"#1"},"up":{"uv":[4.6875,4.1875,4.375,4],"texture":"#1"},"down":{"uv":[4.6875,4.1875,4.375,4],"texture":"#1"}}},{"from":[-1.31813,-1.57394,-3.57542],"to":[1.68187,-1.57394,-0.77542],"rotation":{"angle":-45,"axis":"y","origin":[1.38703,-0.42669,4.94925]},"faces":{"north":{"uv":[1.5,0,0,0],"texture":"#1"},"east":{"uv":[1.375,0,0,0],"texture":"#1"},"south":{"uv":[1.5,0,0,0],"texture":"#1"},"west":{"uv":[1.375,0,0,0],"texture":"#1"},"up":{"uv":[2.25,0,1.5,0.6875],"texture":"#1"},"down":{"uv":[2.25,0.6875,1.5,0],"texture":"#1"}}},{"from":[1.22812,-2.34894,-3.15115],"to":[5.22812,-0.79894,-1.60115],"rotation":{"angle":-45,"axis":"y","origin":[1.38703,-0.42669,4.94925]},"faces":{"north":{"uv":[4.25,1.75,5.25,2.125],"texture":"#1"},"east":{"uv":[4.75,5.375,4.375,5],"texture":"#1"},"south":{"uv":[4.25,0,5.25,0.375],"texture":"#1"},"west":{"uv":[4.75,5.375,4.375,5],"texture":"#1"},"up":{"uv":[5.25,2.5,4.25,2.125],"texture":"#1"},"down":{"uv":[5.25,2.5,4.25,2.125],"texture":"#1"}}},{"from":[8.2889,-2.825,5.29359],"to":[10.7389,-0.375,10.29359],"rotation":{"angle":22.5,"axis":"y","origin":[1.38703,-0.42669,4.94925]},"faces":{"north":{"uv":[4.375,5.375,4,5],"texture":"#1"},"east":{"uv":[4,1,3,0.5],"texture":"#1"},"south":{"uv":[3.125,5.375,2.625,4.875],"texture":"#1"},"west":{"uv":[3.25,3.625,2.25,3.125],"texture":"#1"},"up":{"uv":[1.5,4.125,1,3.125],"texture":"#1"},"down":{"uv":[1.5,4.125,1,3.125],"texture":"#1"}}},{"from":[1.98358,-3.65,2.18904],"to":[11.98358,1.25,7.08904],"rotation":{"angle":-22.5,"axis":"y","origin":[1.38703,-0.42669,4.94925]},"faces":{"north":{"uv":[4,1,3,0.5],"texture":"#1"},"east":{"uv":[3.125,5.375,2.625,4.875],"texture":"#1"},"south":{"uv":[3.25,3.625,2.25,3.125],"texture":"#1"},"west":{"uv":[4.375,5.375,4,5],"texture":"#1"},"up":{"uv":[1.5,4.125,1,3.125],"rotation":270,"texture":"#1"},"down":{"uv":[1.5,4.125,1,3.125],"rotation":90,"texture":"#1"}}},{"from":[-3.11721,-2.69787,3.4431],"to":[2.88279,0.40213,6.5431],"rotation":{"angle":0,"axis":"y","origin":[1.38703,-0.42669,4.94925]},"faces":{"north":{"uv":[4.25,1.75,5.25,2.125],"texture":"#1"},"east":{"uv":[4.75,5.375,4.375,5],"texture":"#1"},"south":{"uv":[4.25,0,5.25,0.375],"texture":"#1"},"west":{"uv":[4.75,5.375,4.375,5],"texture":"#1"},"up":{"uv":[5.25,2.5,4.25,2.125],"texture":"#1"},"down":{"uv":[5.25,2.5,4.25,2.125],"texture":"#1"}}},{"from":[-12.2097,-1.14787,2.84457],"to":[-6.2097,-1.14787,7.94457],"rotation":{"angle":0,"axis":"y","origin":[-0.61297,-0.42669,4.94925]},"faces":{"north":{"uv":[1.5,0,0,0],"texture":"#1"},"east":{"uv":[1.375,0,0,0],"texture":"#1"},"south":{"uv":[1.5,0,0,0],"texture":"#1"},"west":{"uv":[1.375,0,0,0],"texture":"#1"},"up":{"uv":[2.25,0,1.5,0.6875],"texture":"#1"},"down":{"uv":[2.25,0.6875,1.5,0],"texture":"#1"}}},{"from":[-8.7097,-1.74787,4.34457],"to":[-5.7097,-0.54787,5.44457],"rotation":{"angle":0,"axis":"y","origin":[-1.61297,-0.42669,4.94925]},"faces":{"north":{"uv":[4.375,4,4.6875,4.1875],"texture":"#1"},"east":{"uv":[4.75,5.375,4.375,5],"texture":"#1"},"south":{"uv":[4.375,4,4.6875,4.1875],"texture":"#1"},"west":{"uv":[5.125,5.375,4.75,5],"texture":"#1"},"up":{"uv":[4.6875,4.1875,4.375,4],"texture":"#1"},"down":{"uv":[4.6875,4.1875,4.375,4],"texture":"#1"}}},{"from":[-5.7097,-1.99787,4.09457],"to":[-2.7097,-0.29787,5.69457],"rotation":{"angle":0,"axis":"y","origin":[1.38703,-0.42669,4.94925]},"faces":{"north":{"uv":[4.375,4,4.6875,4.1875],"texture":"#1"},"east":{"uv":[4.75,5.375,4.375,5],"texture":"#1"},"south":{"uv":[4.375,4,4.6875,4.1875],"texture":"#1"},"west":{"uv":[5.125,5.375,4.75,5],"texture":"#1"},"up":{"uv":[4.6875,4.1875,4.375,4],"texture":"#1"},"down":{"uv":[4.6875,4.1875,4.375,4],"texture":"#1"}}},{"from":[-3.5315,-7.54039,4.86483],"to":[3.7065,-7.54039,10.10083],"rotation":{"angle":22.5,"axis":"z","origin":[4.86518,-6.7188,7.41273]},"faces":{"north":{"uv":[0,0,1.1875,0],"texture":"#1"},"east":{"uv":[0,0,0.875,0],"texture":"#1"},"south":{"uv":[0,0,1.1875,0],"texture":"#1"},"west":{"uv":[0,0,0.875,0],"texture":"#1"},"up":{"uv":[9,5.1875,9.875,4],"rotation":270,"texture":"#1"},"down":{"uv":[9.875,5.1875,9,4],"rotation":270,"texture":"#1"}}},{"from":[1.4735,-8.46439,6.40483],"to":[8.7115,-6.61639,8.56083],"rotation":{"angle":22.5,"axis":"z","origin":[4.86518,-6.7188,7.41273]},"faces":{"north":{"uv":[11.25,4.3125,12.4375,4],"texture":"#1"},"east":{"uv":[12.75,1.3125,13.125,1],"texture":"#1"},"south":{"uv":[11.25,5.8125,12.4375,5.5],"texture":"#1"},"west":{"uv":[12.5,11.8125,12.875,11.5],"texture":"#1"},"up":{"uv":[0.5,11,0.875,12.1875],"rotation":90,"texture":"#1"},"down":{"uv":[0,12.1875,0.375,11],"rotation":270,"texture":"#1"}}},{"from":[6.39207,-5.30052,6.11063],"to":[8.93307,-0.21852,8.57463],"rotation":{"angle":-22.5,"axis":"z","origin":[4.86518,-6.7188,7.41273]},"faces":{"north":{"uv":[1.8125,11.5,1,11.9375],"rotation":270,"texture":"#1"},"east":{"uv":[10.5,12.0625,10.875,11.25],"rotation":180,"texture":"#1"},"south":{"uv":[12.3125,1.5,11.5,1.9375],"rotation":90,"texture":"#1"},"west":{"uv":[8.75,11.5,9.125,12.3125],"texture":"#1"},"up":{"uv":[12.5,3.6875,12.875,3.25],"rotation":270,"texture":"#1"},"down":{"uv":[3.25,12.9375,3.625,12.5],"rotation":270,"texture":"#1"}}},{"from":[1.02905,10.675,0.5967],"to":[6.02905,13.125,3.0467],"rotation":{"angle":-22.5,"axis":"y","origin":[1.38703,14.35122,8.05075]},"faces":{"north":{"uv":[4,1,3,0.5],"texture":"#1"},"east":{"uv":[3.125,5.375,2.625,4.875],"texture":"#1"},"south":{"uv":[3.25,3.625,2.25,3.125],"texture":"#1"},"west":{"uv":[4.375,5.375,4,5],"texture":"#1"},"up":{"uv":[1,3.125,1.5,4.125],"rotation":90,"texture":"#1"},"down":{"uv":[1,3.125,1.5,4.125],"rotation":270,"texture":"#1"}}},{"from":[-0.14699,11.15106,1.43494],"to":[3.85301,12.70106,2.98494],"rotation":{"angle":0,"axis":"y","origin":[1.38703,14.35122,8.05075]},"faces":{"north":{"uv":[4.25,1.75,5.25,2.125],"texture":"#1"},"east":{"uv":[4.75,5.375,4.375,5],"texture":"#1"},"south":{"uv":[4.25,0,5.25,0.375],"texture":"#1"},"west":{"uv":[4.75,5.375,4.375,5],"texture":"#1"},"up":{"uv":[5.25,2.5,4.25,2.125],"texture":"#1"},"down":{"uv":[5.25,2.5,4.25,2.125],"texture":"#1"}}},{"from":[-2.69324,11.92606,1.01067],"to":[0.30676,11.92606,3.81067],"rotation":{"angle":0,"axis":"y","origin":[1.38703,14.35122,8.05075]},"faces":{"north":{"uv":[1.5,0,0,0],"texture":"#1"},"east":{"uv":[1.375,0,0,0],"texture":"#1"},"south":{"uv":[1.5,0,0,0],"texture":"#1"},"west":{"uv":[1.375,0,0,0],"texture":"#1"},"up":{"uv":[2.25,0,1.5,0.6875],"texture":"#1"},"down":{"uv":[2.25,0.6875,1.5,0],"texture":"#1"}}},{"from":[-0.94324,11.50107,1.76067],"to":[0.55676,12.35106,2.56067],"rotation":{"angle":0,"axis":"y","origin":[1.38703,14.35122,8.05075]},"faces":{"north":{"uv":[4.375,4,4.6875,4.1875],"texture":"#1"},"east":{"uv":[4.75,5.375,4.375,5],"texture":"#1"},"south":{"uv":[4.375,4,4.6875,4.1875],"texture":"#1"},"west":{"uv":[5.125,5.375,4.75,5],"texture":"#1"},"up":{"uv":[4.6875,4.1875,4.375,4],"texture":"#1"},"down":{"uv":[4.6875,4.1875,4.375,4],"texture":"#1"}}},{"from":[1.40553,12.0505,4.65599],"to":[2.53253,13.1775,6.95599],"rotation":{"angle":45,"axis":"y","origin":[1.38703,14.35122,8.05075]},"faces":{"north":{"uv":[4.75,5.375,4.375,5],"texture":"#1"},"east":{"uv":[4,1,3,0.5],"texture":"#1"},"south":{"uv":[3.125,5.375,2.625,4.875],"texture":"#1"},"west":{"uv":[3.25,3.625,2.25,3.125],"texture":"#1"},"up":{"uv":[1.5,4.125,1,3.125],"texture":"#1"},"down":{"uv":[1.5,4.125,1,3.125],"texture":"#1"}}},{"from":[-3.17663,12.26949,5.88092],"to":[-1.33663,12.98249,6.59392],"rotation":{"angle":-22.5,"axis":"y","origin":[1.38703,14.35122,8.05075]},"faces":{"north":{"uv":[4.25,1.75,5.25,2.125],"texture":"#1"},"east":{"uv":[4.75,5.375,4.375,5],"texture":"#1"},"south":{"uv":[4.25,0,5.25,0.375],"texture":"#1"},"west":{"uv":[4.75,5.375,4.375,5],"texture":"#1"},"up":{"uv":[5.25,2.5,4.25,2.125],"texture":"#1"},"down":{"uv":[5.25,2.5,4.25,2.125],"texture":"#1"}}},{"from":[-4.34791,12.62599,5.68576],"to":[-2.96791,12.62599,6.97376],"rotation":{"angle":-22.5,"axis":"y","origin":[1.38703,14.35122,8.05075]},"faces":{"north":{"uv":[1.5,0,0,0],"texture":"#1"},"east":{"uv":[1.375,0,0,0],"texture":"#1"},"south":{"uv":[1.5,0,0,0],"texture":"#1"},"west":{"uv":[1.375,0,0,0],"texture":"#1"},"up":{"uv":[2.25,0,1.5,0.6875],"texture":"#1"},"down":{"uv":[2.25,0.6875,1.5,0],"texture":"#1"}}},{"from":[-3.54291,12.43049,6.03076],"to":[-2.85291,12.82149,6.39876],"rotation":{"angle":-22.5,"axis":"y","origin":[1.38703,14.35122,8.05075]},"faces":{"north":{"uv":[4.375,4,4.6875,4.1875],"texture":"#1"},"east":{"uv":[4.75,5.375,4.375,5],"texture":"#1"},"south":{"uv":[4.375,4,4.6875,4.1875],"texture":"#1"},"west":{"uv":[5.125,5.375,4.75,5],"texture":"#1"},"up":{"uv":[4.6875,4.1875,4.375,4],"texture":"#1"},"down":{"uv":[4.6875,4.1875,4.375,4],"texture":"#1"}}},{"from":[-4.42794,10.93049,9.22628],"to":[-3.73794,11.32149,9.59428],"rotation":{"angle":22.5,"axis":"y","origin":[1.38703,14.35122,8.05075]},"faces":{"north":{"uv":[4.6875,4,4.375,4.1875],"texture":"#1"},"east":{"uv":[4.375,5.375,4.75,5],"texture":"#1"},"south":{"uv":[4.6875,4,4.375,4.1875],"texture":"#1"},"west":{"uv":[4.75,5.375,5.125,5],"texture":"#1"},"up":{"uv":[4.6875,4,4.375,4.1875],"texture":"#1"},"down":{"uv":[4.6875,4,4.375,4.1875],"texture":"#1"}}},{"from":[-5.23294,11.12599,8.65128],"to":[-3.85294,11.12599,9.93928],"rotation":{"angle":22.5,"axis":"y","origin":[1.38703,14.35122,8.05075]},"faces":{"north":{"uv":[0,0,1.5,0],"texture":"#1"},"east":{"uv":[0,0,1.375,0],"texture":"#1"},"south":{"uv":[0,0,1.5,0],"texture":"#1"},"west":{"uv":[0,0,1.375,0],"texture":"#1"},"up":{"uv":[2.25,0.6875,1.5,0],"texture":"#1"},"down":{"uv":[2.25,0,1.5,0.6875],"texture":"#1"}}},{"from":[-4.06167,10.76949,9.03112],"to":[-2.22167,11.48249,9.74412],"rotation":{"angle":22.5,"axis":"y","origin":[1.38703,14.35122,8.05075]},"faces":{"north":{"uv":[5.25,0,4.25,0.375],"texture":"#1"},"east":{"uv":[4.375,5.375,4.75,5],"texture":"#1"},"south":{"uv":[5.25,1.75,4.25,2.125],"texture":"#1"},"west":{"uv":[4.375,5.375,4.75,5],"texture":"#1"},"up":{"uv":[5.25,2.125,4.25,2.5],"texture":"#1"},"down":{"uv":[5.25,2.125,4.25,2.5],"texture":"#1"}}},{"from":[0.62666,10.5505,9.78084],"to":[1.75366,11.6775,12.08084],"rotation":{"angle":-45,"axis":"y","origin":[1.38703,14.35122,8.05075]},"faces":{"north":{"uv":[2.625,5.375,3.125,4.875],"texture":"#1"},"east":{"uv":[3,1,4,0.5],"texture":"#1"},"south":{"uv":[4.75,5.375,4.375,5],"texture":"#1"},"west":{"uv":[2.25,3.625,3.25,3.125],"texture":"#1"},"up":{"uv":[1.5,3.125,1,4.125],"texture":"#1"},"down":{"uv":[1.5,3.125,1,4.125],"texture":"#1"}}},{"from":[0.43187,11.00107,15.02542],"to":[1.93187,11.85106,15.82542],"rotation":{"angle":45,"axis":"y","origin":[1.38703,14.35122,8.05075]},"faces":{"north":{"uv":[4.6875,4,4.375,4.1875],"texture":"#1"},"east":{"uv":[4.375,5.375,4.75,5],"texture":"#1"},"south":{"uv":[4.6875,4,4.375,4.1875],"texture":"#1"},"west":{"uv":[4.75,5.375,5.125,5],"texture":"#1"},"up":{"uv":[4.6875,4,4.375,4.1875],"texture":"#1"},"down":{"uv":[4.6875,4,4.375,4.1875],"texture":"#1"}}},{"from":[-1.31813,11.42606,13.77542],"to":[1.68187,11.42606,16.57542],"rotation":{"angle":45,"axis":"y","origin":[1.38703,14.35122,8.05075]},"faces":{"north":{"uv":[0,0,1.5,0],"texture":"#1"},"east":{"uv":[0,0,1.375,0],"texture":"#1"},"south":{"uv":[0,0,1.5,0],"texture":"#1"},"west":{"uv":[0,0,1.375,0],"texture":"#1"},"up":{"uv":[2.25,0.6875,1.5,0],"texture":"#1"},"down":{"uv":[2.25,0,1.5,0.6875],"texture":"#1"}}},{"from":[1.22812,10.65106,14.60115],"to":[5.22812,12.20106,16.15115],"rotation":{"angle":45,"axis":"y","origin":[1.38703,14.35122,8.05075]},"faces":{"north":{"uv":[5.25,0,4.25,0.375],"texture":"#1"},"east":{"uv":[4.375,5.375,4.75,5],"texture":"#1"},"south":{"uv":[5.25,1.75,4.25,2.125],"texture":"#1"},"west":{"uv":[4.375,5.375,4.75,5],"texture":"#1"},"up":{"uv":[5.25,2.125,4.25,2.5],"texture":"#1"},"down":{"uv":[5.25,2.125,4.25,2.5],"texture":"#1"}}},{"from":[8.2889,10.175,2.70641],"to":[10.7389,12.625,7.70641],"rotation":{"angle":-22.5,"axis":"y","origin":[1.38703,14.35122,8.05075]},"faces":{"north":{"uv":[2.625,5.375,3.125,4.875],"texture":"#1"},"east":{"uv":[3,1,4,0.5],"texture":"#1"},"south":{"uv":[4,5.375,4.375,5],"texture":"#1"},"west":{"uv":[2.25,3.625,3.25,3.125],"texture":"#1"},"up":{"uv":[1.5,3.125,1,4.125],"texture":"#1"},"down":{"uv":[1.5,3.125,1,4.125],"texture":"#1"}}},{"from":[8.99696,11.78944,5.36158],"to":[10.48196,14.75944,6.80158],"rotation":{"angle":22.5,"axis":"z","origin":[6.54833,14.71609,8.04567]},"faces":{"north":{"uv":[11.5,1.9375,12.3125,1.5],"rotation":90,"texture":"#1"},"east":{"uv":[10.875,11.25,10.5,12.0625],"rotation":180,"texture":"#1"},"south":{"uv":[1,11.9375,1.8125,11.5],"rotation":270,"texture":"#1"},"west":{"uv":[9.125,12.3125,8.75,11.5],"texture":"#1"},"up":{"uv":[3.25,12.9375,3.625,12.5],"rotation":270,"texture":"#1"},"down":{"uv":[12.5,3.6875,12.875,3.25],"rotation":270,"texture":"#1"}}},{"from":[5.0499,16.37346,5.36964],"to":[9.2799,17.45346,6.62964],"rotation":{"angle":-22.5,"axis":"z","origin":[6.54833,14.71609,8.04567]},"faces":{"north":{"uv":[12.4375,5.5,11.25,5.8125],"texture":"#1"},"east":{"uv":[13.125,1,12.75,1.3125],"texture":"#1"},"south":{"uv":[12.4375,4,11.25,4.3125],"texture":"#1"},"west":{"uv":[4.375,5,4.75,5.375],"texture":"#1"},"up":{"uv":[0,12.1875,0.375,11],"rotation":270,"texture":"#1"},"down":{"uv":[0.5,11,0.875,12.1875],"rotation":90,"texture":"#1"}}},{"from":[1.98358,9.35,5.91096],"to":[11.98358,14.25,10.81096],"rotation":{"angle":22.5,"axis":"y","origin":[1.38703,14.35122,8.05075]},"faces":{"north":{"uv":[2.25,3.625,3.25,3.125],"texture":"#1"},"east":{"uv":[2.625,5.375,3.125,4.875],"texture":"#1"},"south":{"uv":[3,1,4,0.5],"texture":"#1"},"west":{"uv":[4,5.375,4.375,5],"texture":"#1"},"up":{"uv":[1,4.125,1.5,3.125],"rotation":270,"texture":"#1"},"down":{"uv":[1,4.125,1.5,3.125],"rotation":90,"texture":"#1"}}},{"from":[-5.11721,10.30213,6.4569],"to":[2.88279,13.40213,9.5569],"rotation":{"angle":0,"axis":"y","origin":[1.38703,14.35122,8.05075]},"faces":{"north":{"uv":[5.25,0,4.25,0.375],"texture":"#1"},"east":{"uv":[4.375,5.375,4.75,5],"texture":"#1"},"south":{"uv":[5.25,1.75,4.25,2.125],"texture":"#1"},"west":{"uv":[4.375,5.375,4.75,5],"texture":"#1"},"up":{"uv":[5.25,2.125,4.25,2.5],"texture":"#1"},"down":{"uv":[5.25,2.125,4.25,2.5],"texture":"#1"}}},{"from":[-7.7097,11.00213,7.30543],"to":[-4.7097,12.70213,8.90543],"rotation":{"angle":0,"axis":"y","origin":[-1.61297,14.35122,8.05075]},"faces":{"north":{"uv":[4.6875,4,4.375,4.1875],"texture":"#1"},"east":{"uv":[4.375,5.375,4.75,5],"texture":"#1"},"south":{"uv":[4.6875,4,4.375,4.1875],"texture":"#1"},"west":{"uv":[4.375,5.375,4.75,5],"texture":"#1"},"up":{"uv":[4.6875,4,4.375,4.1875],"texture":"#1"},"down":{"uv":[4.6875,4,4.375,4.1875],"texture":"#1"}}}],"display":{"head":{"rotation":[0,43.25,-90],"translation":[9,-33.5,1],"scale":[3,3,3]}}}