{"sonido_jutsu":{"sounds":["sonido_jutsu"]},"tierra_serpiente":{"sounds":["tierra_serpiente"]},"tierra_1":{"sounds":["tierra_1"]},"tierra_2":{"sounds":["tierra_2"]},"tierra_3":{"sounds":["tierra_3"]},"tierra_4":{"sounds":["tierra_4"]},"tierra_5":{"sounds":["tierra_5"]},"rayo_chidori_activar":{"sounds":["rayo_chidori_activar"]},"rayo_chidori_loop":{"sounds":["rayo_chidori_loop"]},"rayo_raikiri_activar":{"sounds":["rayo_raikiri_activar"]},"rayo_raikiri_pain":{"sounds":["rayo_raikiri_pain"]},"rayo_raikiri_loop":{"sounds":["rayo_raikiri_loop"]},"rayo_velocidad":{"sounds":["rayo_velocidad"]},"arte_velocidad":{"sounds":["arte_velocidad"]},"viento_cuchillas_pain":{"sounds":["viento_cuchillas_pain"]},"viento_1":{"sounds":["viento_1"]},"viento_2":{"sounds":["viento_2"]},"viento_3":{"sounds":["viento_3"]},"viento_4":{"sounds":["viento_4"]},"viento_trampolin":{"sounds":["viento_trampolin"]},"viento_rasenshuriken":{"sounds":["viento_rasenshuriken"]},"viento_rasenshuriken_loop":{"sounds":["viento_rasenshuriken_loop"]},"viento_rasenshuriken_pain":{"sounds":["viento_rasenshuriken_pain"]},"viento_rasengan_activar":{"sounds":["viento_rasengan_activar"]},"viento_rasengan_loop":{"sounds":["viento_rasengan_loop"]},"viento_rasengan_pain":{"sounds":["viento_rasengan_pain"]},"armas_golpe_1":{"sounds":["armas_golpe_1"]},"armas_golpe_2":{"sounds":["armas_golpe_2"]},"armas_golpe_3":{"sounds":["armas_golpe_3"]},"armas_corte_1":{"sounds":["armas_corte_1"]},"armas_corte_2":{"sounds":["armas_corte_2"]},"armas_corte_3":{"sounds":["armas_corte_3"]},"armas_corte_4":{"sounds":["armas_corte_4"]},"armas_corte_5":{"sounds":["armas_corte_5"]},"armas_corte_6":{"sounds":["armas_corte_6"]},"armas_corte_7":{"sounds":["armas_corte_7"]},"armas_corte_8":{"sounds":["armas_corte_8"]},"armas_cadenas_1":{"sounds":["armas_cadenas_1"]},"armas_cadenas_2":{"sounds":["armas_cadenas_2"]},"armas_cadenas_3":{"sounds":["armas_cadenas_3"]},"armas_cadenas_4":{"sounds":["armas_cadenas_4"]},"armas_cadenas_5":{"sounds":["armas_cadenas_5"]},"agua_1":{"sounds":["agua_1"]},"agua_2":{"sounds":["agua_2"]},"agua_3":{"sounds":["agua_3"]},"agua_4":{"sounds":["agua_4"]},"agua_5":{"sounds":["agua_5"]},"agua_6":{"sounds":["agua_6"]},"agua_7":{"sounds":["agua_7"]},"agua_tornado":{"sounds":["agua_tornado"]},"fuego_1":{"sounds":["fuego_1"]},"fuego_2":{"sounds":["fuego_2"]},"fuego_3":{"sounds":["fuego_3"]},"fuego_4":{"sounds":["fuego_4"]},"fuego_5":{"sounds":["fuego_5"]},"fuego_6":{"sounds":["fuego_6"]},"armas_garrote_1":{"sounds":["armas_garrote_1"]},"armas_garrote_2":{"sounds":["armas_garrote_2"]},"armas_pain_1":{"sounds":["armas_pain_1"]},"armas_pain_2":{"sounds":["armas_pain_2"]},"armas_shuriken_1":{"sounds":["armas_shuriken_1"]},"armas_shuriken_2":{"sounds":["armas_shuriken_2"]},"armas_shuriken_3":{"sounds":["armas_shuriken_3"]},"armas_shuriken_4":{"sounds":["armas_shuriken_4"]},"armas_shuriken_5":{"sounds":["armas_shuriken_5"]},"armas_kunai_1":{"sounds":["armas_kunai_1"]},"armas_kunai_2":{"sounds":["armas_kunai_2"]},"armas_kunai_3":{"sounds":["armas_kunai_3"]},"armas_cuerda_1":{"sounds":["armas_cuerda_1"]},"armas_cuerda_2":{"sounds":["armas_cuerda_2"]},"armas_cuerda_3":{"sounds":["armas_cuerda_3"]},"armas_cuerda_4":{"sounds":["armas_cuerda_4"]},"armas_cuerda_5":{"sounds":["armas_cuerda_5"]},"armas_cuerda_6":{"sounds":["armas_cuerda_6"]},"armas_cuerda_7":{"sounds":["armas_cuerda_7"]},"armas_cuerda_8":{"sounds":["armas_cuerda_8"]},"armas_cuerda_9":{"sounds":["armas_cuerda_9"]},"armas_cuerda_10":{"sounds":["armas_cuerda_10"]},"armas_cuerda_11":{"sounds":["armas_cuerda_11"]},"armas_cuerda_12":{"sounds":["armas_cuerda_12"]},"armas_cuerda_13":{"sounds":["armas_cuerda_13"]},"armas_cuerda_14":{"sounds":["armas_cuerda_14"]},"maderadestruida":{"sounds":["maderadestruida"]},"humo_1":{"sounds":["humo_1"]},"veneno_1":{"sounds":["veneno_1"]},"veneno_2":{"sounds":["veneno_2"]},"explosion_1":{"sounds":["explosion_1"]},"explosion_2":{"sounds":["explosion_2"]},"explosion_3":{"sounds":["explosion_3"]},"armas_lanzar":{"sounds":["armas_lanzar"]},"sustitucion":{"sounds":["sustitucion"]},"sharingan_activar":{"sounds":["sharingan_activar"]},"sharingan_desactivar":{"sounds":["sharingan_desactivar"]},"mangekyou":{"sounds":["mangekyou"]},"genjutsu":{"sounds":["genjutsu"]},"genjutsu_2":{"sounds":["genjutsu_2"]},"genjutsu_3":{"sounds":["genjutsu_3"]},"susanoo_costilla":{"sounds":["susanoo_costilla"]},"susanoo_costilla_desactivar":{"sounds":["susanoo_costilla_desactivar"]},"susanoo_completo":{"sounds":["susanoo_completo"]},"susanoo_completo_desactivar":{"sounds":["susanoo_completo_desactivar"]},"susanoo_corte":{"sounds":["susanoo_corte"]},"susanoo_corte_2":{"sounds":["susanoo_corte_2"]},"aura_1":{"sounds":["aura_1"]},"aura_2":{"sounds":["aura_2"]},"aura_3":{"sounds":["aura_3"]},"aura_sanacion":{"sounds":["aura_sanacion"]},"sanacion":{"sounds":["sanacion"]},"kamui_apuntado":{"sounds":["kamui_apuntado"]},"kamui_apuntado_2":{"sounds":["kamui_apuntado_2"]},"kamui_traspaso":{"sounds":["kamui_traspaso"]},"kamui_portal":{"sounds":["kamui_portal"]},"kamui_intangibilidad":{"sounds":["kamui_intangibilidad"]},"vendajes":{"sounds":["vendajes"]},"sangrado":{"sounds":["sangrado"]},"antidoto":{"sounds":["antidoto"]},"invocacion":{"sounds":["invocacion"]},"sello5":{"sounds":["sello5"]},"arena_1":{"sounds":["arena_1"]},"arena_2":{"sounds":["arena_2"]},"arena_3":{"sounds":["arena_3"]},"arena_4":{"sounds":["arena_4"]},"reparacion":{"sounds":["reparacion"]},"reparacion_2":{"sounds":["reparacion_2"]},"samehada_1":{"sounds":["samehada_1"]},"samehada_2":{"sounds":["samehada_2"]},"samehada_3":{"sounds":["samehada_3"]},"hueso_1":{"sounds":["hueso_1"]},"hueso_2":{"sounds":["hueso_2"]},"hueso_3":{"sounds":["hueso_3"]},"hueso_4":{"sounds":["hueso_4"]},"hueso_5":{"sounds":["hueso_5"]},"hueso_6":{"sounds":["hueso_6"]},"hueso_7":{"sounds":["hueso_7"]},"hueso_8":{"sounds":["hueso_8"]},"hueso_9":{"sounds":["hueso_9"]},"portal_1":{"sounds":["portal_1"]},"portal_2":{"sounds":["portal_2"]},"portal_3":{"sounds":["portal_3"]},"portal_4":{"sounds":["portal_4"]},"portal_5":{"sounds":["portal_5"]},"portal_6":{"sounds":["portal_6"]},"portal_7":{"sounds":["portal_7"]},"portal_8":{"sounds":["portal_8"]},"portal_9":{"sounds":["portal_9"]},"portal_10":{"sounds":["portal_10"]},"portal_barrera":{"sounds":["portal_barrera"]},"portal_granbarrera":{"sounds":["portal_granbarrera"]},"hyuga_1":{"sounds":["hyuga_1"]},"hyuga_2":{"sounds":["hyuga_2"]},"hyuga_3":{"sounds":["hyuga_3"]},"hyuga_4":{"sounds":["hyuga_4"]},"hyuga_5":{"sounds":["hyuga_5"]},"hyuga_6":{"sounds":["hyuga_6"]},"jaula":{"sounds":["jaula"]},"giros_1":{"sounds":["giros_1"]},"destello_1":{"sounds":["destello_1"]},"ka":{"sounds":["ka"]},"mob_jabali_1":{"sounds":["mob_jabali_1"]},"mob_jabali_2":{"sounds":["mob_jabali_2"]},"mob_jabali_3":{"sounds":["mob_jabali_3"]},"mob_jabali_4":{"sounds":["mob_jabali_4"]},"mob_jabali_5":{"sounds":["mob_jabali_5"]},"mob_jabali_6":{"sounds":["mob_jabali_6"]},"mob_jabali_7":{"sounds":["mob_jabali_7"]},"mob_jabali_8":{"sounds":["mob_jabali_8"]},"mob_ladron_1":{"sounds":["mob_ladron_1"]},"mob_ladron_2":{"sounds":["mob_ladron_2"]},"mob_ladron_3":{"sounds":["mob_ladron_3"]},"mob_ladron_4":{"sounds":["mob_ladron_4"]},"mob_ladron_5":{"sounds":["mob_ladron_5"]},"mob_perro_1":{"sounds":["mob_perro_1"]},"mob_perro_2":{"sounds":["mob_perro_2"]},"mob_perro_3":{"sounds":["mob_perro_3"]},"mob_perro_4":{"sounds":["mob_perro_4"]},"mob_perro_5":{"sounds":["mob_perro_5"]},"mob_perro_6":{"sounds":["mob_perro_6"]},"mob_perro_7":{"sounds":["mob_perro_7"]},"mob_perro_8":{"sounds":["mob_perro_8"]},"mob_perro_9":{"sounds":["mob_perro_9"]},"mob_perro_10":{"sounds":["mob_perro_10"]},"mob_perro_11":{"sounds":["mob_perro_11"]},"mob_perro_12":{"sounds":["mob_perro_12"]},"mob_oso_1":{"sounds":["mob_oso_1"]},"mob_oso_2":{"sounds":["mob_oso_2"]},"mob_oso_3":{"sounds":["mob_oso_3"]},"mob_oso_4":{"sounds":["mob_oso_4"]},"mob_oso_5":{"sounds":["mob_oso_5"]},"mob_oso_6":{"sounds":["mob_oso_6"]},"mob_oso_7":{"sounds":["mob_oso_7"]},"mob_oso_8":{"sounds":["mob_oso_8"]},"mob_oso_9":{"sounds":["mob_oso_9"]},"mob_oso_10":{"sounds":["mob_oso_10"]},"mob_bandido_1":{"sounds":["mob_bandido_1"]},"mob_bandido_2":{"sounds":["mob_bandido_2"]},"mob_bandido_3":{"sounds":["mob_bandido_3"]},"mob_bandido_4":{"sounds":["mob_bandido_4"]},"mob_bandido_5":{"sounds":["mob_bandido_5"]},"mob_bandido_6":{"sounds":["mob_bandido_6"]},"mob_abeja_1":{"sounds":["mob_abeja_1"]},"mob_abeja_2":{"sounds":["mob_abeja_2"]},"mob_abeja_3":{"sounds":["mob_abeja_3"]},"mob_abeja_4":{"sounds":["mob_abeja_4"]},"mob_abeja_5":{"sounds":["mob_abeja_5"]},"mob_abeja_6":{"sounds":["mob_abeja_6"]},"mob_abeja_7":{"sounds":["mob_abeja_7"]},"mob_abeja_8":{"sounds":["mob_abeja_8"]},"mob_abeja_9":{"sounds":["mob_abeja_9"]},"mob_abeja_panal_1":{"sounds":["mob_abeja_panal_1"]},"mob_abeja_panal_2":{"sounds":["mob_abeja_panal_2"]},"mob_abeja_panal_3":{"sounds":["mob_abeja_panal_3"]},"mob_serpiente_1":{"sounds":["mob_serpiente_1"]},"mob_serpiente_2":{"sounds":["mob_serpiente_2"]},"mob_serpiente_3":{"sounds":["mob_serpiente_3"]},"mob_serpiente_4":{"sounds":["mob_serpiente_4"]},"mob_serpiente_5":{"sounds":["mob_serpiente_5"]},"mob_serpiente_6":{"sounds":["mob_serpiente_6"]},"mob_serpiente_7":{"sounds":["mob_serpiente_7"]},"mob_hongovapor_1":{"sounds":["mob_hongovapor_1"]},"mob_hongovapor_2":{"sounds":["mob_hongovapor_2"]},"mob_hongovapor_3":{"sounds":["mob_hongovapor_3"]},"mob_hongovapor_4":{"sounds":["mob_hongovapor_4"]},"mob_hongovapor_5":{"sounds":["mob_hongovapor_5"]},"mob_hongovapor_6":{"sounds":["mob_hongovapor_6"]},"mob_hongovapor_7":{"sounds":["mob_hongovapor_7"]},"mob_hongovapor_8":{"sounds":["mob_hongovapor_8"]},"mob_hongovapor_9":{"sounds":["mob_hongovapor_9"]},"mob_cocodrilo_1":{"sounds":["mob_cocodrilo_1"]},"mob_cocodrilo_2":{"sounds":["mob_cocodrilo_2"]},"mob_cocodrilo_3":{"sounds":["mob_cocodrilo_3"]},"mob_cocodrilo_4":{"sounds":["mob_cocodrilo_4"]},"mob_cocodrilo_5":{"sounds":["mob_cocodrilo_5"]},"mob_cocodrilo_6":{"sounds":["mob_cocodrilo_6"]},"mob_cocodrilo_7":{"sounds":["mob_cocodrilo_7"]},"mob_cocodrilo_8":{"sounds":["mob_cocodrilo_8"]},"mob_cocodrilo_9":{"sounds":["mob_cocodrilo_9"]},"mob_liderbandido_1":{"sounds":["mob_liderbandido_1"]},"mob_liderbandido_2":{"sounds":["mob_liderbandido_2"]},"mob_liderbandido_3":{"sounds":["mob_liderbandido_3"]},"mob_liderbandido_4":{"sounds":["mob_liderbandido_4"]},"mob_liderbandido_5":{"sounds":["mob_liderbandido_5"]},"mob_liderbandido_6":{"sounds":["mob_liderbandido_6"]},"mob_liderbandido_7":{"sounds":["mob_liderbandido_7"]},"mob_liderbandido_8":{"sounds":["mob_liderbandido_8"]},"mob_liderbandido_9":{"sounds":["mob_liderbandido_9"]},"mob_liderbandido_10":{"sounds":["mob_liderbandido_10"]},"mob_liderbandido_11":{"sounds":["mob_liderbandido_11"]},"mob_abejareina_1":{"sounds":["mob_abejareina_1"]},"mob_abejareina_2":{"sounds":["mob_abejareina_2"]},"mob_abejareina_3":{"sounds":["mob_abejareina_3"]},"mob_abejareina_4":{"sounds":["mob_abejareina_4"]},"mob_abejareina_5":{"sounds":["mob_abejareina_5"]},"mob_abejareina_6":{"sounds":["mob_abejareina_6"]},"mob_abejareina_7":{"sounds":["mob_abejareina_7"]},"mob_antiguohongo_1":{"sounds":["mob_antiguohongo_1"]},"mob_antiguohongo_2":{"sounds":["mob_antiguohongo_2"]},"mob_antiguohongo_3":{"sounds":["mob_antiguohongo_3"]},"mob_antiguohongo_4":{"sounds":["mob_antiguohongo_4"]},"mob_antiguohongo_5":{"sounds":["mob_antiguohongo_5"]},"mob_antiguohongo_6":{"sounds":["mob_antiguohongo_6"]},"mob_antiguohongo_7":{"sounds":["mob_antiguohongo_7"]},"mob_antiguohongo_8":{"sounds":["mob_antiguohongo_8"]},"mob_antiguohongo_9":{"sounds":["mob_antiguohongo_9"]},"mob_antiguohongo_10":{"sounds":["mob_antiguohongo_10"]},"vapor_1":{"sounds":["vapor_1"]},"vapor_2":{"sounds":["vapor_2"]},"vapor_3":{"sounds":["vapor_3"]},"vapor_4":{"sounds":["vapor_4"]},"kamizuru_rinkaichu_1":{"sounds":["kamizuru_rinkaichu_1"]},"kamizuru_rinkaichu_2":{"sounds":["kamizuru_rinkaichu_2"]},"kamizuru_rinkaichu_3":{"sounds":["kamizuru_rinkaichu_3"]},"mob_escorpion_1":{"sounds":["mob_escorpion_1"]},"mob_escorpion_2":{"sounds":["mob_escorpion_2"]},"mob_escorpion_3":{"sounds":["mob_escorpion_3"]},"mob_escorpion_4":{"sounds":["mob_escorpion_4"]},"mob_escorpion_5":{"sounds":["mob_escorpion_5"]},"mob_escorpion_6":{"sounds":["mob_escorpion_6"]},"mob_escorpion_7":{"sounds":["mob_escorpion_7"]},"mob_escorpion_8":{"sounds":["mob_escorpion_8"]},"mob_gusanodesierto_1":{"sounds":["mob_gusanodesierto_1"]},"mob_gusanodesierto_2":{"sounds":["mob_gusanodesierto_2"]},"mob_gusanodesierto_3":{"sounds":["mob_gusanodesierto_3"]},"mob_gusanodesierto_4":{"sounds":["mob_gusanodesierto_4"]},"mob_gusanodesierto_5":{"sounds":["mob_gusanodesierto_5"]},"mob_gusanodesierto_6":{"sounds":["mob_gusanodesierto_6"]},"mob_gusanodesierto_7":{"sounds":["mob_gusanodesierto_7"]},"mob_gusanodesierto_8":{"sounds":["mob_gusanodesierto_8"]},"mob_gusanodesierto_9":{"sounds":["mob_gusanodesierto_9"]},"mob_gusanodesierto_10":{"sounds":["mob_gusanodesierto_10"]},"mob_gusanodesierto_11":{"sounds":["mob_gusanodesierto_11"]},"sopa":{"sounds":["sopa"]},"bebida":{"sounds":["bebida"]},"comida":{"sounds":["comida"]},"pildora":{"sounds":["pildora"]},"block.wood.break":{"sounds":[],"replace":true,"subtitle":"subtitles.block.generic.break"},"block.wood.fall":{"sounds":[],"replace":true},"block.wood.hit":{"sounds":[],"replace":true,"subtitle":"subtitles.block.generic.hit"},"block.wood.place":{"sounds":[],"replace":true,"subtitle":"subtitles.block.generic.place"},"block.wood.step":{"sounds":[],"replace":true,"subtitle":"subtitles.block.generic.footsteps"},"block.stone.break":{"sounds":[],"replace":true,"subtitle":"subtitles.block.generic.break"},"block.stone.fall":{"sounds":[],"replace":true},"block.stone.hit":{"sounds":[],"replace":true,"subtitle":"subtitles.block.generic.hit"},"block.stone.place":{"sounds":[],"replace":true,"subtitle":"subtitles.block.generic.place"},"block.stone.step":{"sounds":[],"replace":true,"subtitle":"subtitles.block.generic.footsteps"},"internal.block.wood.break":{"sounds":["dig/wood1","dig/wood2","dig/wood3","dig/wood4"],"subtitle":"subtitles.block.generic.break"},"internal.block.wood.fall":{"sounds":["step/wood1","step/wood2","step/wood3","step/wood4","step/wood5","step/wood6"]},"internal.block.wood.hit":{"sounds":["step/wood1","step/wood2","step/wood3","step/wood4","step/wood5","step/wood6"],"subtitle":"subtitles.block.generic.hit"},"internal.block.wood.place":{"sounds":["dig/wood1","dig/wood2","dig/wood3","dig/wood4"],"subtitle":"subtitles.block.generic.place"},"internal.block.wood.step":{"sounds":["step/wood1","step/wood2","step/wood3","step/wood4","step/wood5","step/wood6"],"subtitle":"subtitles.block.generic.footsteps"},"internal.block.stone.break":{"sounds":["dig/stone1","dig/stone2","dig/stone3","dig/stone4"],"subtitle":"subtitles.block.generic.break"},"internal.block.stone.fall":{"sounds":["step/stone1","step/stone2","step/stone3","step/stone4","step/stone5","step/stone6"]},"internal.block.stone.hit":{"sounds":["step/stone1","step/stone2","step/stone3","step/stone4","step/stone5","step/stone6"],"subtitle":"subtitles.block.generic.hit"},"internal.block.stone.place":{"sounds":["dig/stone1","dig/stone2","dig/stone3","dig/stone4"],"subtitle":"subtitles.block.generic.place"},"internal.block.stone.step":{"sounds":["step/stone1","step/stone2","step/stone3","step/stone4","step/stone5","step/stone6"],"subtitle":"subtitles.block.generic.footsteps"}}