{"credit":"Naruto RPG","texture_size":[100,100],"textures":{"1":"viento:item/viento_rasengan","2":"viento:item/viento_rasenshuriken","particle":"viento:item/viento_rasenshuriken"},"elements":[{"from":[6.37256,5.90563,10.75],"to":[10.37256,9.90563,11.75],"rotation":{"angle":0,"axis":"y","origin":[7.37256,-27.09437,3.75]},"faces":{"north":{"uv":[10.72,5.6,11.36,6.24],"texture":"#1"},"east":{"uv":[5.44,13.76,5.6,14.4],"texture":"#1"},"south":{"uv":[10.72,6.4,11.36,7.04],"texture":"#1"},"west":{"uv":[13.76,7.52,13.92,8.16],"texture":"#1"},"up":{"uv":[14.4,8.48,13.76,8.32],"texture":"#1"},"down":{"uv":[14.4,8.64,13.76,8.8],"texture":"#1"}}},{"from":[6.37256,5.90563,5.25],"to":[10.37256,9.90563,6.25],"rotation":{"angle":0,"axis":"y","origin":[7.37256,-27.09437,-1.75]},"faces":{"north":{"uv":[0.96,10.4,1.6,11.04],"texture":"#1"},"east":{"uv":[12.16,13.44,12.32,14.08],"texture":"#1"},"south":{"uv":[1.76,10.4,2.4,11.04],"texture":"#1"},"west":{"uv":[9.28,13.6,9.44,14.24],"texture":"#1"},"up":{"uv":[4.64,8.16,4,8],"texture":"#1"},"down":{"uv":[14.24,12.64,13.6,12.8],"texture":"#1"}}},{"from":[10.62256,5.90563,6.5],"to":[11.62256,9.90563,10.5],"rotation":{"angle":0,"axis":"y","origin":[11.62256,-27.09437,2.5]},"faces":{"north":{"uv":[9.6,13.6,9.76,14.24],"texture":"#1"},"east":{"uv":[9.12,10.56,9.76,11.2],"texture":"#1"},"south":{"uv":[9.92,13.6,10.08,14.24],"texture":"#1"},"west":{"uv":[9.92,10.56,10.56,11.2],"texture":"#1"},"up":{"uv":[13.76,13.6,13.6,12.96],"texture":"#1"},"down":{"uv":[13.92,0,13.76,0.64],"texture":"#1"}}},{"from":[5.12256,5.90563,6.5],"to":[6.12256,9.90563,10.5],"rotation":{"angle":0,"axis":"y","origin":[6.12256,-27.09437,2.5]},"faces":{"north":{"uv":[13.76,0.8,13.92,1.44],"texture":"#1"},"east":{"uv":[10.72,2.4,11.36,3.04],"texture":"#1"},"south":{"uv":[13.76,1.6,13.92,2.24],"texture":"#1"},"west":{"uv":[10.72,3.2,11.36,3.84],"texture":"#1"},"up":{"uv":[13.92,3.04,13.76,2.4],"texture":"#1"},"down":{"uv":[13.92,3.2,13.76,3.84],"texture":"#1"}}},{"from":[6.37256,10.15563,6.5],"to":[10.37256,11.15563,10.5],"rotation":{"angle":0,"axis":"y","origin":[6.37256,-22.84437,3.5]},"faces":{"north":{"uv":[3.84,13.76,4.48,13.92],"texture":"#1"},"east":{"uv":[13.76,4,14.4,4.16],"texture":"#1"},"south":{"uv":[4.64,13.76,5.28,13.92],"texture":"#1"},"west":{"uv":[13.76,5.92,14.4,6.08],"texture":"#1"},"up":{"uv":[11.36,4.64,10.72,4],"texture":"#1"},"down":{"uv":[5.28,10.72,4.64,11.36],"texture":"#1"}}},{"from":[6.37256,4.65563,6.5],"to":[10.37256,5.65563,10.5],"rotation":{"angle":0,"axis":"y","origin":[6.37256,-28.34437,3.5]},"faces":{"north":{"uv":[13.76,6.24,14.4,6.4],"texture":"#1"},"east":{"uv":[13.76,6.56,14.4,6.72],"texture":"#1"},"south":{"uv":[13.76,6.88,14.4,7.04],"texture":"#1"},"west":{"uv":[13.76,7.2,14.4,7.36],"texture":"#1"},"up":{"uv":[11.36,5.44,10.72,4.8],"texture":"#1"},"down":{"uv":[6.08,10.72,5.44,11.36],"texture":"#1"}}},{"from":[5.87256,5.40563,6],"to":[10.87256,10.40563,11],"rotation":{"angle":0,"axis":"y","origin":[6.87256,-27.59437,3]},"faces":{"north":{"uv":[8.8,3.36,9.6,4.16],"texture":"#1"},"east":{"uv":[8.8,4.32,9.6,5.12],"texture":"#1"},"south":{"uv":[8.8,5.28,9.6,6.08],"texture":"#1"},"west":{"uv":[8.8,6.24,9.6,7.04],"texture":"#1"},"up":{"uv":[7.68,9.76,6.88,8.96],"texture":"#1"},"down":{"uv":[9.92,0,9.12,0.8],"texture":"#1"}}},{"from":[-5.95751,7.72545,-5.73],"to":[22.60249,7.72545,22.83],"rotation":{"angle":-22.5,"axis":"y","origin":[8.32249,7.72545,8.55]},"faces":{"north":{"uv":[0,0,20.48,20.48],"texture":"#2"},"east":{"uv":[0,0,20.48,20.48],"texture":"#2"},"south":{"uv":[0,0,20.48,20.48],"texture":"#2"},"west":{"uv":[0,0,20.48,20.48],"texture":"#2"},"up":{"uv":[0,0,16,16],"rotation":180,"texture":"#2"},"down":{"uv":[16,0,0,16],"rotation":180,"texture":"#2"}}}],"display":{"head":{"translation":[0,-42,-77],"scale":[3,3,3]}}}