{"credit":"Naruto RPG","textures":{"0":"viento:item/viento_1","particle":"viento:item/viento_1"},"elements":[{"from":[-16,-16,8],"to":[32,32,8],"rotation":{"angle":45,"axis":"y","origin":[9,16,8]},"faces":{"north":{"uv":[0,0,16,16],"texture":"#0"},"east":{"uv":[0,0,0,16],"texture":"#0"},"south":{"uv":[16,0,0,16],"texture":"#0"},"west":{"uv":[0,0,0,16],"texture":"#0"},"up":{"uv":[0,0,16,0],"texture":"#0"},"down":{"uv":[0,0,16,0],"texture":"#0"}}},{"from":[-16,-16,8],"to":[32,32,8],"rotation":{"angle":-45,"axis":"y","origin":[9,16,8]},"faces":{"north":{"uv":[0,0,16,16],"texture":"#0"},"east":{"uv":[0,0,0,16],"texture":"#0"},"south":{"uv":[16,0,0,16],"texture":"#0"},"west":{"uv":[0,0,0,16],"texture":"#0"},"up":{"uv":[0,0,16,0],"texture":"#0"},"down":{"uv":[0,0,16,0],"texture":"#0"}}},{"from":[9,-16,-16],"to":[9,32,32],"rotation":{"angle":0,"axis":"y","origin":[9,16,8]},"faces":{"north":{"uv":[0,0,0,16],"texture":"#0"},"east":{"uv":[16,0,0,16],"texture":"#0"},"south":{"uv":[0,0,0,16],"texture":"#0"},"west":{"uv":[0,0,16,16],"texture":"#0"},"up":{"uv":[0,0,16,0],"rotation":270,"texture":"#0"},"down":{"uv":[0,0,16,0],"rotation":90,"texture":"#0"}}},{"from":[-16,-16,8],"to":[32,32,8],"rotation":{"angle":0,"axis":"y","origin":[9,16,8]},"faces":{"north":{"uv":[0,0,16,16],"texture":"#0"},"east":{"uv":[0,0,0,16],"texture":"#0"},"south":{"uv":[16,0,0,16],"texture":"#0"},"west":{"uv":[0,0,0,16],"texture":"#0"},"up":{"uv":[0,0,16,0],"texture":"#0"},"down":{"uv":[0,0,16,0],"texture":"#0"}}},{"from":[-16,31,-16],"to":[32,31,32],"rotation":{"angle":22.5,"axis":"x","origin":[8,31,8]},"faces":{"north":{"uv":[0,0,16,0],"rotation":180,"texture":"#0"},"east":{"uv":[0,0,0,16],"rotation":90,"texture":"#0"},"south":{"uv":[0,0,16,0],"texture":"#0"},"west":{"uv":[0,0,0,16],"rotation":270,"texture":"#0"},"up":{"uv":[0,16,16,0],"texture":"#0"},"down":{"uv":[16,16,0,0],"rotation":180,"texture":"#0"}}},{"from":[-16,31,-16],"to":[32,31,32],"rotation":{"angle":-22.5,"axis":"x","origin":[8,31,8]},"faces":{"north":{"uv":[0,0,16,0],"rotation":180,"texture":"#0"},"east":{"uv":[0,0,0,16],"rotation":90,"texture":"#0"},"south":{"uv":[0,0,16,0],"texture":"#0"},"west":{"uv":[0,0,0,16],"rotation":270,"texture":"#0"},"up":{"uv":[0,16,16,0],"texture":"#0"},"down":{"uv":[16,16,0,0],"rotation":180,"texture":"#0"}}},{"from":[-16,15,-16],"to":[32,15,32],"rotation":{"angle":-22.5,"axis":"x","origin":[8,15,8]},"faces":{"north":{"uv":[0,0,16,0],"rotation":180,"texture":"#0"},"east":{"uv":[0,0,0,16],"rotation":90,"texture":"#0"},"south":{"uv":[0,0,16,0],"texture":"#0"},"west":{"uv":[0,0,0,16],"rotation":270,"texture":"#0"},"up":{"uv":[0,16,16,0],"texture":"#0"},"down":{"uv":[16,16,0,0],"rotation":180,"texture":"#0"}}},{"from":[-16,15,-16],"to":[32,15,32],"rotation":{"angle":22.5,"axis":"x","origin":[8,15,8]},"faces":{"north":{"uv":[0,0,16,0],"rotation":180,"texture":"#0"},"east":{"uv":[0,0,0,16],"rotation":90,"texture":"#0"},"south":{"uv":[0,0,16,0],"texture":"#0"},"west":{"uv":[0,0,0,16],"rotation":270,"texture":"#0"},"up":{"uv":[0,16,16,0],"texture":"#0"},"down":{"uv":[16,16,0,0],"rotation":180,"texture":"#0"}}},{"from":[-16,0,-16],"to":[32,0,32],"rotation":{"angle":-22.5,"axis":"x","origin":[8,0,8]},"faces":{"north":{"uv":[0,0,16,0],"rotation":180,"texture":"#0"},"east":{"uv":[0,0,0,16],"rotation":90,"texture":"#0"},"south":{"uv":[0,0,16,0],"texture":"#0"},"west":{"uv":[0,0,0,16],"rotation":270,"texture":"#0"},"up":{"uv":[0,16,16,0],"texture":"#0"},"down":{"uv":[16,16,0,0],"rotation":180,"texture":"#0"}}},{"from":[-16,0,-16],"to":[32,0,32],"rotation":{"angle":22.5,"axis":"x","origin":[8,0,8]},"faces":{"north":{"uv":[0,0,16,0],"rotation":180,"texture":"#0"},"east":{"uv":[0,0,0,16],"rotation":90,"texture":"#0"},"south":{"uv":[0,0,16,0],"texture":"#0"},"west":{"uv":[0,0,0,16],"rotation":270,"texture":"#0"},"up":{"uv":[0,16,16,0],"texture":"#0"},"down":{"uv":[16,16,0,0],"rotation":180,"texture":"#0"}}},{"from":[-16,-16,-16],"to":[32,-16,32],"rotation":{"angle":22.5,"axis":"x","origin":[8,-16,8]},"faces":{"north":{"uv":[0,0,16,0],"rotation":180,"texture":"#0"},"east":{"uv":[0,0,0,16],"rotation":90,"texture":"#0"},"south":{"uv":[0,0,16,0],"texture":"#0"},"west":{"uv":[0,0,0,16],"rotation":270,"texture":"#0"},"up":{"uv":[0,16,16,0],"texture":"#0"},"down":{"uv":[16,16,0,0],"rotation":180,"texture":"#0"}}},{"from":[-16,-16,-16],"to":[32,-16,32],"rotation":{"angle":-22.5,"axis":"x","origin":[8,-16,8]},"faces":{"north":{"uv":[0,0,16,0],"rotation":180,"texture":"#0"},"east":{"uv":[0,0,0,16],"rotation":90,"texture":"#0"},"south":{"uv":[0,0,16,0],"texture":"#0"},"west":{"uv":[0,0,0,16],"rotation":270,"texture":"#0"},"up":{"uv":[0,16,16,0],"texture":"#0"},"down":{"uv":[16,16,0,0],"rotation":180,"texture":"#0"}}},{"from":[-16,-16,-16],"to":[32,-16,32],"rotation":{"angle":-22.5,"axis":"z","origin":[8,-16,8]},"faces":{"north":{"uv":[0,0,16,0],"rotation":180,"texture":"#0"},"east":{"uv":[0,0,0,16],"rotation":90,"texture":"#0"},"south":{"uv":[0,0,16,0],"texture":"#0"},"west":{"uv":[0,0,0,16],"rotation":270,"texture":"#0"},"up":{"uv":[16,0,0,16],"texture":"#0"},"down":{"uv":[0,0,16,16],"rotation":180,"texture":"#0"}}},{"from":[-16,-16,-16],"to":[32,-16,32],"rotation":{"angle":22.5,"axis":"z","origin":[8,-16,8]},"faces":{"north":{"uv":[0,0,16,0],"rotation":180,"texture":"#0"},"east":{"uv":[0,0,0,16],"rotation":90,"texture":"#0"},"south":{"uv":[0,0,16,0],"texture":"#0"},"west":{"uv":[0,0,0,16],"rotation":270,"texture":"#0"},"up":{"uv":[16,0,0,16],"texture":"#0"},"down":{"uv":[0,0,16,16],"rotation":180,"texture":"#0"}}},{"from":[-16,0,-16],"to":[32,0,32],"rotation":{"angle":-22.5,"axis":"z","origin":[8,0,8]},"faces":{"north":{"uv":[0,0,16,0],"rotation":180,"texture":"#0"},"east":{"uv":[0,0,0,16],"rotation":90,"texture":"#0"},"south":{"uv":[0,0,16,0],"texture":"#0"},"west":{"uv":[0,0,0,16],"rotation":270,"texture":"#0"},"up":{"uv":[16,0,0,16],"texture":"#0"},"down":{"uv":[0,0,16,16],"rotation":180,"texture":"#0"}}},{"from":[-16,0,-16],"to":[32,0,32],"rotation":{"angle":22.5,"axis":"z","origin":[8,0,8]},"faces":{"north":{"uv":[0,0,16,0],"rotation":180,"texture":"#0"},"east":{"uv":[0,0,0,16],"rotation":90,"texture":"#0"},"south":{"uv":[0,0,16,0],"texture":"#0"},"west":{"uv":[0,0,0,16],"rotation":270,"texture":"#0"},"up":{"uv":[16,0,0,16],"texture":"#0"},"down":{"uv":[0,0,16,16],"rotation":180,"texture":"#0"}}},{"from":[-16,12,-16],"to":[32,12,32],"rotation":{"angle":-22.5,"axis":"z","origin":[8,12,8]},"faces":{"north":{"uv":[0,0,16,0],"rotation":180,"texture":"#0"},"east":{"uv":[0,0,0,16],"rotation":90,"texture":"#0"},"south":{"uv":[0,0,16,0],"texture":"#0"},"west":{"uv":[0,0,0,16],"rotation":270,"texture":"#0"},"up":{"uv":[16,0,0,16],"texture":"#0"},"down":{"uv":[0,0,16,16],"rotation":180,"texture":"#0"}}},{"from":[-16,12,-16],"to":[32,12,32],"rotation":{"angle":22.5,"axis":"z","origin":[8,12,8]},"faces":{"north":{"uv":[0,0,16,0],"rotation":180,"texture":"#0"},"east":{"uv":[0,0,0,16],"rotation":90,"texture":"#0"},"south":{"uv":[0,0,16,0],"texture":"#0"},"west":{"uv":[0,0,0,16],"rotation":270,"texture":"#0"},"up":{"uv":[16,0,0,16],"texture":"#0"},"down":{"uv":[0,0,16,16],"rotation":180,"texture":"#0"}}},{"from":[-16,28,-16],"to":[32,28,32],"rotation":{"angle":22.5,"axis":"z","origin":[8,28,8]},"faces":{"north":{"uv":[0,0,16,0],"rotation":180,"texture":"#0"},"east":{"uv":[0,0,0,16],"rotation":90,"texture":"#0"},"south":{"uv":[0,0,16,0],"texture":"#0"},"west":{"uv":[0,0,0,16],"rotation":270,"texture":"#0"},"up":{"uv":[16,0,0,16],"texture":"#0"},"down":{"uv":[0,0,16,16],"rotation":180,"texture":"#0"}}},{"from":[-16,28,-16],"to":[32,28,32],"rotation":{"angle":-22.5,"axis":"z","origin":[8,28,8]},"faces":{"north":{"uv":[0,0,16,0],"rotation":180,"texture":"#0"},"east":{"uv":[0,0,0,16],"rotation":90,"texture":"#0"},"south":{"uv":[0,0,16,0],"texture":"#0"},"west":{"uv":[0,0,0,16],"rotation":270,"texture":"#0"},"up":{"uv":[16,0,0,16],"texture":"#0"},"down":{"uv":[0,0,16,16],"rotation":180,"texture":"#0"}}}],"display":{"head":{"rotation":[0,90,0],"translation":[3.75,78.25,-2.25],"scale":[4,4,4]}}}