{"credit":"Naruto RPG","textures":{"0":"viento:item/viento_guadana","particle":"viento:item/viento_guadana"},"elements":[{"from":[-16,3.10051,-16],"to":[32,3.10051,32],"rotation":{"angle":22.5,"axis":"x","origin":[12,3.10051,8.19239]},"faces":{"north":{"uv":[0,0,16,0],"rotation":180,"texture":"#0"},"east":{"uv":[0,0,0,16],"rotation":90,"texture":"#0"},"south":{"uv":[0,0,16,0],"texture":"#0"},"west":{"uv":[0,0,0,16],"rotation":270,"texture":"#0"},"up":{"uv":[0,16,16,0],"texture":"#0"},"down":{"uv":[0,0,16,16],"texture":"#0"}}},{"from":[-16,3.10051,-16],"to":[32,3.10051,32],"rotation":{"angle":45,"axis":"x","origin":[12,3.10051,8.19239]},"faces":{"north":{"uv":[0,0,16,0],"rotation":180,"texture":"#0"},"east":{"uv":[0,0,0,16],"rotation":90,"texture":"#0"},"south":{"uv":[0,0,16,0],"texture":"#0"},"west":{"uv":[0,0,0,16],"rotation":270,"texture":"#0"},"up":{"uv":[0,0,16,16],"texture":"#0"},"down":{"uv":[0,16,16,0],"texture":"#0"}}},{"from":[-16,3.10051,-16],"to":[32,3.10051,32],"rotation":{"angle":-45,"axis":"x","origin":[12,3.10051,8.19239]},"faces":{"north":{"uv":[0,0,16,0],"rotation":180,"texture":"#0"},"east":{"uv":[0,0,0,16],"rotation":90,"texture":"#0"},"south":{"uv":[0,0,16,0],"texture":"#0"},"west":{"uv":[0,0,0,16],"rotation":270,"texture":"#0"},"up":{"uv":[0,16,16,0],"texture":"#0"},"down":{"uv":[0,0,16,16],"texture":"#0"}}},{"from":[-16,3.10051,-16],"to":[32,3.10051,32],"rotation":{"angle":-22.5,"axis":"x","origin":[12,3.10051,8.19239]},"faces":{"north":{"uv":[0,0,16,0],"rotation":180,"texture":"#0"},"east":{"uv":[0,0,0,16],"rotation":90,"texture":"#0"},"south":{"uv":[0,0,16,0],"texture":"#0"},"west":{"uv":[0,0,0,16],"rotation":270,"texture":"#0"},"up":{"uv":[0,0,16,16],"texture":"#0"},"down":{"uv":[0,16,16,0],"texture":"#0"}}}],"display":{"head":{"rotation":[0,90,0],"translation":[0,-1.75,-80],"scale":[3,4,4]}}}