{"format_version":"1.21.6","credit":"Naruto RPG","texture_size":[32,32],"textures":{"1":"lava:item/lava_escupitajo"},"elements":[{"from":[4.28,0,6.14],"to":[11.72,3.72,9.86],"rotation":{"angle":0,"axis":"y","origin":[8,1.86,8]},"faces":{"north":{"uv":[5.5,0,9.25,1.75],"texture":"#1"},"east":{"uv":[4,6,5.75,7.75],"texture":"#1"},"south":{"uv":[5.5,2,9.25,3.75],"texture":"#1"},"west":{"uv":[6,6,7.75,7.75],"texture":"#1"},"up":{"uv":[9.25,5.75,5.5,4],"texture":"#1"},"down":{"uv":[3.75,6,0,7.75],"texture":"#1"}}},{"from":[2.42,0.465,6.605],"to":[13.58,3.255,9.395],"rotation":{"angle":0,"axis":"y","origin":[8,1.86,8]},"faces":{"north":{"uv":[0,0,5.5,1.5],"texture":"#1"},"east":{"uv":[0,8,1.5,9.5],"texture":"#1"},"south":{"uv":[0,1.5,5.5,3],"texture":"#1"},"west":{"uv":[1.5,8,3,9.5],"texture":"#1"},"up":{"uv":[5.5,4.5,0,3],"texture":"#1"},"down":{"uv":[5.5,4.5,0,6],"texture":"#1"}}}],"display":{"head":{"rotation":[0,90,0],"translation":[0,-29,0],"scale":[2,2,2]}}}