{"credit":"Naruto RPG","textures":{"0":"hyuga:item/hyuga_ondas_2","2":"hyuga:item/hyuga_palmavacio","particle":"hyuga:item/hyuga_ondas_2"},"elements":[{"from":[-16,6.10051,-16],"to":[32,6.10051,32],"rotation":{"angle":22.5,"axis":"x","origin":[12,6.10051,8.19239]},"faces":{"north":{"uv":[0,0,16,0],"rotation":180,"texture":"#0"},"east":{"uv":[0,0,0,16],"rotation":90,"texture":"#0"},"south":{"uv":[0,0,16,0],"texture":"#0"},"west":{"uv":[0,0,0,16],"rotation":270,"texture":"#0"},"up":{"uv":[0,16,16,0],"texture":"#0"},"down":{"uv":[0,0,16,16],"texture":"#0"}}},{"from":[-16,6.10051,-16],"to":[32,6.10051,32],"rotation":{"angle":45,"axis":"x","origin":[12,6.10051,8.19239]},"faces":{"north":{"uv":[0,0,16,0],"rotation":180,"texture":"#0"},"east":{"uv":[0,0,0,16],"rotation":90,"texture":"#0"},"south":{"uv":[0,0,16,0],"texture":"#0"},"west":{"uv":[0,0,0,16],"rotation":270,"texture":"#0"},"up":{"uv":[0,0,16,16],"texture":"#0"},"down":{"uv":[0,16,16,0],"texture":"#0"}}},{"from":[-16,6.10051,-16],"to":[32,6.10051,32],"rotation":{"angle":-45,"axis":"x","origin":[12,6.10051,8.19239]},"faces":{"north":{"uv":[0,0,16,0],"rotation":180,"texture":"#0"},"east":{"uv":[0,0,0,16],"rotation":90,"texture":"#0"},"south":{"uv":[0,0,16,0],"texture":"#0"},"west":{"uv":[0,0,0,16],"rotation":270,"texture":"#0"},"up":{"uv":[0,16,16,0],"texture":"#0"},"down":{"uv":[0,0,16,16],"texture":"#0"}}},{"from":[-16,6.10051,-16],"to":[32,6.10051,32],"rotation":{"angle":-22.5,"axis":"x","origin":[12,6.10051,8.19239]},"faces":{"north":{"uv":[0,0,16,0],"rotation":180,"texture":"#0"},"east":{"uv":[0,0,0,16],"rotation":90,"texture":"#0"},"south":{"uv":[0,0,16,0],"texture":"#0"},"west":{"uv":[0,0,0,16],"rotation":270,"texture":"#0"},"up":{"uv":[0,0,16,16],"texture":"#0"},"down":{"uv":[0,16,16,0],"texture":"#0"}}},{"from":[5,4.5,-16],"to":[5,18.5,32],"rotation":{"angle":45,"axis":"y","origin":[5,7,7.75]},"faces":{"north":{"uv":[0,0,0,16],"texture":"#2"},"east":{"uv":[16,0,0,16],"texture":"#2"},"south":{"uv":[0,0,0,16],"texture":"#2"},"west":{"uv":[0,0,16,16],"texture":"#2"},"up":{"uv":[0,0,0,16],"texture":"#2"},"down":{"uv":[0,0,0,16],"texture":"#2"}}},{"from":[5,4.5,-16],"to":[5,18.5,32],"rotation":{"angle":-45,"axis":"y","origin":[5,7,7.75]},"faces":{"north":{"uv":[0,0,0,16],"texture":"#2"},"east":{"uv":[0,0,16,16],"texture":"#2"},"south":{"uv":[0,0,0,16],"texture":"#2"},"west":{"uv":[16,0,0,16],"texture":"#2"},"up":{"uv":[0,0,0,16],"texture":"#2"},"down":{"uv":[0,0,0,16],"texture":"#2"}}},{"from":[5,-4.5,-16],"to":[5,9.5,32],"rotation":{"angle":45,"axis":"y","origin":[5,7,7.75]},"faces":{"north":{"uv":[0,16,0,0],"texture":"#2"},"east":{"uv":[0,16,16,0],"texture":"#2"},"south":{"uv":[0,16,0,0],"texture":"#2"},"west":{"uv":[16,16,0,0],"texture":"#2"},"up":{"uv":[0,16,0,0],"texture":"#2"},"down":{"uv":[0,16,0,0],"texture":"#2"}}},{"from":[5,-4.5,-16],"to":[5,9.5,32],"rotation":{"angle":-45,"axis":"y","origin":[5,7,7.75]},"faces":{"north":{"uv":[0,16,0,0],"texture":"#2"},"east":{"uv":[16,16,0,0],"texture":"#2"},"south":{"uv":[0,16,0,0],"texture":"#2"},"west":{"uv":[0,16,16,0],"texture":"#2"},"up":{"uv":[0,16,0,0],"texture":"#2"},"down":{"uv":[0,16,0,0],"texture":"#2"}}}],"display":{"head":{"rotation":[0,90,0],"translation":[-0.5,-35.5,-31.5],"scale":[4,3.5,4]}}}