{"credit":"Naruto RPG","texture_size":[128,128],"textures":{"0":"hyuga:item/hyuga_byakugan","particle":"hyuga:item/hyuga_byakugan"},"elements":[{"from":[0,0,0],"to":[16,15,0],"rotation":{"angle":-22.5,"axis":"y","origin":[8,7.5,0]},"faces":{"north":{"uv":[0,0,16,16],"texture":"#0"},"east":{"uv":[0,0,16,16],"texture":"#0"},"south":{"uv":[16,0,0,16],"texture":"#0"},"west":{"uv":[0,0,16,16],"texture":"#0"},"up":{"uv":[0,0,16,16],"texture":"#0"},"down":{"uv":[0,0,16,16],"texture":"#0"}}},{"from":[0,0,0],"to":[16,15,0],"rotation":{"angle":22.5,"axis":"y","origin":[8,7.5,0]},"faces":{"north":{"uv":[0,0,16,16],"texture":"#0"},"east":{"uv":[0,0,16,16],"texture":"#0"},"south":{"uv":[16,0,0,16],"texture":"#0"},"west":{"uv":[0,0,16,16],"texture":"#0"},"up":{"uv":[0,0,16,16],"texture":"#0"},"down":{"uv":[0,0,16,16],"texture":"#0"}}}],"display":{"head":{"translation":[-0.5,0,-5.5],"scale":[1.4,1.4,1.4]}}}