{"credit":"Naruto RPG","texture_size":[128,128],"textures":{"0":"hyuga:item/hyuga_punosuave","particle":"hyuga:item/hyuga_punosuave"},"elements":[{"from":[6,10,12],"to":[24,10,26],"rotation":{"angle":22.5,"axis":"z","origin":[15,10,19]},"faces":{"north":{"uv":[0,16,16,0],"rotation":270,"texture":"#0"},"east":{"uv":[0,16,16,0],"rotation":90,"texture":"#0"},"south":{"uv":[0,16,16,0],"rotation":270,"texture":"#0"},"west":{"uv":[0,16,16,0],"rotation":270,"texture":"#0"},"up":{"uv":[16,16,0,0],"texture":"#0"},"down":{"uv":[0,0,16,16],"rotation":180,"texture":"#0"}}},{"from":[15,1,12],"to":[15,19,26],"rotation":{"angle":45,"axis":"z","origin":[15,10,19]},"faces":{"north":{"uv":[0,16,16,0],"texture":"#0"},"east":{"uv":[0,0,16,16],"rotation":90,"texture":"#0"},"south":{"uv":[0,16,16,0],"rotation":180,"texture":"#0"},"west":{"uv":[16,0,0,16],"rotation":270,"texture":"#0"},"up":{"uv":[0,16,16,0],"texture":"#0"},"down":{"uv":[0,16,16,0],"rotation":180,"texture":"#0"}}},{"from":[-9,10,12],"to":[9,10,26],"rotation":{"angle":22.5,"axis":"z","origin":[0,10,19]},"faces":{"north":{"uv":[0,16,16,0],"rotation":270,"texture":"#0"},"east":{"uv":[0,16,16,0],"rotation":90,"texture":"#0"},"south":{"uv":[0,16,16,0],"rotation":270,"texture":"#0"},"west":{"uv":[0,16,16,0],"rotation":270,"texture":"#0"},"up":{"uv":[16,16,0,0],"texture":"#0"},"down":{"uv":[0,0,16,16],"rotation":180,"texture":"#0"}}},{"from":[0,1,12],"to":[0,19,26],"rotation":{"angle":45,"axis":"z","origin":[0,10,19]},"faces":{"north":{"uv":[0,16,16,0],"texture":"#0"},"east":{"uv":[0,0,16,16],"rotation":90,"texture":"#0"},"south":{"uv":[0,16,16,0],"rotation":180,"texture":"#0"},"west":{"uv":[16,0,0,16],"rotation":270,"texture":"#0"},"up":{"uv":[0,16,16,0],"texture":"#0"},"down":{"uv":[0,16,16,0],"rotation":180,"texture":"#0"}}}],"display":{"head":{"translation":[0.5,-71.25,-20],"scale":[1.5,1.5,1.5]}}}