{"credit":"Naruto RPG","textures":{"0":"hyuga:item/hyuga_ondas_2","1":"hyuga:item/hyuga_palmadestructora","particle":"hyuga:item/hyuga_ondas_2"},"elements":[{"from":[-16,6.10051,-16],"to":[32,6.10051,32],"rotation":{"angle":22.5,"axis":"x","origin":[12,6.10051,8.19239]},"faces":{"north":{"uv":[0,0,16,0],"rotation":180,"texture":"#0"},"east":{"uv":[0,0,0,16],"rotation":90,"texture":"#0"},"south":{"uv":[0,0,16,0],"texture":"#0"},"west":{"uv":[0,0,0,16],"rotation":270,"texture":"#0"},"up":{"uv":[0,16,16,0],"texture":"#0"},"down":{"uv":[0,0,16,16],"texture":"#0"}}},{"from":[-16,6.10051,-16],"to":[32,6.10051,32],"rotation":{"angle":45,"axis":"x","origin":[12,6.10051,8.19239]},"faces":{"north":{"uv":[0,0,16,0],"rotation":180,"texture":"#0"},"east":{"uv":[0,0,0,16],"rotation":90,"texture":"#0"},"south":{"uv":[0,0,16,0],"texture":"#0"},"west":{"uv":[0,0,0,16],"rotation":270,"texture":"#0"},"up":{"uv":[0,0,16,16],"texture":"#0"},"down":{"uv":[0,16,16,0],"texture":"#0"}}},{"from":[-16,6.10051,-16],"to":[32,6.10051,32],"rotation":{"angle":-45,"axis":"x","origin":[12,6.10051,8.19239]},"faces":{"north":{"uv":[0,0,16,0],"rotation":180,"texture":"#0"},"east":{"uv":[0,0,0,16],"rotation":90,"texture":"#0"},"south":{"uv":[0,0,16,0],"texture":"#0"},"west":{"uv":[0,0,0,16],"rotation":270,"texture":"#0"},"up":{"uv":[0,16,16,0],"texture":"#0"},"down":{"uv":[0,0,16,16],"texture":"#0"}}},{"from":[-16,6.10051,-16],"to":[32,6.10051,32],"rotation":{"angle":-22.5,"axis":"x","origin":[12,6.10051,8.19239]},"faces":{"north":{"uv":[0,0,16,0],"rotation":180,"texture":"#0"},"east":{"uv":[0,0,0,16],"rotation":90,"texture":"#0"},"south":{"uv":[0,0,16,0],"texture":"#0"},"west":{"uv":[0,0,0,16],"rotation":270,"texture":"#0"},"up":{"uv":[0,0,16,16],"texture":"#0"},"down":{"uv":[0,16,16,0],"texture":"#0"}}},{"from":[5,-5,-8.25],"to":[5,27,23.75],"rotation":{"angle":45,"axis":"y","origin":[5,11,7.75]},"faces":{"north":{"uv":[0,0,0,16],"texture":"#1"},"east":{"uv":[16,0,0,16],"texture":"#1"},"south":{"uv":[0,0,0,16],"texture":"#1"},"west":{"uv":[0,0,16,16],"texture":"#1"},"up":{"uv":[0,0,0,16],"texture":"#1"},"down":{"uv":[0,0,0,16],"texture":"#1"}}},{"from":[5,-5,-8.25],"to":[5,27,23.75],"rotation":{"angle":-45,"axis":"y","origin":[5,11,7.75]},"faces":{"north":{"uv":[0,0,0,16],"texture":"#1"},"east":{"uv":[0,0,16,16],"texture":"#1"},"south":{"uv":[0,0,0,16],"texture":"#1"},"west":{"uv":[16,0,0,16],"texture":"#1"},"up":{"uv":[0,0,0,16],"texture":"#1"},"down":{"uv":[0,0,0,16],"texture":"#1"}}},{"from":[5,-15.5,-8.25],"to":[5,16.5,23.75],"rotation":{"angle":45,"axis":"y","origin":[5,0.5,7.75]},"faces":{"north":{"uv":[0,16,0,0],"texture":"#1"},"east":{"uv":[0,16,16,0],"texture":"#1"},"south":{"uv":[0,16,0,0],"texture":"#1"},"west":{"uv":[16,16,0,0],"texture":"#1"},"up":{"uv":[0,16,0,0],"texture":"#1"},"down":{"uv":[0,16,0,0],"texture":"#1"}}},{"from":[5,-15.5,-8.25],"to":[5,16.5,23.75],"rotation":{"angle":-45,"axis":"y","origin":[5,0.5,7.75]},"faces":{"north":{"uv":[0,16,0,0],"texture":"#1"},"east":{"uv":[16,16,0,0],"texture":"#1"},"south":{"uv":[0,16,0,0],"texture":"#1"},"west":{"uv":[0,16,16,0],"texture":"#1"},"up":{"uv":[0,16,0,0],"texture":"#1"},"down":{"uv":[0,16,0,0],"texture":"#1"}}}],"display":{"head":{"rotation":[0,90,0],"translation":[-0.5,-38,-21.5],"scale":[2.3,2,2.3]}}}