{"credit":"Naruto RPG","textures":{"1":"armas:item/armas_shuriken","2":"armas:item/armas_shurikens_2","3":"rayo:item/rayo_shuriken","particle":"armas:item/armas_shurikens_2"},"elements":[{"from":[10.4725,1.55,7.4425],"to":[11.16,1.825,8.1575],"rotation":{"angle":0,"axis":"y","origin":[7.75,1.6875,7.8]},"faces":{"north":{"uv":[14,8,15.25,8.5],"texture":"#1"},"east":{"uv":[14,9,15.25,9.5],"texture":"#1"},"south":{"uv":[14,10,15.25,10.5],"texture":"#1"},"west":{"uv":[14,11,15.25,11.5],"texture":"#1"},"up":{"uv":[1.25,15.25,0,14],"texture":"#1"},"down":{"uv":[15.25,0,14,1.25],"texture":"#1"}}},{"from":[8.4375,1.275,7.1125],"to":[9.4,2.1,8.4875],"rotation":{"angle":0,"axis":"y","origin":[7.75,1.6875,7.8]},"faces":{"north":{"uv":[10,8,11.75,9.5],"texture":"#1"},"east":{"uv":[9,0,11.5,1.5],"texture":"#1"},"south":{"uv":[10,10,11.75,11.5],"texture":"#1"},"west":{"uv":[9,2,11.5,3.5],"texture":"#1"},"up":{"uv":[1.75,5.5,0,3],"texture":"#1"},"down":{"uv":[3.75,3,2,5.5],"texture":"#1"}}},{"from":[9.4,1.4125,7.25],"to":[10.5,1.9625,8.35],"rotation":{"angle":0,"axis":"y","origin":[7.75,1.6875,7.8]},"faces":{"north":{"uv":[12,6,14,7],"texture":"#1"},"east":{"uv":[12,7,14,8],"texture":"#1"},"south":{"uv":[8,12,10,13],"texture":"#1"},"west":{"uv":[12,8,14,9],"texture":"#1"},"up":{"uv":[9,2,7,0],"texture":"#1"},"down":{"uv":[9,2,7,4],"texture":"#1"}}},{"from":[4.34,1.55,7.4425],"to":[5.0275,1.825,8.1575],"rotation":{"angle":0,"axis":"y","origin":[7.75,1.6875,7.8]},"faces":{"north":{"uv":[15.25,8,14,8.5],"texture":"#1"},"east":{"uv":[15.25,11,14,11.5],"texture":"#1"},"south":{"uv":[15.25,10,14,10.5],"texture":"#1"},"west":{"uv":[15.25,9,14,9.5],"texture":"#1"},"up":{"uv":[0,14,1.25,15.25],"texture":"#1"},"down":{"uv":[14,0,15.25,1.25],"texture":"#1"}}},{"from":[6.1,1.275,7.1125],"to":[7.0625,2.1,8.4875],"rotation":{"angle":0,"axis":"y","origin":[7.75,1.6875,7.8]},"faces":{"north":{"uv":[11.75,8,10,9.5],"texture":"#1"},"east":{"uv":[11.5,2,9,3.5],"texture":"#1"},"south":{"uv":[11.75,10,10,11.5],"texture":"#1"},"west":{"uv":[11.5,0,9,1.5],"texture":"#1"},"up":{"uv":[0,3,1.75,5.5],"texture":"#1"},"down":{"uv":[2,3,3.75,5.5],"texture":"#1"}}},{"from":[5,1.4125,7.25],"to":[6.1,1.9625,8.35],"rotation":{"angle":0,"axis":"y","origin":[7.75,1.6875,7.8]},"faces":{"north":{"uv":[14,6,12,7],"texture":"#1"},"east":{"uv":[14,8,12,9],"texture":"#1"},"south":{"uv":[10,12,8,13],"texture":"#1"},"west":{"uv":[14,7,12,8],"texture":"#1"},"up":{"uv":[7,0,9,2],"texture":"#1"},"down":{"uv":[7,2,9,4],"texture":"#1"}}},{"from":[7.3925,1.55,10.5225],"to":[8.1075,1.825,11.21],"rotation":{"angle":0,"axis":"y","origin":[7.75,1.6875,7.8]},"faces":{"north":{"uv":[14,11,15.25,11.5],"texture":"#1"},"east":{"uv":[14,8,15.25,8.5],"texture":"#1"},"south":{"uv":[14,9,15.25,9.5],"texture":"#1"},"west":{"uv":[14,10,15.25,10.5],"texture":"#1"},"up":{"uv":[1.25,15.25,0,14],"rotation":90,"texture":"#1"},"down":{"uv":[15.25,0,14,1.25],"rotation":270,"texture":"#1"}}},{"from":[7.2,1.4125,9.45],"to":[8.3,1.9625,10.55],"rotation":{"angle":0,"axis":"y","origin":[7.75,1.6875,7.8]},"faces":{"north":{"uv":[12,8,14,9],"texture":"#1"},"east":{"uv":[12,6,14,7],"texture":"#1"},"south":{"uv":[12,7,14,8],"texture":"#1"},"west":{"uv":[8,12,10,13],"texture":"#1"},"up":{"uv":[9,2,7,0],"rotation":90,"texture":"#1"},"down":{"uv":[9,2,7,4],"rotation":270,"texture":"#1"}}},{"from":[7.0625,1.275,8.4875],"to":[8.4375,2.1,9.45],"rotation":{"angle":0,"axis":"y","origin":[7.75,1.6875,7.8]},"faces":{"north":{"uv":[9,2,11.5,3.5],"texture":"#1"},"east":{"uv":[10,8,11.75,9.5],"texture":"#1"},"south":{"uv":[9,0,11.5,1.5],"texture":"#1"},"west":{"uv":[10,10,11.75,11.5],"texture":"#1"},"up":{"uv":[1.75,5.5,0,3],"rotation":90,"texture":"#1"},"down":{"uv":[3.75,3,2,5.5],"rotation":270,"texture":"#1"}}},{"from":[7.0625,1.275,6.15],"to":[8.4375,2.1,7.1125],"rotation":{"angle":0,"axis":"y","origin":[7.75,1.6875,7.8]},"faces":{"north":{"uv":[11.5,0,9,1.5],"texture":"#1"},"east":{"uv":[11.75,8,10,9.5],"texture":"#1"},"south":{"uv":[11.5,2,9,3.5],"texture":"#1"},"west":{"uv":[11.75,10,10,11.5],"texture":"#1"},"up":{"uv":[0,5.5,1.75,3],"rotation":90,"texture":"#1"},"down":{"uv":[2,3,3.75,5.5],"rotation":270,"texture":"#1"}}},{"from":[7.2,1.4125,5.05],"to":[8.3,1.9625,6.15],"rotation":{"angle":0,"axis":"y","origin":[7.75,1.6875,7.8]},"faces":{"north":{"uv":[14,7,12,8],"texture":"#1"},"east":{"uv":[14,6,12,7],"texture":"#1"},"south":{"uv":[14,8,12,9],"texture":"#1"},"west":{"uv":[10,12,8,13],"texture":"#1"},"up":{"uv":[7,2,9,0],"rotation":90,"texture":"#1"},"down":{"uv":[7,2,9,4],"rotation":270,"texture":"#1"}}},{"from":[7.3925,1.55,4.39],"to":[8.1075,1.825,5.0775],"rotation":{"angle":0,"axis":"y","origin":[7.75,1.6875,7.8]},"faces":{"north":{"uv":[15.25,9,14,9.5],"texture":"#1"},"east":{"uv":[15.25,8,14,8.5],"texture":"#1"},"south":{"uv":[15.25,11,14,11.5],"texture":"#1"},"west":{"uv":[15.25,10,14,10.5],"texture":"#1"},"up":{"uv":[0,15.25,1.25,14],"rotation":90,"texture":"#1"},"down":{"uv":[14,0,15.25,1.25],"rotation":270,"texture":"#1"}}},{"from":[3.35,0.9,3.6],"to":[12.85,0.9,12.7],"rotation":{"angle":-22.5,"axis":"z","origin":[10.1,1.8,10.65]},"faces":{"north":{"uv":[0,0,2.5,0],"texture":"#2"},"east":{"uv":[0,0,2.25,0],"texture":"#2"},"south":{"uv":[0,0,2.5,0],"texture":"#2"},"west":{"uv":[0,0,2.25,0],"texture":"#2"},"up":{"uv":[16,16,0,0],"texture":"#2"},"down":{"uv":[16,0,0,16],"texture":"#2"}}},{"from":[7.90783,-3.01612,3.6],"to":[7.90783,6.48388,12.7],"rotation":{"angle":-45,"axis":"z","origin":[7.90783,1.73388,8.15]},"faces":{"north":{"uv":[0,0,2.5,0],"rotation":270,"texture":"#2"},"east":{"uv":[16,16,0,0],"rotation":90,"texture":"#2"},"south":{"uv":[0,0,2.5,0],"rotation":90,"texture":"#2"},"west":{"uv":[16,0,0,16],"rotation":90,"texture":"#2"},"up":{"uv":[0,0,2.25,0],"rotation":90,"texture":"#2"},"down":{"uv":[0,0,2.25,0],"rotation":90,"texture":"#2"}}},{"from":[2.41464,2.35807,1.608],"to":[13.33464,2.35807,23.984],"rotation":{"angle":-22.5,"axis":"z","origin":[7.87464,2.35807,16.796]},"faces":{"north":{"uv":[2.5,0,0,0],"texture":"#3"},"east":{"uv":[2.25,0,0,0],"texture":"#3"},"south":{"uv":[2.5,0,0,0],"texture":"#3"},"west":{"uv":[2.25,0,0,0],"texture":"#3"},"up":{"uv":[16,0,0,16],"texture":"#3"},"down":{"uv":[16,16,0,0],"texture":"#3"}}},{"from":[7.87464,-3.10193,1.608],"to":[7.87464,7.81807,23.984],"rotation":{"angle":-45,"axis":"z","origin":[7.87464,2.35807,16.796]},"faces":{"north":{"uv":[0,0,2.5,0],"rotation":90,"texture":"#3"},"east":{"uv":[16,0,0,16],"rotation":90,"texture":"#3"},"south":{"uv":[0,0,2.5,0],"rotation":270,"texture":"#3"},"west":{"uv":[16,16,0,0],"rotation":90,"texture":"#3"},"up":{"uv":[2.25,0,0,0],"rotation":90,"texture":"#3"},"down":{"uv":[2.25,0,0,0],"rotation":90,"texture":"#3"}}}],"display":{"thirdperson_righthand":{"rotation":[96.51,34.63,-17.44],"translation":[0.75,2.25,3.75],"scale":[0.5,0.5,0.5]},"thirdperson_lefthand":{"rotation":[96.51,34.63,-17.44],"translation":[0.75,2.25,3.75],"scale":[0.5,0.5,0.5]},"firstperson_righthand":{"rotation":[19.12,45.64,9.16],"translation":[-0.5,7.25,3.75],"scale":[0.5,0.5,0.5]},"firstperson_lefthand":{"rotation":[19.12,45.64,9.16],"translation":[-0.5,7.25,3.75],"scale":[0.5,0.5,0.5]},"ground":{"rotation":[37.52,-14.76,-36.03],"translation":[2,8.25,3],"scale":[0.7,0.7,0.7]},"gui":{"rotation":[90,15,0],"translation":[-0.25,0,0]},"head":{"translation":[0,-32.75,0],"scale":[1.3,1.3,1.3]}}}