{"credit":"Naruto RPG","textures":{"0":"rayo:item/rayo_3","particle":"rayo:item/rayo_3"},"elements":[{"from":[8,-16,-16],"to":[8,32,32],"rotation":{"angle":-45,"axis":"y","origin":[8,8,8]},"faces":{"north":{"uv":[0,0,16,0],"rotation":90,"texture":"#0"},"east":{"uv":[16,0,0,16],"rotation":270,"texture":"#0"},"south":{"uv":[0,0,16,0],"rotation":270,"texture":"#0"},"west":{"uv":[0,0,16,16],"rotation":270,"texture":"#0"},"up":{"uv":[0,0,16,16],"rotation":270,"texture":"#0"},"down":{"uv":[0,0,16,0],"rotation":270,"texture":"#0"}}},{"from":[8,-16,-16],"to":[8,32,32],"rotation":{"angle":45,"axis":"y","origin":[8,8,8]},"faces":{"north":{"uv":[0,0,16,0],"rotation":270,"texture":"#0"},"east":{"uv":[0,0,16,16],"rotation":90,"texture":"#0"},"south":{"uv":[0,0,16,0],"rotation":90,"texture":"#0"},"west":{"uv":[16,0,0,16],"rotation":90,"texture":"#0"},"up":{"uv":[0,0,16,0],"rotation":90,"texture":"#0"},"down":{"uv":[0,0,16,16],"rotation":90,"texture":"#0"}}}],"display":{"head":{"translation":[0,-16.75,1.25],"scale":[1.5,1.5,1.5]}}}