{"credit":"Naruto RPG","textures":{"0":"rayo:item/rayo_2","particle":"rayo:item/rayo_2"},"elements":[{"from":[-16,8,-16],"to":[32,8,32],"rotation":{"angle":22.5,"axis":"z","origin":[8,8,8]},"faces":{"north":{"uv":[0,0,16,0],"texture":"#0"},"east":{"uv":[0,0,16,16],"texture":"#0"},"south":{"uv":[0,0,16,0],"texture":"#0"},"west":{"uv":[0,0,16,0],"texture":"#0"},"up":{"uv":[0,0,16,16],"texture":"#0"},"down":{"uv":[16,0,0,16],"texture":"#0"}}},{"from":[-16,8,-16],"to":[32,8,32],"rotation":{"angle":-22.5,"axis":"z","origin":[8,8,8]},"faces":{"north":{"uv":[0,0,16,0],"texture":"#0"},"east":{"uv":[0,0,16,16],"texture":"#0"},"south":{"uv":[0,0,16,0],"texture":"#0"},"west":{"uv":[0,0,16,0],"texture":"#0"},"up":{"uv":[0,0,16,16],"texture":"#0"},"down":{"uv":[16,0,0,16],"texture":"#0"}}}],"display":{"head":{"translation":[0,-16.75,5],"scale":[4,4,4]}}}