{"credit":"Naruto RPG","texture_size":[128,128],"textures":{"0":"rayo:item/rayo_shiden","particle":"rayo:item/rayo_shiden"},"elements":[{"from":[-6.45603,-2.805,7.39876],"to":[21.47397,25.125,7.39876],"rotation":{"angle":-22.5,"axis":"y","origin":[7,9.83,6.17]},"faces":{"north":{"uv":[16,0,0,16],"texture":"#0"},"east":{"uv":[0,0,16,16],"texture":"#0"},"south":{"uv":[0,0,16,16],"texture":"#0"},"west":{"uv":[0,0,16,16],"texture":"#0"},"up":{"uv":[0,0,16,16],"rotation":270,"texture":"#0"},"down":{"uv":[0,0,16,16],"rotation":90,"texture":"#0"}}},{"from":[-7.47397,-2.805,7.39876],"to":[20.45603,25.125,7.39876],"rotation":{"angle":22.5,"axis":"y","origin":[7,9.83,6.17]},"faces":{"north":{"uv":[0,0,16,16],"texture":"#0"},"east":{"uv":[0,0,16,16],"texture":"#0"},"south":{"uv":[16,0,0,16],"texture":"#0"},"west":{"uv":[0,0,16,16],"texture":"#0"},"up":{"uv":[0,0,16,16],"rotation":90,"texture":"#0"},"down":{"uv":[0,0,16,16],"rotation":270,"texture":"#0"}}},{"from":[7,-5.465,-9.125],"to":[7,22.465,18.805],"rotation":{"angle":0,"axis":"y","origin":[7,9.83,6.17]},"faces":{"north":{"uv":[0,0,16,16],"rotation":180,"texture":"#0"},"east":{"uv":[16,0,0,16],"rotation":90,"texture":"#0"},"south":{"uv":[0,0,16,16],"texture":"#0"},"west":{"uv":[0,0,16,16],"rotation":270,"texture":"#0"},"up":{"uv":[0,0,16,16],"texture":"#0"},"down":{"uv":[0,0,16,16],"rotation":180,"texture":"#0"}}},{"from":[7,-2.805,-6.465],"to":[7,25.125,21.465],"rotation":{"angle":0,"axis":"y","origin":[7,9.83,6.17]},"faces":{"north":{"uv":[0,0,16,16],"texture":"#0"},"east":{"uv":[16,0,0,16],"texture":"#0"},"south":{"uv":[0,0,16,16],"texture":"#0"},"west":{"uv":[0,0,16,16],"texture":"#0"},"up":{"uv":[0,0,16,16],"texture":"#0"},"down":{"uv":[0,0,16,16],"texture":"#0"}}},{"from":[-4.81397,-5.465,7.39876],"to":[23.11603,22.465,7.39876],"rotation":{"angle":22.5,"axis":"y","origin":[7,9.83,6.17]},"faces":{"north":{"uv":[0,0,16,16],"rotation":270,"texture":"#0"},"east":{"uv":[0,0,16,16],"rotation":180,"texture":"#0"},"south":{"uv":[16,0,0,16],"rotation":90,"texture":"#0"},"west":{"uv":[0,0,16,16],"texture":"#0"},"up":{"uv":[0,0,16,16],"rotation":90,"texture":"#0"},"down":{"uv":[0,0,16,16],"rotation":90,"texture":"#0"}}},{"from":[-9.11603,-5.465,7.39876],"to":[18.81397,22.465,7.39876],"rotation":{"angle":-22.5,"axis":"y","origin":[7,9.83,6.17]},"faces":{"north":{"uv":[16,0,0,16],"rotation":90,"texture":"#0"},"east":{"uv":[0,0,16,16],"texture":"#0"},"south":{"uv":[0,0,16,16],"rotation":270,"texture":"#0"},"west":{"uv":[0,0,16,16],"rotation":180,"texture":"#0"},"up":{"uv":[0,0,16,16],"rotation":270,"texture":"#0"},"down":{"uv":[0,0,16,16],"rotation":270,"texture":"#0"}}}],"display":{"thirdperson_lefthand":{"rotation":[90,-34,0],"translation":[-1,-1.5,3.75],"scale":[0.7,0.7,0.7]},"firstperson_lefthand":{"translation":[0,0,0.5],"scale":[0.8,0.8,0.8]},"head":{"translation":[-10.25,-22.25,-2.25],"scale":[3,3,3]}}}