{"credit":"Naruto RPG","texture_size":[128,128],"textures":{"0":"rayo:item/rayo_chidori_1","1":"rayo:item/rayo_chidori_2","2":"rayo:item/rayo_chidori_3","particle":"rayo:item/rayo_chidori_1"},"elements":[{"from":[-6.45603,-2.805,7.39876],"to":[21.47397,25.125,7.39876],"rotation":{"angle":-22.5,"axis":"y","origin":[7,9.83,6.17]},"faces":{"north":{"uv":[16,0,0,16],"texture":"#0"},"east":{"uv":[0,0,16,16],"texture":"#0"},"south":{"uv":[0,0,16,16],"texture":"#0"},"west":{"uv":[0,0,16,16],"texture":"#0"},"up":{"uv":[0,0,16,16],"rotation":270,"texture":"#0"},"down":{"uv":[0,0,16,16],"rotation":90,"texture":"#0"}}},{"from":[-7.47397,-2.805,7.39876],"to":[20.45603,25.125,7.39876],"rotation":{"angle":22.5,"axis":"y","origin":[7,9.83,6.17]},"faces":{"north":{"uv":[0,0,16,16],"texture":"#0"},"east":{"uv":[0,0,16,16],"texture":"#0"},"south":{"uv":[16,0,0,16],"texture":"#0"},"west":{"uv":[0,0,16,16],"texture":"#0"},"up":{"uv":[0,0,16,16],"rotation":90,"texture":"#0"},"down":{"uv":[0,0,16,16],"rotation":270,"texture":"#0"}}},{"from":[7,-5.465,-9.125],"to":[7,22.465,18.805],"rotation":{"angle":0,"axis":"y","origin":[7,9.83,6.17]},"faces":{"north":{"uv":[0,0,16,16],"rotation":180,"texture":"#0"},"east":{"uv":[16,0,0,16],"rotation":90,"texture":"#0"},"south":{"uv":[0,0,16,16],"texture":"#0"},"west":{"uv":[0,0,16,16],"rotation":270,"texture":"#0"},"up":{"uv":[0,0,16,16],"texture":"#0"},"down":{"uv":[0,0,16,16],"rotation":180,"texture":"#0"}}},{"from":[7,-2.805,-6.465],"to":[7,25.125,21.465],"rotation":{"angle":0,"axis":"y","origin":[7,9.83,6.17]},"faces":{"north":{"uv":[0,0,16,16],"texture":"#0"},"east":{"uv":[16,0,0,16],"texture":"#0"},"south":{"uv":[0,0,16,16],"texture":"#0"},"west":{"uv":[0,0,16,16],"texture":"#0"},"up":{"uv":[0,0,16,16],"texture":"#0"},"down":{"uv":[0,0,16,16],"texture":"#0"}}},{"from":[-4.81397,-5.465,7.39876],"to":[23.11603,22.465,7.39876],"rotation":{"angle":22.5,"axis":"y","origin":[7,9.83,6.17]},"faces":{"north":{"uv":[0,0,16,16],"rotation":270,"texture":"#0"},"east":{"uv":[0,0,16,16],"rotation":180,"texture":"#0"},"south":{"uv":[16,0,0,16],"rotation":90,"texture":"#0"},"west":{"uv":[0,0,16,16],"texture":"#0"},"up":{"uv":[0,0,16,16],"rotation":90,"texture":"#0"},"down":{"uv":[0,0,16,16],"rotation":90,"texture":"#0"}}},{"from":[-9.11603,-5.465,7.39876],"to":[18.81397,22.465,7.39876],"rotation":{"angle":-22.5,"axis":"y","origin":[7,9.83,6.17]},"faces":{"north":{"uv":[16,0,0,16],"rotation":90,"texture":"#0"},"east":{"uv":[0,0,16,16],"texture":"#0"},"south":{"uv":[0,0,16,16],"rotation":270,"texture":"#0"},"west":{"uv":[0,0,16,16],"rotation":180,"texture":"#0"},"up":{"uv":[0,0,16,16],"rotation":270,"texture":"#0"},"down":{"uv":[0,0,16,16],"rotation":270,"texture":"#0"}}},{"from":[-3.5,0,7.5],"to":[17.5,21,7.5],"rotation":{"angle":0,"axis":"y","origin":[7,10.5,7.5]},"faces":{"north":{"uv":[0,0,16,16],"texture":"#1"},"east":{"uv":[0,0,16,16],"texture":"#1"},"south":{"uv":[16,0,0,16],"texture":"#1"},"west":{"uv":[0,0,16,16],"texture":"#1"},"up":{"uv":[0,0,16,16],"rotation":90,"texture":"#1"},"down":{"uv":[0,0,16,16],"rotation":270,"texture":"#1"}}},{"from":[7,0,-3],"to":[7,21,18],"rotation":{"angle":0,"axis":"y","origin":[7,10.5,7.5]},"faces":{"north":{"uv":[0,0,16,16],"texture":"#1"},"east":{"uv":[0,0,16,16],"texture":"#1"},"south":{"uv":[0,0,16,16],"texture":"#1"},"west":{"uv":[16,0,0,16],"texture":"#1"},"up":{"uv":[0,0,16,16],"rotation":180,"texture":"#1"},"down":{"uv":[0,0,16,16],"rotation":180,"texture":"#1"}}},{"from":[-3.5,0,7.5],"to":[17.5,21,7.5],"rotation":{"angle":-45,"axis":"y","origin":[7,10.5,7.5]},"faces":{"north":{"uv":[16,0,0,16],"texture":"#1"},"east":{"uv":[0,0,16,16],"texture":"#1"},"south":{"uv":[0,0,16,16],"texture":"#1"},"west":{"uv":[0,0,16,16],"texture":"#1"},"up":{"uv":[0,0,16,16],"rotation":270,"texture":"#1"},"down":{"uv":[0,0,16,16],"rotation":90,"texture":"#1"}}},{"from":[-3.5,0,7.5],"to":[17.5,21,7.5],"rotation":{"angle":45,"axis":"y","origin":[7,10.5,7.5]},"faces":{"north":{"uv":[16,0,0,16],"texture":"#1"},"east":{"uv":[0,0,16,16],"texture":"#1"},"south":{"uv":[0,0,16,16],"texture":"#1"},"west":{"uv":[0,0,16,16],"texture":"#1"},"up":{"uv":[0,0,16,16],"rotation":270,"texture":"#1"},"down":{"uv":[0,0,16,16],"rotation":90,"texture":"#1"}}},{"from":[-16,-16,7.5],"to":[32,32,7.5],"rotation":{"angle":0,"axis":"y","origin":[7,10.5,7.5]},"faces":{"north":{"uv":[0,0,16,16],"texture":"#2"},"east":{"uv":[0,0,16,16],"texture":"#2"},"south":{"uv":[16,0,0,16],"texture":"#2"},"west":{"uv":[0,0,16,16],"texture":"#2"},"up":{"uv":[0,0,16,16],"rotation":90,"texture":"#2"},"down":{"uv":[0,0,16,16],"rotation":270,"texture":"#2"}}},{"from":[7,-16,-16],"to":[7,32,32],"rotation":{"angle":22.5,"axis":"y","origin":[7,10.5,7.5]},"faces":{"north":{"uv":[0,0,16,16],"texture":"#2"},"east":{"uv":[16,0,0,16],"texture":"#2"},"south":{"uv":[0,0,16,16],"texture":"#2"},"west":{"uv":[0,0,16,16],"texture":"#2"},"up":{"uv":[0,0,16,16],"texture":"#2"},"down":{"uv":[0,0,16,16],"texture":"#2"}}}],"display":{"thirdperson_lefthand":{"rotation":[90,-34,0],"translation":[-1,-0.5,1],"scale":[0.7,0.7,0.7]},"firstperson_lefthand":{"rotation":[90,-34,0],"translation":[-1,-0.5,1],"scale":[0.7,0.7,0.7]},"head":{"translation":[-10.25,-22.25,-2.25],"scale":[3,3,3]}}}