{"credit":"Naruto RPG","texture_size":[32,32],"textures":{"1":"armas:item/antidoto_2"},"elements":[{"from":[6.7,0,6.7],"to":[9.3,10,9.3],"rotation":{"angle":0,"axis":"y","origin":[7,0,7]},"faces":{"north":{"uv":[0,0,1.25,5],"texture":"#1"},"east":{"uv":[1.5,0,2.75,5],"texture":"#1"},"south":{"uv":[3,0,4.25,5],"texture":"#1"},"west":{"uv":[4.5,0,5.75,5],"texture":"#1"},"up":{"uv":[10.25,5.75,9,4.5],"texture":"#1"},"down":{"uv":[10.25,6,9,7.25],"texture":"#1"}}},{"from":[6.5,8.4,6.5],"to":[9.5,13.3,9.5],"rotation":{"angle":0,"axis":"y","origin":[7,1.9,7]},"faces":{"north":{"uv":[6,0,7.5,2.5],"texture":"#1"},"east":{"uv":[6,2.5,7.5,5],"texture":"#1"},"south":{"uv":[6,5,7.5,7.5],"texture":"#1"},"west":{"uv":[7.5,0,9,2.5],"texture":"#1"},"up":{"uv":[4.5,9.5,3,8],"texture":"#1"},"down":{"uv":[6,8,4.5,9.5],"texture":"#1"}}},{"from":[6.6,13.3,6.6],"to":[9.4,16.9,9.4],"rotation":{"angle":0,"axis":"y","origin":[7,6.8,7]},"faces":{"north":{"uv":[7.5,2.5,9,4.25],"texture":"#1"},"east":{"uv":[7.5,4.5,9,6.25],"texture":"#1"},"south":{"uv":[6,7.5,7.5,9.25],"texture":"#1"},"west":{"uv":[7.5,6.5,9,8.25],"texture":"#1"},"up":{"uv":[9,10,7.5,8.5],"texture":"#1"},"down":{"uv":[10.5,0,9,1.5],"texture":"#1"}}},{"from":[6.6,13.3,8],"to":[9.4,16.8,8],"rotation":{"angle":0,"axis":"y","origin":[7,6.8,7]},"faces":{"north":{"uv":[0,8,1.5,9.75],"texture":"#1"},"east":{"uv":[0,0,0,1.75],"texture":"#1"},"south":{"uv":[1.5,8,3,9.75],"texture":"#1"},"west":{"uv":[0,0,0,1.75],"texture":"#1"},"up":{"uv":[1.5,0,0,0],"texture":"#1"},"down":{"uv":[1.5,0,0,0],"texture":"#1"}}},{"name":"cube_outline","from":[9.4,6.1,9.4],"to":[6.6,-0.1,6.6],"rotation":{"angle":0,"axis":"y","origin":[7,0,7]},"faces":{"north":{"uv":[0,5,1.5,8],"texture":"#1"},"east":{"uv":[1.5,5,3,8],"texture":"#1"},"south":{"uv":[3,5,4.5,8],"texture":"#1"},"west":{"uv":[4.5,5,6,8],"texture":"#1"},"up":{"uv":[10.5,3,9,1.5],"texture":"#1"},"down":{"uv":[10.5,3,9,4.5],"texture":"#1"}}},{"from":[9.275,6.075,9.325],"to":[9.4,8.425,9.4],"rotation":{"angle":0,"axis":"y","origin":[7,6.3,7]},"faces":{"north":{"uv":[9,7.5,9.25,8.75],"texture":"#1"},"east":{"uv":[9,9,9.25,10.25],"texture":"#1"},"south":{"uv":[3,9.5,3.25,10.75],"texture":"#1"},"west":{"uv":[3.5,9.5,3.75,10.75],"texture":"#1"},"up":{"uv":[4.25,9.75,4,9.5],"texture":"#1"},"down":{"uv":[4.75,9.5,4.5,9.75],"texture":"#1"}}},{"from":[6.6,6.075,9.325],"to":[6.725,8.425,9.4],"rotation":{"angle":0,"axis":"y","origin":[9,6.3,7]},"faces":{"north":{"uv":[9.25,7.5,9,8.75],"texture":"#1"},"east":{"uv":[3.75,9.5,3.5,10.75],"texture":"#1"},"south":{"uv":[3.25,9.5,3,10.75],"texture":"#1"},"west":{"uv":[9.25,9,9,10.25],"texture":"#1"},"up":{"uv":[4,9.75,4.25,9.5],"texture":"#1"},"down":{"uv":[4.5,9.5,4.75,9.75],"texture":"#1"}}},{"from":[6.6,6.075,6.6],"to":[6.725,8.425,6.675],"rotation":{"angle":0,"axis":"y","origin":[9,6.3,9]},"faces":{"north":{"uv":[3,9.5,3.25,10.75],"texture":"#1"},"east":{"uv":[3.5,9.5,3.75,10.75],"texture":"#1"},"south":{"uv":[9,7.5,9.25,8.75],"texture":"#1"},"west":{"uv":[9,9,9.25,10.25],"texture":"#1"},"up":{"uv":[4,9.5,4.25,9.75],"texture":"#1"},"down":{"uv":[4.5,9.75,4.75,9.5],"texture":"#1"}}},{"from":[9.275,6.075,6.6],"to":[9.4,8.425,6.675],"rotation":{"angle":0,"axis":"y","origin":[7,6.3,9]},"faces":{"north":{"uv":[3.25,9.5,3,10.75],"texture":"#1"},"east":{"uv":[9.25,9,9,10.25],"texture":"#1"},"south":{"uv":[9.25,7.5,9,8.75],"texture":"#1"},"west":{"uv":[3.75,9.5,3.5,10.75],"texture":"#1"},"up":{"uv":[4.25,9.5,4,9.75],"texture":"#1"},"down":{"uv":[4.75,9.75,4.5,9.5],"texture":"#1"}}}],"gui_light":"front","display":{"thirdperson_righthand":{"rotation":[90,0,0],"translation":[0,0.5,1],"scale":[0.3,0.3,0.3]},"thirdperson_lefthand":{"rotation":[90,0,0],"translation":[0,0.5,1],"scale":[0.3,0.3,0.3]},"firstperson_righthand":{"rotation":[23.29,-4.07,1.96],"translation":[0,2.25,1.25],"scale":[0.4,0.4,0.4]},"firstperson_lefthand":{"rotation":[23.29,-4.07,1.96],"translation":[0,2.25,1.25],"scale":[0.4,0.4,0.4]},"ground":{"rotation":[-14.32,-1.57,12.25],"translation":[0,8.25,0],"scale":[0.6,0.6,0.6]},"gui":{"rotation":[-13.82,-45.07,-47.19]},"head":{"scale":[0,0,0]}}}