{"credit":"Naruto RPG","texture_size":[32,32],"textures":{"0":"armas:item/armas_kunaibomba","particle":"armas:item/armas_kunaibomba"},"elements":[{"name":"octagon","from":[7.66283,3.7442,16.0512],"to":[8.33717,4.407,16.214],"rotation":{"angle":45,"axis":"y","origin":[8,4.0256,15.4]},"faces":{"north":{"uv":[4,9,4.25,9.25],"texture":"#0"},"east":{"uv":[9,4,9.25,4.25],"texture":"#0"},"south":{"uv":[4.5,9,4.75,9.25],"texture":"#0"},"west":{"uv":[9,4.5,9.25,4.75],"texture":"#0"},"up":{"uv":[5.25,9.25,5,9],"texture":"#0"},"down":{"uv":[9.25,5,9,5.25],"texture":"#0"}}},{"name":"octagon","from":[7.96163,3.6692,16.78086],"to":[8.02443,3.757,18.6802],"rotation":{"angle":22.5,"axis":"x","origin":[7.99303,3.7131,17.78053]},"faces":{"north":{"uv":[9,4,9.25,4.25],"texture":"#0"},"east":{"uv":[4.5,9,4.75,9.25],"texture":"#0"},"south":{"uv":[9,4.5,9.25,4.75],"texture":"#0"},"west":{"uv":[4,9,4.25,9.25],"texture":"#0"},"up":{"uv":[5.25,9.25,5,9],"rotation":270,"texture":"#0"},"down":{"uv":[9.25,5,9,5.25],"rotation":90,"texture":"#0"}}},{"name":"octagon","from":[7.96163,4.04842,16.12441],"to":[8.02443,4.13622,16.87375],"rotation":{"angle":0,"axis":"y","origin":[7.99303,4.09232,15.97408]},"faces":{"north":{"uv":[9,4,9.25,4.25],"texture":"#0"},"east":{"uv":[4.5,9,4.75,9.25],"texture":"#0"},"south":{"uv":[9,4.5,9.25,4.75],"texture":"#0"},"west":{"uv":[4,9,4.25,9.25],"texture":"#0"},"up":{"uv":[5.25,9.25,5,9],"rotation":270,"texture":"#0"},"down":{"uv":[9.25,5,9,5.25],"rotation":90,"texture":"#0"}}},{"name":"octagon","from":[7.66283,3.7442,16.0512],"to":[8.33717,4.407,16.214],"rotation":{"angle":0,"axis":"y","origin":[8,4.0256,15.4]},"faces":{"north":{"uv":[5.5,9,5.75,9.25],"texture":"#0"},"east":{"uv":[9,5.5,9.25,5.75],"texture":"#0"},"south":{"uv":[6,9,6.25,9.25],"texture":"#0"},"west":{"uv":[9,6,9.25,6.25],"texture":"#0"},"up":{"uv":[6.75,9.25,6.5,9],"texture":"#0"},"down":{"uv":[9.25,6.5,9,6.75],"texture":"#0"}}},{"name":"octagon","from":[7.186,3.7442,15.06283],"to":[7.3488,4.407,15.73717],"rotation":{"angle":45,"axis":"y","origin":[8,4.0256,15.4]},"faces":{"north":{"uv":[7,9,7.25,9.25],"texture":"#0"},"east":{"uv":[9,7,9.25,7.25],"texture":"#0"},"south":{"uv":[7.5,9,7.75,9.25],"texture":"#0"},"west":{"uv":[9,7.5,9.25,7.75],"texture":"#0"},"up":{"uv":[8.25,9.25,8,9],"texture":"#0"},"down":{"uv":[9.25,8,9,8.25],"texture":"#0"}}},{"name":"octagon","from":[8.6512,3.7442,15.06283],"to":[8.814,4.407,15.73717],"rotation":{"angle":0,"axis":"y","origin":[8,4.0256,15.4]},"faces":{"north":{"uv":[8.5,9,8.75,9.25],"texture":"#0"},"east":{"uv":[9,8.5,9.25,8.75],"texture":"#0"},"south":{"uv":[9,9,9.25,9.25],"texture":"#0"},"west":{"uv":[0,9.5,0.25,9.75],"texture":"#0"},"up":{"uv":[9.75,0.25,9.5,0],"texture":"#0"},"down":{"uv":[0.75,9.5,0.5,9.75],"texture":"#0"}}},{"name":"octagon","from":[7.186,3.7442,15.06283],"to":[7.3488,4.407,15.73717],"rotation":{"angle":0,"axis":"y","origin":[8,4.0256,15.4]},"faces":{"north":{"uv":[9.5,3.5,9.75,3.75],"texture":"#0"},"east":{"uv":[4,9.5,4.25,9.75],"texture":"#0"},"south":{"uv":[9.5,4,9.75,4.25],"texture":"#0"},"west":{"uv":[4.5,9.5,4.75,9.75],"texture":"#0"},"up":{"uv":[9.75,4.75,9.5,4.5],"texture":"#0"},"down":{"uv":[5.25,9.5,5,9.75],"texture":"#0"}}},{"name":"octagon","from":[7.186,3.7442,15.06283],"to":[7.3488,4.407,15.73717],"rotation":{"angle":-45,"axis":"y","origin":[8,4.0256,15.4]},"faces":{"north":{"uv":[9.5,2,9.75,2.25],"texture":"#0"},"east":{"uv":[2.5,9.5,2.75,9.75],"texture":"#0"},"south":{"uv":[9.5,2.5,9.75,2.75],"texture":"#0"},"west":{"uv":[3,9.5,3.25,9.75],"texture":"#0"},"up":{"uv":[9.75,3.25,9.5,3],"texture":"#0"},"down":{"uv":[3.75,9.5,3.5,9.75],"texture":"#0"}}},{"name":"octagon","from":[7.66283,3.7442,14.586],"to":[8.33717,4.407,14.7488],"rotation":{"angle":0,"axis":"y","origin":[8,4.0256,15.4]},"faces":{"north":{"uv":[8.5,0.5,8.75,0.75],"texture":"#0"},"east":{"uv":[1,8.5,1.25,8.75],"texture":"#0"},"south":{"uv":[8.5,1,8.75,1.25],"texture":"#0"},"west":{"uv":[1.5,8.5,1.75,8.75],"texture":"#0"},"up":{"uv":[8.75,1.75,8.5,1.5],"texture":"#0"},"down":{"uv":[2.25,8.5,2,8.75],"texture":"#0"}}},{"name":"octagon","from":[7.66283,3.7442,14.586],"to":[8.33717,4.407,14.7488],"rotation":{"angle":-45,"axis":"y","origin":[8,4.0256,15.4]},"faces":{"north":{"uv":[9.5,0.5,9.75,0.75],"texture":"#0"},"east":{"uv":[1,9.5,1.25,9.75],"texture":"#0"},"south":{"uv":[9.5,1,9.75,1.25],"texture":"#0"},"west":{"uv":[1.5,9.5,1.75,9.75],"texture":"#0"},"up":{"uv":[9.75,1.75,9.5,1.5],"texture":"#0"},"down":{"uv":[2.25,9.5,2,9.75],"texture":"#0"}}},{"from":[7.2,3,8],"to":[8.8,5,9.025],"rotation":{"angle":0,"axis":"y","origin":[0,3,0]},"faces":{"north":{"uv":[2,0.5,2.75,1.5],"texture":"#0"},"east":{"uv":[0.5,3.5,1,4.5],"texture":"#0"},"south":{"uv":[0.5,2.5,1.25,3.5],"texture":"#0"},"west":{"uv":[1,3.5,1.5,4.5],"texture":"#0"},"up":{"uv":[5.25,3.5,4.5,3],"texture":"#0"},"down":{"uv":[5.25,3.5,4.5,4],"texture":"#0"}}},{"from":[6.8,3.3,8],"to":[9.2,4.7,9],"rotation":{"angle":0,"axis":"y","origin":[0,3,0]},"faces":{"north":{"uv":[0,0,1.25,0.75],"texture":"#0"},"east":{"uv":[4,4.5,4.5,5.25],"texture":"#0"},"south":{"uv":[0,1,1.25,1.75],"texture":"#0"},"west":{"uv":[4.5,4,5,4.75],"texture":"#0"},"up":{"uv":[3.75,2.5,2.5,2],"texture":"#0"},"down":{"uv":[4.25,0.5,3,1],"texture":"#0"}}},{"from":[6.6,3.7,8],"to":[9.4,4.3,9],"rotation":{"angle":0,"axis":"y","origin":[0,3,0]},"faces":{"north":{"uv":[0,5,1.5,5.25],"texture":"#0"},"east":{"uv":[5.5,7.5,6,7.75],"texture":"#0"},"south":{"uv":[5,0,6.5,0.25],"texture":"#0"},"west":{"uv":[7.5,5.5,8,5.75],"texture":"#0"},"up":{"uv":[3.5,2,2,1.5],"texture":"#0"},"down":{"uv":[3,2.5,1.5,3],"texture":"#0"}}},{"from":[7.4,3.2,9],"to":[8.6,4.8,10.025],"rotation":{"angle":0,"axis":"y","origin":[0,2.4,0]},"faces":{"north":{"uv":[1.5,5,2,5.75],"texture":"#0"},"east":{"uv":[3,5,3.5,5.75],"texture":"#0"},"south":{"uv":[3.5,5,4,5.75],"texture":"#0"},"west":{"uv":[5,4,5.5,4.75],"texture":"#0"},"up":{"uv":[4.5,6,4,5.5],"texture":"#0"},"down":{"uv":[4.5,6.5,4,7],"texture":"#0"}}},{"from":[7,3.44,9],"to":[9,4.56,10],"rotation":{"angle":0,"axis":"y","origin":[0,2.4,0]},"faces":{"north":{"uv":[1.5,3.5,2.5,4],"texture":"#0"},"east":{"uv":[0,4,0.5,4.5],"texture":"#0"},"south":{"uv":[3.5,1.5,4.5,2],"texture":"#0"},"west":{"uv":[1,5.5,1.5,6],"texture":"#0"},"up":{"uv":[3.5,4,2.5,3.5],"texture":"#0"},"down":{"uv":[4.5,3.5,3.5,4],"texture":"#0"}}},{"from":[6.8,3.76,9],"to":[9.2,4.24,10],"rotation":{"angle":0,"axis":"y","origin":[0,2.4,0]},"faces":{"north":{"uv":[2.5,6.5,3.75,6.75],"texture":"#0"},"east":{"uv":[6,7.5,6.5,7.75],"texture":"#0"},"south":{"uv":[6.5,2.5,7.75,2.75],"texture":"#0"},"west":{"uv":[7.5,6,8,6.25],"texture":"#0"},"up":{"uv":[4.25,1.5,3,1],"texture":"#0"},"down":{"uv":[2.75,3,1.5,3.5],"texture":"#0"}}},{"from":[7,3.808,10],"to":[9,4.192,11],"rotation":{"angle":0,"axis":"y","origin":[0,1.92,0]},"faces":{"north":{"uv":[3.5,7,4.5,7.25],"texture":"#0"},"east":{"uv":[8.5,0,9,0.25],"texture":"#0"},"south":{"uv":[7,4,8,4.25],"texture":"#0"},"west":{"uv":[0.5,8.5,1,8.75],"texture":"#0"},"up":{"uv":[5.5,1,4.5,0.5],"texture":"#0"},"down":{"uv":[2,4.5,1,5],"texture":"#0"}}},{"from":[7.15,3.552,10],"to":[8.85,4.448,11],"rotation":{"angle":0,"axis":"y","origin":[0,1.92,0]},"faces":{"north":{"uv":[5,2,5.75,2.5],"texture":"#0"},"east":{"uv":[6.5,4.5,7,5],"texture":"#0"},"south":{"uv":[5.5,0.5,6.25,1],"texture":"#0"},"west":{"uv":[5,6.5,5.5,7],"texture":"#0"},"up":{"uv":[6.25,3,5.5,2.5],"texture":"#0"},"down":{"uv":[6.25,3,5.5,3.5],"texture":"#0"}}},{"from":[7.6,3.36,10],"to":[8.4,4.64,11],"rotation":{"angle":0,"axis":"y","origin":[0,1.92,0]},"faces":{"north":{"uv":[4.5,5,5,5.75],"texture":"#0"},"east":{"uv":[5,5,5.5,5.75],"texture":"#0"},"south":{"uv":[0,5.5,0.5,6.25],"texture":"#0"},"west":{"uv":[0.5,5.5,1,6.25],"texture":"#0"},"up":{"uv":[7,4.5,6.5,4],"texture":"#0"},"down":{"uv":[5,6.5,4.5,7],"texture":"#0"}}},{"from":[6.8,3.76,7],"to":[9.2,4.24,8],"rotation":{"angle":0,"axis":"y","origin":[16,2.4,16]},"faces":{"north":{"uv":[6.5,3,7.75,3.25],"texture":"#0"},"east":{"uv":[7,7.5,7.5,7.75],"texture":"#0"},"south":{"uv":[6.5,3.5,7.75,3.75],"texture":"#0"},"west":{"uv":[7.5,7,8,7.25],"texture":"#0"},"up":{"uv":[4.25,3,3,2.5],"texture":"#0"},"down":{"uv":[4.25,3,3,3.5],"texture":"#0"}}},{"from":[6.95,3.44,7],"to":[9.05,4.56,8],"rotation":{"angle":0,"axis":"y","origin":[16,2.4,16]},"faces":{"north":{"uv":[4,2,5,2.5],"texture":"#0"},"east":{"uv":[6.5,6.5,7,7],"texture":"#0"},"south":{"uv":[2.5,4,3.5,4.5],"texture":"#0"},"west":{"uv":[7,0,7.5,0.5],"texture":"#0"},"up":{"uv":[4.5,4.5,3.5,4],"texture":"#0"},"down":{"uv":[1,4.5,0,5],"texture":"#0"}}},{"from":[7.4,3.2,7],"to":[8.6,4.8,8],"rotation":{"angle":0,"axis":"y","origin":[16,2.4,16]},"faces":{"north":{"uv":[1,6.5,1.5,7.25],"texture":"#0"},"east":{"uv":[6.5,1,7,1.75],"texture":"#0"},"south":{"uv":[1.5,6.5,2,7.25],"texture":"#0"},"west":{"uv":[2,6.5,2.5,7.25],"texture":"#0"},"up":{"uv":[7.5,7.5,7,7],"texture":"#0"},"down":{"uv":[0.5,7.5,0,8],"texture":"#0"}}},{"from":[7.6,3.36,6],"to":[8.4,4.64,7],"rotation":{"angle":0,"axis":"y","origin":[16,1.92,16]},"faces":{"north":{"uv":[6,6,6.5,6.75],"texture":"#0"},"east":{"uv":[0,6.5,0.5,7.25],"texture":"#0"},"south":{"uv":[6.5,0,7,0.75],"texture":"#0"},"west":{"uv":[0.5,6.5,1,7.25],"texture":"#0"},"up":{"uv":[7,7.5,6.5,7],"texture":"#0"},"down":{"uv":[7.5,6.5,7,7],"texture":"#0"}}},{"from":[7.15,3.552,6],"to":[8.85,4.448,7],"rotation":{"angle":0,"axis":"y","origin":[16,1.92,16]},"faces":{"north":{"uv":[5.5,3.5,6.25,4],"texture":"#0"},"east":{"uv":[5.5,6.5,6,7],"texture":"#0"},"south":{"uv":[5.5,4,6.25,4.5],"texture":"#0"},"west":{"uv":[6.5,6,7,6.5],"texture":"#0"},"up":{"uv":[6.25,5,5.5,4.5],"texture":"#0"},"down":{"uv":[6.25,5,5.5,5.5],"texture":"#0"}}},{"from":[7,3.808,6],"to":[9,4.192,7],"rotation":{"angle":0,"axis":"y","origin":[16,1.92,16]},"faces":{"north":{"uv":[6.5,5,7.5,5.25],"texture":"#0"},"east":{"uv":[6.5,7.5,7,7.75],"texture":"#0"},"south":{"uv":[6.5,5.5,7.5,5.75],"texture":"#0"},"west":{"uv":[7.5,6.5,8,6.75],"texture":"#0"},"up":{"uv":[5,0.5,4,0],"texture":"#0"},"down":{"uv":[2.5,4,1.5,4.5],"texture":"#0"}}},{"from":[7.2,3.8464,5],"to":[8.8,4.1536,6],"rotation":{"angle":0,"axis":"y","origin":[14.4,1.536,16]},"faces":{"north":{"uv":[1.5,7.5,2.25,7.75],"texture":"#0"},"east":{"uv":[2.5,8,3,8.25],"texture":"#0"},"south":{"uv":[7.5,1.5,8.25,1.75],"texture":"#0"},"west":{"uv":[8,2.5,8.5,2.75],"texture":"#0"},"up":{"uv":[6.75,2.5,6,2],"texture":"#0"},"down":{"uv":[3.75,6,3,6.5],"texture":"#0"}}},{"from":[7.32,3.6416,5],"to":[8.68,4.3584,6],"rotation":{"angle":0,"axis":"y","origin":[14.4,1.536,16]},"faces":{"north":{"uv":[7.5,0.5,8.25,0.75],"texture":"#0"},"east":{"uv":[1.5,8,2,8.25],"texture":"#0"},"south":{"uv":[7.5,1,8.25,1.25],"texture":"#0"},"west":{"uv":[2,8,2.5,8.25],"texture":"#0"},"up":{"uv":[6.25,6,5.5,5.5],"texture":"#0"},"down":{"uv":[1.75,6,1,6.5],"texture":"#0"}}},{"from":[7.68,3.488,5],"to":[8.32,4.512,6],"rotation":{"angle":0,"axis":"y","origin":[14.4,1.536,16]},"faces":{"north":{"uv":[7.5,7.5,7.75,8],"texture":"#0"},"east":{"uv":[7,0.5,7.5,1],"texture":"#0"},"south":{"uv":[0,8,0.25,8.5],"texture":"#0"},"west":{"uv":[7,1,7.5,1.5],"texture":"#0"},"up":{"uv":[0.75,8.5,0.5,8],"texture":"#0"},"down":{"uv":[1.25,8,1,8.5],"texture":"#0"}}},{"from":[7.744,3.5904,4],"to":[8.256,4.4096,5],"rotation":{"angle":0,"axis":"y","origin":[13.12,1.2288,16]},"faces":{"north":{"uv":[4.5,8,4.75,8.5],"texture":"#0"},"east":{"uv":[2.5,7,3,7.5],"texture":"#0"},"south":{"uv":[8,4.5,8.25,5],"texture":"#0"},"west":{"uv":[3,7,3.5,7.5],"texture":"#0"},"up":{"uv":[5.25,8.5,5,8],"texture":"#0"},"down":{"uv":[8.25,5,8,5.5],"texture":"#0"}}},{"from":[7.491,3.71328,4],"to":[8.509,4.28672,5],"rotation":{"angle":0,"axis":"y","origin":[13.12,1.2288,16]},"faces":{"north":{"uv":[3.5,8,4,8.25],"texture":"#0"},"east":{"uv":[8,3.5,8.5,3.75],"texture":"#0"},"south":{"uv":[4,8,4.5,8.25],"texture":"#0"},"west":{"uv":[8,4,8.5,4.25],"texture":"#0"},"up":{"uv":[7.5,2,7,1.5],"texture":"#0"},"down":{"uv":[7.5,2,7,2.5],"texture":"#0"}}},{"from":[7.36,3.87712,4],"to":[8.64,4.12288,5],"rotation":{"angle":0,"axis":"y","origin":[13.12,1.2288,16]},"faces":{"north":{"uv":[7.5,2,8.25,2.25],"texture":"#0"},"east":{"uv":[3,8,3.5,8.25],"texture":"#0"},"south":{"uv":[2.5,7.5,3.25,7.75],"texture":"#0"},"west":{"uv":[8,3,8.5,3.25],"texture":"#0"},"up":{"uv":[4.75,6.5,4,6],"texture":"#0"},"down":{"uv":[5.75,6,5,6.5],"texture":"#0"}}},{"from":[7.488,3.9017,3.4],"to":[8.512,4.0983,4],"rotation":{"angle":0,"axis":"y","origin":[12.096,0.98304,16]},"faces":{"north":{"uv":[6.5,8,7,8.25],"texture":"#0"},"east":{"uv":[8.5,4,8.75,4.25],"texture":"#0"},"south":{"uv":[8,6.5,8.5,6.75],"texture":"#0"},"west":{"uv":[4.5,8.5,4.75,8.75],"texture":"#0"},"up":{"uv":[7.5,8.25,7,8],"texture":"#0"},"down":{"uv":[8.5,7,8,7.25],"texture":"#0"}}},{"from":[7.5928,3.77062,3.4],"to":[8.4072,4.22938,4],"rotation":{"angle":0,"axis":"y","origin":[12.096,0.98304,16]},"faces":{"north":{"uv":[5.5,8,6,8.25],"texture":"#0"},"east":{"uv":[8.5,3.5,8.75,3.75],"texture":"#0"},"south":{"uv":[8,5.5,8.5,5.75],"texture":"#0"},"west":{"uv":[4,8.5,4.25,8.75],"texture":"#0"},"up":{"uv":[6.5,8.25,6,8],"texture":"#0"},"down":{"uv":[8.5,6,8,6.25],"texture":"#0"}}},{"from":[7.7952,3.67232,3.4],"to":[8.2048,4.32768,4],"rotation":{"angle":0,"axis":"y","origin":[12.096,0.98304,16]},"faces":{"north":{"uv":[8.5,2,8.75,2.25],"texture":"#0"},"east":{"uv":[2.5,8.5,2.75,8.75],"texture":"#0"},"south":{"uv":[8.5,2.5,8.75,2.75],"texture":"#0"},"west":{"uv":[3,8.5,3.25,8.75],"texture":"#0"},"up":{"uv":[8.75,3.25,8.5,3],"texture":"#0"},"down":{"uv":[3.75,8.5,3.5,8.75],"texture":"#0"}}},{"from":[7.83616,3.73786,3],"to":[8.16384,4.26214,3.4],"rotation":{"angle":0,"axis":"y","origin":[11.2768,0.78643,16]},"faces":{"north":{"uv":[8.5,6.5,8.75,6.75],"texture":"#0"},"east":{"uv":[7,8.5,7.25,8.75],"texture":"#0"},"south":{"uv":[8.5,7,8.75,7.25],"texture":"#0"},"west":{"uv":[7.5,8.5,7.75,8.75],"texture":"#0"},"up":{"uv":[8.75,7.75,8.5,7.5],"texture":"#0"},"down":{"uv":[8.25,8.5,8,8.75],"texture":"#0"}}},{"from":[7.65424,3.8165,3],"to":[8.34576,4.1835,3.4],"rotation":{"angle":0,"axis":"y","origin":[11.2768,0.78643,16]},"faces":{"north":{"uv":[8.5,5,8.75,5.25],"texture":"#0"},"east":{"uv":[5.5,8.5,5.75,8.75],"texture":"#0"},"south":{"uv":[8.5,5.5,8.75,5.75],"texture":"#0"},"west":{"uv":[6,8.5,6.25,8.75],"texture":"#0"},"up":{"uv":[8.75,6.25,8.5,6],"texture":"#0"},"down":{"uv":[6.75,8.5,6.5,8.75],"texture":"#0"}}},{"from":[7.5904,3.92136,3],"to":[8.4096,4.07864,3.4],"rotation":{"angle":0,"axis":"y","origin":[11.2768,0.78643,16]},"faces":{"north":{"uv":[7.5,8,8,8.25],"texture":"#0"},"east":{"uv":[8.5,4.5,8.75,4.75],"texture":"#0"},"south":{"uv":[8,7.5,8.5,7.75],"texture":"#0"},"west":{"uv":[5,8.5,5.25,8.75],"texture":"#0"},"up":{"uv":[8.5,8.25,8,8],"texture":"#0"},"down":{"uv":[0.5,8.5,0,8.75],"texture":"#0"}}},{"from":[7.71328,3.93709,2.7],"to":[8.28672,4.06291,3.1],"rotation":{"angle":0,"axis":"y","origin":[10.29376,0.62915,16]},"faces":{"north":{"uv":[2.5,9,2.75,9.25],"texture":"#0"},"east":{"uv":[9,2.5,9.25,2.75],"texture":"#0"},"south":{"uv":[3,9,3.25,9.25],"texture":"#0"},"west":{"uv":[9,3,9.25,3.25],"texture":"#0"},"up":{"uv":[3.75,9.25,3.5,9],"texture":"#0"},"down":{"uv":[9.25,3.5,9,3.75],"texture":"#0"}}},{"from":[7.77797,3.8532,2.7],"to":[8.22203,4.1468,3.1],"rotation":{"angle":0,"axis":"y","origin":[10.29376,0.62915,16]},"faces":{"north":{"uv":[1,9,1.25,9.25],"texture":"#0"},"east":{"uv":[9,1,9.25,1.25],"texture":"#0"},"south":{"uv":[1.5,9,1.75,9.25],"texture":"#0"},"west":{"uv":[9,1.5,9.25,1.75],"texture":"#0"},"up":{"uv":[2.25,9.25,2,9],"texture":"#0"},"down":{"uv":[9.25,2,9,2.25],"texture":"#0"}}},{"from":[7.88531,3.79028,2.7],"to":[8.11469,4.20972,3.1],"rotation":{"angle":0,"axis":"y","origin":[10.29376,0.62915,16]},"faces":{"north":{"uv":[8.5,8,8.75,8.25],"texture":"#0"},"east":{"uv":[8.5,8.5,8.75,8.75],"texture":"#0"},"south":{"uv":[0,9,0.25,9.25],"texture":"#0"},"west":{"uv":[9,0,9.25,0.25],"texture":"#0"},"up":{"uv":[0.75,9.25,0.5,9],"texture":"#0"},"down":{"uv":[9.25,0.5,9,0.75],"texture":"#0"}}},{"from":[7.93577,3.83223,2.275],"to":[8.06423,4.16777,2.7],"rotation":{"angle":0,"axis":"y","origin":[9.28451,0.50332,16]},"faces":{"north":{"uv":[9.5,8,9.75,8.25],"texture":"#0"},"east":{"uv":[8.5,9.5,8.75,9.75],"texture":"#0"},"south":{"uv":[9.5,8.5,9.75,8.75],"texture":"#0"},"west":{"uv":[9,9.5,9.25,9.75],"texture":"#0"},"up":{"uv":[9.75,9.25,9.5,9],"texture":"#0"},"down":{"uv":[9.75,9.5,9.5,9.75],"texture":"#0"}}},{"from":[7.83944,3.94967,2.3],"to":[8.16056,4.05033,2.7],"rotation":{"angle":0,"axis":"y","origin":[9.28451,0.50332,16]},"faces":{"north":{"uv":[9.5,5,9.75,5.25],"texture":"#0"},"east":{"uv":[5.5,9.5,5.75,9.75],"texture":"#0"},"south":{"uv":[9.5,5.5,9.75,5.75],"texture":"#0"},"west":{"uv":[6,9.5,6.25,9.75],"texture":"#0"},"up":{"uv":[9.75,6.25,9.5,6],"texture":"#0"},"down":{"uv":[6.75,9.5,6.5,9.75],"texture":"#0"}}},{"from":[7.6,3.8,11],"to":[8.4,4.3,14.7],"rotation":{"angle":0,"axis":"y","origin":[0,3,0]},"faces":{"north":{"uv":[4.5,7.5,5,7.75],"texture":"#0"},"east":{"uv":[4.5,1,6.25,1.25],"texture":"#0"},"south":{"uv":[7.5,4.5,8,4.75],"texture":"#0"},"west":{"uv":[4.5,1.5,6.25,1.75],"texture":"#0"},"up":{"uv":[2,1.75,1.5,0],"texture":"#0"},"down":{"uv":[0.5,2,0,3.75],"texture":"#0"}}},{"from":[7.75,3.65,11],"to":[8.25,4.45,14.7],"rotation":{"angle":0,"axis":"y","origin":[8,4.05,12.85]},"faces":{"north":{"uv":[5,7.5,5.25,8],"texture":"#0"},"east":{"uv":[2,0,3.75,0.5],"texture":"#0"},"south":{"uv":[7.5,5,7.75,5.5],"texture":"#0"},"west":{"uv":[0.5,2,2.25,2.5],"texture":"#0"},"up":{"uv":[2.25,6.25,2,4.5],"texture":"#0"},"down":{"uv":[2.75,4.5,2.5,6.25],"texture":"#0"}}},{"from":[7.3,3.7,11],"to":[8.7,4.3,11.9],"rotation":{"angle":0,"axis":"y","origin":[0,3,0]},"faces":{"north":{"uv":[7.5,0,8.25,0.25],"texture":"#0"},"east":{"uv":[3.5,7.5,4,7.75],"texture":"#0"},"south":{"uv":[0.5,7.5,1.25,7.75],"texture":"#0"},"west":{"uv":[4,7.5,4.5,7.75],"texture":"#0"},"up":{"uv":[5.25,3,4.5,2.5],"texture":"#0"},"down":{"uv":[3.75,4.5,3,5],"texture":"#0"}}},{"from":[7.5,3.6,10.9],"to":[8.5,4.4,12],"rotation":{"angle":0,"axis":"y","origin":[0,3,0]},"faces":{"north":{"uv":[4.5,7,5,7.5],"texture":"#0"},"east":{"uv":[7,4.5,7.5,5],"texture":"#0"},"south":{"uv":[5,7,5.5,7.5],"texture":"#0"},"west":{"uv":[5.5,7,6,7.5],"texture":"#0"},"up":{"uv":[6.5,7.5,6,7],"texture":"#0"},"down":{"uv":[7.5,6,7,6.5],"texture":"#0"}}},{"from":[7.6,1.1,18.75],"to":[8.2,6.1,28.75],"rotation":{"angle":22.5,"axis":"x","origin":[7.9,3.6,19]},"faces":{"north":{"uv":[11.06875,0.375,11.225,8.375],"rotation":90,"texture":"#0"},"east":{"uv":[15.56875,9.3375,11.01875,0.25],"rotation":90,"texture":"#0"},"south":{"uv":[11.06875,0.375,11.225,8.375],"rotation":90,"texture":"#0"},"west":{"uv":[15.56875,0.25,11.01875,9.3375],"rotation":90,"texture":"#0"},"up":{"uv":[11.06875,0.375,11.225,8.375],"rotation":90,"texture":"#0"},"down":{"uv":[11.06875,0.375,11.225,8.375],"rotation":90,"texture":"#0"}}}],"display":{"thirdperson_righthand":{"rotation":[20.06,-84.74,12.46],"translation":[5,3.25,0]},"thirdperson_lefthand":{"rotation":[20.06,-84.74,12.46],"translation":[5,3.25,0]},"firstperson_righthand":{"rotation":[3.78,-61.49,-4.3],"translation":[3.25,5.75,0]},"firstperson_lefthand":{"rotation":[3.78,-61.49,-4.3],"translation":[3.25,5.75,0]},"ground":{"rotation":[-78.52,9.41,-11.53],"translation":[0.75,3.75,-4]},"gui":{"rotation":[-94,-46.7,-170.46],"translation":[1.5,-1,0]},"head":{"translation":[0,-35,-26.75],"scale":[1.3,1.3,1.3]},"fixed":{"rotation":[-89.25,-46.7,-170.46],"translation":[1.5,-1,4.25]}}}