{"credit":"Naruto RPG","texture_size":[32,32],"textures":{"0":"armas:item/armas_gunbai","particle":"armas:item/armas_gunbai"},"elements":[{"from":[0.488,17.82567,7.7],"to":[15.512,20.79933,8.3],"rotation":{"angle":22.5,"axis":"z","origin":[8,19.3,8]},"faces":{"north":{"uv":[2.6,0,6.65,3.6125],"texture":"#0"},"east":{"uv":[2.6,0,6.65,3.6125],"texture":"#0"},"south":{"uv":[2.6,0,6.65,3.6125],"texture":"#0"},"west":{"uv":[2.6,0,6.65,3.6125],"texture":"#0"},"up":{"uv":[2.6,0,6.65,3.6125],"texture":"#0"},"down":{"uv":[2.6,0,6.65,3.6125],"texture":"#0"}}},{"from":[3.51976,19.03912,8.3334],"to":[6.46842,21.87312,8.3334],"rotation":{"angle":0,"axis":"z","origin":[4.99409,20.45612,8.3334]},"faces":{"north":{"uv":[8.375,8.5,15.25,15.125],"texture":"#0"},"east":{"uv":[3.55,0,5.5,3.3125],"texture":"#0"},"south":{"uv":[8.375,8.5,15.25,15.125],"texture":"#0"},"west":{"uv":[3.55,0,5.5,3.3125],"texture":"#0"},"up":{"uv":[5.5,3.3125,3.55,0],"texture":"#0"},"down":{"uv":[5.5,3.3125,3.55,0],"texture":"#0"}}},{"from":[9.53158,19.03912,8.3334],"to":[12.48024,21.87312,8.3334],"rotation":{"angle":0,"axis":"z","origin":[11.00591,20.45612,8.3334]},"faces":{"north":{"uv":[15.25,8.5,8.375,15.125],"texture":"#0"},"east":{"uv":[5.5,0,3.55,3.3125],"texture":"#0"},"south":{"uv":[15.25,8.5,8.375,15.125],"texture":"#0"},"west":{"uv":[5.5,0,3.55,3.3125],"texture":"#0"},"up":{"uv":[3.55,3.3125,5.5,0],"texture":"#0"},"down":{"uv":[3.55,3.3125,5.5,0],"texture":"#0"}}},{"from":[3.51976,19.03912,7.6834],"to":[6.46842,21.87312,7.6834],"rotation":{"angle":0,"axis":"z","origin":[4.99409,20.45612,7.6834]},"faces":{"north":{"uv":[15.25,8.5,8.375,15.125],"texture":"#0"},"east":{"uv":[3.55,0,5.5,3.3125],"texture":"#0"},"south":{"uv":[8.375,8.5,15.25,15.125],"texture":"#0"},"west":{"uv":[3.55,0,5.5,3.3125],"texture":"#0"},"up":{"uv":[5.5,3.3125,3.55,0],"texture":"#0"},"down":{"uv":[5.5,3.3125,3.55,0],"texture":"#0"}}},{"from":[9.53158,19.03912,7.6834],"to":[12.48024,21.87312,7.6834],"rotation":{"angle":0,"axis":"z","origin":[11.00591,20.45612,7.6834]},"faces":{"north":{"uv":[8.375,8.5,15.25,15.125],"texture":"#0"},"east":{"uv":[5.5,0,3.55,3.3125],"texture":"#0"},"south":{"uv":[15.25,8.5,8.375,15.125],"texture":"#0"},"west":{"uv":[5.5,0,3.55,3.3125],"texture":"#0"},"up":{"uv":[3.55,3.3125,5.5,0],"texture":"#0"},"down":{"uv":[3.55,3.3125,5.5,0],"texture":"#0"}}},{"from":[0.488,17.80067,7.7],"to":[15.512,20.82433,8.3],"rotation":{"angle":0,"axis":"y","origin":[8,19.3,8]},"faces":{"north":{"uv":[2.6,0,6.65,3.6125],"texture":"#0"},"east":{"uv":[2.6,0,6.65,3.6125],"texture":"#0"},"south":{"uv":[2.6,0,6.65,3.6125],"texture":"#0"},"west":{"uv":[2.6,0,6.65,3.6125],"texture":"#0"},"up":{"uv":[2.6,0,6.65,3.6125],"texture":"#0"},"down":{"uv":[2.6,0,6.65,3.6125],"texture":"#0"}}},{"from":[0.488,17.80067,7.7],"to":[15.512,20.79933,8.3],"rotation":{"angle":-22.5,"axis":"z","origin":[8,19.3,8]},"faces":{"north":{"uv":[2.6,0,6.65,3.6125],"texture":"#0"},"east":{"uv":[2.6,0,6.65,3.6125],"texture":"#0"},"south":{"uv":[2.6,0,6.65,3.6125],"texture":"#0"},"west":{"uv":[2.6,0,6.65,3.6125],"texture":"#0"},"up":{"uv":[2.6,0,6.65,3.6125],"texture":"#0"},"down":{"uv":[2.6,0,6.65,3.6125],"texture":"#0"}}},{"from":[6.50067,11.788,7.7],"to":[9.49933,26.812,8.3],"rotation":{"angle":45,"axis":"z","origin":[8,19.3,8]},"faces":{"north":{"uv":[2.6,0,6.65,3.6125],"texture":"#0"},"east":{"uv":[2.6,0,6.65,3.6125],"texture":"#0"},"south":{"uv":[2.6,0,6.65,3.6125],"texture":"#0"},"west":{"uv":[2.6,0,6.65,3.6125],"texture":"#0"},"up":{"uv":[2.6,0,6.65,3.6125],"texture":"#0"},"down":{"uv":[2.6,0,6.65,3.6125],"texture":"#0"}}},{"from":[6.50067,11.788,7.7],"to":[9.49933,26.812,8.3],"rotation":{"angle":22.5,"axis":"z","origin":[8,19.3,8]},"faces":{"north":{"uv":[2.6,0,6.65,3.6125],"texture":"#0"},"east":{"uv":[2.6,0,6.65,3.6125],"texture":"#0"},"south":{"uv":[2.6,0,6.65,3.6125],"texture":"#0"},"west":{"uv":[2.6,0,6.65,3.6125],"texture":"#0"},"up":{"uv":[2.6,0,6.65,3.6125],"texture":"#0"},"down":{"uv":[2.6,0,6.65,3.6125],"texture":"#0"}}},{"from":[6.50067,11.788,7.7],"to":[9.47433,26.812,8.3],"rotation":{"angle":0,"axis":"y","origin":[8,19.3,8]},"faces":{"north":{"uv":[2.6,0,6.65,3.6125],"texture":"#0"},"east":{"uv":[2.6,0,6.65,3.6125],"texture":"#0"},"south":{"uv":[2.6,0,6.65,3.6125],"texture":"#0"},"west":{"uv":[2.6,0,6.65,3.6125],"texture":"#0"},"up":{"uv":[2.6,0,6.65,3.6125],"texture":"#0"},"down":{"uv":[2.6,0,6.65,3.6125],"texture":"#0"}}},{"from":[6.50067,11.788,7.7],"to":[9.52433,26.812,8.3],"rotation":{"angle":-22.5,"axis":"z","origin":[8,19.3,8]},"faces":{"north":{"uv":[2.6,0,6.65,3.6125],"texture":"#0"},"east":{"uv":[2.6,0,6.65,3.6125],"texture":"#0"},"south":{"uv":[2.6,0,6.65,3.6125],"texture":"#0"},"west":{"uv":[2.6,0,6.65,3.6125],"texture":"#0"},"up":{"uv":[2.6,0,6.65,3.6125],"texture":"#0"},"down":{"uv":[2.6,0,6.65,3.6125],"texture":"#0"}}},{"from":[6.50067,11.788,7.7],"to":[9.47433,26.812,8.3],"rotation":{"angle":-45,"axis":"z","origin":[8,19.3,8]},"faces":{"north":{"uv":[2.6,0,6.65,3.6125],"texture":"#0"},"east":{"uv":[2.6,0,6.65,3.6125],"texture":"#0"},"south":{"uv":[2.6,0,6.65,3.6125],"texture":"#0"},"west":{"uv":[2.6,0,6.65,3.6125],"texture":"#0"},"up":{"uv":[2.6,0,6.65,3.6125],"texture":"#0"},"down":{"uv":[2.6,0,6.65,3.6125],"texture":"#0"}}},{"from":[-1.088,17.49228,7.8],"to":[0.448,21.10772,8.2],"rotation":{"angle":22.5,"axis":"z","origin":[8,19.3,8]},"faces":{"north":{"uv":[0,0,2.25,3.3125],"texture":"#0"},"east":{"uv":[0,0,2.25,3.3125],"texture":"#0"},"south":{"uv":[0,0,2.25,3.3125],"texture":"#0"},"west":{"uv":[0,0,2.25,3.3125],"texture":"#0"},"up":{"uv":[0,0,2.25,3.3125],"texture":"#0"},"down":{"uv":[0,0,2.25,3.3125],"texture":"#0"}}},{"from":[15.45457,17.98211,7.8],"to":[16.99057,21.59755,8.2],"rotation":{"angle":22.5,"axis":"z","origin":[9.18257,19.78983,8]},"faces":{"north":{"uv":[0,0,2.25,3.3125],"texture":"#0"},"east":{"uv":[0,0,2.25,3.3125],"texture":"#0"},"south":{"uv":[0,0,2.25,3.3125],"texture":"#0"},"west":{"uv":[0,0,2.25,3.3125],"texture":"#0"},"up":{"uv":[0,0,2.25,3.3125],"texture":"#0"},"down":{"uv":[0,0,2.25,3.3125],"texture":"#0"}}},{"from":[-1.088,17.49228,7.8],"to":[0.448,21.10772,8.2],"rotation":{"angle":0,"axis":"y","origin":[8,19.3,8]},"faces":{"north":{"uv":[0,0,2.25,3.3125],"texture":"#0"},"east":{"uv":[0,0,2.25,3.3125],"texture":"#0"},"south":{"uv":[0,0,2.25,3.3125],"texture":"#0"},"west":{"uv":[0,0,2.25,3.3125],"texture":"#0"},"up":{"uv":[0,0,2.25,3.3125],"texture":"#0"},"down":{"uv":[0,0,2.25,3.3125],"texture":"#0"}}},{"from":[15.552,17.49228,7.8],"to":[17.088,21.10772,8.2],"rotation":{"angle":0,"axis":"y","origin":[9.28,19.3,8]},"faces":{"north":{"uv":[0,0,2.25,3.3125],"texture":"#0"},"east":{"uv":[0,0,2.25,3.3125],"texture":"#0"},"south":{"uv":[0,0,2.25,3.3125],"texture":"#0"},"west":{"uv":[0,0,2.25,3.3125],"texture":"#0"},"up":{"uv":[0,0,2.25,3.3125],"texture":"#0"},"down":{"uv":[0,0,2.25,3.3125],"texture":"#0"}}},{"from":[-1.088,17.49228,7.8],"to":[0.448,21.10772,8.2],"rotation":{"angle":-22.5,"axis":"z","origin":[8,19.3,8]},"faces":{"north":{"uv":[0,0,2.25,3.3125],"texture":"#0"},"east":{"uv":[0,0,2.25,3.3125],"texture":"#0"},"south":{"uv":[0,0,2.25,3.3125],"texture":"#0"},"west":{"uv":[0,0,2.25,3.3125],"texture":"#0"},"up":{"uv":[0,0,2.25,3.3125],"texture":"#0"},"down":{"uv":[0,0,2.25,3.3125],"texture":"#0"}}},{"from":[15.45456,17.00244,7.8],"to":[16.99056,20.61788,8.2],"rotation":{"angle":-22.5,"axis":"z","origin":[9.18256,18.81016,8]},"faces":{"north":{"uv":[0,0,2.25,3.3125],"texture":"#0"},"east":{"uv":[0,0,2.25,3.3125],"texture":"#0"},"south":{"uv":[0,0,2.25,3.3125],"texture":"#0"},"west":{"uv":[0,0,2.25,3.3125],"texture":"#0"},"up":{"uv":[0,0,2.25,3.3125],"texture":"#0"},"down":{"uv":[0,0,2.25,3.3125],"texture":"#0"}}},{"from":[6.19228,26.852,7.8],"to":[9.80772,28.388,8.2],"rotation":{"angle":45,"axis":"z","origin":[8,19.3,8]},"faces":{"north":{"uv":[0,0,2.25,3.3125],"texture":"#0"},"east":{"uv":[0,0,2.25,3.3125],"texture":"#0"},"south":{"uv":[0,0,2.25,3.3125],"texture":"#0"},"west":{"uv":[0,0,2.25,3.3125],"texture":"#0"},"up":{"uv":[0,0,2.25,3.3125],"texture":"#0"},"down":{"uv":[0,0,2.25,3.3125],"texture":"#0"}}},{"from":[6.19228,10.212,7.8],"to":[9.80772,11.748,8.2],"rotation":{"angle":45,"axis":"z","origin":[8,19.3,8]},"faces":{"north":{"uv":[0,0,2.25,3.3125],"texture":"#0"},"east":{"uv":[0,0,2.25,3.3125],"texture":"#0"},"south":{"uv":[0,0,2.25,3.3125],"texture":"#0"},"west":{"uv":[0,0,2.25,3.3125],"texture":"#0"},"up":{"uv":[0,0,2.25,3.3125],"texture":"#0"},"down":{"uv":[0,0,2.25,3.3125],"texture":"#0"}}},{"from":[6.49782,13.424,7.9],"to":[8.92982,14.948,8.3],"rotation":{"angle":45,"axis":"z","origin":[8,7.396,8]},"faces":{"north":{"uv":[0,0,2.375,3.5625],"texture":"#0"},"east":{"uv":[0,0,2.375,3.5625],"texture":"#0"},"south":{"uv":[0,0,2.375,3.5625],"texture":"#0"},"west":{"uv":[0,0,2.375,3.5625],"texture":"#0"},"up":{"uv":[0,0,2.375,3.5625],"texture":"#0"},"down":{"uv":[0,0,2.375,3.5625],"texture":"#0"}}},{"from":[0.732,5.74883,7.9],"to":[2.05788,8.36263,8.3],"rotation":{"angle":-22.5,"axis":"z","origin":[8,5.37118,8.06875]},"faces":{"north":{"uv":[0,0,2.375,3.5625],"texture":"#0"},"east":{"uv":[0,0,2.375,3.5625],"texture":"#0"},"south":{"uv":[0,0,2.375,3.5625],"texture":"#0"},"west":{"uv":[0,0,2.375,3.5625],"texture":"#0"},"up":{"uv":[0,0,2.375,3.5625],"texture":"#0"},"down":{"uv":[0,0,2.375,3.5625],"texture":"#0"}}},{"from":[1.42976,5.88762,7.9],"to":[2.75564,8.50142,8.3],"rotation":{"angle":0,"axis":"y","origin":[8,5.37118,8.06875]},"faces":{"north":{"uv":[0,0,2.375,3.5625],"texture":"#0"},"east":{"uv":[0,0,2.375,3.5625],"texture":"#0"},"south":{"uv":[0,0,2.375,3.5625],"texture":"#0"},"west":{"uv":[0,0,2.375,3.5625],"texture":"#0"},"up":{"uv":[0,0,2.375,3.5625],"texture":"#0"},"down":{"uv":[0,0,2.375,3.5625],"texture":"#0"}}},{"from":[2.12752,5.74883,7.9],"to":[3.4534,8.36263,8.3],"rotation":{"angle":22.5,"axis":"z","origin":[8,5.37118,8.06875]},"faces":{"north":{"uv":[0,0,2.375,3.5625],"texture":"#0"},"east":{"uv":[0,0,2.375,3.5625],"texture":"#0"},"south":{"uv":[0,0,2.375,3.5625],"texture":"#0"},"west":{"uv":[0,0,2.375,3.5625],"texture":"#0"},"up":{"uv":[0,0,2.375,3.5625],"texture":"#0"},"down":{"uv":[0,0,2.375,3.5625],"texture":"#0"}}},{"from":[5.40381,0.09024,7.9],"to":[8.0176,1.41612,8.3],"rotation":{"angle":-45,"axis":"z","origin":[8,5.37118,8.06875]},"faces":{"north":{"uv":[0,0,2.375,3.5625],"texture":"#0"},"east":{"uv":[0,0,2.375,3.5625],"texture":"#0"},"south":{"uv":[0,0,2.375,3.5625],"texture":"#0"},"west":{"uv":[0,0,2.375,3.5625],"texture":"#0"},"up":{"uv":[0,0,2.375,3.5625],"texture":"#0"},"down":{"uv":[0,0,2.375,3.5625],"texture":"#0"}}},{"from":[5.99534,0.48549,7.9],"to":[8.60914,1.81137,8.3],"rotation":{"angle":-22.5,"axis":"z","origin":[8,5.37118,8.06875]},"faces":{"north":{"uv":[0,0,2.375,3.5625],"texture":"#0"},"east":{"uv":[0,0,2.375,3.5625],"texture":"#0"},"south":{"uv":[0,0,2.375,3.5625],"texture":"#0"},"west":{"uv":[0,0,2.375,3.5625],"texture":"#0"},"up":{"uv":[0,0,2.375,3.5625],"texture":"#0"},"down":{"uv":[0,0,2.375,3.5625],"texture":"#0"}}},{"from":[6.6931,0.62428,7.9],"to":[9.3069,1.95016,8.3],"rotation":{"angle":0,"axis":"y","origin":[8,5.37118,8.06875]},"faces":{"north":{"uv":[0,0,2.375,3.5625],"texture":"#0"},"east":{"uv":[0,0,2.375,3.5625],"texture":"#0"},"south":{"uv":[0,0,2.375,3.5625],"texture":"#0"},"west":{"uv":[0,0,2.375,3.5625],"texture":"#0"},"up":{"uv":[0,0,2.375,3.5625],"texture":"#0"},"down":{"uv":[0,0,2.375,3.5625],"texture":"#0"}}},{"from":[7.39086,0.48549,7.9],"to":[10.00466,1.81137,8.3],"rotation":{"angle":22.5,"axis":"z","origin":[8,5.37118,8.06875]},"faces":{"north":{"uv":[0,0,2.375,3.5625],"texture":"#0"},"east":{"uv":[0,0,2.375,3.5625],"texture":"#0"},"south":{"uv":[0,0,2.375,3.5625],"texture":"#0"},"west":{"uv":[0,0,2.375,3.5625],"texture":"#0"},"up":{"uv":[0,0,2.375,3.5625],"texture":"#0"},"down":{"uv":[0,0,2.375,3.5625],"texture":"#0"}}},{"from":[7.9824,0.09024,7.9],"to":[10.59619,1.41612,8.3],"rotation":{"angle":45,"axis":"z","origin":[8,5.37118,8.06875]},"faces":{"north":{"uv":[0,0,2.375,3.5625],"texture":"#0"},"east":{"uv":[0,0,2.375,3.5625],"texture":"#0"},"south":{"uv":[0,0,2.375,3.5625],"texture":"#0"},"west":{"uv":[0,0,2.375,3.5625],"texture":"#0"},"up":{"uv":[0,0,2.375,3.5625],"texture":"#0"},"down":{"uv":[0,0,2.375,3.5625],"texture":"#0"}}},{"from":[12.5466,5.74883,7.9],"to":[13.87248,8.36263,8.3],"rotation":{"angle":-22.5,"axis":"z","origin":[8,5.37118,8.06875]},"faces":{"north":{"uv":[0,0,2.375,3.5625],"texture":"#0"},"east":{"uv":[0,0,2.375,3.5625],"texture":"#0"},"south":{"uv":[0,0,2.375,3.5625],"texture":"#0"},"west":{"uv":[0,0,2.375,3.5625],"texture":"#0"},"up":{"uv":[0,0,2.375,3.5625],"texture":"#0"},"down":{"uv":[0,0,2.375,3.5625],"texture":"#0"}}},{"from":[13.24436,5.88762,7.9],"to":[14.57024,8.50142,8.3],"rotation":{"angle":0,"axis":"y","origin":[8,5.37118,8.06875]},"faces":{"north":{"uv":[0,0,2.375,3.5625],"texture":"#0"},"east":{"uv":[0,0,2.375,3.5625],"texture":"#0"},"south":{"uv":[0,0,2.375,3.5625],"texture":"#0"},"west":{"uv":[0,0,2.375,3.5625],"texture":"#0"},"up":{"uv":[0,0,2.375,3.5625],"texture":"#0"},"down":{"uv":[0,0,2.375,3.5625],"texture":"#0"}}},{"from":[13.94212,5.74883,7.9],"to":[15.268,8.36263,8.3],"rotation":{"angle":22.5,"axis":"z","origin":[8,5.37118,8.06875]},"faces":{"north":{"uv":[0,0,2.375,3.5625],"texture":"#0"},"east":{"uv":[0,0,2.375,3.5625],"texture":"#0"},"south":{"uv":[0,0,2.375,3.5625],"texture":"#0"},"west":{"uv":[0,0,2.375,3.5625],"texture":"#0"},"up":{"uv":[0,0,2.375,3.5625],"texture":"#0"},"down":{"uv":[0,0,2.375,3.5625],"texture":"#0"}}},{"from":[6.90254,13.01927,7.9],"to":[9.33454,14.54327,8.3],"rotation":{"angle":-45,"axis":"z","origin":[8.40473,6.99127,8]},"faces":{"north":{"uv":[0,0,2.375,3.5625],"texture":"#0"},"east":{"uv":[0,0,2.375,3.5625],"texture":"#0"},"south":{"uv":[0,0,2.375,3.5625],"texture":"#0"},"west":{"uv":[0,0,2.375,3.5625],"texture":"#0"},"up":{"uv":[0,0,2.375,3.5625],"texture":"#0"},"down":{"uv":[0,0,2.375,3.5625],"texture":"#0"}}},{"from":[7.9824,0.15984,7.975],"to":[10.09824,12.36072,8.1],"rotation":{"angle":45,"axis":"z","origin":[8,5.37118,8.06875]},"faces":{"north":{"uv":[2.8,0,6.5,3.3125],"texture":"#0"},"east":{"uv":[5.5,0,3.55,3.3125],"texture":"#0"},"south":{"uv":[5.5,0,3.55,3.3125],"texture":"#0"},"west":{"uv":[5.5,0,3.55,3.3125],"texture":"#0"},"up":{"uv":[5.5,0,3.55,3.3125],"texture":"#0"},"down":{"uv":[5.5,0,3.55,3.3125],"texture":"#0"}}},{"from":[1.602,5.74883,7.975],"to":[13.36788,8.36263,8.1],"rotation":{"angle":-22.5,"axis":"z","origin":[8,5.37118,8.06875]},"faces":{"north":{"uv":[2.8,0,6.5,3.3125],"texture":"#0"},"east":{"uv":[5.5,0,3.55,3.3125],"texture":"#0"},"south":{"uv":[5.5,0,3.55,3.3125],"texture":"#0"},"west":{"uv":[5.5,0,3.55,3.3125],"texture":"#0"},"up":{"uv":[5.5,0,3.55,3.3125],"texture":"#0"},"down":{"uv":[5.5,0,3.55,3.3125],"texture":"#0"}}},{"from":[2.29976,5.88762,7.975],"to":[14.06564,8.50142,8.1],"rotation":{"angle":0,"axis":"y","origin":[8,5.37118,8.06875]},"faces":{"north":{"uv":[2.8,0,6.5,3.3125],"texture":"#0"},"east":{"uv":[5.5,0,3.55,3.3125],"texture":"#0"},"south":{"uv":[5.5,0,3.55,3.3125],"texture":"#0"},"west":{"uv":[5.5,0,3.55,3.3125],"texture":"#0"},"up":{"uv":[5.5,0,3.55,3.3125],"texture":"#0"},"down":{"uv":[5.5,0,3.55,3.3125],"texture":"#0"}}},{"from":[2.99752,5.74883,7.975],"to":[14.7634,8.36263,8.1],"rotation":{"angle":22.5,"axis":"z","origin":[8,5.37118,8.06875]},"faces":{"north":{"uv":[2.8,0,6.5,3.3125],"texture":"#0"},"east":{"uv":[5.5,0,3.55,3.3125],"texture":"#0"},"south":{"uv":[5.5,0,3.55,3.3125],"texture":"#0"},"west":{"uv":[5.5,0,3.55,3.3125],"texture":"#0"},"up":{"uv":[5.5,0,3.55,3.3125],"texture":"#0"},"down":{"uv":[5.5,0,3.55,3.3125],"texture":"#0"}}},{"from":[5.40381,0.96024,7.975],"to":[8.0176,12.72612,8.1],"rotation":{"angle":-45,"axis":"z","origin":[8,5.37118,8.06875]},"faces":{"north":{"uv":[2.8,0,6.5,3.3125],"texture":"#0"},"east":{"uv":[5.5,0,3.55,3.3125],"texture":"#0"},"south":{"uv":[5.5,0,3.55,3.3125],"texture":"#0"},"west":{"uv":[5.5,0,3.55,3.3125],"texture":"#0"},"up":{"uv":[5.5,0,3.55,3.3125],"texture":"#0"},"down":{"uv":[5.5,0,3.55,3.3125],"texture":"#0"}}},{"from":[5.99534,1.35549,7.975],"to":[8.60914,12.25137,8.1],"rotation":{"angle":-22.5,"axis":"z","origin":[8,5.37118,8.06875]},"faces":{"north":{"uv":[2.8,0,6.5,3.3125],"texture":"#0"},"east":{"uv":[5.5,0,3.55,3.3125],"texture":"#0"},"south":{"uv":[5.5,0,3.55,3.3125],"texture":"#0"},"west":{"uv":[5.5,0,3.55,3.3125],"texture":"#0"},"up":{"uv":[5.5,0,3.55,3.3125],"texture":"#0"},"down":{"uv":[5.5,0,3.55,3.3125],"texture":"#0"}}},{"from":[6.6931,1.49428,7.975],"to":[9.3069,12.39016,8.1],"rotation":{"angle":0,"axis":"y","origin":[8,5.37118,8.06875]},"faces":{"north":{"uv":[2.8,0,6.5,3.3125],"texture":"#0"},"east":{"uv":[5.5,0,3.55,3.3125],"texture":"#0"},"south":{"uv":[5.5,0,3.55,3.3125],"texture":"#0"},"west":{"uv":[5.5,0,3.55,3.3125],"texture":"#0"},"up":{"uv":[5.5,0,3.55,3.3125],"texture":"#0"},"down":{"uv":[5.5,0,3.55,3.3125],"texture":"#0"}}},{"from":[7.39086,1.35549,7.975],"to":[10.00466,13.12137,8.1],"rotation":{"angle":22.5,"axis":"z","origin":[8,5.37118,8.06875]},"faces":{"north":{"uv":[2.8,0,6.5,3.3125],"texture":"#0"},"east":{"uv":[5.5,0,3.55,3.3125],"texture":"#0"},"south":{"uv":[5.5,0,3.55,3.3125],"texture":"#0"},"west":{"uv":[5.5,0,3.55,3.3125],"texture":"#0"},"up":{"uv":[5.5,0,3.55,3.3125],"texture":"#0"},"down":{"uv":[5.5,0,3.55,3.3125],"texture":"#0"}}},{"from":[6.19228,10.212,7.8],"to":[9.80772,11.748,8.2],"rotation":{"angle":-45,"axis":"z","origin":[8,19.3,8]},"faces":{"north":{"uv":[0,0,2.25,3.3125],"texture":"#0"},"east":{"uv":[0,0,2.25,3.3125],"texture":"#0"},"south":{"uv":[0,0,2.25,3.3125],"texture":"#0"},"west":{"uv":[0,0,2.25,3.3125],"texture":"#0"},"up":{"uv":[0,0,2.25,3.3125],"texture":"#0"},"down":{"uv":[0,0,2.25,3.3125],"texture":"#0"}}},{"from":[6.19228,26.852,7.8],"to":[9.80772,28.388,8.2],"rotation":{"angle":-45,"axis":"z","origin":[8,19.3,8]},"faces":{"north":{"uv":[0,0,2.25,3.3125],"texture":"#0"},"east":{"uv":[0,0,2.25,3.3125],"texture":"#0"},"south":{"uv":[0,0,2.25,3.3125],"texture":"#0"},"west":{"uv":[0,0,2.25,3.3125],"texture":"#0"},"up":{"uv":[0,0,2.25,3.3125],"texture":"#0"},"down":{"uv":[0,0,2.25,3.3125],"texture":"#0"}}},{"from":[6.19228,10.212,7.8],"to":[9.80772,11.748,8.2],"rotation":{"angle":-45,"axis":"z","origin":[8,19.3,8]},"faces":{"north":{"uv":[0,0,2.25,3.3125],"texture":"#0"},"east":{"uv":[0,0,2.25,3.3125],"texture":"#0"},"south":{"uv":[0,0,2.25,3.3125],"texture":"#0"},"west":{"uv":[0,0,2.25,3.3125],"texture":"#0"},"up":{"uv":[0,0,2.25,3.3125],"texture":"#0"},"down":{"uv":[0,0,2.25,3.3125],"texture":"#0"}}},{"from":[6.19228,26.852,7.8],"to":[9.80772,28.388,8.2],"rotation":{"angle":22.5,"axis":"z","origin":[8,19.3,8]},"faces":{"north":{"uv":[0,0,2.25,3.3125],"texture":"#0"},"east":{"uv":[0,0,2.25,3.3125],"texture":"#0"},"south":{"uv":[0,0,2.25,3.3125],"texture":"#0"},"west":{"uv":[0,0,2.25,3.3125],"texture":"#0"},"up":{"uv":[0,0,2.25,3.3125],"texture":"#0"},"down":{"uv":[0,0,2.25,3.3125],"texture":"#0"}}},{"from":[6.19228,26.852,7.8],"to":[9.80772,28.388,8.2],"rotation":{"angle":0,"axis":"y","origin":[8,19.3,8]},"faces":{"north":{"uv":[0,0,2.25,3.3125],"texture":"#0"},"east":{"uv":[0,0,2.25,3.3125],"texture":"#0"},"south":{"uv":[0,0,2.25,3.3125],"texture":"#0"},"west":{"uv":[0,0,2.25,3.3125],"texture":"#0"},"up":{"uv":[0,0,2.25,3.3125],"texture":"#0"},"down":{"uv":[0,0,2.25,3.3125],"texture":"#0"}}},{"from":[6.19228,26.852,7.8],"to":[9.80772,28.388,8.2],"rotation":{"angle":-22.5,"axis":"z","origin":[8,19.3,8]},"faces":{"north":{"uv":[0,0,2.25,3.3125],"texture":"#0"},"east":{"uv":[0,0,2.25,3.3125],"texture":"#0"},"south":{"uv":[0,0,2.25,3.3125],"texture":"#0"},"west":{"uv":[0,0,2.25,3.3125],"texture":"#0"},"up":{"uv":[0,0,2.25,3.3125],"texture":"#0"},"down":{"uv":[0,0,2.25,3.3125],"texture":"#0"}}},{"from":[7.5,0.1,7.97554],"to":[8.5,28.4,8.17446],"rotation":{"angle":0,"axis":"y","origin":[8,13.75,8.075]},"faces":{"north":{"uv":[7.0125,0,7.25,3.6125],"texture":"#0"},"east":{"uv":[7.0125,0,7.25,3.6125],"texture":"#0"},"south":{"uv":[7.0125,0,7.25,3.6125],"texture":"#0"},"west":{"uv":[7.0125,0,7.25,3.6125],"texture":"#0"},"up":{"uv":[7.0125,0,7.25,0.1125],"texture":"#0"},"down":{"uv":[7.0125,0,7.25,3.6125],"texture":"#0"}}},{"from":[7.5,0.1,7.97554],"to":[8.5,28.4,8.17446],"rotation":{"angle":22.5,"axis":"y","origin":[8,13.75,8.075]},"faces":{"north":{"uv":[7.2625,0,7.5,3.6125],"texture":"#0"},"east":{"uv":[7.2625,0,7.5,3.6125],"texture":"#0"},"south":{"uv":[7.2625,0,7.5,3.6125],"texture":"#0"},"west":{"uv":[7.2625,0,7.5,3.6125],"texture":"#0"},"up":{"uv":[7.0125,0,7.25,0.1125],"texture":"#0"},"down":{"uv":[7.2625,0,7.5,3.6125],"texture":"#0"}}},{"from":[7.90054,0.1,7.575],"to":[8.09946,28.4,8.575],"rotation":{"angle":-45,"axis":"y","origin":[8,13.75,8.075]},"faces":{"north":{"uv":[7.5125,0,7.75,3.6125],"texture":"#0"},"east":{"uv":[7.5125,0,7.75,3.6125],"texture":"#0"},"south":{"uv":[7.5125,0,7.75,3.6125],"texture":"#0"},"west":{"uv":[7.5125,0,7.75,3.6125],"texture":"#0"},"up":{"uv":[7.0125,0,7.25,0.1125],"texture":"#0"},"down":{"uv":[7.5125,0,7.75,3.6125],"texture":"#0"}}},{"from":[7.90054,0.1,7.575],"to":[8.09946,28.4,8.575],"rotation":{"angle":-22.5,"axis":"y","origin":[8,13.75,8.075]},"faces":{"north":{"uv":[6.7625,0,7,3.6125],"texture":"#0"},"east":{"uv":[6.7625,0,7,3.6125],"texture":"#0"},"south":{"uv":[6.7625,0,7,3.6125],"texture":"#0"},"west":{"uv":[6.7625,0,7,3.6125],"texture":"#0"},"up":{"uv":[7.0125,0,7.25,0.1125],"texture":"#0"},"down":{"uv":[6.7625,0,7,3.6125],"texture":"#0"}}},{"from":[7.90054,0.1,7.575],"to":[8.09946,28.4,8.575],"rotation":{"angle":0,"axis":"y","origin":[8,13.75,8.075]},"faces":{"north":{"uv":[7.0125,0,7.25,3.6125],"texture":"#0"},"east":{"uv":[7.0125,0,7.25,3.6125],"texture":"#0"},"south":{"uv":[7.0125,0,7.25,3.6125],"texture":"#0"},"west":{"uv":[7.0125,0,7.25,3.6125],"texture":"#0"},"up":{"uv":[7.0125,0,7.25,0.1125],"texture":"#0"},"down":{"uv":[7.0125,0,7.25,3.6125],"texture":"#0"}}},{"from":[7.90054,0.1,7.575],"to":[8.09946,28.4,8.575],"rotation":{"angle":22.5,"axis":"y","origin":[8,13.75,8.075]},"faces":{"north":{"uv":[7.2625,0,7.5,3.6125],"texture":"#0"},"east":{"uv":[7.2625,0,7.5,3.6125],"texture":"#0"},"south":{"uv":[7.2625,0,7.5,3.6125],"texture":"#0"},"west":{"uv":[7.2625,0,7.5,3.6125],"texture":"#0"},"up":{"uv":[7.0125,0,7.25,0.1125],"texture":"#0"},"down":{"uv":[7.2625,0,7.5,3.6125],"texture":"#0"}}},{"from":[7.5,0.1,7.97554],"to":[8.5,28.4,8.17446],"rotation":{"angle":-45,"axis":"y","origin":[8,13.75,8.075]},"faces":{"north":{"uv":[7.5125,0,7.75,3.6125],"texture":"#0"},"east":{"uv":[7.5125,0,7.75,3.6125],"texture":"#0"},"south":{"uv":[7.5125,0,7.75,3.6125],"texture":"#0"},"west":{"uv":[7.5125,0,7.75,3.6125],"texture":"#0"},"up":{"uv":[7.0125,0,7.25,0.1125],"texture":"#0"},"down":{"uv":[7.5125,0,7.75,3.6125],"texture":"#0"}}},{"from":[7.5,0.1,7.97554],"to":[8.5,28.4,8.17446],"rotation":{"angle":-22.5,"axis":"y","origin":[8,13.75,8.075]},"faces":{"north":{"uv":[6.7625,0,7,3.6125],"texture":"#0"},"east":{"uv":[6.7625,0,7,3.6125],"texture":"#0"},"south":{"uv":[6.7625,0,7,3.6125],"texture":"#0"},"west":{"uv":[6.7625,0,7,3.6125],"texture":"#0"},"up":{"uv":[7.0125,0,7.25,0.1125],"texture":"#0"},"down":{"uv":[6.7625,0,7,3.6125],"texture":"#0"}}},{"from":[7.5,0.1,7.97554],"to":[8.5,28.4,8.17446],"rotation":{"angle":0,"axis":"y","origin":[8,13.75,8.075]},"faces":{"north":{"uv":[7.0125,0,7.25,3.6125],"texture":"#0"},"east":{"uv":[7.0125,0,7.25,3.6125],"texture":"#0"},"south":{"uv":[7.0125,0,7.25,3.6125],"texture":"#0"},"west":{"uv":[7.0125,0,7.25,3.6125],"texture":"#0"},"up":{"uv":[7.0125,0,7.25,0.1125],"texture":"#0"},"down":{"uv":[7.0125,0,7.25,3.6125],"texture":"#0"}}},{"from":[7.5,0.1,7.97554],"to":[8.5,28.4,8.17446],"rotation":{"angle":22.5,"axis":"y","origin":[8,13.75,8.075]},"faces":{"north":{"uv":[7.2625,0,7.5,3.6125],"texture":"#0"},"east":{"uv":[7.2625,0,7.5,3.6125],"texture":"#0"},"south":{"uv":[7.2625,0,7.5,3.6125],"texture":"#0"},"west":{"uv":[7.2625,0,7.5,3.6125],"texture":"#0"},"up":{"uv":[7.0125,0,7.25,0.1125],"texture":"#0"},"down":{"uv":[7.2625,0,7.5,3.6125],"texture":"#0"}}},{"from":[7.90054,0.1,7.575],"to":[8.09946,28.4,8.575],"rotation":{"angle":-45,"axis":"y","origin":[8,13.75,8.075]},"faces":{"north":{"uv":[7.5125,0,7.75,3.6125],"texture":"#0"},"east":{"uv":[7.5125,0,7.75,3.6125],"texture":"#0"},"south":{"uv":[7.5125,0,7.75,3.6125],"texture":"#0"},"west":{"uv":[7.5125,0,7.75,3.6125],"texture":"#0"},"up":{"uv":[7.0125,0,7.25,0.1125],"texture":"#0"},"down":{"uv":[7.5125,0,7.75,3.6125],"texture":"#0"}}},{"from":[7.90054,0.1,7.575],"to":[8.09946,28.4,8.575],"rotation":{"angle":-22.5,"axis":"y","origin":[8,13.75,8.075]},"faces":{"north":{"uv":[6.7625,0,7,3.6125],"texture":"#0"},"east":{"uv":[6.7625,0,7,3.6125],"texture":"#0"},"south":{"uv":[6.7625,0,7,3.6125],"texture":"#0"},"west":{"uv":[6.7625,0,7,3.6125],"texture":"#0"},"up":{"uv":[7.0125,0,7.25,0.1125],"texture":"#0"},"down":{"uv":[6.7625,0,7,3.6125],"texture":"#0"}}},{"from":[7.90054,0.1,7.575],"to":[8.09946,28.4,8.575],"rotation":{"angle":0,"axis":"y","origin":[8,13.75,8.075]},"faces":{"north":{"uv":[7.0125,0,7.25,3.6125],"texture":"#0"},"east":{"uv":[7.0125,0,7.25,3.6125],"texture":"#0"},"south":{"uv":[7.0125,0,7.25,3.6125],"texture":"#0"},"west":{"uv":[7.0125,0,7.25,3.6125],"texture":"#0"},"up":{"uv":[7.0125,0,7.25,0.1125],"texture":"#0"},"down":{"uv":[7.0125,0,7.25,3.6125],"texture":"#0"}}},{"from":[7.90054,0.1,7.575],"to":[8.09946,28.4,8.575],"rotation":{"angle":22.5,"axis":"y","origin":[8,13.75,8.075]},"faces":{"north":{"uv":[7.2625,0,7.5,3.6125],"texture":"#0"},"east":{"uv":[7.2625,0,7.5,3.6125],"texture":"#0"},"south":{"uv":[7.2625,0,7.5,3.6125],"texture":"#0"},"west":{"uv":[7.2625,0,7.5,3.6125],"texture":"#0"},"up":{"uv":[7.0125,0,7.25,0.1125],"texture":"#0"},"down":{"uv":[7.2625,0,7.5,3.6125],"texture":"#0"}}},{"from":[7.5,0.1,7.97554],"to":[8.5,28.4,8.17446],"rotation":{"angle":-45,"axis":"y","origin":[8,13.75,8.075]},"faces":{"north":{"uv":[7.5125,0,7.75,3.6125],"texture":"#0"},"east":{"uv":[7.5125,0,7.75,3.6125],"texture":"#0"},"south":{"uv":[7.5125,0,7.75,3.6125],"texture":"#0"},"west":{"uv":[7.5125,0,7.75,3.6125],"texture":"#0"},"up":{"uv":[7.0125,0,7.25,0.1125],"texture":"#0"},"down":{"uv":[7.5125,0,7.75,3.6125],"texture":"#0"}}},{"from":[7.5,0.1,7.97554],"to":[8.5,28.4,8.17446],"rotation":{"angle":-22.5,"axis":"y","origin":[8,13.75,8.075]},"faces":{"north":{"uv":[6.7625,0,7,3.6125],"texture":"#0"},"east":{"uv":[6.7625,0,7,3.6125],"texture":"#0"},"south":{"uv":[6.7625,0,7,3.6125],"texture":"#0"},"west":{"uv":[6.7625,0,7,3.6125],"texture":"#0"},"up":{"uv":[7.0125,0,7.25,0.1125],"texture":"#0"},"down":{"uv":[6.7625,0,7,3.6125],"texture":"#0"}}},{"from":[7.48,28.397,7.97456],"to":[8.52,28.709,8.18144],"rotation":{"angle":0,"axis":"y","origin":[8,28.553,8.078]},"faces":{"north":{"uv":[7.0125,0,7.25,3.6125],"texture":"#0"},"east":{"uv":[7.0125,0,7.25,3.6125],"texture":"#0"},"south":{"uv":[7.0125,0,7.25,3.6125],"texture":"#0"},"west":{"uv":[7.0125,0,7.25,3.6125],"texture":"#0"},"up":{"uv":[7.0125,0,7.25,0.1125],"texture":"#0"},"down":{"uv":[7.0125,0,7.25,3.6125],"texture":"#0"}}},{"from":[7.48,28.397,7.97456],"to":[8.52,28.709,8.18144],"rotation":{"angle":22.5,"axis":"y","origin":[8,28.553,8.078]},"faces":{"north":{"uv":[7.2625,0,7.5,3.6125],"texture":"#0"},"east":{"uv":[7.2625,0,7.5,3.6125],"texture":"#0"},"south":{"uv":[7.2625,0,7.5,3.6125],"texture":"#0"},"west":{"uv":[7.2625,0,7.5,3.6125],"texture":"#0"},"up":{"uv":[7.0125,0,7.25,0.1125],"texture":"#0"},"down":{"uv":[7.2625,0,7.5,3.6125],"texture":"#0"}}},{"from":[7.89656,28.397,7.558],"to":[8.10344,28.709,8.598],"rotation":{"angle":-45,"axis":"y","origin":[8,28.553,8.078]},"faces":{"north":{"uv":[7.5125,0,7.75,3.6125],"texture":"#0"},"east":{"uv":[7.5125,0,7.75,3.6125],"texture":"#0"},"south":{"uv":[7.5125,0,7.75,3.6125],"texture":"#0"},"west":{"uv":[7.5125,0,7.75,3.6125],"texture":"#0"},"up":{"uv":[7.0125,0,7.25,0.1125],"texture":"#0"},"down":{"uv":[7.5125,0,7.75,3.6125],"texture":"#0"}}},{"from":[7.89656,28.397,7.558],"to":[8.10344,28.709,8.598],"rotation":{"angle":-22.5,"axis":"y","origin":[8,28.553,8.078]},"faces":{"north":{"uv":[6.7625,0,7,3.6125],"texture":"#0"},"east":{"uv":[6.7625,0,7,3.6125],"texture":"#0"},"south":{"uv":[6.7625,0,7,3.6125],"texture":"#0"},"west":{"uv":[6.7625,0,7,3.6125],"texture":"#0"},"up":{"uv":[7.0125,0,7.25,0.1125],"texture":"#0"},"down":{"uv":[6.7625,0,7,3.6125],"texture":"#0"}}},{"from":[7.89656,28.397,7.558],"to":[8.10344,28.709,8.598],"rotation":{"angle":0,"axis":"y","origin":[8,28.553,8.078]},"faces":{"north":{"uv":[7.0125,0,7.25,3.6125],"texture":"#0"},"east":{"uv":[7.0125,0,7.25,3.6125],"texture":"#0"},"south":{"uv":[7.0125,0,7.25,3.6125],"texture":"#0"},"west":{"uv":[7.0125,0,7.25,3.6125],"texture":"#0"},"up":{"uv":[7.0125,0,7.25,0.1125],"texture":"#0"},"down":{"uv":[7.0125,0,7.25,3.6125],"texture":"#0"}}},{"from":[7.89656,28.397,7.558],"to":[8.10344,28.709,8.598],"rotation":{"angle":22.5,"axis":"y","origin":[8,28.553,8.078]},"faces":{"north":{"uv":[7.2625,0,7.5,3.6125],"texture":"#0"},"east":{"uv":[7.2625,0,7.5,3.6125],"texture":"#0"},"south":{"uv":[7.2625,0,7.5,3.6125],"texture":"#0"},"west":{"uv":[7.2625,0,7.5,3.6125],"texture":"#0"},"up":{"uv":[7.0125,0,7.25,0.1125],"texture":"#0"},"down":{"uv":[7.2625,0,7.5,3.6125],"texture":"#0"}}},{"from":[7.48,28.397,7.97456],"to":[8.52,28.709,8.18144],"rotation":{"angle":-45,"axis":"y","origin":[8,28.553,8.078]},"faces":{"north":{"uv":[7.5125,0,7.75,3.6125],"texture":"#0"},"east":{"uv":[7.5125,0,7.75,3.6125],"texture":"#0"},"south":{"uv":[7.5125,0,7.75,3.6125],"texture":"#0"},"west":{"uv":[7.5125,0,7.75,3.6125],"texture":"#0"},"up":{"uv":[7.0125,0,7.25,0.1125],"texture":"#0"},"down":{"uv":[7.5125,0,7.75,3.6125],"texture":"#0"}}},{"from":[7.48,28.397,7.97456],"to":[8.52,28.709,8.18144],"rotation":{"angle":-22.5,"axis":"y","origin":[8,28.553,8.078]},"faces":{"north":{"uv":[6.7625,0,7,3.6125],"texture":"#0"},"east":{"uv":[6.7625,0,7,3.6125],"texture":"#0"},"south":{"uv":[6.7625,0,7,3.6125],"texture":"#0"},"west":{"uv":[6.7625,0,7,3.6125],"texture":"#0"},"up":{"uv":[7.0125,0,7.25,0.1125],"texture":"#0"},"down":{"uv":[6.7625,0,7,3.6125],"texture":"#0"}}},{"from":[7.48,28.397,7.97456],"to":[8.52,28.709,8.18144],"rotation":{"angle":-22.5,"axis":"y","origin":[8,28.553,8.078]},"faces":{"north":{"uv":[6.7625,0,7,3.6125],"texture":"#0"},"east":{"uv":[6.7625,0,7,3.6125],"texture":"#0"},"south":{"uv":[6.7625,0,7,3.6125],"texture":"#0"},"west":{"uv":[6.7625,0,7,3.6125],"texture":"#0"},"up":{"uv":[7.0125,0,7.25,0.1125],"texture":"#0"},"down":{"uv":[6.7625,0,7,3.6125],"texture":"#0"}}},{"from":[7.48,28.397,7.97456],"to":[8.52,28.709,8.18144],"rotation":{"angle":-45,"axis":"y","origin":[8,28.553,8.078]},"faces":{"north":{"uv":[7.5125,0,7.75,3.6125],"texture":"#0"},"east":{"uv":[7.5125,0,7.75,3.6125],"texture":"#0"},"south":{"uv":[7.5125,0,7.75,3.6125],"texture":"#0"},"west":{"uv":[7.5125,0,7.75,3.6125],"texture":"#0"},"up":{"uv":[7.0125,0,7.25,0.1125],"texture":"#0"},"down":{"uv":[7.5125,0,7.75,3.6125],"texture":"#0"}}},{"from":[7.89656,28.397,7.558],"to":[8.10344,28.709,8.598],"rotation":{"angle":22.5,"axis":"y","origin":[8,28.553,8.078]},"faces":{"north":{"uv":[7.2625,0,7.5,3.6125],"texture":"#0"},"east":{"uv":[7.2625,0,7.5,3.6125],"texture":"#0"},"south":{"uv":[7.2625,0,7.5,3.6125],"texture":"#0"},"west":{"uv":[7.2625,0,7.5,3.6125],"texture":"#0"},"up":{"uv":[7.0125,0,7.25,0.1125],"texture":"#0"},"down":{"uv":[7.2625,0,7.5,3.6125],"texture":"#0"}}},{"from":[7.89656,28.397,7.558],"to":[8.10344,28.709,8.598],"rotation":{"angle":0,"axis":"y","origin":[8,28.553,8.078]},"faces":{"north":{"uv":[7.0125,0,7.25,3.6125],"texture":"#0"},"east":{"uv":[7.0125,0,7.25,3.6125],"texture":"#0"},"south":{"uv":[7.0125,0,7.25,3.6125],"texture":"#0"},"west":{"uv":[7.0125,0,7.25,3.6125],"texture":"#0"},"up":{"uv":[7.0125,0,7.25,0.1125],"texture":"#0"},"down":{"uv":[7.0125,0,7.25,3.6125],"texture":"#0"}}},{"from":[7.89656,28.397,7.558],"to":[8.10344,28.709,8.598],"rotation":{"angle":-22.5,"axis":"y","origin":[8,28.553,8.078]},"faces":{"north":{"uv":[6.7625,0,7,3.6125],"texture":"#0"},"east":{"uv":[6.7625,0,7,3.6125],"texture":"#0"},"south":{"uv":[6.7625,0,7,3.6125],"texture":"#0"},"west":{"uv":[6.7625,0,7,3.6125],"texture":"#0"},"up":{"uv":[7.0125,0,7.25,0.1125],"texture":"#0"},"down":{"uv":[6.7625,0,7,3.6125],"texture":"#0"}}},{"from":[7.89656,28.397,7.558],"to":[8.10344,28.709,8.598],"rotation":{"angle":-45,"axis":"y","origin":[8,28.553,8.078]},"faces":{"north":{"uv":[7.5125,0,7.75,3.6125],"texture":"#0"},"east":{"uv":[7.5125,0,7.75,3.6125],"texture":"#0"},"south":{"uv":[7.5125,0,7.75,3.6125],"texture":"#0"},"west":{"uv":[7.5125,0,7.75,3.6125],"texture":"#0"},"up":{"uv":[7.0125,0,7.25,0.1125],"texture":"#0"},"down":{"uv":[7.5125,0,7.75,3.6125],"texture":"#0"}}},{"from":[7.48,28.397,7.97456],"to":[8.52,28.709,8.18144],"rotation":{"angle":22.5,"axis":"y","origin":[8,28.553,8.078]},"faces":{"north":{"uv":[7.2625,0,7.5,3.6125],"texture":"#0"},"east":{"uv":[7.2625,0,7.5,3.6125],"texture":"#0"},"south":{"uv":[7.2625,0,7.5,3.6125],"texture":"#0"},"west":{"uv":[7.2625,0,7.5,3.6125],"texture":"#0"},"up":{"uv":[7.0125,0,7.25,0.1125],"texture":"#0"},"down":{"uv":[7.2625,0,7.5,3.6125],"texture":"#0"}}},{"from":[7.48,28.397,7.97456],"to":[8.52,28.709,8.18144],"rotation":{"angle":0,"axis":"y","origin":[8,28.553,8.078]},"faces":{"north":{"uv":[7.0125,0,7.25,3.6125],"texture":"#0"},"east":{"uv":[7.0125,0,7.25,3.6125],"texture":"#0"},"south":{"uv":[7.0125,0,7.25,3.6125],"texture":"#0"},"west":{"uv":[7.0125,0,7.25,3.6125],"texture":"#0"},"up":{"uv":[7.0125,0,7.25,0.1125],"texture":"#0"},"down":{"uv":[7.0125,0,7.25,3.6125],"texture":"#0"}}},{"from":[7.475,-11.875,7.55],"to":[8.525,-9.4,8.6],"rotation":{"angle":0,"axis":"y","origin":[8,-5.7375,8.075]},"faces":{"north":{"uv":[0,3.75,8,8],"texture":"#0"},"east":{"uv":[0,3.75,8,8],"texture":"#0"},"south":{"uv":[0,8,8,3.75],"texture":"#0"},"west":{"uv":[0,3.75,8,8],"texture":"#0"},"up":{"uv":[0,3.75,8,8],"texture":"#0"},"down":{"uv":[0,3.75,8,8],"texture":"#0"}}},{"from":[7.475,-9.425,7.55],"to":[8.525,-6.95,8.6],"rotation":{"angle":0,"axis":"y","origin":[8,-5.7375,8.075]},"faces":{"north":{"uv":[0,3.75,8,8],"texture":"#0"},"east":{"uv":[0,3.75,8,8],"texture":"#0"},"south":{"uv":[0,8,8,3.75],"texture":"#0"},"west":{"uv":[0,3.75,8,8],"texture":"#0"},"up":{"uv":[0,3.75,8,8],"texture":"#0"},"down":{"uv":[0,3.75,8,8],"texture":"#0"}}},{"from":[7.475,-6.975,7.55],"to":[8.525,-4.5,8.6],"rotation":{"angle":0,"axis":"y","origin":[8,-5.7375,8.075]},"faces":{"north":{"uv":[0,3.75,8,8],"texture":"#0"},"east":{"uv":[0,3.75,8,8],"texture":"#0"},"south":{"uv":[0,8,8,3.75],"texture":"#0"},"west":{"uv":[0,3.75,8,8],"texture":"#0"},"up":{"uv":[0,3.75,8,8],"texture":"#0"},"down":{"uv":[0,3.75,8,8],"texture":"#0"}}},{"from":[7.475,-2.075,7.55],"to":[8.525,0.4,8.6],"rotation":{"angle":0,"axis":"y","origin":[8,-5.7375,8.075]},"faces":{"north":{"uv":[0,3.75,8,8],"texture":"#0"},"east":{"uv":[0,3.75,8,8],"texture":"#0"},"south":{"uv":[0,8,8,3.75],"texture":"#0"},"west":{"uv":[0,3.75,8,8],"texture":"#0"},"up":{"uv":[0,3.75,8,8],"texture":"#0"},"down":{"uv":[0,3.75,8,8],"texture":"#0"}}},{"from":[7.475,-4.525,7.55],"to":[8.525,-2.05,8.6],"rotation":{"angle":0,"axis":"y","origin":[8,-5.7375,8.075]},"faces":{"north":{"uv":[0,3.75,8,8],"texture":"#0"},"east":{"uv":[0,3.75,8,8],"texture":"#0"},"south":{"uv":[0,8,8,3.75],"texture":"#0"},"west":{"uv":[0,3.75,8,8],"texture":"#0"},"up":{"uv":[0,3.75,8,8],"texture":"#0"},"down":{"uv":[0,3.75,8,8],"texture":"#0"}}},{"from":[1.075,12.3,7.55],"to":[14.925,13.45,8.6],"rotation":{"angle":0,"axis":"y","origin":[0,2,0.075]},"faces":{"north":{"uv":[0,3.75,8,5.5],"texture":"#0"},"east":{"uv":[0,3.75,8,5.5],"texture":"#0"},"south":{"uv":[0,3.75,8,5.5],"texture":"#0"},"west":{"uv":[0,3.75,8,5.5],"texture":"#0"},"up":{"uv":[0,3.75,8,5.5],"texture":"#0"},"down":{"uv":[0,3.75,8,5.5],"texture":"#0"}}},{"from":[1.075,10.4,7.55],"to":[14.925,11.55,8.6],"rotation":{"angle":0,"axis":"y","origin":[0,2,0.075]},"faces":{"north":{"uv":[0,6.75,8,8],"texture":"#0"},"east":{"uv":[0,6.75,8,8],"texture":"#0"},"south":{"uv":[0,6.75,8,8],"texture":"#0"},"west":{"uv":[0,6.75,8,8],"texture":"#0"},"up":{"uv":[0,6.75,8,8],"texture":"#0"},"down":{"uv":[0,6.75,8,8],"texture":"#0"}}},{"from":[1.325,11.55,7.55],"to":[14.675,12.3,8.6],"rotation":{"angle":0,"axis":"y","origin":[0,2,0.075]},"faces":{"north":{"uv":[0,5.5,8,6.75],"texture":"#0"},"east":{"uv":[0,5.5,8,6.75],"texture":"#0"},"south":{"uv":[0,5.5,8,6.75],"texture":"#0"},"west":{"uv":[0,5.5,8,6.75],"texture":"#0"},"up":{"uv":[0,5.5,8,6.75],"texture":"#0"},"down":{"uv":[0,5.5,8,6.75],"texture":"#0"}}},{"from":[7.475,-13.1,7.55],"to":[8.525,-11.875,8.6],"rotation":{"angle":0,"axis":"y","origin":[8,-6.9625,8.075]},"faces":{"north":{"uv":[6.75,0.75,8,2.75],"texture":"#0"},"east":{"uv":[6.75,0.75,8,2.75],"texture":"#0"},"south":{"uv":[6.75,0.75,8,2.75],"texture":"#0"},"west":{"uv":[6.75,0.75,8,2.75],"texture":"#0"},"up":{"uv":[0,3.75,8,8],"texture":"#0"},"down":{"uv":[0,3.75,8,8],"texture":"#0"}}}],"gui_light":"front","display":{"thirdperson_righthand":{"rotation":[-72.49,85.79,76.04],"translation":[-1,13.75,3.25]},"thirdperson_lefthand":{"rotation":[-72.49,85.79,76.04],"translation":[-1,13.75,3.25]},"firstperson_righthand":{"rotation":[-21,-73.5,0],"translation":[2,0.25,-2.25],"scale":[0.8,0.8,0.8]},"firstperson_lefthand":{"rotation":[-21,-73.5,0],"translation":[2,0.25,-2.25],"scale":[0.8,0.8,0.8]},"ground":{"rotation":[0,0,-43.25],"translation":[0,6.5,0]},"gui":{"rotation":[0,0,-45],"translation":[-0.25,-0.25,0],"scale":[0.45,0.45,0.45]},"head":{"rotation":[0,0,137.5],"translation":[5.25,-13.75,5],"scale":[1.3,1.3,1.3]},"fixed":{"rotation":[0,0,-45],"scale":[0.5,0.5,0.5]}}}