{"credit":"Naruto RPG","texture_size":[256,256],"textures":{"0":"agua:item/agua_tiburon"},"elements":[{"from":[5.7859,2.25214,-5.57071],"to":[10.2141,6.27778,-2.75276],"rotation":{"angle":0,"axis":"y","origin":[8,4.1804,8.23076]},"faces":{"north":{"uv":[4.002,5.002,4.6855,5.623],"texture":"#0"},"east":{"uv":[2.1895,3.252,2.623,3.873],"texture":"#0"},"south":{"uv":[0.627,5.127,1.3105,5.748],"texture":"#0"},"west":{"uv":[2.623,3.252,2.1895,3.873],"texture":"#0"},"up":{"uv":[4.623,6.0605,3.9395,5.627],"texture":"#0"},"down":{"uv":[1.3105,5.752,0.627,6.1855],"texture":"#0"}}},{"from":[6.18846,6.27778,-5.57071],"to":[9.81154,6.68034,-2.75276],"rotation":{"angle":0,"axis":"y","origin":[8,4.1804,8.23076]},"faces":{"north":{"uv":[7.0645,6.502,7.623,6.5605],"texture":"#0"},"east":{"uv":[7.1895,5.127,7.623,5.1855],"texture":"#0"},"south":{"uv":[7.127,1.752,7.6855,1.8105],"texture":"#0"},"west":{"uv":[7.1895,5.1895,7.623,5.248],"texture":"#0"},"up":{"uv":[3.9355,6.373,3.377,5.9395],"texture":"#0"},"down":{"uv":[6.498,5.4395,5.9395,5.873],"texture":"#0"}}},{"from":[6.18846,1.84957,-5.57071],"to":[9.81154,2.25214,-2.75276],"rotation":{"angle":0,"axis":"y","origin":[8,4.1804,8.23076]},"faces":{"north":{"uv":[2.8145,5.252,3.373,5.3105],"texture":"#0"},"east":{"uv":[7.1895,4.0645,7.623,4.123],"texture":"#0"},"south":{"uv":[7.0645,5.877,7.623,5.9355],"texture":"#0"},"west":{"uv":[7.1895,4.127,7.623,4.1855],"texture":"#0"},"up":{"uv":[6.498,0.998,5.9395,0.5645],"texture":"#0"},"down":{"uv":[3.373,5.9395,2.8145,6.373],"texture":"#0"}}},{"from":[7.8036,1.25131,-5.57071],"to":[8.36719,1.65387,-2.75276],"rotation":{"angle":-45,"axis":"z","origin":[8,4.1804,8.23076]},"faces":{"north":{"uv":[7.377,1.377,7.46875,1.4355],"texture":"#0"},"east":{"uv":[7.1895,4.1895,7.623,4.248],"texture":"#0"},"south":{"uv":[7.377,1.4395,7.46875,1.498],"texture":"#0"},"west":{"uv":[7.1895,4.252,7.623,4.3105],"texture":"#0"},"up":{"uv":[5.15625,7.4355,5.0645,7.002],"texture":"#0"},"down":{"uv":[2.1895,7.0645,2.28125,7.498],"texture":"#0"}}},{"from":[7.63281,1.25131,-5.57071],"to":[8.1964,1.65387,-2.75276],"rotation":{"angle":45,"axis":"z","origin":[8,4.1804,8.23076]},"faces":{"north":{"uv":[7.377,1.502,7.46875,1.5605],"texture":"#0"},"east":{"uv":[7.1895,4.3145,7.623,4.373],"texture":"#0"},"south":{"uv":[1.5645,7.377,1.65625,7.4355],"texture":"#0"},"west":{"uv":[7.1895,5.0645,7.623,5.123],"texture":"#0"},"up":{"uv":[7.15625,2.498,7.0645,2.0645],"texture":"#0"},"down":{"uv":[2.28125,7.0645,2.1895,7.498],"texture":"#0"}}},{"from":[7.92319,6.82651,-5.57071],"to":[8.48677,7.22907,-2.75276],"rotation":{"angle":45,"axis":"z","origin":[8,4.1804,8.23076]},"faces":{"north":{"uv":[2.627,7.377,2.71875,7.4355],"texture":"#0"},"east":{"uv":[7.1895,5.377,7.623,5.4355],"texture":"#0"},"south":{"uv":[7.377,2.627,7.46875,2.6855],"texture":"#0"},"west":{"uv":[7.1895,5.4395,7.623,5.498],"texture":"#0"},"up":{"uv":[3.78125,7.498,3.6895,7.0645],"texture":"#0"},"down":{"uv":[3.90625,7.0645,3.8145,7.498],"texture":"#0"}}},{"from":[7.51323,6.82651,-5.57071],"to":[8.07681,7.22907,-2.75276],"rotation":{"angle":-45,"axis":"z","origin":[8,4.1804,8.23076]},"faces":{"north":{"uv":[2.502,7.377,2.59375,7.4355],"texture":"#0"},"east":{"uv":[7.1895,5.252,7.623,5.3105],"texture":"#0"},"south":{"uv":[7.377,2.5645,7.46875,2.623],"texture":"#0"},"west":{"uv":[7.1895,5.3145,7.623,5.373],"texture":"#0"},"up":{"uv":[2.40625,7.498,2.3145,7.0645],"texture":"#0"},"down":{"uv":[3.65625,7.0645,3.5645,7.498],"texture":"#0"}}},{"from":[5.98718,1.61025,-3.08008],"to":[10.01282,2.01282,6.98401],"rotation":{"angle":0,"axis":"y","origin":[8,4.1804,8.23076]},"faces":{"north":{"uv":[6.8145,1.002,7.4355,1.0605],"texture":"#0"},"east":{"uv":[5.8145,1.3145,7.373,1.373],"texture":"#0"},"south":{"uv":[6.8145,1.627,7.4355,1.6855],"texture":"#0"},"west":{"uv":[6.3145,3.5645,7.873,3.623],"texture":"#0"},"up":{"uv":[2.1855,4.8105,1.5645,3.252],"texture":"#0"},"down":{"uv":[3.998,2.1895,3.377,3.748],"texture":"#0"}}},{"from":[5.58462,2.01282,-3.08008],"to":[10.41538,6.44102,6.98401],"rotation":{"angle":0,"axis":"y","origin":[8,4.1804,8.23076]},"faces":{"north":{"uv":[1.377,4.8145,2.123,5.498],"texture":"#0"},"east":{"uv":[0.002,3.252,1.5605,3.9355],"texture":"#0"},"south":{"uv":[4.9395,1.377,5.6855,2.0605],"texture":"#0"},"west":{"uv":[1.5605,3.252,0.002,3.9355],"texture":"#0"},"up":{"uv":[3.373,3.0605,2.627,1.502],"texture":"#0"},"down":{"uv":[3.373,3.0645,2.627,4.623],"texture":"#0"}}},{"from":[5.98718,6.44102,-3.08008],"to":[10.01282,6.84358,6.98401],"rotation":{"angle":0,"axis":"y","origin":[8,4.1804,8.23076]},"faces":{"north":{"uv":[7.0645,2.502,7.6855,2.5605],"texture":"#0"},"east":{"uv":[6.377,2.002,7.9355,2.0605],"texture":"#0"},"south":{"uv":[7.0645,3.4395,7.6855,3.498],"texture":"#0"},"west":{"uv":[6.502,1.0645,8.0605,1.123],"texture":"#0"},"up":{"uv":[3.998,5.3105,3.377,3.752],"texture":"#0"},"down":{"uv":[0.623,3.9395,0.002,5.498],"texture":"#0"}}},{"from":[7.89629,7.08427,-3.08008],"to":[8.45988,7.48683,6.98401],"rotation":{"angle":45,"axis":"z","origin":[8,4.1804,8.23076]},"faces":{"north":{"uv":[4.4395,6.377,4.53125,6.4355],"texture":"#0"},"east":{"uv":[6.502,1.127,8.0605,1.1855],"texture":"#0"},"south":{"uv":[6.6895,0.377,6.78125,0.4355],"texture":"#0"},"west":{"uv":[6.502,1.1895,8.0605,1.248],"texture":"#0"},"up":{"uv":[1.78125,7.623,1.6895,6.0645],"texture":"#0"},"down":{"uv":[1.90625,6.0645,1.8145,7.623],"texture":"#0"}}},{"from":[7.60591,0.93976,-3.08008],"to":[8.1695,1.34232,6.98401],"rotation":{"angle":45,"axis":"z","origin":[8,4.1804,8.23076]},"faces":{"north":{"uv":[0.4395,7.377,0.53125,7.4355],"texture":"#0"},"east":{"uv":[6.502,6.1895,8.0605,6.248],"texture":"#0"},"south":{"uv":[7.377,1.3145,7.46875,1.373],"texture":"#0"},"west":{"uv":[6.502,6.252,8.0605,6.3105],"texture":"#0"},"up":{"uv":[6.15625,7.873,6.0645,6.3145],"texture":"#0"},"down":{"uv":[6.28125,6.3145,6.1895,7.873],"texture":"#0"}}},{"from":[7.8305,0.93976,-3.08008],"to":[8.39409,1.34232,6.98401],"rotation":{"angle":-45,"axis":"z","origin":[8,4.1804,8.23076]},"faces":{"north":{"uv":[7.3145,6.4395,7.40625,6.498],"texture":"#0"},"east":{"uv":[6.502,6.0645,8.0605,6.123],"texture":"#0"},"south":{"uv":[7.3145,7.002,7.40625,7.0605],"texture":"#0"},"west":{"uv":[6.502,6.127,8.0605,6.1855],"texture":"#0"},"up":{"uv":[1.21875,7.748,1.127,6.1895],"texture":"#0"},"down":{"uv":[6.1895,6.3145,6.28125,7.873],"texture":"#0"}}},{"from":[7.54012,7.08427,-3.08008],"to":[8.10371,7.48683,6.98401],"rotation":{"angle":-45,"axis":"z","origin":[8,4.1804,8.23076]},"faces":{"north":{"uv":[5.1895,6.752,5.28125,6.8105],"texture":"#0"},"east":{"uv":[6.502,1.252,8.0605,1.3105],"texture":"#0"},"south":{"uv":[7.252,3.877,7.34375,3.9355],"texture":"#0"},"west":{"uv":[6.502,1.6895,8.0605,1.748],"texture":"#0"},"up":{"uv":[0.96875,7.748,0.877,6.1895],"texture":"#0"},"down":{"uv":[1.09375,6.1895,1.002,7.748],"texture":"#0"}}},{"from":[7.54012,6.51496,6.98401],"to":[8.10371,6.91752,10.60708],"rotation":{"angle":-45,"axis":"z","origin":[8,4.1804,8.23076]},"faces":{"north":{"uv":[7.377,2.6895,7.46875,2.748],"texture":"#0"},"east":{"uv":[7.127,1.8145,7.6855,1.873],"texture":"#0"},"south":{"uv":[2.752,7.377,2.84375,7.4355],"texture":"#0"},"west":{"uv":[7.127,1.877,7.6855,1.9355],"texture":"#0"},"up":{"uv":[6.40625,7.4355,6.3145,6.877],"texture":"#0"},"down":{"uv":[6.53125,6.877,6.4395,7.4355],"texture":"#0"}}},{"from":[7.57128,5.91448,10.57781],"to":[8.13487,6.31705,13.79832],"rotation":{"angle":-45,"axis":"z","origin":[8,4.1804,8.23076]},"faces":{"north":{"uv":[2.877,7.377,2.96875,7.4355],"texture":"#0"},"east":{"uv":[7.1895,2.1895,7.6855,2.248],"texture":"#0"},"south":{"uv":[7.377,2.877,7.46875,2.9355],"texture":"#0"},"west":{"uv":[7.1895,2.252,7.6855,2.3105],"texture":"#0"},"up":{"uv":[4.34375,7.498,4.252,7.002],"texture":"#0"},"down":{"uv":[4.78125,7.002,4.6895,7.498],"texture":"#0"}}},{"from":[7.86513,5.91448,10.57781],"to":[8.42872,6.31705,13.79832],"rotation":{"angle":45,"axis":"z","origin":[8,4.1804,8.23076]},"faces":{"north":{"uv":[3.127,7.377,3.21875,7.4355],"texture":"#0"},"east":{"uv":[7.1895,2.3145,7.6855,2.373],"texture":"#0"},"south":{"uv":[3.252,7.377,3.34375,7.4355],"texture":"#0"},"west":{"uv":[7.1895,2.377,7.6855,2.4355],"texture":"#0"},"up":{"uv":[4.90625,7.498,4.8145,7.002],"texture":"#0"},"down":{"uv":[5.03125,7.002,4.9395,7.498],"texture":"#0"}}},{"from":[7.89629,6.51496,6.98401],"to":[8.45988,6.91752,10.60708],"rotation":{"angle":45,"axis":"z","origin":[8,4.1804,8.23076]},"faces":{"north":{"uv":[7.377,2.752,7.46875,2.8105],"texture":"#0"},"east":{"uv":[7.127,1.9395,7.6855,1.998],"texture":"#0"},"south":{"uv":[7.377,2.8145,7.46875,2.873],"texture":"#0"},"west":{"uv":[7.127,3.002,7.6855,3.0605],"texture":"#0"},"up":{"uv":[6.65625,7.4355,6.5645,6.877],"texture":"#0"},"down":{"uv":[6.78125,6.877,6.6895,7.4355],"texture":"#0"}}},{"from":[5.98718,2.41538,6.58144],"to":[10.01282,6.03846,10.60708],"rotation":{"angle":0,"axis":"y","origin":[8,4.1804,8.23076]},"faces":{"north":{"uv":[4.6895,5.4395,5.3105,5.998],"texture":"#0"},"east":{"uv":[5.3145,5.4395,5.9355,5.998],"texture":"#0"},"south":{"uv":[0.002,5.502,0.623,6.0605],"texture":"#0"},"west":{"uv":[5.9355,5.4395,5.3145,5.998],"texture":"#0"},"up":{"uv":[5.8105,3.6855,5.1895,3.0645],"texture":"#0"},"down":{"uv":[3.4355,5.3145,2.8145,5.9355],"texture":"#0"}}},{"from":[6.38975,6.03846,6.58144],"to":[9.61025,6.44102,10.60708],"rotation":{"angle":0,"axis":"y","origin":[8,4.1804,8.23076]},"faces":{"north":{"uv":[7.1895,2.0645,7.6855,2.123],"texture":"#0"},"east":{"uv":[7.0645,4.9395,7.6855,4.998],"texture":"#0"},"south":{"uv":[7.1895,2.127,7.6855,2.1855],"texture":"#0"},"west":{"uv":[7.0645,5.8145,7.6855,5.873],"texture":"#0"},"up":{"uv":[3.3105,5.248,2.8145,4.627],"texture":"#0"},"down":{"uv":[3.9355,5.3145,3.4395,5.9355],"texture":"#0"}}},{"from":[5.98718,1.40897,-2.27496],"to":[10.01282,1.81154,6.58144],"rotation":{"angle":0,"axis":"y","origin":[8,4.1804,8.23076]},"faces":{"north":{"uv":[6.877,3.252,7.498,3.3105],"texture":"#0"},"east":{"uv":[6.5645,3.502,7.9355,3.5605],"texture":"#0"},"south":{"uv":[7.0645,1.5645,7.6855,1.623],"texture":"#0"},"west":{"uv":[6.5645,5.002,7.9355,5.0605],"texture":"#0"},"up":{"uv":[4.998,1.373,4.377,0.002],"texture":"#0"},"down":{"uv":[2.8105,4.627,2.1895,5.998],"texture":"#0"}}},{"from":[5.98718,4.46544,-7.27864],"to":[10.01282,6.47987,-5.26582],"rotation":{"angle":0,"axis":"y","origin":[8,4.1804,8.23076]},"faces":{"north":{"uv":[3.9395,6.0645,4.5605,6.373],"texture":"#0"},"east":{"uv":[1.9395,6.4395,2.248,6.748],"texture":"#0"},"south":{"uv":[6.127,2.0645,6.748,2.373],"texture":"#0"},"west":{"uv":[4.4395,6.4395,4.748,6.748],"texture":"#0"},"up":{"uv":[6.748,2.6855,6.127,2.377],"texture":"#0"},"down":{"uv":[6.748,2.6895,6.127,2.998],"texture":"#0"}}},{"from":[0.20521,4.46624,-7.3406],"to":[2.21803,6.47906,-5.32778],"rotation":{"angle":-22.5,"axis":"y","origin":[8,4.1804,8.23076]},"faces":{"north":{"uv":[4.752,6.4395,5.0605,6.748],"texture":"#0"},"east":{"uv":[5.0645,6.4395,5.373,6.748],"texture":"#0"},"south":{"uv":[6.502,0.4395,6.8105,0.748],"texture":"#0"},"west":{"uv":[6.502,0.752,6.8105,1.0605],"texture":"#0"},"up":{"uv":[6.8105,1.6855,6.502,1.377],"texture":"#0"},"down":{"uv":[6.8105,5.4395,6.502,5.748],"texture":"#0"}}},{"from":[13.78197,4.46624,-7.3406],"to":[15.79479,6.47906,-5.32778],"rotation":{"angle":22.5,"axis":"y","origin":[8,4.1804,8.23076]},"faces":{"north":{"uv":[6.3145,6.5645,6.623,6.873],"texture":"#0"},"east":{"uv":[0.002,6.627,0.3105,6.9355],"texture":"#0"},"south":{"uv":[1.252,6.627,1.5605,6.9355],"texture":"#0"},"west":{"uv":[3.5645,6.627,3.873,6.9355],"texture":"#0"},"up":{"uv":[4.1855,6.9355,3.877,6.627],"texture":"#0"},"down":{"uv":[6.9355,6.5645,6.627,6.873],"texture":"#0"}}},{"from":[-5.16738,4.46544,-4.93662],"to":[-3.3961,6.47987,-3.16534],"rotation":{"angle":-45,"axis":"y","origin":[8,4.1804,8.23076]},"faces":{"north":{"uv":[2.502,6.6895,2.78125,6.998],"texture":"#0"},"east":{"uv":[2.8145,6.6895,3.09375,6.998],"texture":"#0"},"south":{"uv":[3.127,6.6895,3.40625,6.998],"texture":"#0"},"west":{"uv":[2.78125,6.6895,2.502,6.998],"texture":"#0"},"up":{"uv":[5.90625,6.96875,5.627,6.6895],"texture":"#0"},"down":{"uv":[2.21875,6.752,1.9395,7.03125],"texture":"#0"}}},{"from":[6.38975,2.8491,-6.77098],"to":[9.61025,4.05679,-5.16073],"rotation":{"angle":0,"axis":"y","origin":[8,4.1804,8.23076]},"faces":{"north":{"uv":[6.5645,3.3145,7.0605,3.498],"texture":"#0"},"east":{"uv":[6.877,4.502,7.123,4.6855],"texture":"#0"},"south":{"uv":[6.5645,4.8145,7.0605,4.998],"texture":"#0"},"west":{"uv":[7.123,4.502,6.877,4.6855],"texture":"#0"},"up":{"uv":[6.8105,6.5605,6.3145,6.3145],"texture":"#0"},"down":{"uv":[6.873,1.752,6.377,1.998],"texture":"#0"}}},{"from":[0.7714,2.8491,-6.62308],"to":[2.38165,4.05679,-5.01283],"rotation":{"angle":-22.5,"axis":"y","origin":[8,4.1804,8.23076]},"faces":{"north":{"uv":[0.002,6.9395,0.248,7.123],"texture":"#0"},"east":{"uv":[6.9395,0.002,7.1855,0.1855],"texture":"#0"},"south":{"uv":[6.9395,0.1895,7.1855,0.373],"texture":"#0"},"west":{"uv":[7.1855,4.002,6.9395,4.1855],"texture":"#0"},"up":{"uv":[4.9355,6.998,4.6895,6.752],"texture":"#0"},"down":{"uv":[5.1855,6.752,4.9395,6.998],"texture":"#0"}}},{"from":[13.61835,2.8491,-6.62308],"to":[15.2286,4.05679,-5.01283],"rotation":{"angle":22.5,"axis":"y","origin":[8,4.1804,8.23076]},"faces":{"north":{"uv":[3.9395,6.9395,4.1855,7.123],"texture":"#0"},"east":{"uv":[6.9395,4.002,7.1855,4.1855],"texture":"#0"},"south":{"uv":[6.9395,4.1895,7.1855,4.373],"texture":"#0"},"west":{"uv":[6.9395,6.5645,7.1855,6.748],"texture":"#0"},"up":{"uv":[5.4355,7.0605,5.1895,6.8145],"texture":"#0"},"down":{"uv":[7.0605,5.4395,6.8145,5.6855],"texture":"#0"}}},{"from":[18.9537,2.84902,-4.13511],"to":[20.36267,4.05833,-2.72613],"rotation":{"angle":45,"axis":"y","origin":[8,4.1804,8.23076]},"faces":{"north":{"uv":[7.002,3.752,7.21875,3.9355],"texture":"#0"},"east":{"uv":[7.21875,3.752,7.002,3.9355],"texture":"#0"},"south":{"uv":[7.0645,1.377,7.28125,1.5605],"texture":"#0"},"west":{"uv":[1.9395,7.0645,2.15625,7.248],"texture":"#0"},"up":{"uv":[7.09375,1.96875,6.877,1.752],"texture":"#0"},"down":{"uv":[7.09375,3.002,6.877,3.21875],"texture":"#0"}}},{"from":[6.38975,-2.52258,-2.04067],"to":[9.61025,-2.12001,-1.23555],"rotation":{"angle":22.5,"axis":"x","origin":[8,4.1804,8.23076]},"faces":{"north":{"uv":[7.127,3.1895,7.623,3.248],"texture":"#0"},"east":{"uv":[1.377,4.752,1.498,4.8105],"texture":"#0"},"south":{"uv":[7.127,4.502,7.623,4.5605],"texture":"#0"},"west":{"uv":[6.127,3.002,6.248,3.0605],"texture":"#0"},"up":{"uv":[7.3105,0.498,6.8145,0.377],"texture":"#0"},"down":{"uv":[7.3105,0.502,6.8145,0.623],"texture":"#0"}}},{"from":[6.79231,12.29137,-3.17649],"to":[9.20769,14.30418,-2.37136],"rotation":{"angle":-45,"axis":"x","origin":[8,4.1804,8.23076]},"faces":{"north":{"uv":[2.8145,6.377,3.1855,6.6855],"texture":"#0"},"east":{"uv":[7.0645,5.0645,7.1855,5.373],"texture":"#0"},"south":{"uv":[3.1895,6.377,3.5605,6.6855],"texture":"#0"},"west":{"uv":[5.1895,7.0645,5.3105,7.373],"texture":"#0"},"up":{"uv":[2.5605,4.623,2.1895,4.502],"texture":"#0"},"down":{"uv":[7.1855,5.9395,6.8145,6.0605],"texture":"#0"}}},{"from":[9.02532,4.06367,-7.68815],"to":[9.02532,4.46624,-7.28558],"rotation":{"angle":0,"axis":"y","origin":[8,4.1804,8.23076]},"faces":{"north":{"uv":[0.002,0.002,0.002,0.0605],"texture":"#0"},"east":{"uv":[1.502,4.752,1.5605,4.8105],"texture":"#0"},"south":{"uv":[0.002,0.002,0.002,0.0605],"texture":"#0"},"west":{"uv":[3.3145,5.1895,3.373,5.248],"texture":"#0"},"up":{"uv":[0.002,0.0605,0.002,0.002],"texture":"#0"},"down":{"uv":[0.002,0.002,0.002,0.0605],"texture":"#0"}}},{"from":[8.0414,4.06367,-9.84555],"to":[8.0414,4.46624,-9.44298],"rotation":{"angle":0,"axis":"y","origin":[8,4.1804,8.23076]},"faces":{"north":{"uv":[0.002,0.002,0.002,0.0605],"texture":"#0"},"east":{"uv":[1.3145,5.4395,1.373,5.498],"texture":"#0"},"south":{"uv":[0.002,0.002,0.002,0.0605],"texture":"#0"},"west":{"uv":[4.627,5.9395,4.6855,5.998],"texture":"#0"},"up":{"uv":[0.002,0.0605,0.002,0.002],"texture":"#0"},"down":{"uv":[0.002,0.002,0.002,0.0605],"texture":"#0"}}},{"from":[9.16984,3.9876,-6.77601],"to":[9.16984,4.39016,-6.37344],"rotation":{"angle":0,"axis":"y","origin":[8,4.1804,8.23076]},"faces":{"north":{"uv":[0.002,0.0605,0.002,0.002],"texture":"#0"},"east":{"uv":[6.252,3.0605,6.3105,3.002],"texture":"#0"},"south":{"uv":[0.002,0.0605,0.002,0.002],"texture":"#0"},"west":{"uv":[4.5645,6.4355,4.623,6.377],"texture":"#0"},"up":{"uv":[0.002,0.0605,0.002,0.002],"texture":"#0"},"down":{"uv":[0.002,0.002,0.002,0.0605],"texture":"#0"}}},{"from":[8.92468,3.9876,-6.88302],"to":[8.92468,4.39016,-6.48046],"rotation":{"angle":0,"axis":"y","origin":[8,4.1804,8.23076]},"faces":{"north":{"uv":[0.002,0.0605,0.002,0.002],"texture":"#0"},"east":{"uv":[1.502,4.8105,1.5605,4.752],"texture":"#0"},"south":{"uv":[0.002,0.0605,0.002,0.002],"texture":"#0"},"west":{"uv":[3.3145,5.248,3.373,5.1895],"texture":"#0"},"up":{"uv":[0.002,0.0605,0.002,0.002],"texture":"#0"},"down":{"uv":[0.002,0.002,0.002,0.0605],"texture":"#0"}}},{"from":[8.0414,3.9876,-8.93978],"to":[8.0414,4.39016,-8.53722],"rotation":{"angle":0,"axis":"y","origin":[8,4.1804,8.23076]},"faces":{"north":{"uv":[0.002,0.0605,0.002,0.002],"texture":"#0"},"east":{"uv":[1.3145,5.498,1.373,5.4395],"texture":"#0"},"south":{"uv":[0.002,0.0605,0.002,0.002],"texture":"#0"},"west":{"uv":[4.627,5.998,4.6855,5.9395],"texture":"#0"},"up":{"uv":[0.002,0.0605,0.002,0.002],"texture":"#0"},"down":{"uv":[0.002,0.002,0.002,0.0605],"texture":"#0"}}},{"from":[6.39015,4.05679,-6.36842],"to":[6.39015,4.45935,-5.96586],"rotation":{"angle":0,"axis":"y","origin":[8,4.1804,8.23076]},"faces":{"north":{"uv":[0.002,0.002,0.002,0.0605],"texture":"#0"},"east":{"uv":[7.4355,3.627,7.377,3.6855],"texture":"#0"},"south":{"uv":[0.002,0.002,0.002,0.0605],"texture":"#0"},"west":{"uv":[3.5605,7.377,3.502,7.4355],"texture":"#0"},"up":{"uv":[0.002,0.0605,0.002,0.002],"texture":"#0"},"down":{"uv":[0.002,0.002,0.002,0.0605],"texture":"#0"}}},{"from":[6.08782,4.06367,-6.67479],"to":[6.08782,4.46624,-6.27223],"rotation":{"angle":0,"axis":"y","origin":[8,4.1804,8.23076]},"faces":{"north":{"uv":[0.002,0.002,0.002,0.0605],"texture":"#0"},"east":{"uv":[3.498,7.377,3.4395,7.4355],"texture":"#0"},"south":{"uv":[0.002,0.002,0.002,0.0605],"texture":"#0"},"west":{"uv":[7.4355,3.377,7.377,3.4355],"texture":"#0"},"up":{"uv":[0.002,0.0605,0.002,0.002],"texture":"#0"},"down":{"uv":[0.002,0.002,0.002,0.0605],"texture":"#0"}}},{"from":[7.11466,4.06367,-6.59876],"to":[7.11466,4.46624,-6.19619],"rotation":{"angle":0,"axis":"y","origin":[8,4.1804,8.23076]},"faces":{"north":{"uv":[0.002,0.002,0.002,0.0605],"texture":"#0"},"east":{"uv":[0.623,7.377,0.5645,7.4355],"texture":"#0"},"south":{"uv":[0.002,0.002,0.002,0.0605],"texture":"#0"},"west":{"uv":[5.373,6.752,5.3145,6.8105],"texture":"#0"},"up":{"uv":[0.002,0.0605,0.002,0.002],"texture":"#0"},"down":{"uv":[0.002,0.002,0.002,0.0605],"texture":"#0"}}},{"from":[6.83016,3.9876,-6.77601],"to":[6.83016,4.39016,-6.37344],"rotation":{"angle":0,"axis":"y","origin":[8,4.1804,8.23076]},"faces":{"north":{"uv":[0.002,0.0605,0.002,0.002],"texture":"#0"},"east":{"uv":[4.623,6.4355,4.5645,6.377],"texture":"#0"},"south":{"uv":[0.002,0.0605,0.002,0.002],"texture":"#0"},"west":{"uv":[6.3105,3.0605,6.252,3.002],"texture":"#0"},"up":{"uv":[0.002,0.0605,0.002,0.002],"texture":"#0"},"down":{"uv":[0.002,0.002,0.002,0.0605],"texture":"#0"}}},{"from":[6.72952,4.06367,-7.68178],"to":[6.72952,4.46624,-7.27921],"rotation":{"angle":0,"axis":"y","origin":[8,4.1804,8.23076]},"faces":{"north":{"uv":[0.002,0.002,0.002,0.0605],"texture":"#0"},"east":{"uv":[4.623,6.377,4.5645,6.4355],"texture":"#0"},"south":{"uv":[0.002,0.002,0.002,0.0605],"texture":"#0"},"west":{"uv":[6.3105,3.002,6.252,3.0605],"texture":"#0"},"up":{"uv":[0.002,0.0605,0.002,0.002],"texture":"#0"},"down":{"uv":[0.002,0.002,0.002,0.0605],"texture":"#0"}}},{"from":[6.86733,4.05679,-8.00836],"to":[6.86733,4.45935,-7.60579],"rotation":{"angle":0,"axis":"y","origin":[8,4.1804,8.23076]},"faces":{"north":{"uv":[0.002,0.002,0.002,0.0605],"texture":"#0"},"east":{"uv":[7.4355,3.752,7.377,3.8105],"texture":"#0"},"south":{"uv":[0.002,0.002,0.002,0.0605],"texture":"#0"},"west":{"uv":[7.4355,3.6895,7.377,3.748],"texture":"#0"},"up":{"uv":[0.002,0.0605,0.002,0.002],"texture":"#0"},"down":{"uv":[0.002,0.002,0.002,0.0605],"texture":"#0"}}},{"from":[7.07532,3.9876,-6.88302],"to":[7.07532,4.39016,-6.48046],"rotation":{"angle":0,"axis":"y","origin":[8,4.1804,8.23076]},"faces":{"north":{"uv":[0.002,0.0605,0.002,0.002],"texture":"#0"},"east":{"uv":[3.373,5.248,3.3145,5.1895],"texture":"#0"},"south":{"uv":[0.002,0.0605,0.002,0.002],"texture":"#0"},"west":{"uv":[1.5605,4.8105,1.502,4.752],"texture":"#0"},"up":{"uv":[0.002,0.0605,0.002,0.002],"texture":"#0"},"down":{"uv":[0.002,0.002,0.002,0.0605],"texture":"#0"}}},{"from":[6.97468,4.06367,-7.68815],"to":[6.97468,4.46624,-7.28558],"rotation":{"angle":0,"axis":"y","origin":[8,4.1804,8.23076]},"faces":{"north":{"uv":[0.002,0.002,0.002,0.0605],"texture":"#0"},"east":{"uv":[3.373,5.1895,3.3145,5.248],"texture":"#0"},"south":{"uv":[0.002,0.002,0.002,0.0605],"texture":"#0"},"west":{"uv":[1.5605,4.752,1.502,4.8105],"texture":"#0"},"up":{"uv":[0.002,0.0605,0.002,0.002],"texture":"#0"},"down":{"uv":[0.002,0.002,0.002,0.0605],"texture":"#0"}}},{"from":[7.9586,4.06367,-9.84555],"to":[7.9586,4.46624,-9.44298],"rotation":{"angle":0,"axis":"y","origin":[8,4.1804,8.23076]},"faces":{"north":{"uv":[0.002,0.002,0.002,0.0605],"texture":"#0"},"east":{"uv":[4.6855,5.9395,4.627,5.998],"texture":"#0"},"south":{"uv":[0.002,0.002,0.002,0.0605],"texture":"#0"},"west":{"uv":[1.373,5.4395,1.3145,5.498],"texture":"#0"},"up":{"uv":[0.002,0.0605,0.002,0.002],"texture":"#0"},"down":{"uv":[0.002,0.002,0.002,0.0605],"texture":"#0"}}},{"from":[6.88824,4.05679,-8.99964],"to":[6.88824,4.45935,-8.59708],"rotation":{"angle":0,"axis":"y","origin":[8,4.1804,8.23076]},"faces":{"north":{"uv":[0.002,0.002,0.002,0.0605],"texture":"#0"},"east":{"uv":[7.4355,3.877,7.377,3.9355],"texture":"#0"},"south":{"uv":[0.002,0.002,0.002,0.0605],"texture":"#0"},"west":{"uv":[7.4355,3.8145,7.377,3.873],"texture":"#0"},"up":{"uv":[0.002,0.0605,0.002,0.002],"texture":"#0"},"down":{"uv":[0.002,0.002,0.002,0.0605],"texture":"#0"}}},{"from":[7.9586,3.9876,-8.93978],"to":[7.9586,4.39016,-8.53722],"rotation":{"angle":0,"axis":"y","origin":[8,4.1804,8.23076]},"faces":{"north":{"uv":[0.002,0.0605,0.002,0.002],"texture":"#0"},"east":{"uv":[4.6855,5.998,4.627,5.9395],"texture":"#0"},"south":{"uv":[0.002,0.0605,0.002,0.002],"texture":"#0"},"west":{"uv":[1.373,5.498,1.3145,5.4395],"texture":"#0"},"up":{"uv":[0.002,0.0605,0.002,0.002],"texture":"#0"},"down":{"uv":[0.002,0.002,0.002,0.0605],"texture":"#0"}}},{"from":[9.27048,4.06367,-7.68178],"to":[9.27048,4.46624,-7.27921],"rotation":{"angle":0,"axis":"y","origin":[8,4.1804,8.23076]},"faces":{"north":{"uv":[0.002,0.002,0.002,0.0605],"texture":"#0"},"east":{"uv":[6.252,3.002,6.3105,3.0605],"texture":"#0"},"south":{"uv":[0.002,0.002,0.002,0.0605],"texture":"#0"},"west":{"uv":[4.5645,6.377,4.623,6.4355],"texture":"#0"},"up":{"uv":[0.002,0.0605,0.002,0.002],"texture":"#0"},"down":{"uv":[0.002,0.002,0.002,0.0605],"texture":"#0"}}},{"from":[8.88534,4.06367,-6.59876],"to":[8.88534,4.46624,-6.19619],"rotation":{"angle":0,"axis":"y","origin":[8,4.1804,8.23076]},"faces":{"north":{"uv":[0.002,0.002,0.002,0.0605],"texture":"#0"},"east":{"uv":[5.3145,6.752,5.373,6.8105],"texture":"#0"},"south":{"uv":[0.002,0.002,0.002,0.0605],"texture":"#0"},"west":{"uv":[0.5645,7.377,0.623,7.4355],"texture":"#0"},"up":{"uv":[0.002,0.0605,0.002,0.002],"texture":"#0"},"down":{"uv":[0.002,0.002,0.002,0.0605],"texture":"#0"}}},{"from":[9.91218,4.06367,-6.67479],"to":[9.91218,4.46624,-6.27223],"rotation":{"angle":0,"axis":"y","origin":[8,4.1804,8.23076]},"faces":{"north":{"uv":[0.002,0.002,0.002,0.0605],"texture":"#0"},"east":{"uv":[7.377,3.377,7.4355,3.4355],"texture":"#0"},"south":{"uv":[0.002,0.002,0.002,0.0605],"texture":"#0"},"west":{"uv":[3.4395,7.377,3.498,7.4355],"texture":"#0"},"up":{"uv":[0.002,0.0605,0.002,0.002],"texture":"#0"},"down":{"uv":[0.002,0.002,0.002,0.0605],"texture":"#0"}}},{"from":[9.60985,4.05679,-6.36842],"to":[9.60985,4.45935,-5.96586],"rotation":{"angle":0,"axis":"y","origin":[8,4.1804,8.23076]},"faces":{"north":{"uv":[0.002,0.002,0.002,0.0605],"texture":"#0"},"east":{"uv":[3.502,7.377,3.5605,7.4355],"texture":"#0"},"south":{"uv":[0.002,0.002,0.002,0.0605],"texture":"#0"},"west":{"uv":[7.377,3.627,7.4355,3.6855],"texture":"#0"},"up":{"uv":[0.002,0.0605,0.002,0.002],"texture":"#0"},"down":{"uv":[0.002,0.002,0.002,0.0605],"texture":"#0"}}},{"from":[9.13267,4.05679,-8.00836],"to":[9.13267,4.45935,-7.60579],"rotation":{"angle":0,"axis":"y","origin":[8,4.1804,8.23076]},"faces":{"north":{"uv":[0.002,0.002,0.002,0.0605],"texture":"#0"},"east":{"uv":[7.377,3.6895,7.4355,3.748],"texture":"#0"},"south":{"uv":[0.002,0.002,0.002,0.0605],"texture":"#0"},"west":{"uv":[7.377,3.752,7.4355,3.8105],"texture":"#0"},"up":{"uv":[0.002,0.0605,0.002,0.002],"texture":"#0"},"down":{"uv":[0.002,0.002,0.002,0.0605],"texture":"#0"}}},{"from":[9.11176,4.05679,-8.99964],"to":[9.11176,4.45935,-8.59708],"rotation":{"angle":0,"axis":"y","origin":[8,4.1804,8.23076]},"faces":{"north":{"uv":[0.002,0.002,0.002,0.0605],"texture":"#0"},"east":{"uv":[7.377,3.8145,7.4355,3.873],"texture":"#0"},"south":{"uv":[0.002,0.002,0.002,0.0605],"texture":"#0"},"west":{"uv":[7.377,3.877,7.4355,3.9355],"texture":"#0"},"up":{"uv":[0.002,0.0605,0.002,0.002],"texture":"#0"},"down":{"uv":[0.002,0.002,0.002,0.0605],"texture":"#0"}}},{"from":[6.99359,13.00675,-3.86805],"to":[9.00641,15.01957,-3.06292],"rotation":{"angle":-45,"axis":"x","origin":[8,4.1804,8.23076]},"faces":{"north":{"uv":[6.502,5.752,6.8105,6.0605],"texture":"#0"},"east":{"uv":[5.3145,7.0645,5.4355,7.373],"texture":"#0"},"south":{"uv":[0.377,6.5645,0.6855,6.873],"texture":"#0"},"west":{"uv":[7.0645,5.377,7.1855,5.6855],"texture":"#0"},"up":{"uv":[5.498,3.8105,5.1895,3.6895],"texture":"#0"},"down":{"uv":[7.373,3.3145,7.0645,3.4355],"texture":"#0"}}},{"from":[6.99359,1.85631,-6.56006],"to":[9.00641,3.86912,-5.50079],"rotation":{"angle":0,"axis":"y","origin":[8,4.1804,8.23076]},"faces":{"north":{"uv":[6.502,5.752,6.8105,6.0605],"texture":"#0"},"east":{"uv":[5.3145,7.0645,5.4355,7.373],"texture":"#0"},"south":{"uv":[0.377,6.5645,0.6855,6.873],"texture":"#0"},"west":{"uv":[7.0645,5.377,7.1855,5.6855],"texture":"#0"},"up":{"uv":[5.498,3.8105,5.1895,3.6895],"texture":"#0"},"down":{"uv":[7.373,3.3145,7.0645,3.4355],"texture":"#0"}}},{"from":[6.38975,2.28301,6.09536],"to":[9.61025,3.08813,8.51074],"rotation":{"angle":-22.5,"axis":"x","origin":[8,4.1804,8.23076]},"faces":{"north":{"uv":[6.8145,0.627,7.3105,0.748],"texture":"#0"},"east":{"uv":[6.877,4.6895,7.248,4.8105],"texture":"#0"},"south":{"uv":[6.8145,0.752,7.3105,0.873],"texture":"#0"},"west":{"uv":[3.5645,6.9395,3.9355,7.0605],"texture":"#0"},"up":{"uv":[0.873,6.5605,0.377,6.1895],"texture":"#0"},"down":{"uv":[6.6855,3.627,6.1895,3.998],"texture":"#0"}}},{"from":[6.38975,2.77388,10.17524],"to":[9.61025,5.59182,13.79832],"rotation":{"angle":0,"axis":"y","origin":[8,4.1804,8.23076]},"faces":{"north":{"uv":[4.627,6.002,5.123,6.4355],"texture":"#0"},"east":{"uv":[5.9395,5.877,6.498,6.3105],"texture":"#0"},"south":{"uv":[5.127,6.002,5.623,6.4355],"texture":"#0"},"west":{"uv":[6.498,5.877,5.9395,6.3105],"texture":"#0"},"up":{"uv":[6.3105,3.623,5.8145,3.0645],"texture":"#0"},"down":{"uv":[6.4355,0.002,5.9395,0.5605],"texture":"#0"}}},{"from":[6.79231,5.59182,10.17524],"to":[9.20769,5.99439,13.79832],"rotation":{"angle":0,"axis":"y","origin":[8,4.1804,8.23076]},"faces":{"north":{"uv":[7.1895,5.9395,7.5605,5.998],"texture":"#0"},"east":{"uv":[7.127,3.0645,7.6855,3.123],"texture":"#0"},"south":{"uv":[7.1895,6.002,7.5605,6.0605],"texture":"#0"},"west":{"uv":[7.127,3.127,7.6855,3.1855],"texture":"#0"},"up":{"uv":[0.373,6.623,0.002,6.0645],"texture":"#0"},"down":{"uv":[1.6855,6.0645,1.3145,6.623],"texture":"#0"}}},{"from":[6.99359,3.35992,13.3682],"to":[9.00641,5.37274,17.7964],"rotation":{"angle":0,"axis":"y","origin":[8,4.1804,8.23076]},"faces":{"north":{"uv":[6.5645,3.002,6.873,3.3105],"texture":"#0"},"east":{"uv":[5.6895,1.752,6.373,2.0605],"texture":"#0"},"south":{"uv":[6.5645,4.502,6.873,4.8105],"texture":"#0"},"west":{"uv":[6.373,1.752,5.6895,2.0605],"texture":"#0"},"up":{"uv":[2.8105,6.6855,2.502,6.002],"texture":"#0"},"down":{"uv":[5.9355,6.002,5.627,6.6855],"texture":"#0"}}},{"from":[6.59103,1.51526,9.79802],"to":[9.40897,1.91782,11.40827],"rotation":{"angle":-22.5,"axis":"x","origin":[8,4.1804,8.23076]},"faces":{"north":{"uv":[7.1895,2.4395,7.623,2.498],"texture":"#0"},"east":{"uv":[1.9395,5.9395,2.1855,5.998],"texture":"#0"},"south":{"uv":[7.1895,4.002,7.623,4.0605],"texture":"#0"},"west":{"uv":[5.627,7.1895,5.873,7.248],"texture":"#0"},"up":{"uv":[3.998,6.623,3.5645,6.377],"texture":"#0"},"down":{"uv":[4.4355,6.377,4.002,6.623],"texture":"#0"}}},{"from":[7.19487,0.75033,12.83626],"to":[8.80513,1.55546,14.44651],"rotation":{"angle":-22.5,"axis":"x","origin":[8,4.1804,8.23076]},"faces":{"north":{"uv":[4.9395,2.0645,5.1855,2.1855],"texture":"#0"},"east":{"uv":[0.377,6.0645,0.623,6.1855],"texture":"#0"},"south":{"uv":[2.752,7.127,2.998,7.248],"texture":"#0"},"west":{"uv":[0.623,6.0645,0.377,6.1855],"texture":"#0"},"up":{"uv":[7.0605,1.623,6.8145,1.377],"texture":"#0"},"down":{"uv":[2.498,6.8145,2.252,7.0605],"texture":"#0"}}},{"from":[7.39615,3.35992,17.7964],"to":[8.60385,5.37274,19.00409],"rotation":{"angle":0,"axis":"y","origin":[8,4.1804,8.23076]},"faces":{"north":{"uv":[1.377,4.4395,1.5605,4.748],"texture":"#0"},"east":{"uv":[5.4395,6.8145,5.623,7.123],"texture":"#0"},"south":{"uv":[0.3145,6.877,0.498,7.1855],"texture":"#0"},"west":{"uv":[5.623,6.8145,5.4395,7.123],"texture":"#0"},"up":{"uv":[7.248,6.498,7.0645,6.3145],"texture":"#0"},"down":{"uv":[6.998,7.0645,6.8145,7.248],"texture":"#0"}}},{"from":[10.2456,3.14034,-2.66769],"to":[16.28405,3.5429,0.55282],"rotation":{"angle":-22.5,"axis":"z","origin":[8,4.1804,8.23076]},"faces":{"north":{"uv":[6.6895,3.9395,7.623,3.998],"texture":"#0"},"east":{"uv":[7.127,4.5645,7.623,4.623],"texture":"#0"},"south":{"uv":[6.752,2.9395,7.6855,2.998],"texture":"#0"},"west":{"uv":[7.127,4.627,7.623,4.6855],"texture":"#0"},"up":{"uv":[5.9355,0.498,5.002,0.002],"texture":"#0"},"down":{"uv":[5.9355,0.502,5.002,0.998],"texture":"#0"}}},{"from":[16.28405,3.14034,-2.66769],"to":[17.89431,3.5429,-0.25231],"rotation":{"angle":-22.5,"axis":"z","origin":[8,4.1804,8.23076]},"faces":{"north":{"uv":[7.1895,6.5645,7.4355,6.623],"texture":"#0"},"east":{"uv":[5.8145,3.627,6.1855,3.6855],"texture":"#0"},"south":{"uv":[7.1895,6.627,7.4355,6.6855],"texture":"#0"},"west":{"uv":[7.1895,5.502,7.5605,5.5605],"texture":"#0"},"up":{"uv":[2.498,6.8105,2.252,6.4395],"texture":"#0"},"down":{"uv":[5.623,6.4395,5.377,6.8105],"texture":"#0"}}},{"from":[-0.28405,3.14034,-2.66769],"to":[5.7544,3.5429,0.55282],"rotation":{"angle":22.5,"axis":"z","origin":[8,4.1804,8.23076]},"faces":{"north":{"uv":[6.8145,0.877,7.748,0.9355],"texture":"#0"},"east":{"uv":[7.1895,0.002,7.6855,0.0605],"texture":"#0"},"south":{"uv":[6.8145,0.9395,7.748,0.998],"texture":"#0"},"west":{"uv":[7.1895,0.0645,7.6855,0.123],"texture":"#0"},"up":{"uv":[6.123,2.5605,5.1895,2.0645],"texture":"#0"},"down":{"uv":[6.123,2.5645,5.1895,3.0605],"texture":"#0"}}},{"from":[-1.89431,3.14034,-2.66769],"to":[-0.28405,3.5429,-0.25231],"rotation":{"angle":22.5,"axis":"z","origin":[8,4.1804,8.23076]},"faces":{"north":{"uv":[7.1895,6.6895,7.4355,6.748],"texture":"#0"},"east":{"uv":[7.1895,5.5645,7.5605,5.623],"texture":"#0"},"south":{"uv":[7.1895,7.0645,7.4355,7.123],"texture":"#0"},"west":{"uv":[7.1895,5.627,7.5605,5.6855],"texture":"#0"},"up":{"uv":[4.4355,6.998,4.1895,6.627],"texture":"#0"},"down":{"uv":[6.9355,0.002,6.6895,0.373],"texture":"#0"}}},{"from":[7.79872,6.43227,8.21504],"to":[8.20128,9.25022,9.82529],"rotation":{"angle":45,"axis":"x","origin":[8,4.1804,8.23076]},"faces":{"north":{"uv":[4.6895,5.002,4.748,5.4355],"texture":"#0"},"east":{"uv":[1.9395,5.502,2.1855,5.9355],"texture":"#0"},"south":{"uv":[1.252,6.1895,1.3105,6.623],"texture":"#0"},"west":{"uv":[6.4395,0.002,6.6855,0.4355],"texture":"#0"},"up":{"uv":[0.373,6.873,0.3145,6.627],"texture":"#0"},"down":{"uv":[0.873,7.0645,0.8145,7.3105],"texture":"#0"}}},{"from":[7.79711,6.64924,11.80455],"to":[8.20128,7.77642,12.93173],"rotation":{"angle":0,"axis":"y","origin":[8,4.1804,8.23076]},"faces":{"north":{"uv":[7.127,7.252,7.1855,7.4355],"texture":"#0"},"east":{"uv":[7.0645,6.877,7.248,7.0605],"rotation":270,"texture":"#0"},"south":{"uv":[0.127,7.3145,0.1855,7.498],"texture":"#0"},"west":{"uv":[7.0645,6.877,7.248,7.0605],"rotation":270,"texture":"#0"},"up":{"uv":[0.873,7.498,0.8145,7.3145],"texture":"#0"},"down":{"uv":[1.4355,7.3145,1.377,7.498],"texture":"#0"}}},{"from":[7.79791,0.80051,11.38307],"to":[8.20209,1.92769,12.51025],"rotation":{"angle":0,"axis":"y","origin":[8,4.1804,8.23076]},"faces":{"north":{"uv":[7.3145,1.377,7.373,1.5605],"texture":"#0"},"east":{"uv":[0.002,7.127,0.1855,7.3105],"rotation":180,"texture":"#0"},"south":{"uv":[2.4395,7.3145,2.498,7.498],"texture":"#0"},"west":{"uv":[0.1855,7.127,0.002,7.3105],"rotation":180,"texture":"#0"},"up":{"uv":[7.373,2.748,7.3145,2.5645],"texture":"#0"},"down":{"uv":[7.373,2.752,7.3145,2.9355],"texture":"#0"}}},{"from":[7.79872,-0.43856,8.05365],"to":[8.20128,3.18451,9.66391],"rotation":{"angle":-45,"axis":"x","origin":[8,4.1804,8.23076]},"faces":{"north":{"uv":[2.127,4.627,2.1855,5.1855],"texture":"#0"},"east":{"uv":[6.3145,3.002,6.5605,3.5605],"rotation":180,"texture":"#0"},"south":{"uv":[2.127,4.627,2.1855,5.1855],"texture":"#0"},"west":{"uv":[6.5605,3.002,6.3145,3.5605],"rotation":180,"texture":"#0"},"up":{"uv":[2.498,7.3105,2.4395,7.0645],"texture":"#0"},"down":{"uv":[0.248,7.127,0.1895,7.373],"texture":"#0"}}},{"from":[7.79872,12.42685,2.23804],"to":[8.20128,13.63454,7.0688],"rotation":{"angle":-45,"axis":"x","origin":[8,4.1804,8.23076]},"faces":{"north":{"uv":[7.252,6.3145,7.3105,6.498],"texture":"#0"},"east":{"uv":[6.3145,5.0645,7.0605,5.248],"texture":"#0"},"south":{"uv":[6.877,7.252,6.9355,7.4355],"texture":"#0"},"west":{"uv":[6.3145,5.252,7.0605,5.4355],"texture":"#0"},"up":{"uv":[0.3105,7.6855,0.252,6.9395],"texture":"#0"},"down":{"uv":[1.5605,6.9395,1.502,7.6855],"texture":"#0"}}},{"from":[7.79952,6.82335,0.72404],"to":[8.20048,10.04386,1.93173],"rotation":{"angle":0,"axis":"y","origin":[8,4.1804,8.23076]},"faces":{"north":{"uv":[4.377,7.002,4.4355,7.498],"texture":"#0"},"east":{"uv":[1.377,3.9395,1.5605,4.4355],"texture":"#0"},"south":{"uv":[5.877,7.002,5.9355,7.498],"texture":"#0"},"west":{"uv":[0.6895,6.5645,0.873,7.0605],"texture":"#0"},"up":{"uv":[7.3105,7.0605,7.252,6.877],"texture":"#0"},"down":{"uv":[6.998,7.252,6.9395,7.4355],"texture":"#0"}}},{"from":[7.79952,6.82335,-0.78557],"to":[8.20048,8.33297,0.72404],"rotation":{"angle":0,"axis":"y","origin":[8,4.1804,8.23076]},"faces":{"north":{"uv":[1.4395,7.127,1.498,7.373],"texture":"#0"},"east":{"uv":[6.8145,5.6895,7.0605,5.9355],"texture":"#0"},"south":{"uv":[0.627,7.1895,0.6855,7.4355],"texture":"#0"},"west":{"uv":[6.8145,6.3145,7.0605,6.5605],"texture":"#0"},"up":{"uv":[7.248,7.373,7.1895,7.127],"texture":"#0"},"down":{"uv":[1.998,7.252,1.9395,7.498],"texture":"#0"}}},{"from":[7.80073,4.91316,1.16399],"to":[8.19927,5.91957,1.96911],"rotation":{"angle":22.5,"axis":"x","origin":[8,4.1804,8.23076]},"faces":{"north":{"uv":[3.002,7.3145,3.0605,7.46875],"texture":"#0"},"east":{"uv":[6.1895,4.502,6.3105,4.65625],"texture":"#0"},"south":{"uv":[3.0645,7.3145,3.123,7.46875],"texture":"#0"},"west":{"uv":[3.002,7.127,3.123,7.28125],"texture":"#0"},"up":{"uv":[2.623,4.623,2.5645,4.502],"texture":"#0"},"down":{"uv":[2.1855,5.377,2.127,5.498],"texture":"#0"}}},{"from":[7.80073,2.15305,0.21381],"to":[8.19927,3.15946,1.4215],"rotation":{"angle":45,"axis":"x","origin":[8,4.1804,8.23076]},"faces":{"north":{"uv":[4.4395,7.3145,4.498,7.46875],"texture":"#0"},"east":{"uv":[5.4395,7.127,5.623,7.28125],"texture":"#0"},"south":{"uv":[4.502,7.3145,4.5605,7.46875],"texture":"#0"},"west":{"uv":[0.3145,7.1895,0.498,7.34375],"texture":"#0"},"up":{"uv":[7.0605,7.4355,7.002,7.252],"texture":"#0"},"down":{"uv":[7.123,7.252,7.0645,7.4355],"texture":"#0"}}},{"from":[7.79993,9.0327,3.42263],"to":[8.20007,9.83783,5.03289],"rotation":{"angle":-22.5,"axis":"x","origin":[8,4.1804,8.23076]},"faces":{"north":{"uv":[6.4395,0.4395,6.498,0.5605],"texture":"#0"},"east":{"uv":[7.1895,0.127,7.4355,0.248],"texture":"#0"},"south":{"uv":[5.5645,7.3145,5.623,7.4355],"texture":"#0"},"west":{"uv":[7.1895,0.252,7.4355,0.373],"texture":"#0"},"up":{"uv":[2.0605,7.498,2.002,7.252],"texture":"#0"},"down":{"uv":[2.123,7.252,2.0645,7.498],"texture":"#0"}}},{"from":[7.59744,0.41883,18.05734],"to":[8.40256,1.22396,21.68041],"rotation":{"angle":-22.5,"axis":"x","origin":[8,4.1804,8.23076]},"faces":{"north":{"uv":[2.752,7.252,2.873,7.373],"texture":"#0"},"east":{"uv":[4.377,1.377,4.9355,1.498],"texture":"#0"},"south":{"uv":[2.877,7.252,2.998,7.373],"texture":"#0"},"west":{"uv":[6.752,2.5645,7.3105,2.6855],"texture":"#0"},"up":{"uv":[1.6855,7.1855,1.5645,6.627],"texture":"#0"},"down":{"uv":[3.5605,6.6895,3.4395,7.248],"texture":"#0"}}},{"from":[7.59744,10.78368,14.95163],"to":[8.40256,11.58881,17.36701],"rotation":{"angle":45,"axis":"x","origin":[8,4.1804,8.23076]},"faces":{"north":{"uv":[3.9395,7.252,4.0605,7.373],"texture":"#0"},"east":{"uv":[6.9395,4.377,7.3105,4.498],"rotation":180,"texture":"#0"},"south":{"uv":[4.0645,7.252,4.1855,7.373],"texture":"#0"},"west":{"uv":[7.3105,4.377,6.9395,4.498],"rotation":180,"texture":"#0"},"up":{"uv":[2.502,7.373,2.623,7.002],"rotation":180,"texture":"#0"},"down":{"uv":[3.248,7.002,3.127,7.373],"rotation":180,"texture":"#0"}}},{"from":[7.59824,6.78474,19.19852],"to":[8.40176,7.58987,21.61391],"rotation":{"angle":22.5,"axis":"x","origin":[8,4.1804,8.23076]},"faces":{"north":{"uv":[7.252,4.6895,7.373,4.8105],"texture":"#0"},"east":{"uv":[2.752,7.002,3.123,7.123],"texture":"#0"},"south":{"uv":[5.627,7.252,5.748,7.373],"texture":"#0"},"west":{"uv":[3.123,7.002,2.752,7.123],"texture":"#0"},"up":{"uv":[3.248,7.373,3.127,7.002],"texture":"#0"},"down":{"uv":[3.248,7.002,3.127,7.373],"rotation":180,"texture":"#0"}}},{"from":[7.59663,-3.43565,19.54134],"to":[8.40337,-2.87206,20.10493],"rotation":{"angle":-22.5,"axis":"x","origin":[8,4.1804,8.23076]},"faces":{"north":{"uv":[7.252,7.127,7.373,7.21875],"texture":"#0"},"east":{"uv":[7.3145,4.377,7.40625,4.46875],"rotation":90,"texture":"#0"},"south":{"uv":[7.252,7.127,7.373,7.21875],"texture":"#0"},"west":{"uv":[7.3145,4.46875,7.40625,4.377],"rotation":90,"texture":"#0"},"up":{"uv":[0.123,7.40625,0.002,7.3145],"texture":"#0"},"down":{"uv":[7.4355,0.377,7.3145,0.46875],"texture":"#0"}}},{"from":[7.59663,-7.29484,17.88141],"to":[8.40337,-6.73125,18.445],"rotation":{"angle":-45,"axis":"x","origin":[8,4.1804,8.23076]},"faces":{"north":{"uv":[7.3145,0.502,7.4355,0.59375],"texture":"#0"},"east":{"uv":[7.3145,6.3145,7.40625,6.40625],"texture":"#0"},"south":{"uv":[7.3145,0.627,7.4355,0.71875],"texture":"#0"},"west":{"uv":[7.3145,6.752,7.40625,6.84375],"texture":"#0"},"up":{"uv":[7.4355,0.84375,7.3145,0.752],"texture":"#0"},"down":{"uv":[1.373,7.3145,1.252,7.40625],"texture":"#0"}}},{"from":[7.59824,5.79083,21.788],"to":[8.40176,6.59596,25.41107],"rotation":{"angle":0,"axis":"y","origin":[8,4.1804,8.23076]},"faces":{"north":{"uv":[3.4395,7.252,3.5605,7.373],"texture":"#0"},"east":{"uv":[6.752,2.6895,7.3105,2.8105],"texture":"#0"},"south":{"uv":[7.252,3.752,7.373,3.873],"texture":"#0"},"west":{"uv":[6.752,2.8145,7.3105,2.9355],"texture":"#0"},"up":{"uv":[4.5605,7.3105,4.4395,6.752],"texture":"#0"},"down":{"uv":[4.6855,6.752,4.5645,7.3105],"texture":"#0"}}},{"from":[7.79993,-2.7289,19.02473],"to":[8.20007,-1.72249,19.82985],"rotation":{"angle":-22.5,"axis":"x","origin":[8,4.1804,8.23076]},"faces":{"north":{"uv":[4.5645,7.3145,4.623,7.46875],"texture":"#0"},"east":{"uv":[0.502,7.1895,0.623,7.34375],"texture":"#0"},"south":{"uv":[4.627,7.3145,4.6855,7.46875],"texture":"#0"},"west":{"uv":[1.5645,7.1895,1.6855,7.34375],"texture":"#0"},"up":{"uv":[7.373,6.998,7.3145,6.877],"texture":"#0"},"down":{"uv":[0.248,7.377,0.1895,7.498],"texture":"#0"}}},{"from":[7.79952,2.65623,19.25433],"to":[8.20048,4.26649,21.26715],"rotation":{"angle":0,"axis":"y","origin":[8,4.1804,8.23076]},"faces":{"north":{"uv":[2.127,7.252,2.1855,7.498],"texture":"#0"},"east":{"uv":[6.752,2.0645,7.0605,2.3105],"texture":"#0"},"south":{"uv":[5.752,7.252,5.8105,7.498],"texture":"#0"},"west":{"uv":[6.752,2.3145,7.0605,2.5605],"texture":"#0"},"up":{"uv":[4.6855,5.9355,4.627,5.627],"texture":"#0"},"down":{"uv":[4.623,6.0645,4.5645,6.373],"texture":"#0"}}},{"from":[7.79872,-0.81862,22.54295],"to":[8.20128,-0.01349,24.55577],"rotation":{"angle":-22.5,"axis":"x","origin":[8,4.1804,8.23076]},"faces":{"north":{"uv":[0.3145,7.377,0.373,7.498],"texture":"#0"},"east":{"uv":[7.0645,4.8145,7.373,4.9355],"texture":"#0"},"south":{"uv":[0.377,7.377,0.4355,7.498],"texture":"#0"},"west":{"uv":[7.0645,5.6895,7.373,5.8105],"texture":"#0"},"up":{"uv":[1.373,5.4355,1.3145,5.127],"texture":"#0"},"down":{"uv":[3.998,5.3145,3.9395,5.623],"texture":"#0"}}},{"from":[7.79872,-0.81862,17.71219],"to":[8.20128,0.59035,22.54295],"rotation":{"angle":-22.5,"axis":"x","origin":[8,4.1804,8.23076]},"faces":{"north":{"uv":[5.8145,7.252,5.873,7.46875],"texture":"#0"},"east":{"uv":[6.1895,4.002,6.9355,4.21875],"texture":"#0"},"south":{"uv":[6.8145,7.252,6.873,7.46875],"texture":"#0"},"west":{"uv":[6.1895,4.252,6.9355,4.46875],"texture":"#0"},"up":{"uv":[3.4355,7.748,3.377,7.002],"texture":"#0"},"down":{"uv":[4.248,7.002,4.1895,7.748],"texture":"#0"}}},{"from":[5.58462,1.61025,6.98401],"to":[10.41538,6.84358,14.63272],"rotation":{"angle":0,"axis":"y","origin":[8,4.1804,8.23076]},"faces":{"north":{"uv":[4.752,3.8145,5.498,4.623],"texture":"#0"},"east":{"uv":[4.002,2.1895,5.1855,2.998],"texture":"#0"},"south":{"uv":[4.752,4.627,5.498,5.4355],"texture":"#0"},"west":{"uv":[4.002,3.002,5.1855,3.8105],"texture":"#0"},"up":{"uv":[1.373,5.123,0.627,3.9395],"texture":"#0"},"down":{"uv":[4.748,3.8145,4.002,4.998],"texture":"#0"}}},{"from":[8,0.40256,11.21093],"to":[8,2.81795,16.44426],"rotation":{"angle":0,"axis":"y","origin":[8,4.1804,8.23076]},"faces":{"north":{"uv":[0.002,0.002,0.002,0.373],"texture":"#0"},"east":{"uv":[5.002,1.002,5.8105,1.373],"texture":"#0"},"south":{"uv":[0.002,0.002,0.002,0.373],"texture":"#0"},"west":{"uv":[5.502,4.6895,6.3105,5.0605],"texture":"#0"},"up":{"uv":[0.002,0.8105,0.002,0.002],"texture":"#0"},"down":{"uv":[0.002,0.002,0.002,0.8105],"texture":"#0"}}},{"from":[8,1.61025,20.46989],"to":[8,6.44102,31.74168],"rotation":{"angle":0,"axis":"y","origin":[8,4.1804,8.23076]},"faces":{"north":{"uv":[0.002,0.002,0.002,0.748],"texture":"#0"},"east":{"uv":[2.627,0.002,4.373,0.748],"texture":"#0"},"south":{"uv":[0.002,0.002,0.002,0.748],"texture":"#0"},"west":{"uv":[2.627,0.752,4.373,1.498],"texture":"#0"},"up":{"uv":[0.002,1.748,0.002,0.002],"texture":"#0"},"down":{"uv":[0.002,0.002,0.002,1.748],"texture":"#0"}}},{"from":[8,5.73653,11.21093],"to":[8,8.15191,16.44426],"rotation":{"angle":0,"axis":"y","origin":[8,4.1804,8.23076]},"faces":{"north":{"uv":[0.002,0.002,0.002,0.373],"texture":"#0"},"east":{"uv":[5.502,5.0645,6.3105,5.4355],"texture":"#0"},"south":{"uv":[0.002,0.002,0.002,0.373],"texture":"#0"},"west":{"uv":[5.6895,1.377,6.498,1.748],"texture":"#0"},"up":{"uv":[0.002,0.8105,0.002,0.002],"texture":"#0"},"down":{"uv":[0.002,0.002,0.002,0.8105],"texture":"#0"}}},{"from":[8,6.82335,1.93173],"to":[8,10.04386,6.35993],"rotation":{"angle":0,"axis":"y","origin":[8,4.1804,8.23076]},"faces":{"north":{"uv":[0.002,0.002,0.002,0.498],"texture":"#0"},"east":{"uv":[5.502,3.6895,6.1855,4.1855],"texture":"#0"},"south":{"uv":[0.002,0.002,0.002,0.498],"texture":"#0"},"west":{"uv":[5.502,4.1895,6.1855,4.6855],"texture":"#0"},"up":{"uv":[0.002,0.6855,0.002,0.002],"texture":"#0"},"down":{"uv":[0.002,0.002,0.002,0.6855],"texture":"#0"}}},{"from":[-2.69943,3.34162,-2.66769],"to":[5.7544,3.34162,7.79897],"rotation":{"angle":22.5,"axis":"z","origin":[8,4.1804,8.23076]},"faces":{"north":{"uv":[0.002,0.002,1.3105,0.002],"texture":"#0"},"east":{"uv":[0.002,0.002,1.623,0.002],"texture":"#0"},"south":{"uv":[0.002,0.002,1.3105,0.002],"texture":"#0"},"west":{"uv":[0.002,0.002,1.623,0.002],"texture":"#0"},"up":{"uv":[1.3105,3.248,0.002,1.627],"texture":"#0"},"down":{"uv":[1.3105,1.627,0.002,3.248],"texture":"#0"}}},{"from":[10.2456,3.34162,-2.66769],"to":[18.69943,3.34162,7.79897],"rotation":{"angle":-22.5,"axis":"z","origin":[8,4.1804,8.23076]},"faces":{"north":{"uv":[0.002,0.002,1.3105,0.002],"texture":"#0"},"east":{"uv":[0.002,0.002,1.623,0.002],"texture":"#0"},"south":{"uv":[0.002,0.002,1.3105,0.002],"texture":"#0"},"west":{"uv":[0.002,0.002,1.623,0.002],"texture":"#0"},"up":{"uv":[1.3105,1.623,0.002,0.002],"texture":"#0"},"down":{"uv":[0.002,1.627,1.3105,3.248],"texture":"#0"}}}],"display":{"head":{"translation":[0,-36,-14.5]}}}