{"credit":"Naruto RPG","texture_size":[32,32],"textures":{"1":"armas:item/armas_kunaicadena"},"elements":[{"from":[8.49658,6.3709,7.625],"to":[8.74658,6.8709,7.875],"rotation":{"angle":0,"axis":"y","origin":[7.72158,6.6209,7.625]},"faces":{"north":{"uv":[4,7.25,4.125,7],"texture":"#1"},"east":{"uv":[7,4.25,7.125,4],"texture":"#1"},"south":{"uv":[4.5,7.25,4.625,7],"texture":"#1"},"west":{"uv":[7,4.75,7.125,4.5],"texture":"#1"},"up":{"uv":[8.125,8.625,8,8.5],"texture":"#1"},"down":{"uv":[8.625,7.5,8.5,7.625],"texture":"#1"}}},{"from":[7.49658,6.8709,7.625],"to":[8.49658,7.1209,7.875],"rotation":{"angle":0,"axis":"y","origin":[7.72158,6.6209,7.625]},"faces":{"north":{"uv":[5,0.125,5.5,0],"texture":"#1"},"east":{"uv":[8.5,8.125,8.625,8],"texture":"#1"},"south":{"uv":[0.5,5.125,1,5],"texture":"#1"},"west":{"uv":[8.5,8.625,8.625,8.5],"texture":"#1"},"up":{"uv":[1.5,5.125,1,5],"texture":"#1"},"down":{"uv":[5.5,0.5,5,0.625],"texture":"#1"}}},{"from":[7.49658,6.1209,7.625],"to":[8.49658,6.3709,7.875],"rotation":{"angle":0,"axis":"y","origin":[7.72158,6.6209,7.625]},"faces":{"north":{"uv":[5,1.125,5.5,1],"texture":"#1"},"east":{"uv":[0,9.125,0.125,9],"texture":"#1"},"south":{"uv":[1.5,5.125,2,5],"texture":"#1"},"west":{"uv":[9,0.125,9.125,0],"texture":"#1"},"up":{"uv":[2.5,5.125,2,5],"texture":"#1"},"down":{"uv":[5.5,1.5,5,1.625],"texture":"#1"}}},{"from":[7.24658,6.3709,7.625],"to":[7.49658,6.8709,7.875],"rotation":{"angle":0,"axis":"y","origin":[7.72158,6.6209,7.625]},"faces":{"north":{"uv":[5,7.25,5.125,7],"texture":"#1"},"east":{"uv":[7,5.25,7.125,5],"texture":"#1"},"south":{"uv":[5.5,7.25,5.625,7],"texture":"#1"},"west":{"uv":[7,5.75,7.125,5.5],"texture":"#1"},"up":{"uv":[9.125,0.625,9,0.5],"texture":"#1"},"down":{"uv":[0.625,9,0.5,9.125],"texture":"#1"}}},{"from":[8.55,10.075,7.375],"to":[9.55,10.325,7.625],"rotation":{"angle":22.5,"axis":"z","origin":[10,10.5,7.375]},"faces":{"north":{"uv":[5,2.125,5.5,2],"texture":"#1"},"east":{"uv":[1,9.125,1.125,9],"texture":"#1"},"south":{"uv":[2.5,5.125,3,5],"texture":"#1"},"west":{"uv":[9,1.125,9.125,1],"texture":"#1"},"up":{"uv":[3.5,5.125,3,5],"texture":"#1"},"down":{"uv":[5.5,2.5,5,2.625],"texture":"#1"}}},{"from":[8.55,10.825,7.375],"to":[9.55,11.075,7.625],"rotation":{"angle":22.5,"axis":"z","origin":[10,10.5,7.375]},"faces":{"north":{"uv":[5,3.125,5.5,3],"texture":"#1"},"east":{"uv":[1.5,9.125,1.625,9],"texture":"#1"},"south":{"uv":[3.5,5.125,4,5],"texture":"#1"},"west":{"uv":[9,1.625,9.125,1.5],"texture":"#1"},"up":{"uv":[5.5,4.125,5,4],"texture":"#1"},"down":{"uv":[5.5,3.5,5,3.625],"texture":"#1"}}},{"from":[9.62664,10.4397,7.375],"to":[9.87664,10.9397,7.625],"rotation":{"angle":22.5,"axis":"z","origin":[10.32664,10.3647,7.375]},"faces":{"north":{"uv":[6,7.25,6.125,7],"texture":"#1"},"east":{"uv":[7,6.25,7.125,6],"texture":"#1"},"south":{"uv":[6.5,7.25,6.625,7],"texture":"#1"},"west":{"uv":[7,6.75,7.125,6.5],"texture":"#1"},"up":{"uv":[9.125,2.125,9,2],"texture":"#1"},"down":{"uv":[2.125,9,2,9.125],"texture":"#1"}}},{"from":[9.62664,10.6897,7.625],"to":[10.12664,10.9397,7.875],"rotation":{"angle":22.5,"axis":"z","origin":[10.32664,10.3647,7.375]},"faces":{"north":{"uv":[7,7.125,7.25,7],"texture":"#1"},"east":{"uv":[2.5,9.125,2.625,9],"texture":"#1"},"south":{"uv":[0,7.625,0.25,7.5],"texture":"#1"},"west":{"uv":[9,2.625,9.125,2.5],"texture":"#1"},"up":{"uv":[0.75,7.625,0.5,7.5],"texture":"#1"},"down":{"uv":[7.75,0,7.5,0.125],"texture":"#1"}}},{"from":[10.12664,9.6897,7.625],"to":[10.37664,10.6897,7.875],"rotation":{"angle":22.5,"axis":"z","origin":[10.32664,10.3647,7.375]},"faces":{"north":{"uv":[5,5,5.125,4.5],"texture":"#1"},"east":{"uv":[5,5.5,5.125,5],"texture":"#1"},"south":{"uv":[5.5,0.5,5.625,0],"texture":"#1"},"west":{"uv":[0.5,6,0.625,5.5],"texture":"#1"},"up":{"uv":[9.125,3.125,9,3],"texture":"#1"},"down":{"uv":[3.125,9,3,9.125],"texture":"#1"}}},{"from":[9.37664,9.6897,7.625],"to":[9.62664,10.6897,7.875],"rotation":{"angle":22.5,"axis":"z","origin":[10.32664,10.3647,7.375]},"faces":{"north":{"uv":[5.5,1,5.625,0.5],"texture":"#1"},"east":{"uv":[1,6,1.125,5.5],"texture":"#1"},"south":{"uv":[5.5,1.5,5.625,1],"texture":"#1"},"west":{"uv":[1.5,6,1.625,5.5],"texture":"#1"},"up":{"uv":[9.125,3.625,9,3.5],"texture":"#1"},"down":{"uv":[3.625,9,3.5,9.125],"texture":"#1"}}},{"from":[9.62664,9.4397,7.625],"to":[10.12664,9.6897,7.875],"rotation":{"angle":22.5,"axis":"z","origin":[10.32664,10.3647,7.375]},"faces":{"north":{"uv":[7.5,0.625,7.75,0.5],"texture":"#1"},"east":{"uv":[4,9.125,4.125,9],"texture":"#1"},"south":{"uv":[1,7.625,1.25,7.5],"texture":"#1"},"west":{"uv":[9,4.125,9.125,4],"texture":"#1"},"up":{"uv":[1.75,7.625,1.5,7.5],"texture":"#1"},"down":{"uv":[7.75,1,7.5,1.125],"texture":"#1"}}},{"from":[9.87664,9.1897,7.375],"to":[10.37664,9.4397,7.625],"rotation":{"angle":22.5,"axis":"z","origin":[10.32664,10.3647,7.375]},"faces":{"north":{"uv":[7.5,1.625,7.75,1.5],"texture":"#1"},"east":{"uv":[4.5,9.125,4.625,9],"texture":"#1"},"south":{"uv":[2,7.625,2.25,7.5],"texture":"#1"},"west":{"uv":[9,4.625,9.125,4.5],"texture":"#1"},"up":{"uv":[2.75,7.625,2.5,7.5],"texture":"#1"},"down":{"uv":[7.75,2,7.5,2.125],"texture":"#1"}}},{"from":[9.87664,7.9397,7.375],"to":[10.37664,8.1897,7.625],"rotation":{"angle":22.5,"axis":"z","origin":[10.32664,10.3647,7.375]},"faces":{"north":{"uv":[7.5,2.625,7.75,2.5],"texture":"#1"},"east":{"uv":[5,9.125,5.125,9],"texture":"#1"},"south":{"uv":[3,7.625,3.25,7.5],"texture":"#1"},"west":{"uv":[9,5.125,9.125,5],"texture":"#1"},"up":{"uv":[3.75,7.625,3.5,7.5],"texture":"#1"},"down":{"uv":[7.75,3,7.5,3.125],"texture":"#1"}}},{"from":[10.37664,8.1897,7.375],"to":[10.62664,9.1897,7.625],"rotation":{"angle":22.5,"axis":"z","origin":[10.32664,10.3647,7.375]},"faces":{"north":{"uv":[5.5,2,5.625,1.5],"texture":"#1"},"east":{"uv":[2,6,2.125,5.5],"texture":"#1"},"south":{"uv":[5.5,2.5,5.625,2],"texture":"#1"},"west":{"uv":[2.5,6,2.625,5.5],"texture":"#1"},"up":{"uv":[9.125,5.625,9,5.5],"texture":"#1"},"down":{"uv":[5.625,9,5.5,9.125],"texture":"#1"}}},{"from":[9.62664,8.1897,7.375],"to":[9.87664,9.1897,7.625],"rotation":{"angle":22.5,"axis":"z","origin":[10.32664,10.3647,7.375]},"faces":{"north":{"uv":[5.5,3,5.625,2.5],"texture":"#1"},"east":{"uv":[3,6,3.125,5.5],"texture":"#1"},"south":{"uv":[5.5,3.5,5.625,3],"texture":"#1"},"west":{"uv":[3.5,6,3.625,5.5],"texture":"#1"},"up":{"uv":[9.125,6.125,9,6],"texture":"#1"},"down":{"uv":[6.125,9,6,9.125],"texture":"#1"}}},{"from":[8.87664,7.9397,7.625],"to":[9.87664,8.1897,7.875],"rotation":{"angle":22.5,"axis":"z","origin":[10.32664,10.3647,7.375]},"faces":{"north":{"uv":[5.5,3.625,6,3.5],"texture":"#1"},"east":{"uv":[6.5,9.125,6.625,9],"texture":"#1"},"south":{"uv":[4,5.625,4.5,5.5],"texture":"#1"},"west":{"uv":[9,6.625,9.125,6.5],"texture":"#1"},"up":{"uv":[5,5.625,4.5,5.5],"texture":"#1"},"down":{"uv":[6,4,5.5,4.125],"texture":"#1"}}},{"from":[8.87664,7.1897,7.625],"to":[9.87664,7.4397,7.875],"rotation":{"angle":22.5,"axis":"z","origin":[10.32664,10.3647,7.375]},"faces":{"north":{"uv":[5.5,4.625,6,4.5],"texture":"#1"},"east":{"uv":[7,9.125,7.125,9],"texture":"#1"},"south":{"uv":[5,5.625,5.5,5.5],"texture":"#1"},"west":{"uv":[9,7.125,9.125,7],"texture":"#1"},"up":{"uv":[6,5.625,5.5,5.5],"texture":"#1"},"down":{"uv":[6,5,5.5,5.125],"texture":"#1"}}},{"from":[9.87664,7.4397,7.625],"to":[10.12664,7.9397,7.875],"rotation":{"angle":22.5,"axis":"z","origin":[10.32664,10.3647,7.375]},"faces":{"north":{"uv":[7.5,3.75,7.625,3.5],"texture":"#1"},"east":{"uv":[4,7.75,4.125,7.5],"texture":"#1"},"south":{"uv":[7.5,4.25,7.625,4],"texture":"#1"},"west":{"uv":[4.5,7.75,4.625,7.5],"texture":"#1"},"up":{"uv":[9.125,7.625,9,7.5],"texture":"#1"},"down":{"uv":[7.625,9,7.5,9.125],"texture":"#1"}}},{"from":[8.62664,7.4397,7.625],"to":[8.87664,7.9397,7.875],"rotation":{"angle":22.5,"axis":"z","origin":[10.32664,10.3647,7.375]},"faces":{"north":{"uv":[7.5,4.75,7.625,4.5],"texture":"#1"},"east":{"uv":[5,7.75,5.125,7.5],"texture":"#1"},"south":{"uv":[7.5,5.25,7.625,5],"texture":"#1"},"west":{"uv":[5.5,7.75,5.625,7.5],"texture":"#1"},"up":{"uv":[9.125,8.125,9,8],"texture":"#1"},"down":{"uv":[8.125,9,8,9.125],"texture":"#1"}}},{"from":[8.62664,7.4397,7.375],"to":[8.87664,7.9397,7.625],"rotation":{"angle":22.5,"axis":"z","origin":[10.32664,10.3647,7.375]},"faces":{"north":{"uv":[7.5,5.75,7.625,5.5],"texture":"#1"},"east":{"uv":[6,7.75,6.125,7.5],"texture":"#1"},"south":{"uv":[7.5,6.25,7.625,6],"texture":"#1"},"west":{"uv":[6.5,7.75,6.625,7.5],"texture":"#1"},"up":{"uv":[9.125,8.625,9,8.5],"texture":"#1"},"down":{"uv":[8.625,9,8.5,9.125],"texture":"#1"}}},{"from":[7.62664,7.1897,7.375],"to":[8.62664,7.4397,7.625],"rotation":{"angle":22.5,"axis":"z","origin":[10.32664,10.3647,7.375]},"faces":{"north":{"uv":[0,6.125,0.5,6],"texture":"#1"},"east":{"uv":[9,9.125,9.125,9],"texture":"#1"},"south":{"uv":[6,0.125,6.5,0],"texture":"#1"},"west":{"uv":[0,9.625,0.125,9.5],"texture":"#1"},"up":{"uv":[6.5,0.625,6,0.5],"texture":"#1"},"down":{"uv":[1,6,0.5,6.125],"texture":"#1"}}},{"from":[7.62664,7.9397,7.375],"to":[8.62664,8.1897,7.625],"rotation":{"angle":22.5,"axis":"z","origin":[10.32664,10.3647,7.375]},"faces":{"north":{"uv":[1,6.125,1.5,6],"texture":"#1"},"east":{"uv":[9.5,0.125,9.625,0],"texture":"#1"},"south":{"uv":[6,1.125,6.5,1],"texture":"#1"},"west":{"uv":[0.5,9.625,0.625,9.5],"texture":"#1"},"up":{"uv":[6.5,1.625,6,1.5],"texture":"#1"},"down":{"uv":[2,6,1.5,6.125],"texture":"#1"}}},{"from":[8.47179,9.96135,7.375],"to":[8.72179,10.46135,7.625],"rotation":{"angle":22.5,"axis":"z","origin":[9.17179,9.88635,7.375]},"faces":{"north":{"uv":[7.5,6.75,7.625,6.5],"texture":"#1"},"east":{"uv":[7,7.75,7.125,7.5],"texture":"#1"},"south":{"uv":[7.5,7.25,7.625,7],"texture":"#1"},"west":{"uv":[7.5,7.75,7.625,7.5],"texture":"#1"},"up":{"uv":[1.125,9.625,1,9.5],"texture":"#1"},"down":{"uv":[9.625,0.5,9.5,0.625],"texture":"#1"}}},{"from":[8.65342,6.3709,7.375],"to":[8.90342,6.8709,7.625],"rotation":{"angle":22.5,"axis":"z","origin":[8.27842,6.6209,7.625]},"faces":{"north":{"uv":[0,8.25,0.125,8],"texture":"#1"},"east":{"uv":[8,0.25,8.125,0],"texture":"#1"},"south":{"uv":[0.5,8.25,0.625,8],"texture":"#1"},"west":{"uv":[8,0.75,8.125,0.5],"texture":"#1"},"up":{"uv":[1.625,9.625,1.5,9.5],"texture":"#1"},"down":{"uv":[9.625,1,9.5,1.125],"texture":"#1"}}},{"from":[6.45,10.075,7.375],"to":[7.45,10.325,7.625],"rotation":{"angle":-22.5,"axis":"z","origin":[6,10.5,7.375]},"faces":{"north":{"uv":[2,6.125,2.5,6],"texture":"#1"},"east":{"uv":[9.5,1.625,9.625,1.5],"texture":"#1"},"south":{"uv":[6,2.125,6.5,2],"texture":"#1"},"west":{"uv":[2,9.625,2.125,9.5],"texture":"#1"},"up":{"uv":[6.5,2.625,6,2.5],"texture":"#1"},"down":{"uv":[3,6,2.5,6.125],"texture":"#1"}}},{"from":[6.45,10.825,7.375],"to":[7.45,11.075,7.625],"rotation":{"angle":-22.5,"axis":"z","origin":[6,10.5,7.375]},"faces":{"north":{"uv":[3,6.125,3.5,6],"texture":"#1"},"east":{"uv":[9.5,2.125,9.625,2],"texture":"#1"},"south":{"uv":[6,3.125,6.5,3],"texture":"#1"},"west":{"uv":[2.5,9.625,2.625,9.5],"texture":"#1"},"up":{"uv":[6.5,3.625,6,3.5],"texture":"#1"},"down":{"uv":[4,6,3.5,6.125],"texture":"#1"}}},{"from":[6.12336,10.4397,7.375],"to":[6.37336,10.9397,7.625],"rotation":{"angle":-22.5,"axis":"z","origin":[5.67336,10.3647,7.375]},"faces":{"north":{"uv":[1,8.25,1.125,8],"texture":"#1"},"east":{"uv":[8,1.25,8.125,1],"texture":"#1"},"south":{"uv":[1.5,8.25,1.625,8],"texture":"#1"},"west":{"uv":[8,1.75,8.125,1.5],"texture":"#1"},"up":{"uv":[3.125,9.625,3,9.5],"texture":"#1"},"down":{"uv":[9.625,2.5,9.5,2.625],"texture":"#1"}}},{"from":[5.87336,10.6897,7.625],"to":[6.37336,10.9397,7.875],"rotation":{"angle":-22.5,"axis":"z","origin":[5.67336,10.3647,7.375]},"faces":{"north":{"uv":[2,8.125,2.25,8],"texture":"#1"},"east":{"uv":[9.5,3.125,9.625,3],"texture":"#1"},"south":{"uv":[8,2.125,8.25,2],"texture":"#1"},"west":{"uv":[3.5,9.625,3.625,9.5],"texture":"#1"},"up":{"uv":[8.25,2.625,8,2.5],"texture":"#1"},"down":{"uv":[2.75,8,2.5,8.125],"texture":"#1"}}},{"from":[5.62336,9.6897,7.625],"to":[5.87336,10.6897,7.875],"rotation":{"angle":-22.5,"axis":"z","origin":[5.67336,10.3647,7.375]},"faces":{"north":{"uv":[4,6.5,4.125,6],"texture":"#1"},"east":{"uv":[6,4.5,6.125,4],"texture":"#1"},"south":{"uv":[4.5,6.5,4.625,6],"texture":"#1"},"west":{"uv":[6,5,6.125,4.5],"texture":"#1"},"up":{"uv":[4.125,9.625,4,9.5],"texture":"#1"},"down":{"uv":[9.625,3.5,9.5,3.625],"texture":"#1"}}},{"from":[6.37336,9.6897,7.625],"to":[6.62336,10.6897,7.875],"rotation":{"angle":-22.5,"axis":"z","origin":[5.67336,10.3647,7.375]},"faces":{"north":{"uv":[5,6.5,5.125,6],"texture":"#1"},"east":{"uv":[6,5.5,6.125,5],"texture":"#1"},"south":{"uv":[5.5,6.5,5.625,6],"texture":"#1"},"west":{"uv":[6,6,6.125,5.5],"texture":"#1"},"up":{"uv":[4.625,9.625,4.5,9.5],"texture":"#1"},"down":{"uv":[9.625,4,9.5,4.125],"texture":"#1"}}},{"from":[5.87336,9.4397,7.625],"to":[6.37336,9.6897,7.875],"rotation":{"angle":-22.5,"axis":"z","origin":[5.67336,10.3647,7.375]},"faces":{"north":{"uv":[3,8.125,3.25,8],"texture":"#1"},"east":{"uv":[9.5,4.625,9.625,4.5],"texture":"#1"},"south":{"uv":[8,3.125,8.25,3],"texture":"#1"},"west":{"uv":[5,9.625,5.125,9.5],"texture":"#1"},"up":{"uv":[8.25,3.625,8,3.5],"texture":"#1"},"down":{"uv":[3.75,8,3.5,8.125],"texture":"#1"}}},{"from":[5.62336,9.1897,7.375],"to":[6.12336,9.4397,7.625],"rotation":{"angle":-22.5,"axis":"z","origin":[5.67336,10.3647,7.375]},"faces":{"north":{"uv":[4,8.125,4.25,8],"texture":"#1"},"east":{"uv":[9.5,5.125,9.625,5],"texture":"#1"},"south":{"uv":[8,4.125,8.25,4],"texture":"#1"},"west":{"uv":[5.5,9.625,5.625,9.5],"texture":"#1"},"up":{"uv":[8.25,4.625,8,4.5],"texture":"#1"},"down":{"uv":[4.75,8,4.5,8.125],"texture":"#1"}}},{"from":[5.62336,7.9397,7.375],"to":[6.12336,8.1897,7.625],"rotation":{"angle":-22.5,"axis":"z","origin":[5.67336,10.3647,7.375]},"faces":{"north":{"uv":[5,8.125,5.25,8],"texture":"#1"},"east":{"uv":[9.5,5.625,9.625,5.5],"texture":"#1"},"south":{"uv":[8,5.125,8.25,5],"texture":"#1"},"west":{"uv":[6,9.625,6.125,9.5],"texture":"#1"},"up":{"uv":[8.25,5.625,8,5.5],"texture":"#1"},"down":{"uv":[5.75,8,5.5,8.125],"texture":"#1"}}},{"from":[5.37336,8.1897,7.375],"to":[5.62336,9.1897,7.625],"rotation":{"angle":-22.5,"axis":"z","origin":[5.67336,10.3647,7.375]},"faces":{"north":{"uv":[6,6.5,6.125,6],"texture":"#1"},"east":{"uv":[0,7,0.125,6.5],"texture":"#1"},"south":{"uv":[6.5,0.5,6.625,0],"texture":"#1"},"west":{"uv":[0.5,7,0.625,6.5],"texture":"#1"},"up":{"uv":[6.625,9.625,6.5,9.5],"texture":"#1"},"down":{"uv":[9.625,6,9.5,6.125],"texture":"#1"}}},{"from":[6.12336,8.1897,7.375],"to":[6.37336,9.1897,7.625],"rotation":{"angle":-22.5,"axis":"z","origin":[5.67336,10.3647,7.375]},"faces":{"north":{"uv":[6.5,1,6.625,0.5],"texture":"#1"},"east":{"uv":[1,7,1.125,6.5],"texture":"#1"},"south":{"uv":[6.5,1.5,6.625,1],"texture":"#1"},"west":{"uv":[1.5,7,1.625,6.5],"texture":"#1"},"up":{"uv":[7.125,9.625,7,9.5],"texture":"#1"},"down":{"uv":[9.625,6.5,9.5,6.625],"texture":"#1"}}},{"from":[6.12336,7.9397,7.625],"to":[7.12336,8.1897,7.875],"rotation":{"angle":-22.5,"axis":"z","origin":[5.67336,10.3647,7.375]},"faces":{"north":{"uv":[6.5,1.625,7,1.5],"texture":"#1"},"east":{"uv":[9.5,7.125,9.625,7],"texture":"#1"},"south":{"uv":[2,6.625,2.5,6.5],"texture":"#1"},"west":{"uv":[7.5,9.625,7.625,9.5],"texture":"#1"},"up":{"uv":[3,6.625,2.5,6.5],"texture":"#1"},"down":{"uv":[7,2,6.5,2.125],"texture":"#1"}}},{"from":[6.12336,7.1897,7.625],"to":[7.12336,7.4397,7.875],"rotation":{"angle":-22.5,"axis":"z","origin":[5.67336,10.3647,7.375]},"faces":{"north":{"uv":[6.5,2.625,7,2.5],"texture":"#1"},"east":{"uv":[9.5,7.625,9.625,7.5],"texture":"#1"},"south":{"uv":[3,6.625,3.5,6.5],"texture":"#1"},"west":{"uv":[8,9.625,8.125,9.5],"texture":"#1"},"up":{"uv":[4,6.625,3.5,6.5],"texture":"#1"},"down":{"uv":[7,3,6.5,3.125],"texture":"#1"}}},{"from":[5.87336,7.4397,7.625],"to":[6.12336,7.9397,7.875],"rotation":{"angle":-22.5,"axis":"z","origin":[5.67336,10.3647,7.375]},"faces":{"north":{"uv":[6,8.25,6.125,8],"texture":"#1"},"east":{"uv":[8,6.25,8.125,6],"texture":"#1"},"south":{"uv":[6.5,8.25,6.625,8],"texture":"#1"},"west":{"uv":[8,6.75,8.125,6.5],"texture":"#1"},"up":{"uv":[8.625,9.625,8.5,9.5],"texture":"#1"},"down":{"uv":[9.625,8,9.5,8.125],"texture":"#1"}}},{"from":[7.12336,7.4397,7.625],"to":[7.37336,7.9397,7.875],"rotation":{"angle":-22.5,"axis":"z","origin":[5.67336,10.3647,7.375]},"faces":{"north":{"uv":[7,8.25,7.125,8],"texture":"#1"},"east":{"uv":[8,7.25,8.125,7],"texture":"#1"},"south":{"uv":[7.5,8.25,7.625,8],"texture":"#1"},"west":{"uv":[8,7.75,8.125,7.5],"texture":"#1"},"up":{"uv":[9.125,9.625,9,9.5],"texture":"#1"},"down":{"uv":[9.625,8.5,9.5,8.625],"texture":"#1"}}},{"from":[7.12336,7.4397,7.375],"to":[7.37336,7.9397,7.625],"rotation":{"angle":-22.5,"axis":"z","origin":[5.67336,10.3647,7.375]},"faces":{"north":{"uv":[8,8.25,8.125,8],"texture":"#1"},"east":{"uv":[0,8.75,0.125,8.5],"texture":"#1"},"south":{"uv":[8.5,0.25,8.625,0],"texture":"#1"},"west":{"uv":[0.5,8.75,0.625,8.5],"texture":"#1"},"up":{"uv":[9.625,9.625,9.5,9.5],"texture":"#1"},"down":{"uv":[9.625,9,9.5,9.125],"texture":"#1"}}},{"from":[7.37336,7.1897,7.375],"to":[8.37336,7.4397,7.625],"rotation":{"angle":-22.5,"axis":"z","origin":[5.67336,10.3647,7.375]},"faces":{"north":{"uv":[6.5,3.625,7,3.5],"texture":"#1"},"east":{"uv":[0,10.125,0.125,10],"texture":"#1"},"south":{"uv":[4,6.625,4.5,6.5],"texture":"#1"},"west":{"uv":[10,0.125,10.125,0],"texture":"#1"},"up":{"uv":[5,6.625,4.5,6.5],"texture":"#1"},"down":{"uv":[7,4,6.5,4.125],"texture":"#1"}}},{"from":[7.37336,7.9397,7.375],"to":[8.37336,8.1897,7.625],"rotation":{"angle":-22.5,"axis":"z","origin":[5.67336,10.3647,7.375]},"faces":{"north":{"uv":[6.5,4.625,7,4.5],"texture":"#1"},"east":{"uv":[0.5,10.125,0.625,10],"texture":"#1"},"south":{"uv":[5,6.625,5.5,6.5],"texture":"#1"},"west":{"uv":[10,0.625,10.125,0.5],"texture":"#1"},"up":{"uv":[6,6.625,5.5,6.5],"texture":"#1"},"down":{"uv":[7,5,6.5,5.125],"texture":"#1"}}},{"from":[7.27821,9.96135,7.375],"to":[7.52821,10.46135,7.625],"rotation":{"angle":-22.5,"axis":"z","origin":[6.82821,9.88635,7.375]},"faces":{"north":{"uv":[8.5,0.75,8.625,0.5],"texture":"#1"},"east":{"uv":[1,8.75,1.125,8.5],"texture":"#1"},"south":{"uv":[8.5,1.25,8.625,1],"texture":"#1"},"west":{"uv":[1.5,8.75,1.625,8.5],"texture":"#1"},"up":{"uv":[10.125,1.125,10,1],"texture":"#1"},"down":{"uv":[1.125,10,1,10.125],"texture":"#1"}}},{"from":[7.09658,6.3709,7.375],"to":[7.34658,6.8709,7.625],"rotation":{"angle":-22.5,"axis":"z","origin":[7.72158,6.6209,7.625]},"faces":{"north":{"uv":[8.5,1.75,8.625,1.5],"texture":"#1"},"east":{"uv":[2,8.75,2.125,8.5],"texture":"#1"},"south":{"uv":[8.5,2.25,8.625,2],"texture":"#1"},"west":{"uv":[2.5,8.75,2.625,8.5],"texture":"#1"},"up":{"uv":[10.125,1.625,10,1.5],"texture":"#1"},"down":{"uv":[1.625,10,1.5,10.125],"texture":"#1"}}},{"from":[8.49658,10.3791,8.375],"to":[8.74658,10.8791,8.625],"rotation":{"angle":0,"axis":"y","origin":[7.72158,10.6291,8.375]},"faces":{"north":{"uv":[4,7,4.125,7.25],"texture":"#1"},"east":{"uv":[7,4,7.125,4.25],"texture":"#1"},"south":{"uv":[4.5,7,4.625,7.25],"texture":"#1"},"west":{"uv":[7,4.5,7.125,4.75],"texture":"#1"},"up":{"uv":[8.625,7.625,8.5,7.5],"texture":"#1"},"down":{"uv":[8.125,8.5,8,8.625],"texture":"#1"}}},{"from":[7.49658,10.1291,8.375],"to":[8.49658,10.3791,8.625],"rotation":{"angle":0,"axis":"y","origin":[7.72158,10.6291,8.375]},"faces":{"north":{"uv":[5,0,5.5,0.125],"texture":"#1"},"east":{"uv":[8.5,8,8.625,8.125],"texture":"#1"},"south":{"uv":[0.5,5,1,5.125],"texture":"#1"},"west":{"uv":[8.5,8.5,8.625,8.625],"texture":"#1"},"up":{"uv":[5.5,0.625,5,0.5],"texture":"#1"},"down":{"uv":[1.5,5,1,5.125],"texture":"#1"}}},{"from":[7.49658,10.8791,8.375],"to":[8.49658,11.1291,8.625],"rotation":{"angle":0,"axis":"y","origin":[7.72158,10.6291,8.375]},"faces":{"north":{"uv":[5,1,5.5,1.125],"texture":"#1"},"east":{"uv":[0,9,0.125,9.125],"texture":"#1"},"south":{"uv":[1.5,5,2,5.125],"texture":"#1"},"west":{"uv":[9,0,9.125,0.125],"texture":"#1"},"up":{"uv":[5.5,1.625,5,1.5],"texture":"#1"},"down":{"uv":[2.5,5,2,5.125],"texture":"#1"}}},{"from":[7.24658,10.3791,8.375],"to":[7.49658,10.8791,8.625],"rotation":{"angle":0,"axis":"y","origin":[7.72158,10.6291,8.375]},"faces":{"north":{"uv":[5,7,5.125,7.25],"texture":"#1"},"east":{"uv":[7,5,7.125,5.25],"texture":"#1"},"south":{"uv":[5.5,7,5.625,7.25],"texture":"#1"},"west":{"uv":[7,5.5,7.125,5.75],"texture":"#1"},"up":{"uv":[0.625,9.125,0.5,9],"texture":"#1"},"down":{"uv":[9.125,0.5,9,0.625],"texture":"#1"}}},{"from":[8.55,6.925,8.125],"to":[9.55,7.175,8.375],"rotation":{"angle":-22.5,"axis":"z","origin":[10,6.75,8.125]},"faces":{"north":{"uv":[5,2,5.5,2.125],"texture":"#1"},"east":{"uv":[1,9,1.125,9.125],"texture":"#1"},"south":{"uv":[2.5,5,3,5.125],"texture":"#1"},"west":{"uv":[9,1,9.125,1.125],"texture":"#1"},"up":{"uv":[5.5,2.625,5,2.5],"texture":"#1"},"down":{"uv":[3.5,5,3,5.125],"texture":"#1"}}},{"from":[8.55,6.175,8.125],"to":[9.55,6.425,8.375],"rotation":{"angle":-22.5,"axis":"z","origin":[10,6.75,8.125]},"faces":{"north":{"uv":[5,3,5.5,3.125],"texture":"#1"},"east":{"uv":[1.5,9,1.625,9.125],"texture":"#1"},"south":{"uv":[3.5,5,4,5.125],"texture":"#1"},"west":{"uv":[9,1.5,9.125,1.625],"texture":"#1"},"up":{"uv":[5.5,3.625,5,3.5],"texture":"#1"},"down":{"uv":[5.5,4,5,4.125],"texture":"#1"}}},{"from":[9.62664,6.3103,8.125],"to":[9.87664,6.8103,8.375],"rotation":{"angle":-22.5,"axis":"z","origin":[10.32664,6.8853,8.125]},"faces":{"north":{"uv":[6,7,6.125,7.25],"texture":"#1"},"east":{"uv":[7,6,7.125,6.25],"texture":"#1"},"south":{"uv":[6.5,7,6.625,7.25],"texture":"#1"},"west":{"uv":[7,6.5,7.125,6.75],"texture":"#1"},"up":{"uv":[2.125,9.125,2,9],"texture":"#1"},"down":{"uv":[9.125,2,9,2.125],"texture":"#1"}}},{"from":[9.62664,6.3103,8.375],"to":[10.12664,6.5603,8.625],"rotation":{"angle":-22.5,"axis":"z","origin":[10.32664,6.8853,8.125]},"faces":{"north":{"uv":[7,7,7.25,7.125],"texture":"#1"},"east":{"uv":[2.5,9,2.625,9.125],"texture":"#1"},"south":{"uv":[0,7.5,0.25,7.625],"texture":"#1"},"west":{"uv":[9,2.5,9.125,2.625],"texture":"#1"},"up":{"uv":[7.75,0.125,7.5,0],"texture":"#1"},"down":{"uv":[0.75,7.5,0.5,7.625],"texture":"#1"}}},{"from":[10.12664,6.5603,8.375],"to":[10.37664,7.5603,8.625],"rotation":{"angle":-22.5,"axis":"z","origin":[10.32664,6.8853,8.125]},"faces":{"north":{"uv":[5,4.5,5.125,5],"texture":"#1"},"east":{"uv":[5,5,5.125,5.5],"texture":"#1"},"south":{"uv":[5.5,0,5.625,0.5],"texture":"#1"},"west":{"uv":[0.5,5.5,0.625,6],"texture":"#1"},"up":{"uv":[3.125,9.125,3,9],"texture":"#1"},"down":{"uv":[9.125,3,9,3.125],"texture":"#1"}}},{"from":[9.37664,6.5603,8.375],"to":[9.62664,7.5603,8.625],"rotation":{"angle":-22.5,"axis":"z","origin":[10.32664,6.8853,8.125]},"faces":{"north":{"uv":[5.5,0.5,5.625,1],"texture":"#1"},"east":{"uv":[1,5.5,1.125,6],"texture":"#1"},"south":{"uv":[5.5,1,5.625,1.5],"texture":"#1"},"west":{"uv":[1.5,5.5,1.625,6],"texture":"#1"},"up":{"uv":[3.625,9.125,3.5,9],"texture":"#1"},"down":{"uv":[9.125,3.5,9,3.625],"texture":"#1"}}},{"from":[9.62664,7.5603,8.375],"to":[10.12664,7.8103,8.625],"rotation":{"angle":-22.5,"axis":"z","origin":[10.32664,6.8853,8.125]},"faces":{"north":{"uv":[7.5,0.5,7.75,0.625],"texture":"#1"},"east":{"uv":[4,9,4.125,9.125],"texture":"#1"},"south":{"uv":[1,7.5,1.25,7.625],"texture":"#1"},"west":{"uv":[9,4,9.125,4.125],"texture":"#1"},"up":{"uv":[7.75,1.125,7.5,1],"texture":"#1"},"down":{"uv":[1.75,7.5,1.5,7.625],"texture":"#1"}}},{"from":[9.87664,7.8103,8.125],"to":[10.37664,8.0603,8.375],"rotation":{"angle":-22.5,"axis":"z","origin":[10.32664,6.8853,8.125]},"faces":{"north":{"uv":[7.5,1.5,7.75,1.625],"texture":"#1"},"east":{"uv":[4.5,9,4.625,9.125],"texture":"#1"},"south":{"uv":[2,7.5,2.25,7.625],"texture":"#1"},"west":{"uv":[9,4.5,9.125,4.625],"texture":"#1"},"up":{"uv":[7.75,2.125,7.5,2],"texture":"#1"},"down":{"uv":[2.75,7.5,2.5,7.625],"texture":"#1"}}},{"from":[9.87664,9.0603,8.125],"to":[10.37664,9.3103,8.375],"rotation":{"angle":-22.5,"axis":"z","origin":[10.32664,6.8853,8.125]},"faces":{"north":{"uv":[7.5,2.5,7.75,2.625],"texture":"#1"},"east":{"uv":[5,9,5.125,9.125],"texture":"#1"},"south":{"uv":[3,7.5,3.25,7.625],"texture":"#1"},"west":{"uv":[9,5,9.125,5.125],"texture":"#1"},"up":{"uv":[7.75,3.125,7.5,3],"texture":"#1"},"down":{"uv":[3.75,7.5,3.5,7.625],"texture":"#1"}}},{"from":[10.37664,8.0603,8.125],"to":[10.62664,9.0603,8.375],"rotation":{"angle":-22.5,"axis":"z","origin":[10.32664,6.8853,8.125]},"faces":{"north":{"uv":[5.5,1.5,5.625,2],"texture":"#1"},"east":{"uv":[2,5.5,2.125,6],"texture":"#1"},"south":{"uv":[5.5,2,5.625,2.5],"texture":"#1"},"west":{"uv":[2.5,5.5,2.625,6],"texture":"#1"},"up":{"uv":[5.625,9.125,5.5,9],"texture":"#1"},"down":{"uv":[9.125,5.5,9,5.625],"texture":"#1"}}},{"from":[9.62664,8.0603,8.125],"to":[9.87664,9.0603,8.375],"rotation":{"angle":-22.5,"axis":"z","origin":[10.32664,6.8853,8.125]},"faces":{"north":{"uv":[5.5,2.5,5.625,3],"texture":"#1"},"east":{"uv":[3,5.5,3.125,6],"texture":"#1"},"south":{"uv":[5.5,3,5.625,3.5],"texture":"#1"},"west":{"uv":[3.5,5.5,3.625,6],"texture":"#1"},"up":{"uv":[6.125,9.125,6,9],"texture":"#1"},"down":{"uv":[9.125,6,9,6.125],"texture":"#1"}}},{"from":[8.87664,9.0603,8.375],"to":[9.87664,9.3103,8.625],"rotation":{"angle":-22.5,"axis":"z","origin":[10.32664,6.8853,8.125]},"faces":{"north":{"uv":[5.5,3.5,6,3.625],"texture":"#1"},"east":{"uv":[6.5,9,6.625,9.125],"texture":"#1"},"south":{"uv":[4,5.5,4.5,5.625],"texture":"#1"},"west":{"uv":[9,6.5,9.125,6.625],"texture":"#1"},"up":{"uv":[6,4.125,5.5,4],"texture":"#1"},"down":{"uv":[5,5.5,4.5,5.625],"texture":"#1"}}},{"from":[8.87664,9.8103,8.375],"to":[9.87664,10.0603,8.625],"rotation":{"angle":-22.5,"axis":"z","origin":[10.32664,6.8853,8.125]},"faces":{"north":{"uv":[5.5,4.5,6,4.625],"texture":"#1"},"east":{"uv":[7,9,7.125,9.125],"texture":"#1"},"south":{"uv":[5,5.5,5.5,5.625],"texture":"#1"},"west":{"uv":[9,7,9.125,7.125],"texture":"#1"},"up":{"uv":[6,5.125,5.5,5],"texture":"#1"},"down":{"uv":[6,5.5,5.5,5.625],"texture":"#1"}}},{"from":[9.87664,9.3103,8.375],"to":[10.12664,9.8103,8.625],"rotation":{"angle":-22.5,"axis":"z","origin":[10.32664,6.8853,8.125]},"faces":{"north":{"uv":[7.5,3.5,7.625,3.75],"texture":"#1"},"east":{"uv":[4,7.5,4.125,7.75],"texture":"#1"},"south":{"uv":[7.5,4,7.625,4.25],"texture":"#1"},"west":{"uv":[4.5,7.5,4.625,7.75],"texture":"#1"},"up":{"uv":[7.625,9.125,7.5,9],"texture":"#1"},"down":{"uv":[9.125,7.5,9,7.625],"texture":"#1"}}},{"from":[8.62664,9.3103,8.375],"to":[8.87664,9.8103,8.625],"rotation":{"angle":-22.5,"axis":"z","origin":[10.32664,6.8853,8.125]},"faces":{"north":{"uv":[7.5,4.5,7.625,4.75],"texture":"#1"},"east":{"uv":[5,7.5,5.125,7.75],"texture":"#1"},"south":{"uv":[7.5,5,7.625,5.25],"texture":"#1"},"west":{"uv":[5.5,7.5,5.625,7.75],"texture":"#1"},"up":{"uv":[8.125,9.125,8,9],"texture":"#1"},"down":{"uv":[9.125,8,9,8.125],"texture":"#1"}}},{"from":[8.62664,9.3103,8.125],"to":[8.87664,9.8103,8.375],"rotation":{"angle":-22.5,"axis":"z","origin":[10.32664,6.8853,8.125]},"faces":{"north":{"uv":[7.5,5.5,7.625,5.75],"texture":"#1"},"east":{"uv":[6,7.5,6.125,7.75],"texture":"#1"},"south":{"uv":[7.5,6,7.625,6.25],"texture":"#1"},"west":{"uv":[6.5,7.5,6.625,7.75],"texture":"#1"},"up":{"uv":[8.625,9.125,8.5,9],"texture":"#1"},"down":{"uv":[9.125,8.5,9,8.625],"texture":"#1"}}},{"from":[7.62664,9.8103,8.125],"to":[8.62664,10.0603,8.375],"rotation":{"angle":-22.5,"axis":"z","origin":[10.32664,6.8853,8.125]},"faces":{"north":{"uv":[0,6,0.5,6.125],"texture":"#1"},"east":{"uv":[9,9,9.125,9.125],"texture":"#1"},"south":{"uv":[6,0,6.5,0.125],"texture":"#1"},"west":{"uv":[0,9.5,0.125,9.625],"texture":"#1"},"up":{"uv":[1,6.125,0.5,6],"texture":"#1"},"down":{"uv":[6.5,0.5,6,0.625],"texture":"#1"}}},{"from":[7.62664,9.0603,8.125],"to":[8.62664,9.3103,8.375],"rotation":{"angle":-22.5,"axis":"z","origin":[10.32664,6.8853,8.125]},"faces":{"north":{"uv":[1,6,1.5,6.125],"texture":"#1"},"east":{"uv":[9.5,0,9.625,0.125],"texture":"#1"},"south":{"uv":[6,1,6.5,1.125],"texture":"#1"},"west":{"uv":[0.5,9.5,0.625,9.625],"texture":"#1"},"up":{"uv":[2,6.125,1.5,6],"texture":"#1"},"down":{"uv":[6.5,1.5,6,1.625],"texture":"#1"}}},{"from":[8.47179,6.78865,8.125],"to":[8.72179,7.28865,8.375],"rotation":{"angle":-22.5,"axis":"z","origin":[9.17179,7.36365,8.125]},"faces":{"north":{"uv":[7.5,6.5,7.625,6.75],"texture":"#1"},"east":{"uv":[7,7.5,7.125,7.75],"texture":"#1"},"south":{"uv":[7.5,7,7.625,7.25],"texture":"#1"},"west":{"uv":[7.5,7.5,7.625,7.75],"texture":"#1"},"up":{"uv":[9.625,0.625,9.5,0.5],"texture":"#1"},"down":{"uv":[1.125,9.5,1,9.625],"texture":"#1"}}},{"from":[8.65342,10.3791,8.125],"to":[8.90342,10.8791,8.375],"rotation":{"angle":-22.5,"axis":"z","origin":[8.27842,10.6291,8.375]},"faces":{"north":{"uv":[0,8,0.125,8.25],"texture":"#1"},"east":{"uv":[8,0,8.125,0.25],"texture":"#1"},"south":{"uv":[0.5,8,0.625,8.25],"texture":"#1"},"west":{"uv":[8,0.5,8.125,0.75],"texture":"#1"},"up":{"uv":[9.625,1.125,9.5,1],"texture":"#1"},"down":{"uv":[1.625,9.5,1.5,9.625],"texture":"#1"}}},{"from":[6.45,6.925,8.125],"to":[7.45,7.175,8.375],"rotation":{"angle":22.5,"axis":"z","origin":[6,6.75,8.125]},"faces":{"north":{"uv":[2,6,2.5,6.125],"texture":"#1"},"east":{"uv":[9.5,1.5,9.625,1.625],"texture":"#1"},"south":{"uv":[6,2,6.5,2.125],"texture":"#1"},"west":{"uv":[2,9.5,2.125,9.625],"texture":"#1"},"up":{"uv":[3,6.125,2.5,6],"texture":"#1"},"down":{"uv":[6.5,2.5,6,2.625],"texture":"#1"}}},{"from":[6.45,6.175,8.125],"to":[7.45,6.425,8.375],"rotation":{"angle":22.5,"axis":"z","origin":[6,6.75,8.125]},"faces":{"north":{"uv":[3,6,3.5,6.125],"texture":"#1"},"east":{"uv":[9.5,2,9.625,2.125],"texture":"#1"},"south":{"uv":[6,3,6.5,3.125],"texture":"#1"},"west":{"uv":[2.5,9.5,2.625,9.625],"texture":"#1"},"up":{"uv":[4,6.125,3.5,6],"texture":"#1"},"down":{"uv":[6.5,3.5,6,3.625],"texture":"#1"}}},{"from":[6.12336,6.3103,8.125],"to":[6.37336,6.8103,8.375],"rotation":{"angle":22.5,"axis":"z","origin":[5.67336,6.8853,8.125]},"faces":{"north":{"uv":[1,8,1.125,8.25],"texture":"#1"},"east":{"uv":[8,1,8.125,1.25],"texture":"#1"},"south":{"uv":[1.5,8,1.625,8.25],"texture":"#1"},"west":{"uv":[8,1.5,8.125,1.75],"texture":"#1"},"up":{"uv":[9.625,2.625,9.5,2.5],"texture":"#1"},"down":{"uv":[3.125,9.5,3,9.625],"texture":"#1"}}},{"from":[5.87336,6.3103,8.375],"to":[6.37336,6.5603,8.625],"rotation":{"angle":22.5,"axis":"z","origin":[5.67336,6.8853,8.125]},"faces":{"north":{"uv":[2,8,2.25,8.125],"texture":"#1"},"east":{"uv":[9.5,3,9.625,3.125],"texture":"#1"},"south":{"uv":[8,2,8.25,2.125],"texture":"#1"},"west":{"uv":[3.5,9.5,3.625,9.625],"texture":"#1"},"up":{"uv":[2.75,8.125,2.5,8],"texture":"#1"},"down":{"uv":[8.25,2.5,8,2.625],"texture":"#1"}}},{"from":[5.62336,6.5603,8.375],"to":[5.87336,7.5603,8.625],"rotation":{"angle":22.5,"axis":"z","origin":[5.67336,6.8853,8.125]},"faces":{"north":{"uv":[4,6,4.125,6.5],"texture":"#1"},"east":{"uv":[6,4,6.125,4.5],"texture":"#1"},"south":{"uv":[4.5,6,4.625,6.5],"texture":"#1"},"west":{"uv":[6,4.5,6.125,5],"texture":"#1"},"up":{"uv":[9.625,3.625,9.5,3.5],"texture":"#1"},"down":{"uv":[4.125,9.5,4,9.625],"texture":"#1"}}},{"from":[6.37336,6.5603,8.375],"to":[6.62336,7.5603,8.625],"rotation":{"angle":22.5,"axis":"z","origin":[5.67336,6.8853,8.125]},"faces":{"north":{"uv":[5,6,5.125,6.5],"texture":"#1"},"east":{"uv":[6,5,6.125,5.5],"texture":"#1"},"south":{"uv":[5.5,6,5.625,6.5],"texture":"#1"},"west":{"uv":[6,5.5,6.125,6],"texture":"#1"},"up":{"uv":[9.625,4.125,9.5,4],"texture":"#1"},"down":{"uv":[4.625,9.5,4.5,9.625],"texture":"#1"}}},{"from":[5.87336,7.5603,8.375],"to":[6.37336,7.8103,8.625],"rotation":{"angle":22.5,"axis":"z","origin":[5.67336,6.8853,8.125]},"faces":{"north":{"uv":[3,8,3.25,8.125],"texture":"#1"},"east":{"uv":[9.5,4.5,9.625,4.625],"texture":"#1"},"south":{"uv":[8,3,8.25,3.125],"texture":"#1"},"west":{"uv":[5,9.5,5.125,9.625],"texture":"#1"},"up":{"uv":[3.75,8.125,3.5,8],"texture":"#1"},"down":{"uv":[8.25,3.5,8,3.625],"texture":"#1"}}},{"from":[5.62336,7.8103,8.125],"to":[6.12336,8.0603,8.375],"rotation":{"angle":22.5,"axis":"z","origin":[5.67336,6.8853,8.125]},"faces":{"north":{"uv":[4,8,4.25,8.125],"texture":"#1"},"east":{"uv":[9.5,5,9.625,5.125],"texture":"#1"},"south":{"uv":[8,4,8.25,4.125],"texture":"#1"},"west":{"uv":[5.5,9.5,5.625,9.625],"texture":"#1"},"up":{"uv":[4.75,8.125,4.5,8],"texture":"#1"},"down":{"uv":[8.25,4.5,8,4.625],"texture":"#1"}}},{"from":[5.62336,9.0603,8.125],"to":[6.12336,9.3103,8.375],"rotation":{"angle":22.5,"axis":"z","origin":[5.67336,6.8853,8.125]},"faces":{"north":{"uv":[5,8,5.25,8.125],"texture":"#1"},"east":{"uv":[9.5,5.5,9.625,5.625],"texture":"#1"},"south":{"uv":[8,5,8.25,5.125],"texture":"#1"},"west":{"uv":[6,9.5,6.125,9.625],"texture":"#1"},"up":{"uv":[5.75,8.125,5.5,8],"texture":"#1"},"down":{"uv":[8.25,5.5,8,5.625],"texture":"#1"}}},{"from":[5.37336,8.0603,8.125],"to":[5.62336,9.0603,8.375],"rotation":{"angle":22.5,"axis":"z","origin":[5.67336,6.8853,8.125]},"faces":{"north":{"uv":[6,6,6.125,6.5],"texture":"#1"},"east":{"uv":[0,6.5,0.125,7],"texture":"#1"},"south":{"uv":[6.5,0,6.625,0.5],"texture":"#1"},"west":{"uv":[0.5,6.5,0.625,7],"texture":"#1"},"up":{"uv":[9.625,6.125,9.5,6],"texture":"#1"},"down":{"uv":[6.625,9.5,6.5,9.625],"texture":"#1"}}},{"from":[6.12336,8.0603,8.125],"to":[6.37336,9.0603,8.375],"rotation":{"angle":22.5,"axis":"z","origin":[5.67336,6.8853,8.125]},"faces":{"north":{"uv":[6.5,0.5,6.625,1],"texture":"#1"},"east":{"uv":[1,6.5,1.125,7],"texture":"#1"},"south":{"uv":[6.5,1,6.625,1.5],"texture":"#1"},"west":{"uv":[1.5,6.5,1.625,7],"texture":"#1"},"up":{"uv":[9.625,6.625,9.5,6.5],"texture":"#1"},"down":{"uv":[7.125,9.5,7,9.625],"texture":"#1"}}},{"from":[6.12336,9.0603,8.375],"to":[7.12336,9.3103,8.625],"rotation":{"angle":22.5,"axis":"z","origin":[5.67336,6.8853,8.125]},"faces":{"north":{"uv":[6.5,1.5,7,1.625],"texture":"#1"},"east":{"uv":[9.5,7,9.625,7.125],"texture":"#1"},"south":{"uv":[2,6.5,2.5,6.625],"texture":"#1"},"west":{"uv":[7.5,9.5,7.625,9.625],"texture":"#1"},"up":{"uv":[7,2.125,6.5,2],"texture":"#1"},"down":{"uv":[3,6.5,2.5,6.625],"texture":"#1"}}},{"from":[6.12336,9.8103,8.375],"to":[7.12336,10.0603,8.625],"rotation":{"angle":22.5,"axis":"z","origin":[5.67336,6.8853,8.125]},"faces":{"north":{"uv":[6.5,2.5,7,2.625],"texture":"#1"},"east":{"uv":[9.5,7.5,9.625,7.625],"texture":"#1"},"south":{"uv":[3,6.5,3.5,6.625],"texture":"#1"},"west":{"uv":[8,9.5,8.125,9.625],"texture":"#1"},"up":{"uv":[7,3.125,6.5,3],"texture":"#1"},"down":{"uv":[4,6.5,3.5,6.625],"texture":"#1"}}},{"from":[5.87336,9.3103,8.375],"to":[6.12336,9.8103,8.625],"rotation":{"angle":22.5,"axis":"z","origin":[5.67336,6.8853,8.125]},"faces":{"north":{"uv":[6,8,6.125,8.25],"texture":"#1"},"east":{"uv":[8,6,8.125,6.25],"texture":"#1"},"south":{"uv":[6.5,8,6.625,8.25],"texture":"#1"},"west":{"uv":[8,6.5,8.125,6.75],"texture":"#1"},"up":{"uv":[9.625,8.125,9.5,8],"texture":"#1"},"down":{"uv":[8.625,9.5,8.5,9.625],"texture":"#1"}}},{"from":[7.12336,9.3103,8.375],"to":[7.37336,9.8103,8.625],"rotation":{"angle":22.5,"axis":"z","origin":[5.67336,6.8853,8.125]},"faces":{"north":{"uv":[7,8,7.125,8.25],"texture":"#1"},"east":{"uv":[8,7,8.125,7.25],"texture":"#1"},"south":{"uv":[7.5,8,7.625,8.25],"texture":"#1"},"west":{"uv":[8,7.5,8.125,7.75],"texture":"#1"},"up":{"uv":[9.625,8.625,9.5,8.5],"texture":"#1"},"down":{"uv":[9.125,9.5,9,9.625],"texture":"#1"}}},{"from":[7.12336,9.3103,8.125],"to":[7.37336,9.8103,8.375],"rotation":{"angle":22.5,"axis":"z","origin":[5.67336,6.8853,8.125]},"faces":{"north":{"uv":[8,8,8.125,8.25],"texture":"#1"},"east":{"uv":[0,8.5,0.125,8.75],"texture":"#1"},"south":{"uv":[8.5,0,8.625,0.25],"texture":"#1"},"west":{"uv":[0.5,8.5,0.625,8.75],"texture":"#1"},"up":{"uv":[9.625,9.125,9.5,9],"texture":"#1"},"down":{"uv":[9.625,9.5,9.5,9.625],"texture":"#1"}}},{"from":[7.37336,9.8103,8.125],"to":[8.37336,10.0603,8.375],"rotation":{"angle":22.5,"axis":"z","origin":[5.67336,6.8853,8.125]},"faces":{"north":{"uv":[6.5,3.5,7,3.625],"texture":"#1"},"east":{"uv":[0,10,0.125,10.125],"texture":"#1"},"south":{"uv":[4,6.5,4.5,6.625],"texture":"#1"},"west":{"uv":[10,0,10.125,0.125],"texture":"#1"},"up":{"uv":[7,4.125,6.5,4],"texture":"#1"},"down":{"uv":[5,6.5,4.5,6.625],"texture":"#1"}}},{"from":[7.37336,9.0603,8.125],"to":[8.37336,9.3103,8.375],"rotation":{"angle":22.5,"axis":"z","origin":[5.67336,6.8853,8.125]},"faces":{"north":{"uv":[6.5,4.5,7,4.625],"texture":"#1"},"east":{"uv":[0.5,10,0.625,10.125],"texture":"#1"},"south":{"uv":[5,6.5,5.5,6.625],"texture":"#1"},"west":{"uv":[10,0.5,10.125,0.625],"texture":"#1"},"up":{"uv":[7,5.125,6.5,5],"texture":"#1"},"down":{"uv":[6,6.5,5.5,6.625],"texture":"#1"}}},{"from":[7.27821,6.78865,8.125],"to":[7.52821,7.28865,8.375],"rotation":{"angle":22.5,"axis":"z","origin":[6.82821,7.36365,8.125]},"faces":{"north":{"uv":[8.5,0.5,8.625,0.75],"texture":"#1"},"east":{"uv":[1,8.5,1.125,8.75],"texture":"#1"},"south":{"uv":[8.5,1,8.625,1.25],"texture":"#1"},"west":{"uv":[1.5,8.5,1.625,8.75],"texture":"#1"},"up":{"uv":[1.125,10.125,1,10],"texture":"#1"},"down":{"uv":[10.125,1,10,1.125],"texture":"#1"}}},{"from":[7.09658,10.3791,8.125],"to":[7.34658,10.8791,8.375],"rotation":{"angle":22.5,"axis":"z","origin":[7.72158,10.6291,8.375]},"faces":{"north":{"uv":[8.5,1.5,8.625,1.75],"texture":"#1"},"east":{"uv":[2,8.5,2.125,8.75],"texture":"#1"},"south":{"uv":[8.5,2,8.625,2.25],"texture":"#1"},"west":{"uv":[2.5,8.5,2.625,8.75],"texture":"#1"},"up":{"uv":[1.625,10.125,1.5,10],"texture":"#1"},"down":{"uv":[10.125,1.5,10,1.625],"texture":"#1"}}},{"from":[8.75,-3.77395,7.24935],"to":[9.25,-1.27395,8.74935],"rotation":{"angle":0,"axis":"y","origin":[8.5,-2.27395,7.49935]},"faces":{"north":{"uv":[1.5,2.5,1.75,3.75],"texture":"#1"},"east":{"uv":[0,0,0.75,1.25],"texture":"#1"},"south":{"uv":[2.5,2.5,2.75,3.75],"texture":"#1"},"west":{"uv":[1,0,1.75,1.25],"texture":"#1"},"up":{"uv":[4.25,0.75,4,0],"texture":"#1"},"down":{"uv":[0.75,4,0.5,4.75],"texture":"#1"}}},{"from":[8.75,-1.27395,7.5],"to":[9.25,0.72605,8.5],"rotation":{"angle":0,"axis":"y","origin":[8.5,0.72605,7.5]},"faces":{"north":{"uv":[0,3,0.25,4],"texture":"#1"},"east":{"uv":[1,1.5,1.5,2.5],"texture":"#1"},"south":{"uv":[3,0,3.25,1],"texture":"#1"},"west":{"uv":[1.5,1.5,2,2.5],"texture":"#1"},"up":{"uv":[1.75,4.5,1.5,4],"texture":"#1"},"down":{"uv":[4.25,1.5,4,2],"texture":"#1"}}},{"from":[8.625,0.72605,7.45],"to":[9.375,2.97605,8.55],"rotation":{"angle":0,"axis":"y","origin":[8.5,2.72605,7.5]},"faces":{"north":{"uv":[1,2.5,1.375,3.625],"texture":"#1"},"east":{"uv":[0,1.5,0.5,2.625],"texture":"#1"},"south":{"uv":[2.5,1,2.875,2.125],"texture":"#1"},"west":{"uv":[0.5,1.5,1,2.625],"texture":"#1"},"up":{"uv":[1.375,4.5,1,4],"texture":"#1"},"down":{"uv":[4.375,1,4,1.5],"texture":"#1"}}},{"from":[8.75,2.97605,7.45],"to":[9.25,3.32605,8.55],"rotation":{"angle":0,"axis":"y","origin":[7.525,2.72605,7.5]},"faces":{"north":{"uv":[8.5,2.5,8.75,2.625],"texture":"#1"},"east":{"uv":[6.5,5.5,7,5.625],"texture":"#1"},"south":{"uv":[3,8.5,3.25,8.625],"texture":"#1"},"west":{"uv":[6,6.5,6.5,6.625],"texture":"#1"},"up":{"uv":[2.25,4.5,2,4],"texture":"#1"},"down":{"uv":[4.25,2,4,2.5],"texture":"#1"}}},{"from":[8.75,4.32605,7.45],"to":[9.25,4.67605,8.55],"rotation":{"angle":0,"axis":"y","origin":[7.525,2.82605,7.5]},"faces":{"north":{"uv":[8.5,3,8.75,3.125],"texture":"#1"},"east":{"uv":[6.5,6,7,6.125],"texture":"#1"},"south":{"uv":[3.5,8.5,3.75,8.625],"texture":"#1"},"west":{"uv":[6.5,6.5,7,6.625],"texture":"#1"},"up":{"uv":[2.75,4.5,2.5,4],"texture":"#1"},"down":{"uv":[4.25,2.5,4,3],"texture":"#1"}}},{"from":[8.75,2.97605,7.1],"to":[9.25,4.67605,7.45],"rotation":{"angle":0,"axis":"y","origin":[7.525,3.02605,7.7]},"faces":{"north":{"uv":[3.5,2.5,3.75,3.375],"texture":"#1"},"east":{"uv":[4.5,3.5,4.625,4.375],"texture":"#1"},"south":{"uv":[3,3.5,3.25,4.375],"texture":"#1"},"west":{"uv":[4,4.5,4.125,5.375],"texture":"#1"},"up":{"uv":[8.75,3.625,8.5,3.5],"texture":"#1"},"down":{"uv":[4.25,8.5,4,8.625],"texture":"#1"}}},{"from":[8.75,2.97605,8.55],"to":[9.25,4.67605,8.9],"rotation":{"angle":0,"axis":"y","origin":[7.525,3.02605,9.05]},"faces":{"north":{"uv":[3.5,3.5,3.75,4.375],"texture":"#1"},"east":{"uv":[4.5,4.5,4.625,5.375],"texture":"#1"},"south":{"uv":[0,4,0.25,4.875],"texture":"#1"},"west":{"uv":[0,5,0.125,5.875],"texture":"#1"},"up":{"uv":[8.75,4.125,8.5,4],"texture":"#1"},"down":{"uv":[4.75,8.5,4.5,8.625],"texture":"#1"}}},{"from":[8.8,-1.52225,7.9588],"to":[9.2,0.47775,8.9588],"rotation":{"angle":22.5,"axis":"x","origin":[8.5,-0.52225,7.9588]},"faces":{"north":{"uv":[0.5,3,0.75,4],"texture":"#1"},"east":{"uv":[2,0,2.5,1],"texture":"#1"},"south":{"uv":[3,1,3.25,2],"texture":"#1"},"west":{"uv":[2,1,2.5,2],"texture":"#1"},"up":{"uv":[4.25,3.5,4,3],"texture":"#1"},"down":{"uv":[4.25,3.5,4,4],"texture":"#1"}}},{"from":[8.775,0.01894,7.75115],"to":[9.225,1.01894,8.85115],"rotation":{"angle":45,"axis":"x","origin":[8.5,0.01894,7.85115]},"faces":{"north":{"uv":[4,4,4.25,4.5],"texture":"#1"},"east":{"uv":[2,3,2.5,3.5],"texture":"#1"},"south":{"uv":[4.5,0,4.75,0.5],"texture":"#1"},"west":{"uv":[3,2,3.5,2.5],"texture":"#1"},"up":{"uv":[4.75,1,4.5,0.5],"texture":"#1"},"down":{"uv":[1.25,4.5,1,5],"texture":"#1"}}},{"from":[8.775,0.01894,7.14885],"to":[9.225,1.01894,8.24885],"rotation":{"angle":-45,"axis":"x","origin":[8.5,0.01894,8.14885]},"faces":{"north":{"uv":[4.5,1,4.75,1.5],"texture":"#1"},"east":{"uv":[3,2.5,3.5,3],"texture":"#1"},"south":{"uv":[1.5,4.5,1.75,5],"texture":"#1"},"west":{"uv":[3,3,3.5,3.5],"texture":"#1"},"up":{"uv":[4.75,2,4.5,1.5],"texture":"#1"},"down":{"uv":[2.25,4.5,2,5],"texture":"#1"}}},{"from":[8.8,-1.52225,7.0412],"to":[9.2,0.47775,8.0412],"rotation":{"angle":-22.5,"axis":"x","origin":[8.5,-0.52225,8.0412]},"faces":{"north":{"uv":[3.5,0,3.75,1],"texture":"#1"},"east":{"uv":[2,2,2.5,3],"texture":"#1"},"south":{"uv":[3.5,1,3.75,2],"texture":"#1"},"west":{"uv":[2.5,0,3,1],"texture":"#1"},"up":{"uv":[4.75,2.5,4.5,2],"texture":"#1"},"down":{"uv":[2.75,4.5,2.5,5],"texture":"#1"}}},{"from":[8.775,-5.13645,7.12509],"to":[9.225,-4.07395,8.18759],"rotation":{"angle":-45,"axis":"x","origin":[8.5,-3.77395,6.82509]},"faces":{"north":{"uv":[4.5,2.5,4.75,3],"texture":"#1"},"east":{"uv":[2,3.5,2.5,4],"texture":"#1"},"south":{"uv":[3,4.5,3.25,5],"texture":"#1"},"west":{"uv":[3.5,2,4,2.5],"texture":"#1"},"up":{"uv":[4.75,3.5,4.5,3],"texture":"#1"},"down":{"uv":[3.75,4.5,3.5,5],"texture":"#1"}}},{"from":[8.72158,3.9541,7.875],"to":[9.22158,4.2041,8.125],"rotation":{"angle":0,"axis":"y","origin":[8.72158,9.1791,8.375]},"faces":{"north":{"uv":[8.5,4.5,8.75,4.625],"texture":"#1"},"east":{"uv":[2,10,2.125,10.125],"texture":"#1"},"south":{"uv":[5,8.5,5.25,8.625],"texture":"#1"},"west":{"uv":[10,2,10.125,2.125],"texture":"#1"},"up":{"uv":[8.75,5.125,8.5,5],"texture":"#1"},"down":{"uv":[5.75,8.5,5.5,8.625],"texture":"#1"}}},{"from":[8.47158,4.2041,7.875],"to":[8.72158,5.2041,8.125],"rotation":{"angle":0,"axis":"y","origin":[8.72158,9.1791,8.375]},"faces":{"north":{"uv":[0,7,0.125,7.5],"texture":"#1"},"east":{"uv":[7,0,7.125,0.5],"texture":"#1"},"south":{"uv":[0.5,7,0.625,7.5],"texture":"#1"},"west":{"uv":[7,0.5,7.125,1],"texture":"#1"},"up":{"uv":[2.625,10.125,2.5,10],"texture":"#1"},"down":{"uv":[10.125,2.5,10,2.625],"texture":"#1"}}},{"from":[9.22158,4.2041,7.875],"to":[9.47158,5.2041,8.125],"rotation":{"angle":0,"axis":"y","origin":[8.72158,9.1791,8.375]},"faces":{"north":{"uv":[1,7,1.125,7.5],"texture":"#1"},"east":{"uv":[7,1,7.125,1.5],"texture":"#1"},"south":{"uv":[1.5,7,1.625,7.5],"texture":"#1"},"west":{"uv":[7,1.5,7.125,2],"texture":"#1"},"up":{"uv":[3.125,10.125,3,10],"texture":"#1"},"down":{"uv":[10.125,3,10,3.125],"texture":"#1"}}},{"from":[8.72158,5.2041,7.875],"to":[9.22158,5.4541,8.125],"rotation":{"angle":0,"axis":"y","origin":[8.72158,9.1791,8.375]},"faces":{"north":{"uv":[8.5,5.5,8.75,5.625],"texture":"#1"},"east":{"uv":[3.5,10,3.625,10.125],"texture":"#1"},"south":{"uv":[6,8.5,6.25,8.625],"texture":"#1"},"west":{"uv":[10,3.5,10.125,3.625],"texture":"#1"},"up":{"uv":[8.75,6.125,8.5,6],"texture":"#1"},"down":{"uv":[6.75,8.5,6.5,8.625],"texture":"#1"}}},{"from":[8.47158,5.4541,7.875],"to":[8.72158,6.4541,8.125],"rotation":{"angle":0,"axis":"y","origin":[8.72158,9.1791,8.375]},"faces":{"north":{"uv":[2,7,2.125,7.5],"texture":"#1"},"east":{"uv":[7,2,7.125,2.5],"texture":"#1"},"south":{"uv":[2.5,7,2.625,7.5],"texture":"#1"},"west":{"uv":[7,2.5,7.125,3],"texture":"#1"},"up":{"uv":[4.125,10.125,4,10],"texture":"#1"},"down":{"uv":[10.125,4,10,4.125],"texture":"#1"}}},{"from":[9.22158,5.4541,7.875],"to":[9.47158,6.4541,8.125],"rotation":{"angle":0,"axis":"y","origin":[8.72158,9.1791,8.375]},"faces":{"north":{"uv":[3,7,3.125,7.5],"texture":"#1"},"east":{"uv":[7,3,7.125,3.5],"texture":"#1"},"south":{"uv":[3.5,7,3.625,7.5],"texture":"#1"},"west":{"uv":[7,3.5,7.125,4],"texture":"#1"},"up":{"uv":[4.625,10.125,4.5,10],"texture":"#1"},"down":{"uv":[10.125,4.5,10,4.625],"texture":"#1"}}},{"from":[8.72158,6.4541,7.875],"to":[9.22158,6.7041,8.125],"rotation":{"angle":0,"axis":"y","origin":[8.72158,9.1791,8.375]},"faces":{"north":{"uv":[8.5,6.5,8.75,6.625],"texture":"#1"},"east":{"uv":[5,10,5.125,10.125],"texture":"#1"},"south":{"uv":[7,8.5,7.25,8.625],"texture":"#1"},"west":{"uv":[10,5,10.125,5.125],"texture":"#1"},"up":{"uv":[8.75,7.125,8.5,7],"texture":"#1"},"down":{"uv":[7.75,8.5,7.5,8.625],"texture":"#1"}}}],"gui_light":"front","display":{"thirdperson_righthand":{"rotation":[64.9,-14.25,-0.61],"translation":[0,-2.5,1]},"thirdperson_lefthand":{"rotation":[64.9,-14.25,-0.61],"translation":[0,-2.5,1]},"firstperson_righthand":{"rotation":[132.66,-7.68,-16.02],"translation":[0.5,2.25,3.25]},"firstperson_lefthand":{"rotation":[132.66,-7.68,-16.02],"translation":[0.5,2.25,3.25]},"ground":{"rotation":[-8.75,-0.77,10.23],"translation":[0,14,0],"scale":[1.2,1.2,1.2]},"gui":{"rotation":[-41.76,-32.96,-58.67],"translation":[3.75,4,0],"scale":[1.2,1.2,1.2]},"head":{"rotation":[0,0,-36.25],"translation":[0,-20,4],"scale":[1.2,1.2,1.2]},"fixed":{"rotation":[-2.24,-0.35,-41.16],"translation":[2.5,4,0],"scale":[1.2,1.2,1.2]}}}