{"credit":"Naruto RPG","texture_size":[64,64],"textures":{"0":"armas:item/armas_katanafuego","1":"armas:item/armas_katanafuego_2","particle":"armas:item/armas_katanafuego"},"elements":[{"name":"3","from":[7.68376,2.07403,0.32364],"to":[7.68376,12.37803,32],"rotation":{"angle":0,"axis":"y","origin":[7.68376,3.82603,5.99864]},"faces":{"north":{"uv":[9.25,8,9.375,8.625],"texture":"#1"},"east":{"uv":[0,0,16,0],"rotation":90,"texture":"#1"},"south":{"uv":[9.25,9,9.375,9.625],"texture":"#1"},"west":{"uv":[0,0,16,16],"rotation":90,"texture":"#1"},"up":{"uv":[0.125,10.5,0,3.5],"texture":"#1"},"down":{"uv":[0.625,3.5,0.5,10.5],"texture":"#1"}}},{"name":"4","from":[8.31624,2.07403,0.32364],"to":[8.31624,12.37803,32],"rotation":{"angle":0,"axis":"y","origin":[8.31624,3.82603,5.99864]},"faces":{"north":{"uv":[9.375,8,9.25,8.625],"texture":"#1"},"east":{"uv":[0,16,16,0],"rotation":90,"texture":"#1"},"south":{"uv":[9.375,9,9.25,9.625],"texture":"#1"},"west":{"uv":[0,0,16,0],"rotation":90,"texture":"#1"},"up":{"uv":[0,10.5,0.125,3.5],"texture":"#1"},"down":{"uv":[0.5,3.5,0.625,10.5],"texture":"#1"}}},{"name":"2","from":[7.98376,6.69903,0.49864],"to":[7.98376,10.00303,28.59864],"rotation":{"angle":0,"axis":"y","origin":[7.98376,7.45103,4.99864]},"faces":{"north":{"uv":[9.25,8,9.375,8.625],"texture":"#0"},"east":{"uv":[14,13.875,0,15.5],"texture":"#0"},"south":{"uv":[9.25,9,9.375,9.625],"texture":"#0"},"west":{"uv":[0,13.875,14,15.5],"texture":"#0"},"up":{"uv":[0.125,10.5,0,3.5],"texture":"#0"},"down":{"uv":[0.625,3.5,0.5,10.5],"texture":"#0"}}},{"from":[7.5,5,-0.25],"to":[8.5,7.75,1],"rotation":{"angle":0,"axis":"y","origin":[7,5.75,-1]},"faces":{"north":{"uv":[4,5,4.25,5.75],"texture":"#0"},"east":{"uv":[4.5,3.5,4.875,4.25],"texture":"#0"},"south":{"uv":[5.25,3.5,5.5,4.25],"texture":"#0"},"west":{"uv":[4.5,4.5,4.875,5.25],"texture":"#0"},"up":{"uv":[2.75,7.375,2.5,7],"texture":"#0"},"down":{"uv":[7.25,2.75,7,3.125],"texture":"#0"}}},{"from":[7.53254,5.91093,-3.55],"to":[8.43254,6.81093,0.3],"rotation":{"angle":0,"axis":"y","origin":[9.73254,4.74672,-16.1]},"faces":{"north":{"uv":[8,4.25,8.25,4.625],"texture":"#0"},"east":{"uv":[2,3.5,3,3.875],"texture":"#0"},"south":{"uv":[6.75,8,7,8.375],"texture":"#0"},"west":{"uv":[3.25,3.5,4.25,3.875],"texture":"#0"},"up":{"uv":[2.25,6,2,5],"texture":"#0"},"down":{"uv":[2.75,5,2.5,6],"texture":"#0"}}},{"from":[6.76162,5.68593,-4.87432],"to":[7.66162,7.03593,-3.52432],"rotation":{"angle":-22.5,"axis":"y","origin":[7.21162,6.36093,-2.94932]},"faces":{"north":{"uv":[8,6.75,8.25,7.125],"texture":"#0"},"east":{"uv":[4.5,5.5,4.875,5.875],"texture":"#0"},"south":{"uv":[7.25,8,7.5,8.375],"texture":"#0"},"west":{"uv":[5.25,5.5,5.625,5.875],"texture":"#0"},"up":{"uv":[8.25,7.875,8,7.5],"texture":"#0"},"down":{"uv":[8.5,0,8.25,0.375],"texture":"#0"}}},{"from":[7.55754,6.93185,-4.87432],"to":[8.38254,7.83185,-3.52432],"rotation":{"angle":-22.5,"axis":"x","origin":[8.23254,7.38185,-2.94932]},"faces":{"north":{"uv":[9.75,1.75,10,2],"texture":"#0"},"east":{"uv":[8,2.5,8.375,2.75],"texture":"#0"},"south":{"uv":[9.75,2.25,10,2.5],"texture":"#0"},"west":{"uv":[8.25,0.75,8.625,1],"texture":"#0"},"up":{"uv":[8.5,3.375,8.25,3],"texture":"#0"},"down":{"uv":[8.5,5,8.25,5.375],"texture":"#0"}}},{"from":[8.30346,5.68593,-4.87432],"to":[9.20346,7.03593,-3.52432],"rotation":{"angle":22.5,"axis":"y","origin":[8.75346,6.36093,-2.94932]},"faces":{"north":{"uv":[6,8.25,6.25,8.625],"texture":"#0"},"east":{"uv":[5.75,3.5,6.125,3.875],"texture":"#0"},"south":{"uv":[7.75,8.25,8,8.625],"texture":"#0"},"west":{"uv":[6,5.5,6.375,5.875],"texture":"#0"},"up":{"uv":[8.5,8.625,8.25,8.25],"texture":"#0"},"down":{"uv":[8.75,1.25,8.5,1.625],"texture":"#0"}}},{"from":[7.55754,4.89001,-4.87432],"to":[8.38254,5.79001,-3.52432],"rotation":{"angle":22.5,"axis":"x","origin":[8.23254,5.34001,-2.94932]},"faces":{"north":{"uv":[9.75,4.25,10,4.5],"texture":"#0"},"east":{"uv":[2,8.5,2.375,8.75],"texture":"#0"},"south":{"uv":[9.75,4.75,10,5],"texture":"#0"},"west":{"uv":[8.5,2,8.875,2.25],"texture":"#0"},"up":{"uv":[3,8.875,2.75,8.5],"texture":"#0"},"down":{"uv":[3.5,8.5,3.25,8.875],"texture":"#0"}}},{"from":[7.73254,5.86093,-7.45],"to":[8.23254,6.86093,-4.6],"rotation":{"angle":0,"axis":"y","origin":[9.73254,4.74672,-21]},"faces":{"north":{"uv":[7.5,10.75,7.625,11],"texture":"#0"},"east":{"uv":[5.25,4.5,6,4.75],"texture":"#0"},"south":{"uv":[10.75,7.75,10.875,8],"texture":"#0"},"west":{"uv":[5.25,5,6,5.25],"texture":"#0"},"up":{"uv":[8.125,2.25,8,1.5],"texture":"#0"},"down":{"uv":[8.125,5.75,8,6.5],"texture":"#0"}}},{"from":[7.53254,5.91093,-12.3],"to":[8.43254,6.81093,-8.45],"rotation":{"angle":0,"axis":"y","origin":[9.73254,4.74672,4.1]},"faces":{"north":{"uv":[3.75,8.5,4,8.875],"texture":"#0"},"east":{"uv":[2,4.25,3,4.625],"texture":"#0"},"south":{"uv":[8.5,3.75,8.75,4.125],"texture":"#0"},"west":{"uv":[3.25,4.25,4.25,4.625],"texture":"#0"},"up":{"uv":[3.25,6,3,5],"texture":"#0"},"down":{"uv":[3.75,5,3.5,6],"texture":"#0"}}},{"from":[6.76162,5.68593,-8.47568],"to":[7.66162,7.03593,-7.12568],"rotation":{"angle":22.5,"axis":"y","origin":[7.21162,6.36093,-9.05068]},"faces":{"north":{"uv":[8.5,6.5,8.75,6.875],"texture":"#0"},"east":{"uv":[2,6.25,2.375,6.625],"texture":"#0"},"south":{"uv":[8.5,7.25,8.75,7.625],"texture":"#0"},"west":{"uv":[2.75,6.25,3.125,6.625],"texture":"#0"},"up":{"uv":[9,0.375,8.75,0],"texture":"#0"},"down":{"uv":[9,2.5,8.75,2.875],"texture":"#0"}}},{"from":[7.55754,6.93185,-8.47568],"to":[8.38254,7.83185,-7.12568],"rotation":{"angle":22.5,"axis":"x","origin":[8.23254,7.38185,-9.05068]},"faces":{"north":{"uv":[9.75,5.75,10,6],"texture":"#0"},"east":{"uv":[8.5,4.5,8.875,4.75],"texture":"#0"},"south":{"uv":[9.75,6.25,10,6.5],"texture":"#0"},"west":{"uv":[8.75,3.25,9.125,3.5],"texture":"#0"},"up":{"uv":[9,5.375,8.75,5],"texture":"#0"},"down":{"uv":[6.75,8.75,6.5,9.125],"texture":"#0"}}},{"from":[8.30346,5.68593,-8.47568],"to":[9.20346,7.03593,-7.12568],"rotation":{"angle":-22.5,"axis":"y","origin":[8.75346,6.36093,-9.05068]},"faces":{"north":{"uv":[7,8.75,7.25,9.125],"texture":"#0"},"east":{"uv":[3.5,6.25,3.875,6.625],"texture":"#0"},"south":{"uv":[8.75,8,9,8.375],"texture":"#0"},"west":{"uv":[4.25,6.25,4.625,6.625],"texture":"#0"},"up":{"uv":[9,9.125,8.75,8.75],"texture":"#0"},"down":{"uv":[9.25,0.75,9,1.125],"texture":"#0"}}},{"from":[7.55754,4.89001,-8.47568],"to":[8.38254,5.79001,-7.12568],"rotation":{"angle":-22.5,"axis":"x","origin":[8.23254,5.34001,-9.05068]},"faces":{"north":{"uv":[7.25,9.75,7.5,10],"texture":"#0"},"east":{"uv":[9,1.5,9.375,1.75],"texture":"#0"},"south":{"uv":[9.75,7.25,10,7.5],"texture":"#0"},"west":{"uv":[2,9,2.375,9.25],"texture":"#0"},"up":{"uv":[9.25,4.125,9,3.75],"texture":"#0"},"down":{"uv":[6,9,5.75,9.375],"texture":"#0"}}},{"from":[6.84708,5.73493,-13.4563],"to":[7.68408,6.98693,-12.2008],"rotation":{"angle":22.5,"axis":"y","origin":[7.26558,6.36093,-13.99105]},"faces":{"north":{"uv":[4.25,9.25,4.5,9.625],"texture":"#0"},"east":{"uv":[5.75,6.25,6.125,6.625],"texture":"#0"},"south":{"uv":[9.25,4.5,9.5,4.875],"texture":"#0"},"west":{"uv":[6.5,3.5,6.875,3.875],"texture":"#0"},"up":{"uv":[5,9.625,4.75,9.25],"texture":"#0"},"down":{"uv":[5.5,9.25,5.25,9.625],"texture":"#0"}}},{"from":[7.58904,4.99297,-13.4563],"to":[8.35279,5.82997,-12.2008],"rotation":{"angle":-22.5,"axis":"x","origin":[8.21504,5.41147,-13.99105]},"faces":{"north":{"uv":[9.75,8.25,10,8.5],"texture":"#0"},"east":{"uv":[9,7.5,9.375,7.75],"texture":"#0"},"south":{"uv":[9.75,8.75,10,9],"texture":"#0"},"west":{"uv":[9.25,2.75,9.625,3],"texture":"#0"},"up":{"uv":[3.5,9.625,3.25,9.25],"texture":"#0"},"down":{"uv":[4,9.25,3.75,9.625],"texture":"#0"}}},{"from":[8.281,5.73493,-13.4563],"to":[9.118,6.98693,-12.2008],"rotation":{"angle":-22.5,"axis":"y","origin":[8.6995,6.36093,-13.99105]},"faces":{"north":{"uv":[8,9,8.25,9.375],"texture":"#0"},"east":{"uv":[6.25,4.25,6.625,4.625],"texture":"#0"},"south":{"uv":[9.25,0,9.5,0.375],"texture":"#0"},"west":{"uv":[5,6.25,5.375,6.625],"texture":"#0"},"up":{"uv":[9.5,2.375,9.25,2],"texture":"#0"},"down":{"uv":[3,9.25,2.75,9.625],"texture":"#0"}}},{"from":[7.58904,6.89189,-13.4563],"to":[8.35279,7.72889,-12.2008],"rotation":{"angle":22.5,"axis":"x","origin":[8.21504,7.31039,-13.99105]},"faces":{"north":{"uv":[7.75,9.75,8,10],"texture":"#0"},"east":{"uv":[9,5.75,9.375,6],"texture":"#0"},"south":{"uv":[9.75,7.75,10,8],"texture":"#0"},"west":{"uv":[9,6.25,9.375,6.5],"texture":"#0"},"up":{"uv":[9.25,7.125,9,6.75],"texture":"#0"},"down":{"uv":[7.75,9,7.5,9.375],"texture":"#0"}}},{"from":[7.70354,5.70993,-13.94392],"to":[8.54054,7.01193,-13.15342],"rotation":{"angle":45,"axis":"y","origin":[8.12204,6.36093,-13.31617]},"faces":{"north":{"uv":[4.25,8.5,4.5,8.875],"texture":"#0"},"east":{"uv":[4.75,8.5,5,8.875],"texture":"#0"},"south":{"uv":[5.25,8.5,5.5,8.875],"texture":"#0"},"west":{"uv":[8.5,5.75,8.75,6.125],"texture":"#0"},"up":{"uv":[10,5.5,9.75,5.25],"texture":"#0"},"down":{"uv":[6,9.75,5.75,10],"texture":"#0"}}},{"from":[7.625,3.95,0.075],"to":[8.375,5.2,0.825],"rotation":{"angle":-22.5,"axis":"x","origin":[8,4.325,0.45]},"faces":{"north":{"uv":[3,7,3.25,7.375],"texture":"#0"},"east":{"uv":[3.5,7,3.75,7.375],"texture":"#0"},"south":{"uv":[4,7,4.25,7.375],"texture":"#0"},"west":{"uv":[7,4.25,7.25,4.625],"texture":"#0"},"up":{"uv":[6.5,5.25,6.25,5],"texture":"#0"},"down":{"uv":[9.5,5.25,9.25,5.5],"texture":"#0"}}},{"from":[7.725,3.36955,0.77228],"to":[8.275,4.36955,1.42228],"rotation":{"angle":-45,"axis":"x","origin":[8,3.49455,1.14728]},"faces":{"north":{"uv":[10.75,4.5,10.875,4.75],"texture":"#0"},"east":{"uv":[5,10.75,5.25,11],"texture":"#0"},"south":{"uv":[10.75,5,10.875,5.25],"texture":"#0"},"west":{"uv":[5.375,10.75,5.625,11],"texture":"#0"},"up":{"uv":[11.875,9.125,11.75,9],"texture":"#0"},"down":{"uv":[9.625,11.75,9.5,11.875],"texture":"#0"}}},{"from":[7.75,3.12561,0.98012],"to":[8.25,3.60061,1.43012],"rotation":{"angle":0,"axis":"y","origin":[8,3.32561,1.30512]},"faces":{"north":{"uv":[11.75,9.5,11.875,9.625],"texture":"#0"},"east":{"uv":[10,11.75,10.125,11.875],"texture":"#0"},"south":{"uv":[11.75,10,11.875,10.125],"texture":"#0"},"west":{"uv":[10.5,11.75,10.625,11.875],"texture":"#0"},"up":{"uv":[11.125,11.875,11,11.75],"texture":"#0"},"down":{"uv":[12.125,0.5,12,0.625],"texture":"#0"}}},{"from":[7.675,4.35,0.075],"to":[8.325,5.6,0.825],"rotation":{"angle":0,"axis":"y","origin":[8,4.725,0.45]},"faces":{"north":{"uv":[6.75,10,6.875,10.375],"texture":"#0"},"east":{"uv":[7.75,5,8,5.375],"texture":"#0"},"south":{"uv":[8.25,10,8.375,10.375],"texture":"#0"},"west":{"uv":[5.5,7.75,5.75,8.125],"texture":"#0"},"up":{"uv":[10.875,4.25,10.75,4],"texture":"#0"},"down":{"uv":[4.625,10.75,4.5,11],"texture":"#0"}}},{"from":[7.625,7.525,0.075],"to":[8.375,8.775,0.825],"rotation":{"angle":22.5,"axis":"x","origin":[8,8.4,0.45]},"faces":{"north":{"uv":[3.5,7.75,3.75,8.125],"texture":"#0"},"east":{"uv":[4,7.75,4.25,8.125],"texture":"#0"},"south":{"uv":[4.5,7.75,4.75,8.125],"texture":"#0"},"west":{"uv":[5,7.75,5.25,8.125],"texture":"#0"},"up":{"uv":[10,0.25,9.75,0],"texture":"#0"},"down":{"uv":[10,1.25,9.75,1.5],"texture":"#0"}}},{"from":[7.725,8.35545,0.77228],"to":[8.275,9.35545,1.42228],"rotation":{"angle":45,"axis":"x","origin":[8,9.23045,1.14728]},"faces":{"north":{"uv":[10.25,9.75,10.375,10],"texture":"#0"},"east":{"uv":[10.25,10.25,10.5,10.5],"texture":"#0"},"south":{"uv":[10.5,0.5,10.625,0.75],"texture":"#0"},"west":{"uv":[0.875,10.5,1.125,10.75],"texture":"#0"},"up":{"uv":[11.375,6.125,11.25,6],"texture":"#0"},"down":{"uv":[6.625,11.25,6.5,11.375],"texture":"#0"}}},{"from":[7.75,9.12439,0.98012],"to":[8.25,9.59939,1.43012],"rotation":{"angle":0,"axis":"y","origin":[8,9.39939,1.30512]},"faces":{"north":{"uv":[8,10.75,8.125,10.875],"texture":"#0"},"east":{"uv":[10.75,8.25,10.875,8.375],"texture":"#0"},"south":{"uv":[8.5,10.75,8.625,10.875],"texture":"#0"},"west":{"uv":[10.75,8.75,10.875,8.875],"texture":"#0"},"up":{"uv":[9.125,10.875,9,10.75],"texture":"#0"},"down":{"uv":[10.875,9.25,10.75,9.375],"texture":"#0"}}},{"from":[7.675,7.125,0.075],"to":[8.325,8.375,0.825],"rotation":{"angle":0,"axis":"y","origin":[8,8,0.45]},"faces":{"north":{"uv":[9.75,9.25,9.875,9.625],"texture":"#0"},"east":{"uv":[4.5,7,4.75,7.375],"texture":"#0"},"south":{"uv":[10,0.5,10.125,0.875],"texture":"#0"},"west":{"uv":[5,7,5.25,7.375],"texture":"#0"},"up":{"uv":[10.125,7,10,6.75],"texture":"#0"},"down":{"uv":[10.375,0,10.25,0.25],"texture":"#0"}}},{"from":[6.525,6.59599,0.43499],"to":[7.075,7.24599,1.43499],"rotation":{"angle":0,"axis":"y","origin":[6.8,6.91759,1.18499]},"faces":{"north":{"uv":[3,11.75,3.125,11.875],"texture":"#0"},"east":{"uv":[10.75,1,11,1.125],"texture":"#0"},"south":{"uv":[3.375,11.75,3.625,11.875],"texture":"#0"},"west":{"uv":[10.75,1.5,11,1.625],"texture":"#0"},"up":{"uv":[2.125,11,2,10.75],"texture":"#0"},"down":{"uv":[10.875,2,10.75,2.25],"texture":"#0"}}},{"from":[6.55,6.86696,1.13917],"to":[7.05,7.31696,1.58917],"rotation":{"angle":45,"axis":"x","origin":[6.8,6.91759,1.18499]},"faces":{"north":{"uv":[7,11.25,7.125,11.375],"texture":"#0"},"east":{"uv":[11.25,7,11.375,7.125],"texture":"#0"},"south":{"uv":[7.5,11.25,7.625,11.375],"texture":"#0"},"west":{"uv":[11.25,7.5,11.375,7.625],"texture":"#0"},"up":{"uv":[8.125,11.375,8,11.25],"texture":"#0"},"down":{"uv":[11.375,8,11.25,8.125],"texture":"#0"}}},{"from":[6.525,5.34599,0.43499],"to":[7.075,5.99599,1.43499],"rotation":{"angle":0,"axis":"y","origin":[6.8,5.66759,1.18499]},"faces":{"north":{"uv":[11.75,8.5,11.875,8.625],"texture":"#0"},"east":{"uv":[2.5,10.75,2.75,10.875],"texture":"#0"},"south":{"uv":[8.875,11.75,9.125,11.875],"texture":"#0"},"west":{"uv":[3,10.75,3.25,10.875],"texture":"#0"},"up":{"uv":[3.625,11,3.5,10.75],"texture":"#0"},"down":{"uv":[4.125,10.75,4,11],"texture":"#0"}}},{"from":[6.55,5.61696,1.13917],"to":[7.05,6.06696,1.58917],"rotation":{"angle":45,"axis":"x","origin":[6.8,5.66759,1.18499]},"faces":{"north":{"uv":[11.75,7,11.875,7.125],"texture":"#0"},"east":{"uv":[7.5,11.75,7.625,11.875],"texture":"#0"},"south":{"uv":[11.75,7.5,11.875,7.625],"texture":"#0"},"west":{"uv":[8,11.75,8.125,11.875],"texture":"#0"},"up":{"uv":[11.875,8.125,11.75,8],"texture":"#0"},"down":{"uv":[8.625,11.75,8.5,11.875],"texture":"#0"}}},{"from":[6.62123,6.62099,-0.04733],"to":[7.17123,7.22099,0.70267],"rotation":{"angle":-45,"axis":"y","origin":[6.89623,6.91759,0.45267]},"faces":{"north":{"uv":[4,11.75,4.125,11.875],"texture":"#0"},"east":{"uv":[11.75,4,11.875,4.125],"texture":"#0"},"south":{"uv":[4.5,11.75,4.625,11.875],"texture":"#0"},"west":{"uv":[11.75,4.5,11.875,4.625],"texture":"#0"},"up":{"uv":[5.125,11.875,5,11.75],"texture":"#0"},"down":{"uv":[11.875,5,11.75,5.125],"texture":"#0"}}},{"from":[7.05533,6.62099,-0.09534],"to":[8.95533,7.22099,0.45466],"rotation":{"angle":0,"axis":"y","origin":[7.30533,6.91759,0.17966]},"faces":{"north":{"uv":[11.75,4.5,11.875,4.625],"texture":"#0"},"east":{"uv":[4,11.75,4.125,11.875],"texture":"#0"},"south":{"uv":[11.75,4,11.875,4.125],"texture":"#0"},"west":{"uv":[4.5,11.75,4.625,11.875],"texture":"#0"},"up":{"uv":[5.125,11.875,5,11.75],"rotation":90,"texture":"#0"},"down":{"uv":[11.875,5,11.75,5.125],"rotation":270,"texture":"#0"}}},{"from":[7.05533,5.37099,-0.09534],"to":[8.95533,5.97099,0.45466],"rotation":{"angle":0,"axis":"y","origin":[7.30533,5.66759,0.17966]},"faces":{"north":{"uv":[11.75,4.5,11.875,4.625],"texture":"#0"},"east":{"uv":[4,11.75,4.125,11.875],"texture":"#0"},"south":{"uv":[11.75,4,11.875,4.125],"texture":"#0"},"west":{"uv":[4.5,11.75,4.625,11.875],"texture":"#0"},"up":{"uv":[5.125,11.875,5,11.75],"rotation":90,"texture":"#0"},"down":{"uv":[11.875,5,11.75,5.125],"rotation":270,"texture":"#0"}}},{"from":[6.62123,5.37099,-0.04733],"to":[7.17123,5.97099,0.70267],"rotation":{"angle":-45,"axis":"y","origin":[6.89623,5.66759,0.45267]},"faces":{"north":{"uv":[5.5,11.75,5.625,11.875],"texture":"#0"},"east":{"uv":[11.75,5.5,11.875,5.625],"texture":"#0"},"south":{"uv":[6,11.75,6.125,11.875],"texture":"#0"},"west":{"uv":[11.75,6,11.875,6.125],"texture":"#0"},"up":{"uv":[6.625,11.875,6.5,11.75],"texture":"#0"},"down":{"uv":[7.125,11.75,7,11.875],"texture":"#0"}}},{"from":[8.925,5.34599,0.43499],"to":[9.475,5.99599,1.43499],"rotation":{"angle":0,"axis":"y","origin":[9.2,5.66759,1.18499]},"faces":{"north":{"uv":[11.875,8.5,11.75,8.625],"texture":"#0"},"east":{"uv":[3.25,10.75,3,10.875],"texture":"#0"},"south":{"uv":[9.125,11.75,8.875,11.875],"texture":"#0"},"west":{"uv":[2.75,10.75,2.5,10.875],"texture":"#0"},"up":{"uv":[3.5,11,3.625,10.75],"texture":"#0"},"down":{"uv":[4,10.75,4.125,11],"texture":"#0"}}},{"from":[8.95,5.61696,1.13917],"to":[9.45,6.06696,1.58917],"rotation":{"angle":45,"axis":"x","origin":[9.2,5.66759,1.18499]},"faces":{"north":{"uv":[11.875,7,11.75,7.125],"texture":"#0"},"east":{"uv":[8.125,11.75,8,11.875],"texture":"#0"},"south":{"uv":[11.875,7.5,11.75,7.625],"texture":"#0"},"west":{"uv":[7.625,11.75,7.5,11.875],"texture":"#0"},"up":{"uv":[11.75,8.125,11.875,8],"texture":"#0"},"down":{"uv":[8.5,11.75,8.625,11.875],"texture":"#0"}}},{"from":[8.95,6.86696,1.13917],"to":[9.45,7.31696,1.58917],"rotation":{"angle":45,"axis":"x","origin":[9.2,6.91759,1.18499]},"faces":{"north":{"uv":[7.125,11.25,7,11.375],"texture":"#0"},"east":{"uv":[11.375,7.5,11.25,7.625],"texture":"#0"},"south":{"uv":[7.625,11.25,7.5,11.375],"texture":"#0"},"west":{"uv":[11.375,7,11.25,7.125],"texture":"#0"},"up":{"uv":[8,11.375,8.125,11.25],"texture":"#0"},"down":{"uv":[11.25,8,11.375,8.125],"texture":"#0"}}},{"from":[8.925,6.59599,0.43499],"to":[9.475,7.24599,1.43499],"rotation":{"angle":0,"axis":"y","origin":[9.2,6.91759,1.18499]},"faces":{"north":{"uv":[3.125,11.75,3,11.875],"texture":"#0"},"east":{"uv":[11,1.5,10.75,1.625],"texture":"#0"},"south":{"uv":[3.625,11.75,3.375,11.875],"texture":"#0"},"west":{"uv":[11,1,10.75,1.125],"texture":"#0"},"up":{"uv":[2,11,2.125,10.75],"texture":"#0"},"down":{"uv":[10.75,2,10.875,2.25],"texture":"#0"}}},{"from":[8.82877,6.62099,-0.04733],"to":[9.37877,7.22099,0.70267],"rotation":{"angle":45,"axis":"y","origin":[9.10377,6.91759,0.45267]},"faces":{"north":{"uv":[4.125,11.75,4,11.875],"texture":"#0"},"east":{"uv":[11.875,4.5,11.75,4.625],"texture":"#0"},"south":{"uv":[4.625,11.75,4.5,11.875],"texture":"#0"},"west":{"uv":[11.875,4,11.75,4.125],"texture":"#0"},"up":{"uv":[5,11.875,5.125,11.75],"texture":"#0"},"down":{"uv":[11.75,5,11.875,5.125],"texture":"#0"}}},{"from":[8.82877,5.37099,-0.04733],"to":[9.37877,5.97099,0.70267],"rotation":{"angle":45,"axis":"y","origin":[9.10377,5.66759,0.45267]},"faces":{"north":{"uv":[5.625,11.75,5.5,11.875],"texture":"#0"},"east":{"uv":[11.875,6,11.75,6.125],"texture":"#0"},"south":{"uv":[6.125,11.75,6,11.875],"texture":"#0"},"west":{"uv":[11.875,5.5,11.75,5.625],"texture":"#0"},"up":{"uv":[6.5,11.875,6.625,11.75],"texture":"#0"},"down":{"uv":[7,11.75,7.125,11.875],"texture":"#0"}}},{"from":[7.55,5.95,-14.8],"to":[8.35,6.75,-13.55],"rotation":{"angle":0,"axis":"y","origin":[6.95,5.35,-15.55]},"faces":{"north":{"uv":[12,3.125,12.5,3.375],"texture":"#0"},"east":{"uv":[12,3.125,12.5,3.375],"texture":"#0"},"south":{"uv":[12,2.375,12.5,2.625],"texture":"#0"},"west":{"uv":[12,2.875,12.5,3.125],"texture":"#0"},"up":{"uv":[12.5,2.375,13,2.875],"texture":"#0"},"down":{"uv":[13,2.375,13.5,2.875],"texture":"#0"}}},{"from":[7.45022,5.975,-14.9091],"to":[8.02522,6.725,-14.3341],"rotation":{"angle":45,"axis":"y","origin":[7.62522,6.35,-14.9591]},"faces":{"north":{"uv":[12.25,3.375,12.375,3.625],"texture":"#0"},"east":{"uv":[12,3.375,12.125,3.625],"texture":"#0"},"south":{"uv":[12.5,2.875,12.625,3.125],"texture":"#0"},"west":{"uv":[12.5,3.625,12.625,3.875],"texture":"#0"},"up":{"uv":[12.5,3.125,12.625,3.375],"texture":"#0"},"down":{"uv":[12.5,3.375,12.625,3.625],"texture":"#0"}}},{"from":[7.85876,6.14304,27.49665],"to":[8.10876,6.69904,28.54665],"rotation":{"angle":0,"axis":"y","origin":[7.98376,5.64504,10.99665]},"faces":{"north":{"uv":[1,12,1.125,12.125],"texture":"#0"},"east":{"uv":[10.75,5.5,11,5.625],"texture":"#0"},"south":{"uv":[1.5,12,1.625,12.125],"texture":"#0"},"west":{"uv":[6,10.75,6.25,10.875],"texture":"#0"},"up":{"uv":[10.875,6.25,10.75,6],"texture":"#0"},"down":{"uv":[6.625,10.75,6.5,11],"texture":"#0"}}},{"from":[7.88376,5.20894,27.22364],"to":[8.08376,5.98394,28.70564],"rotation":{"angle":-45,"axis":"x","origin":[7.98376,5.48394,27.49864]},"faces":{"north":{"uv":[7,10.75,7.125,11],"texture":"#0"},"east":{"uv":[7.75,3.75,8.125,4],"texture":"#0"},"south":{"uv":[10.75,7.25,10.875,7.5],"texture":"#0"},"west":{"uv":[6,7.75,6.375,8],"texture":"#0"},"up":{"uv":[8.875,10.375,8.75,10],"texture":"#0"},"down":{"uv":[9.375,10,9.25,10.375],"texture":"#0"}}},{"from":[7.85876,5.09503,0.49864],"to":[8.10876,6.69903,27.49864],"rotation":{"angle":0,"axis":"y","origin":[7.98376,5.89703,4.99864]},"faces":{"north":{"uv":[9.75,10,9.875,10.375],"texture":"#0"},"east":{"uv":[0,2,6.75,2.375],"texture":"#0"},"south":{"uv":[10.25,1.25,10.375,1.625],"texture":"#0"},"west":{"uv":[0,2.75,6.75,3.125],"texture":"#0"},"up":{"uv":[1.125,10.25,1,3.5],"texture":"#0"},"down":{"uv":[1.625,3.5,1.5,10.25],"texture":"#0"}}}],"gui_light":"front","display":{"thirdperson_righthand":{"rotation":[90,180,0],"translation":[0.25,11,3.75]},"thirdperson_lefthand":{"rotation":[-6.75,0,180],"translation":[0.25,1.5,23]},"firstperson_righthand":{"rotation":[-118.25,8.83,-172.78],"translation":[3,8,-1.5]},"firstperson_lefthand":{"rotation":[-78.75,0,180],"translation":[0.25,9,4]},"ground":{"rotation":[-74.77,13.68,-13.47],"translation":[0,20.5,0]},"gui":{"rotation":[-90,44.25,90],"translation":[-0.5,0.75,0.25],"scale":[0.5,0.5625,0.5]},"head":{"rotation":[90,-44.25,-90],"translation":[5.5,-14.75,4.5],"scale":[1.3,1.3,1.3]},"fixed":{"rotation":[-90,44.25,90],"translation":[-0.5,1,0.25],"scale":[0.7,0.7,0.7]}}}