{"credit":"Naruto RPG","texture_size":[128,128],"textures":{"0":"armas:item/armas_bombahumo","particle":"armas:item/armas_bombahumo"},"elements":[{"from":[-1.84,0,-1.84],"to":[17.84,20.91,17.84],"rotation":{"angle":0,"axis":"y","origin":[-1.84,0,-1.84]},"faces":{"north":{"uv":[0,0,2.4375,2.625],"texture":"#0"},"east":{"uv":[2.5,0,4.9375,2.625],"texture":"#0"},"south":{"uv":[0,2.625,2.4375,5.25],"texture":"#0"},"west":{"uv":[2.5,2.625,4.9375,5.25],"texture":"#0"},"up":{"uv":[7.4375,2.4375,5,0],"texture":"#0"},"down":{"uv":[7.4375,2.4375,5,0],"texture":"#0"}}},{"from":[-4.3,2.46,0.62],"to":[-1.84,18.45,15.38],"rotation":{"angle":0,"axis":"y","origin":[-21.52,0,-1.84]},"faces":{"north":{"uv":[3.75,9,4.0625,11],"texture":"#0"},"east":{"uv":[5,5,6.875,7],"texture":"#0"},"south":{"uv":[4.125,9,4.4375,11],"texture":"#0"},"west":{"uv":[3.75,7.25,1.875,9.25],"texture":"#0"},"up":{"uv":[0.3125,11.125,0,9.25],"texture":"#0"},"down":{"uv":[1.4375,9.25,1.125,11.125],"texture":"#0"}}},{"from":[17.84,2.46,0.62],"to":[20.3,18.45,15.38],"rotation":{"angle":0,"axis":"y","origin":[19.07,10.455,8]},"faces":{"north":{"uv":[4.5,9,4.8125,11],"texture":"#0"},"east":{"uv":[3.75,7.25,1.875,9.25],"texture":"#0"},"south":{"uv":[4.875,9,5.1875,11],"texture":"#0"},"west":{"uv":[6.875,5,8.75,7],"texture":"#0"},"up":{"uv":[1.0625,11.125,0.75,9.25],"texture":"#0"},"down":{"uv":[1.4375,9.25,1.125,11.125],"texture":"#0"}}},{"from":[0.62,2.46,17.84],"to":[15.38,18.45,20.3],"rotation":{"angle":0,"axis":"y","origin":[8,10.455,19.07]},"faces":{"north":{"uv":[0,7.25,1.875,9.25],"texture":"#0"},"east":{"uv":[6,9,6.3125,11],"texture":"#0"},"south":{"uv":[1.875,7.25,3.75,9.25],"texture":"#0"},"west":{"uv":[6.375,9,6.6875,11],"texture":"#0"},"up":{"uv":[11.25,0.6875,9.375,0.375],"texture":"#0"},"down":{"uv":[11.25,0.75,9.375,1.0625],"texture":"#0"}}},{"from":[0.62,2.46,-4.3],"to":[15.38,18.45,-1.84],"rotation":{"angle":0,"axis":"y","origin":[8,10.455,-3.07]},"faces":{"north":{"uv":[3.75,7.25,1.875,9.25],"texture":"#0"},"east":{"uv":[6.3125,9,6,11],"texture":"#0"},"south":{"uv":[1.875,7.25,0,9.25],"texture":"#0"},"west":{"uv":[6.6875,9,6.375,11],"texture":"#0"},"up":{"uv":[11.25,0.375,9.375,0.6875],"texture":"#0"},"down":{"uv":[11.25,1.0625,9.375,0.75],"texture":"#0"}}},{"from":[0.62,20.295,0.005],"to":[15.38,22.755,15.995],"rotation":{"angle":0,"axis":"y","origin":[8,21.525,8]},"faces":{"north":{"uv":[9.375,1.125,11.25,1.4375],"texture":"#0"},"east":{"uv":[8.75,6,10.75,6.3125],"texture":"#0"},"south":{"uv":[9.375,1.5,11.25,1.8125],"texture":"#0"},"west":{"uv":[8.75,6.375,10.75,6.6875],"texture":"#0"},"up":{"uv":[9.375,2,7.5,0],"texture":"#0"},"down":{"uv":[9.375,2,7.5,4],"texture":"#0"}}},{"from":[0.62,-1.845,0.005],"to":[15.38,0.615,15.995],"rotation":{"angle":0,"axis":"y","origin":[8,-0.615,8]},"faces":{"north":{"uv":[9.375,1.125,11.25,1.4375],"texture":"#0"},"east":{"uv":[8.75,6,10.75,6.3125],"texture":"#0"},"south":{"uv":[9.375,1.5,11.25,1.8125],"texture":"#0"},"west":{"uv":[8.75,6.375,10.75,6.6875],"texture":"#0"},"up":{"uv":[9.375,9,7.5,7],"texture":"#0"},"down":{"uv":[9.375,2,7.5,0],"texture":"#0"}}}],"gui_light":"front","display":{"thirdperson_righthand":{"rotation":[90,0,0],"translation":[0.5,2,1],"scale":[0.17,0.17,0.17]},"thirdperson_lefthand":{"rotation":[90,0,0],"translation":[0.5,2,1],"scale":[0.17,0.17,0.17]},"firstperson_righthand":{"rotation":[90,0,0],"translation":[0.5,3,1],"scale":[0.17,0.17,0.17]},"firstperson_lefthand":{"rotation":[90,0,0],"translation":[0.5,3,1],"scale":[0.17,0.17,0.17]},"ground":{"rotation":[90,0,0],"translation":[0.5,3,1],"scale":[0.2,0.2,0.2]},"gui":{"rotation":[0,-77.25,0],"translation":[0,-1.5,0],"scale":[0.4,0.4,0.4]},"head":{"translation":[0,-39.25,0],"scale":[0.25,0.25,0.25]},"fixed":{"rotation":[0,-77.25,0],"translation":[0,-1.5,0],"scale":[0.3,0.3,0.3]}}}