{"credit":"Naruto RPG","texture_size":[32,32],"textures":{"1":"armas:item/armas_hachadesert"},"elements":[{"from":[7.475,-4,7.475],"to":[8.525,6,8.525],"rotation":{"angle":0,"axis":"y","origin":[7.5,-3,6.5]},"faces":{"north":{"uv":[4,0,4.5,5],"texture":"#1"},"east":{"uv":[4.5,0,5,5],"texture":"#1"},"south":{"uv":[0,5,0.5,10],"texture":"#1"},"west":{"uv":[5,0,5.5,5],"texture":"#1"},"up":{"uv":[7,4,6.5,3.5],"texture":"#1"},"down":{"uv":[6,9,5.5,9.5],"texture":"#1"}}},{"name":"2s","from":[7.425,-4,7.425],"to":[8.575,6,8.575],"rotation":{"angle":0,"axis":"y","origin":[7.5,-3,6.5]},"faces":{"north":{"uv":[0,0,0.625,5],"texture":"#1"},"east":{"uv":[1,0,1.625,5],"texture":"#1"},"south":{"uv":[2,0,2.625,5],"texture":"#1"},"west":{"uv":[3,0,3.625,5],"texture":"#1"},"up":{"uv":[8.125,7.625,7.5,7],"texture":"#1"},"down":{"uv":[8.625,0,8,0.625],"texture":"#1"}}},{"from":[7.275,-5,7.375],"to":[8.725,-4,8.625],"rotation":{"angle":0,"axis":"y","origin":[7.5,-4,6.5]},"faces":{"north":{"uv":[8,1,8.75,1.5],"texture":"#1"},"east":{"uv":[8,6.5,8.625,7],"texture":"#1"},"south":{"uv":[8,1.5,8.75,2],"texture":"#1"},"west":{"uv":[8.5,3,9.125,3.5],"texture":"#1"},"up":{"uv":[4.75,7.625,4,7],"texture":"#1"},"down":{"uv":[7.75,5,7,5.625],"texture":"#1"}}},{"from":[7.275,1,7.375],"to":[8.725,2,8.625],"rotation":{"angle":0,"axis":"y","origin":[7.5,2,6.5]},"faces":{"north":{"uv":[8,2,8.75,2.5],"texture":"#1"},"east":{"uv":[8.5,3.5,9.125,4],"texture":"#1"},"south":{"uv":[8,2.5,8.75,3],"texture":"#1"},"west":{"uv":[8.5,4,9.125,4.5],"texture":"#1"},"up":{"uv":[6.25,7.625,5.5,7],"texture":"#1"},"down":{"uv":[7.75,6,7,6.625],"texture":"#1"}}},{"from":[7.4,6,7.25],"to":[10,8,8.75],"rotation":{"angle":0,"axis":"y","origin":[7.5,5,6.5]},"faces":{"north":{"uv":[2.5,5,3.75,6],"texture":"#1"},"east":{"uv":[3,6,3.75,7],"texture":"#1"},"south":{"uv":[4,5,5.25,6],"texture":"#1"},"west":{"uv":[4,6,4.75,7],"texture":"#1"},"up":{"uv":[6.75,0.75,5.5,0],"texture":"#1"},"down":{"uv":[6.75,1,5.5,1.75],"texture":"#1"}}},{"from":[10.4,4.5,7.65],"to":[10.9,9.5,8.35],"rotation":{"angle":0,"axis":"y","origin":[10.4,5,6.5]},"faces":{"north":{"uv":[5,6,5.25,8.5],"texture":"#1"},"east":{"uv":[5.5,2,5.875,4.5],"texture":"#1"},"south":{"uv":[0.5,7,0.75,9.5],"texture":"#1"},"west":{"uv":[5.5,4.5,5.875,7],"texture":"#1"},"up":{"uv":[9.75,4.375,9.5,4],"texture":"#1"},"down":{"uv":[4.75,9.5,4.5,9.875],"texture":"#1"}}},{"from":[9.77868,4.25368,7.6],"to":[10.27868,6.37868,8.4],"rotation":{"angle":-45,"axis":"z","origin":[10.27868,3.37868,6.5]},"faces":{"north":{"uv":[9,0,9.25,1.125],"texture":"#1"},"east":{"uv":[7.5,2,7.875,3.125],"texture":"#1"},"south":{"uv":[9,1.5,9.25,2.625],"texture":"#1"},"west":{"uv":[7.5,3.5,7.875,4.625],"texture":"#1"},"up":{"uv":[9.75,4.875,9.5,4.5],"texture":"#1"},"down":{"uv":[5.25,9.5,5,9.875],"texture":"#1"}}},{"from":[12.51872,8.75628,7.6],"to":[13.01872,10.88128,8.4],"rotation":{"angle":45,"axis":"z","origin":[13.01872,7.88128,6.5]},"faces":{"north":{"uv":[2.5,9,2.75,10.125],"texture":"#1"},"east":{"uv":[6.5,7.5,6.875,8.625],"texture":"#1"},"south":{"uv":[4,9,4.25,10.125],"texture":"#1"},"west":{"uv":[7,7.5,7.375,8.625],"texture":"#1"},"up":{"uv":[9.75,5.375,9.5,5],"texture":"#1"},"down":{"uv":[5.75,9.5,5.5,9.875],"texture":"#1"}}},{"from":[8.88128,3.61872,7.5],"to":[10.13128,5.74372,8.5],"rotation":{"angle":45,"axis":"z","origin":[8.88128,6.61872,6.5]},"faces":{"north":{"uv":[6,4,6.625,5.125],"texture":"#1"},"east":{"uv":[1,7,1.5,8.125],"texture":"#1"},"south":{"uv":[6,5.5,6.625,6.625],"texture":"#1"},"west":{"uv":[1.5,7,2,8.125],"texture":"#1"},"up":{"uv":[9.125,5,8.5,4.5],"texture":"#1"},"down":{"uv":[9.125,5,8.5,5.5],"texture":"#1"}}},{"from":[10.26149,5.36872,7.525],"to":[11.88649,8.61872,8.475],"rotation":{"angle":0,"axis":"y","origin":[8.88649,7.36872,6.5]},"faces":{"north":{"uv":[0.5,5,1.375,6.625],"texture":"#1"},"east":{"uv":[6,2,6.5,3.625],"texture":"#1"},"south":{"uv":[1.5,5,2.375,6.625],"texture":"#1"},"west":{"uv":[2.5,6,3,7.625],"texture":"#1"},"up":{"uv":[7.875,2,7,1.5],"texture":"#1"},"down":{"uv":[7.375,7,6.5,7.5],"texture":"#1"}}},{"from":[8.88128,8.25628,7.5],"to":[10.13128,10.38128,8.5],"rotation":{"angle":-45,"axis":"z","origin":[8.88128,7.38128,6.5]},"faces":{"north":{"uv":[6.5,2,7.125,3.125],"texture":"#1"},"east":{"uv":[2,7,2.5,8.125],"texture":"#1"},"south":{"uv":[7,0,7.625,1.125],"texture":"#1"},"west":{"uv":[3,7,3.5,8.125],"texture":"#1"},"up":{"uv":[9.125,6,8.5,5.5],"texture":"#1"},"down":{"uv":[9.125,6,8.5,6.5],"texture":"#1"}}},{"from":[9.56075,6,7.95828],"to":[10.31075,8,8.45828],"rotation":{"angle":-22.5,"axis":"y","origin":[11.56075,7,8.70828]},"faces":{"north":{"uv":[2.5,8,2.875,9],"texture":"#1"},"east":{"uv":[6,9,6.25,10],"texture":"#1"},"south":{"uv":[8,3,8.375,4],"texture":"#1"},"west":{"uv":[6.5,9,6.75,10],"texture":"#1"},"up":{"uv":[9.875,5.75,9.5,5.5],"texture":"#1"},"down":{"uv":[9.875,6,9.5,6.25],"texture":"#1"}}},{"from":[9.94343,6,7.4656],"to":[10.69343,8,7.9656],"rotation":{"angle":22.5,"axis":"y","origin":[11.94343,7,8.2156]},"faces":{"north":{"uv":[4,8,4.375,9],"texture":"#1"},"east":{"uv":[9,6.5,9.25,7.5],"texture":"#1"},"south":{"uv":[8,4,8.375,5],"texture":"#1"},"west":{"uv":[7,9,7.25,10],"texture":"#1"},"up":{"uv":[9.875,6.75,9.5,6.5],"texture":"#1"},"down":{"uv":[9.875,7,9.5,7.25],"texture":"#1"}}},{"from":[11.9,5.5,7.575],"to":[12.4,8.5,8.425],"rotation":{"angle":0,"axis":"y","origin":[12.4,5.5,6.5]},"faces":{"north":{"uv":[4.5,8,4.75,9.5],"texture":"#1"},"east":{"uv":[3.5,7,3.875,8.5],"texture":"#1"},"south":{"uv":[8,5,8.25,6.5],"texture":"#1"},"west":{"uv":[7,3.5,7.375,5],"texture":"#1"},"up":{"uv":[9.75,7.875,9.5,7.5],"texture":"#1"},"down":{"uv":[9.75,8,9.5,8.375],"texture":"#1"}}},{"from":[10.4,9.5,7.625],"to":[10.9,10,8.375],"rotation":{"angle":0,"axis":"y","origin":[10.4,5,6.5]},"faces":{"north":{"uv":[10,2.5,10.25,2.75],"texture":"#1"},"east":{"uv":[9.5,8.5,9.875,8.75],"texture":"#1"},"south":{"uv":[3,10,3.25,10.25],"texture":"#1"},"west":{"uv":[9,9.5,9.375,9.75],"texture":"#1"},"up":{"uv":[9.75,9.375,9.5,9],"texture":"#1"},"down":{"uv":[9.75,9.5,9.5,9.875],"texture":"#1"}}},{"from":[10.4,4,7.625],"to":[10.9,4.5,8.375],"rotation":{"angle":0,"axis":"y","origin":[10.4,5,6.5]},"faces":{"north":{"uv":[10,3,10.25,3.25],"texture":"#1"},"east":{"uv":[0,10,0.375,10.25],"texture":"#1"},"south":{"uv":[3.5,10,3.75,10.25],"texture":"#1"},"west":{"uv":[10,0,10.375,0.25],"texture":"#1"},"up":{"uv":[10.25,0.875,10,0.5],"texture":"#1"},"down":{"uv":[10.25,1,10,1.375],"texture":"#1"}}},{"from":[7.76612,6,8.44454],"to":[8.51612,8,8.94454],"rotation":{"angle":45,"axis":"y","origin":[6.51612,7,9.19454]},"faces":{"north":{"uv":[5.5,8,5.875,9],"texture":"#1"},"east":{"uv":[7.5,9,7.75,10],"texture":"#1"},"south":{"uv":[6,8,6.375,9],"texture":"#1"},"west":{"uv":[9,7.5,9.25,8.5],"texture":"#1"},"up":{"uv":[1.875,10.25,1.5,10],"texture":"#1"},"down":{"uv":[10.375,1.5,10,1.75],"texture":"#1"}}},{"from":[7.05901,6,6.76256],"to":[7.80901,8,7.26256],"rotation":{"angle":-45,"axis":"y","origin":[5.80901,7,7.51256]},"faces":{"north":{"uv":[7.5,8,7.875,9],"texture":"#1"},"east":{"uv":[8,9,8.25,10],"texture":"#1"},"south":{"uv":[8,8,8.375,9],"texture":"#1"},"west":{"uv":[8.5,9,8.75,10],"texture":"#1"},"up":{"uv":[2.375,10.25,2,10],"texture":"#1"},"down":{"uv":[10.375,2,10,2.25],"texture":"#1"}}},{"from":[6.86967,6,7.78033],"to":[7.36967,8,8.23033],"rotation":{"angle":0,"axis":"y","origin":[7.11967,7,8.15533]},"faces":{"north":{"uv":[9,8.5,9.25,9.5],"texture":"#1"},"east":{"uv":[9.5,0,9.75,1],"texture":"#1"},"south":{"uv":[0.5,9.5,0.75,10.5],"texture":"#1"},"west":{"uv":[1,9.5,1.25,10.5],"texture":"#1"},"up":{"uv":[10.25,3.75,10,3.5],"texture":"#1"},"down":{"uv":[10.25,4,10,4.25],"texture":"#1"}}},{"from":[7.6,7,7.6],"to":[8.4,8.75,8.4],"rotation":{"angle":0,"axis":"y","origin":[7.5,8,6.5]},"faces":{"north":{"uv":[1,8.5,1.375,9.375],"texture":"#1"},"east":{"uv":[1.5,8.5,1.875,9.375],"texture":"#1"},"south":{"uv":[2,8.5,2.375,9.375],"texture":"#1"},"west":{"uv":[3,8.5,3.375,9.375],"texture":"#1"},"up":{"uv":[3.375,9.875,3,9.5],"texture":"#1"},"down":{"uv":[9.875,3,9.5,3.375],"texture":"#1"}}},{"from":[7.45,8.75,7.45],"to":[8.55,10,8.55],"rotation":{"angle":0,"axis":"y","origin":[7.999,9.6875,8]},"faces":{"north":{"uv":[3.5,8.5,4,9.125],"texture":"#1"},"east":{"uv":[5,8.5,5.5,9.125],"texture":"#1"},"south":{"uv":[8.5,7,9,7.625],"texture":"#1"},"west":{"uv":[8.5,8,9,8.625],"texture":"#1"},"up":{"uv":[10,1.5,9.5,1],"texture":"#1"},"down":{"uv":[2,9.5,1.5,10],"texture":"#1"}}},{"from":[7.38983,9.52027,7.475],"to":[8.16483,10.29527,8.525],"rotation":{"angle":-45,"axis":"z","origin":[7.999,9.6875,8]},"faces":{"north":{"uv":[3.5,9.5,3.875,9.875],"texture":"#1"},"east":{"uv":[9.5,1.5,10,1.875],"texture":"#1"},"south":{"uv":[9.5,3.5,9.875,3.875],"texture":"#1"},"west":{"uv":[2,9.5,2.5,9.875],"texture":"#1"},"up":{"uv":[9.875,2.5,9.5,2],"texture":"#1"},"down":{"uv":[9.875,2.5,9.5,3],"texture":"#1"}}}],"gui_light":"front","display":{"thirdperson_righthand":{"rotation":[0,90,0],"translation":[0.25,12,2],"scale":[1.5,1.5,1.5]},"thirdperson_lefthand":{"rotation":[0,-90,0],"translation":[0.25,12,2],"scale":[1.5,1.5,1.5]},"firstperson_righthand":{"rotation":[152,75,180],"translation":[0,9,1.25]},"firstperson_lefthand":{"rotation":[152,-109,180],"translation":[0,9,1.25]},"ground":{"rotation":[0,0,-33],"translation":[4.25,19,0],"scale":[1.5,1.5,1.5]},"gui":{"rotation":[0,0,-35.5],"translation":[2.5,5.25,0],"scale":[1.2,1.2,1.2]},"head":{"rotation":[0,0,143.75],"translation":[-5.25,-25,4.25],"scale":[2,2,2]},"fixed":{"rotation":[0,0,-44],"translation":[3.75,5.25,0],"scale":[1.3,1.3,1.3]}}}