{"credit":"Naruto RPG","textures":{"2":"armas:item/armas_shurikens_2","particle":"armas:item/armas_shurikens_2"},"elements":[{"from":[3.15783,1.73388,3.6],"to":[12.65783,1.73388,12.7],"rotation":{"angle":22.5,"axis":"z","origin":[7.90783,1.73388,8.15]},"faces":{"north":{"uv":[0,0,2.5,0],"rotation":180,"texture":"#2"},"east":{"uv":[0,0,2.25,0],"rotation":180,"texture":"#2"},"south":{"uv":[0,0,2.5,0],"rotation":180,"texture":"#2"},"west":{"uv":[0,0,2.25,0],"rotation":180,"texture":"#2"},"up":{"uv":[16,0,1.375,16],"rotation":180,"texture":"#2"},"down":{"uv":[16,16,1.375,0],"rotation":180,"texture":"#2"}}},{"from":[3.15783,1.73388,3.6],"to":[12.65783,1.73388,12.7],"rotation":{"angle":22.5,"axis":"x","origin":[7.90783,1.73388,8.15]},"faces":{"north":{"uv":[0,0,2.5,0],"rotation":180,"texture":"#2"},"east":{"uv":[0,0,2.25,0],"rotation":180,"texture":"#2"},"south":{"uv":[0,0,2.5,0],"rotation":180,"texture":"#2"},"west":{"uv":[0,0,2.25,0],"rotation":180,"texture":"#2"},"up":{"uv":[16,0,1.375,16],"rotation":180,"texture":"#2"},"down":{"uv":[16,16,1.375,0],"rotation":180,"texture":"#2"}}},{"from":[3.15783,1.73388,3.6],"to":[12.65783,1.73388,12.7],"rotation":{"angle":-22.5,"axis":"x","origin":[7.90783,1.73388,8.15]},"faces":{"north":{"uv":[0,0,2.5,0],"rotation":180,"texture":"#2"},"east":{"uv":[0,0,2.25,0],"rotation":180,"texture":"#2"},"south":{"uv":[0,0,2.5,0],"rotation":180,"texture":"#2"},"west":{"uv":[0,0,2.25,0],"rotation":180,"texture":"#2"},"up":{"uv":[16,0,1.375,16],"rotation":180,"texture":"#2"},"down":{"uv":[16,16,1.375,0],"rotation":180,"texture":"#2"}}},{"from":[3.15783,1.73388,3.6],"to":[12.65783,1.73388,12.7],"rotation":{"angle":-22.5,"axis":"z","origin":[7.90783,1.73388,8.15]},"faces":{"north":{"uv":[0,0,2.5,0],"rotation":180,"texture":"#2"},"east":{"uv":[0,0,2.25,0],"rotation":180,"texture":"#2"},"south":{"uv":[0,0,2.5,0],"rotation":180,"texture":"#2"},"west":{"uv":[0,0,2.25,0],"rotation":180,"texture":"#2"},"up":{"uv":[16,0,1.375,16],"rotation":180,"texture":"#2"},"down":{"uv":[16,16,1.375,0],"rotation":180,"texture":"#2"}}}],"display":{"thirdperson_righthand":{"rotation":[96.51,34.63,-17.44],"translation":[0.75,2.25,3.75],"scale":[0.5,0.5,0.5]},"thirdperson_lefthand":{"rotation":[96.51,34.63,-17.44],"translation":[0.75,2.25,3.75],"scale":[0.5,0.5,0.5]},"firstperson_righthand":{"rotation":[19.12,45.64,9.16],"translation":[-0.5,7.25,3.75],"scale":[0.5,0.5,0.5]},"firstperson_lefthand":{"rotation":[19.12,45.64,9.16],"translation":[-0.5,7.25,3.75],"scale":[0.5,0.5,0.5]},"ground":{"rotation":[37.52,-14.76,-36.03],"translation":[2,8.25,3],"scale":[0.7,0.7,0.7]},"gui":{"rotation":[90,15,0],"translation":[-0.25,0,0]},"head":{"translation":[0,-28,-11],"scale":[1.6,1.6,1.6]}}}