{"credit":"Naruto RPG","textures":{"0":"armas:item/armas_totsuka_corte_1_4","particle":"armas:item/armas_totsuka_corte_1_4"},"elements":[{"from":[0,16,-16],"to":[32,16,16],"rotation":{"angle":22.5,"axis":"z","origin":[16,16,0]},"faces":{"north":{"uv":[0,0,0,16],"rotation":90,"texture":"#0"},"east":{"uv":[0,0,16,0],"rotation":180,"texture":"#0"},"south":{"uv":[0,0,0,16],"rotation":270,"texture":"#0"},"west":{"uv":[0,0,16,0],"texture":"#0"},"up":{"uv":[0,13.375,16,2.75],"rotation":270,"texture":"#0"},"down":{"uv":[0,2.75,16,13.375],"rotation":90,"texture":"#0"}}}],"display":{"head":{"translation":[-18.75,-27.5,-23],"scale":[2.61992,2,2]}}}