{"credit":"Made with Blockbench","textures":{"1":"armas:item/armas_samehada_corte_2_2"},"elements":[{"from":[-15.2,-9.40368,9.82523],"to":[17.6,27.39632,9.82523],"rotation":{"angle":-22.5,"axis":"x","origin":[8.2,4.18983,8]},"faces":{"north":{"uv":[0,0,16,16],"texture":"#1"},"east":{"uv":[0,0,16,16],"texture":"#1"},"south":{"uv":[16,0,0,16],"texture":"#1"},"west":{"uv":[0,0,16,16],"texture":"#1"},"up":{"uv":[0,0,16,16],"rotation":180,"texture":"#1"},"down":{"uv":[0,0,16,16],"rotation":180,"texture":"#1"}}},{"from":[-15.2,-9.01017,8.15307],"to":[17.6,27.78983,8.15307],"rotation":{"angle":22.5,"axis":"x","origin":[8.2,4.18983,8]},"faces":{"north":{"uv":[0,0,16,16],"texture":"#1"},"east":{"uv":[0,0,16,16],"texture":"#1"},"south":{"uv":[16,0,0,16],"texture":"#1"},"west":{"uv":[0,0,16,16],"texture":"#1"},"up":{"uv":[0,0,16,16],"rotation":180,"texture":"#1"},"down":{"uv":[0,0,16,16],"rotation":180,"texture":"#1"}}}],"display":{"head":{"rotation":[0,-90,0],"translation":[3,-10.5,-13.25],"scale":[3,3,3]}}}