{"credit":"Naruto RPG","texture_size":[32,32],"textures":{"0":"armas:item/armas_sai","particle":"armas:item/armas_sai"},"elements":[{"from":[7.875,0.85,8.1],"to":[8.125,1.25,8.325],"rotation":{"angle":0,"axis":"y","origin":[7,0,7]},"faces":{"north":{"uv":[0,4.5,3,9],"texture":"#0"},"east":{"uv":[0,4.5,3,9],"texture":"#0"},"south":{"uv":[0,4.5,3,9],"texture":"#0"},"west":{"uv":[0,4.5,3,9],"texture":"#0"},"up":{"uv":[0,4.5,3,9],"texture":"#0"},"down":{"uv":[0,4.5,3,9],"texture":"#0"}}},{"from":[7.875,1.25,8.1],"to":[8.125,2.75,8.325],"rotation":{"angle":0,"axis":"y","origin":[7,0,7]},"faces":{"north":{"uv":[8,0,11,16],"texture":"#0"},"east":{"uv":[4.5,0,7.5,16],"texture":"#0"},"south":{"uv":[8,0,11,16],"texture":"#0"},"west":{"uv":[4.5,0,7.5,16],"texture":"#0"},"up":{"uv":[0,0,4,4],"texture":"#0"},"down":{"uv":[0,0,4,4],"texture":"#0"}}},{"from":[7.825,2.75,8.075],"to":[8.175,3,8.35],"rotation":{"angle":0,"axis":"y","origin":[7,0,7]},"faces":{"north":{"uv":[0,0,4,4],"texture":"#0"},"east":{"uv":[0,0,4,4],"texture":"#0"},"south":{"uv":[0,0,4,4],"texture":"#0"},"west":{"uv":[0,0,4,4],"texture":"#0"},"up":{"uv":[0,0,4,4],"texture":"#0"},"down":{"uv":[0,0,4,4],"texture":"#0"}}},{"from":[7.9,3,8.1],"to":[8.125,4.125,8.325],"rotation":{"angle":0,"axis":"y","origin":[7,0,7]},"faces":{"north":{"uv":[11.5,0,13.5,16],"texture":"#0"},"east":{"uv":[11.5,0,13.5,16],"texture":"#0"},"south":{"uv":[11.5,0,13.5,16],"texture":"#0"},"west":{"uv":[11.5,0,13.5,16],"texture":"#0"},"up":{"uv":[11.5,0,13.5,16],"texture":"#0"},"down":{"uv":[11.5,0,13.5,16],"texture":"#0"}}},{"from":[7.925,3.8,8.125],"to":[8.1,5.1,8.3],"rotation":{"angle":0,"axis":"y","origin":[7,0.05,7]},"faces":{"north":{"uv":[11.5,0,13.5,16],"texture":"#0"},"east":{"uv":[11.5,0,13.5,16],"texture":"#0"},"south":{"uv":[11.5,0,13.5,16],"texture":"#0"},"west":{"uv":[11.5,0,13.5,16],"texture":"#0"},"up":{"uv":[11.5,0,13.5,16],"texture":"#0"},"down":{"uv":[11.5,0,13.5,16],"texture":"#0"}}},{"from":[7.95,4.85,8.15],"to":[8.075,5.65,8.275],"rotation":{"angle":0,"axis":"y","origin":[7,0.05,7]},"faces":{"north":{"uv":[11.5,0,13.5,16],"texture":"#0"},"east":{"uv":[11.5,0,13.5,16],"texture":"#0"},"south":{"uv":[11.5,0,13.5,16],"texture":"#0"},"west":{"uv":[11.5,0,13.5,16],"texture":"#0"},"up":{"uv":[11.5,0,13.5,16],"texture":"#0"},"down":{"uv":[11.5,0,13.5,16],"texture":"#0"}}},{"from":[7.975,5.35,8.175],"to":[8.05,6.15,8.25],"rotation":{"angle":0,"axis":"y","origin":[7,0.05,7]},"faces":{"north":{"uv":[11.5,0,13.5,16],"texture":"#0"},"east":{"uv":[11.5,0,13.5,16],"texture":"#0"},"south":{"uv":[11.5,0,13.5,16],"texture":"#0"},"west":{"uv":[11.5,0,13.5,16],"texture":"#0"},"up":{"uv":[11.5,0,13.5,16],"texture":"#0"},"down":{"uv":[11.5,0,13.5,16],"texture":"#0"}}},{"from":[7.849,2.81702,7.91306],"to":[8.152,2.89202,8.13806],"rotation":{"angle":22.5,"axis":"x","origin":[8.025,2.94202,7.93806]},"faces":{"north":{"uv":[0,0,4,4],"texture":"#0"},"east":{"uv":[1,1.5,3.5,4],"texture":"#0"},"south":{"uv":[0,0,4,4],"texture":"#0"},"west":{"uv":[0,0,4,4],"texture":"#0"},"up":{"uv":[0,0,4,4],"texture":"#0"},"down":{"uv":[0,0,4,4],"texture":"#0"}}},{"from":[7.85,2.83039,7.89583],"to":[8.15,3.15539,8.29583],"rotation":{"angle":0,"axis":"y","origin":[8.05,2.93039,7.92083]},"faces":{"north":{"uv":[0,0,4,4],"texture":"#0"},"east":{"uv":[0,0,4,4],"texture":"#0"},"south":{"uv":[0,0,4,4],"texture":"#0"},"west":{"uv":[0,0,4,4],"texture":"#0"},"up":{"uv":[0,0,4,4],"texture":"#0"},"down":{"uv":[0,0,4,4],"texture":"#0"}}},{"from":[7.9,3.08039,7.52083],"to":[8.1,3.15539,7.89583],"rotation":{"angle":0,"axis":"y","origin":[8.05,2.93039,7.92083]},"faces":{"north":{"uv":[0,0,4,4],"texture":"#0"},"east":{"uv":[0,0,4,4],"texture":"#0"},"south":{"uv":[0,0,4,4],"texture":"#0"},"west":{"uv":[0,0,4,4],"texture":"#0"},"up":{"uv":[0,0,4,4],"texture":"#0"},"down":{"uv":[0,0,4,4],"texture":"#0"}}},{"from":[7.9,2.83039,7.79583],"to":[8.1,2.90539,7.89583],"rotation":{"angle":0,"axis":"y","origin":[8.025,2.95539,7.69583]},"faces":{"north":{"uv":[0,0,4,4],"texture":"#0"},"east":{"uv":[0,0,4,4],"texture":"#0"},"south":{"uv":[0,0,4,4],"texture":"#0"},"west":{"uv":[0,0,4,4],"texture":"#0"},"up":{"uv":[0,0,4,4],"texture":"#0"},"down":{"uv":[0,0,4,4],"texture":"#0"}}},{"from":[7.9,2.89742,7.63389],"to":[8.1,2.99742,7.85889],"rotation":{"angle":22.5,"axis":"x","origin":[8.025,3.02242,7.65889]},"faces":{"north":{"uv":[0,0,4,4],"texture":"#0"},"east":{"uv":[0,0,4,4],"texture":"#0"},"south":{"uv":[0,0,4,4],"texture":"#0"},"west":{"uv":[0,0,4,4],"texture":"#0"},"up":{"uv":[0,0,4,4],"texture":"#0"},"down":{"uv":[0,0,4,4],"texture":"#0"}}},{"from":[7.9,2.94631,7.40992],"to":[8.1,3.17131,7.50992],"rotation":{"angle":-45,"axis":"x","origin":[8.025,3.14631,7.53492]},"faces":{"north":{"uv":[0,0,4,4],"texture":"#0"},"east":{"uv":[0,0,4,4],"texture":"#0"},"south":{"uv":[0,0,4,4],"texture":"#0"},"west":{"uv":[0,0,4,4],"texture":"#0"},"up":{"uv":[0,0,4,4],"texture":"#0"},"down":{"uv":[0,0,4,4],"texture":"#0"}}},{"from":[7.9,3.10821,7.3428],"to":[8.1,3.33321,7.4428],"rotation":{"angle":-22.5,"axis":"x","origin":[8.025,3.30821,7.4678]},"faces":{"north":{"uv":[0,9.5,2,16],"texture":"#0"},"east":{"uv":[0,9.5,2,16],"texture":"#0"},"south":{"uv":[0,9.5,2,16],"texture":"#0"},"west":{"uv":[0,9.5,2,16],"texture":"#0"},"up":{"uv":[0,9.5,2,16],"texture":"#0"},"down":{"uv":[0,9.5,2,16],"texture":"#0"}}},{"from":[7.9,3.28347,7.34275],"to":[8.1,3.50847,7.44275],"rotation":{"angle":0,"axis":"y","origin":[8.025,3.48347,7.46775]},"faces":{"north":{"uv":[0,9.5,2,16],"texture":"#0"},"east":{"uv":[0,9.5,2,16],"texture":"#0"},"south":{"uv":[0,9.5,2,16],"texture":"#0"},"west":{"uv":[0,9.5,2,16],"texture":"#0"},"up":{"uv":[0,9.5,2,16],"texture":"#0"},"down":{"uv":[0,9.5,2,16],"texture":"#0"}}},{"from":[7.925,3.50847,7.34275],"to":[8.075,4.05847,7.44275],"rotation":{"angle":0,"axis":"y","origin":[8.025,3.70847,7.46775]},"faces":{"north":{"uv":[0,9.5,2,16],"texture":"#0"},"east":{"uv":[0,9.5,2,16],"texture":"#0"},"south":{"uv":[0,9.5,2,16],"texture":"#0"},"west":{"uv":[0,9.5,2,16],"texture":"#0"},"up":{"uv":[0,9.5,2,16],"texture":"#0"},"down":{"uv":[0,9.5,2,16],"texture":"#0"}}},{"from":[7.925,4.05281,7.26431],"to":[8.075,4.10281,7.36431],"rotation":{"angle":-22.5,"axis":"x","origin":[8.025,4.25281,7.38931]},"faces":{"north":{"uv":[0,9.5,2,16],"texture":"#0"},"east":{"uv":[0,9.5,2,16],"texture":"#0"},"south":{"uv":[0,9.5,2,16],"texture":"#0"},"west":{"uv":[0,9.5,2,16],"texture":"#0"},"up":{"uv":[0,9.5,2,16],"texture":"#0"},"down":{"uv":[0,9.5,2,16],"texture":"#0"}}},{"from":[7.925,4.06376,7.17487],"to":[8.075,4.11376,7.27487],"rotation":{"angle":-45,"axis":"x","origin":[8.025,4.26376,7.29987]},"faces":{"north":{"uv":[0,9.5,2,16],"texture":"#0"},"east":{"uv":[0,9.5,2,16],"texture":"#0"},"south":{"uv":[0,9.5,2,16],"texture":"#0"},"west":{"uv":[0,9.5,2,16],"texture":"#0"},"up":{"uv":[0,9.5,2,16],"texture":"#0"},"down":{"uv":[0,9.5,2,16],"texture":"#0"}}},{"from":[7.925,4.11465,7.36305],"to":[8.075,4.21465,7.41305],"rotation":{"angle":22.5,"axis":"x","origin":[8.025,4.23965,7.21305]},"faces":{"north":{"uv":[0,9.5,2,16],"texture":"#0"},"east":{"uv":[0,9.5,2,16],"texture":"#0"},"south":{"uv":[0,9.5,2,16],"texture":"#0"},"west":{"uv":[0,9.5,2,16],"texture":"#0"},"up":{"uv":[0,9.5,2,16],"texture":"#0"},"down":{"uv":[0,9.5,2,16],"texture":"#0"}}},{"from":[7.9,2.88039,7.69583],"to":[8.1,3.08039,7.89583],"rotation":{"angle":0,"axis":"y","origin":[8.05,2.93039,7.92083]},"faces":{"north":{"uv":[0,0,4,4],"texture":"#0"},"east":{"uv":[0,0,4,4],"texture":"#0"},"south":{"uv":[0,0,4,4],"texture":"#0"},"west":{"uv":[0,0,4,4],"texture":"#0"},"up":{"uv":[0,0,4,4],"texture":"#0"},"down":{"uv":[0,0,4,4],"texture":"#0"}}},{"from":[7.9,2.95539,7.55417],"to":[8.1,3.08039,7.70417],"rotation":{"angle":0,"axis":"y","origin":[8.05,2.93039,8.75417]},"faces":{"north":{"uv":[0,0,4,4],"texture":"#0"},"east":{"uv":[0,0,4,4],"texture":"#0"},"south":{"uv":[0,0,4,4],"texture":"#0"},"west":{"uv":[0,0,4,4],"texture":"#0"},"up":{"uv":[0,0,4,4],"texture":"#0"},"down":{"uv":[0,0,4,4],"texture":"#0"}}},{"from":[7.9,3.08225,7.38652],"to":[8.1,3.15725,7.43652],"rotation":{"angle":22.5,"axis":"x","origin":[8.05,2.93225,7.48652]},"faces":{"north":{"uv":[0,0,4,4],"texture":"#0"},"east":{"uv":[0,0,4,4],"texture":"#0"},"south":{"uv":[0,0,4,4],"texture":"#0"},"west":{"uv":[0,0,4,4],"texture":"#0"},"up":{"uv":[0,0,4,4],"texture":"#0"},"down":{"uv":[0,0,4,4],"texture":"#0"}}},{"from":[7.9,3.13535,7.26315],"to":[8.1,3.21035,7.31315],"rotation":{"angle":45,"axis":"x","origin":[8.05,2.98535,7.36315]},"faces":{"north":{"uv":[0,9.5,2,16],"texture":"#0"},"east":{"uv":[0,9.5,2,16],"texture":"#0"},"south":{"uv":[0,9.5,2,16],"texture":"#0"},"west":{"uv":[0,9.5,2,16],"texture":"#0"},"up":{"uv":[0,9.5,2,16],"texture":"#0"},"down":{"uv":[0,9.5,2,16],"texture":"#0"}}},{"from":[7.849,2.81702,8.28694],"to":[8.152,2.89202,8.51194],"rotation":{"angle":-22.5,"axis":"x","origin":[8.025,2.94202,8.48694]},"faces":{"north":{"uv":[0,0,4,4],"texture":"#0"},"east":{"uv":[0,0,4,4],"texture":"#0"},"south":{"uv":[0,0,4,4],"texture":"#0"},"west":{"uv":[0,0,4,4],"texture":"#0"},"up":{"uv":[0,0,4,4],"texture":"#0"},"down":{"uv":[0,0,4,4],"texture":"#0"}}},{"from":[7.9,2.83039,8.52917],"to":[8.1,2.90539,8.62917],"rotation":{"angle":0,"axis":"y","origin":[8.025,2.95539,8.72917]},"faces":{"north":{"uv":[0,0,4,4],"texture":"#0"},"east":{"uv":[0,0,4,4],"texture":"#0"},"south":{"uv":[0,0,4,4],"texture":"#0"},"west":{"uv":[0,0,4,4],"texture":"#0"},"up":{"uv":[0,0,4,4],"texture":"#0"},"down":{"uv":[0,0,4,4],"texture":"#0"}}},{"from":[7.9,2.89742,8.56611],"to":[8.1,2.99742,8.79111],"rotation":{"angle":-22.5,"axis":"x","origin":[8.025,3.02242,8.76611]},"faces":{"north":{"uv":[0,0,4,4],"texture":"#0"},"east":{"uv":[0,0,4,4],"texture":"#0"},"south":{"uv":[0,0,4,4],"texture":"#0"},"west":{"uv":[0,0,4,4],"texture":"#0"},"up":{"uv":[0,0,4,4],"texture":"#0"},"down":{"uv":[0,0,4,4],"texture":"#0"}}},{"from":[7.9,2.94631,8.91508],"to":[8.1,3.17131,9.01508],"rotation":{"angle":45,"axis":"x","origin":[8.025,3.14631,8.89008]},"faces":{"north":{"uv":[0,0,4,4],"texture":"#0"},"east":{"uv":[0,0,4,4],"texture":"#0"},"south":{"uv":[0,0,4,4],"texture":"#0"},"west":{"uv":[0,0,4,4],"texture":"#0"},"up":{"uv":[0,0,4,4],"texture":"#0"},"down":{"uv":[0,0,4,4],"texture":"#0"}}},{"from":[7.9,3.10821,8.9572],"to":[8.1,3.33321,9.0822],"rotation":{"angle":22.5,"axis":"x","origin":[8.025,3.30821,8.9572]},"faces":{"north":{"uv":[0,9.5,2,16],"texture":"#0"},"east":{"uv":[0,9.5,2,16],"texture":"#0"},"south":{"uv":[0,9.5,2,16],"texture":"#0"},"west":{"uv":[0,9.5,2,16],"texture":"#0"},"up":{"uv":[0,9.5,2,16],"texture":"#0"},"down":{"uv":[0,9.5,2,16],"texture":"#0"}}},{"from":[7.9,3.28347,8.95725],"to":[8.1,3.50847,9.08225],"rotation":{"angle":0,"axis":"y","origin":[8.025,3.48347,8.95725]},"faces":{"north":{"uv":[0,9.5,2,16],"texture":"#0"},"east":{"uv":[0,9.5,2,16],"texture":"#0"},"south":{"uv":[0,9.5,2,16],"texture":"#0"},"west":{"uv":[0,9.5,2,16],"texture":"#0"},"up":{"uv":[0,9.5,2,16],"texture":"#0"},"down":{"uv":[0,9.5,2,16],"texture":"#0"}}},{"from":[7.925,3.50847,8.95725],"to":[8.075,4.05847,9.08225],"rotation":{"angle":0,"axis":"y","origin":[8.025,3.70847,8.95725]},"faces":{"north":{"uv":[0,9.5,2,16],"texture":"#0"},"east":{"uv":[0,9.5,2,16],"texture":"#0"},"south":{"uv":[0,9.5,2,16],"texture":"#0"},"west":{"uv":[0,9.5,2,16],"texture":"#0"},"up":{"uv":[0,9.5,2,16],"texture":"#0"},"down":{"uv":[0,9.5,2,16],"texture":"#0"}}},{"from":[7.925,4.04325,9.03378],"to":[8.075,4.09325,9.15878],"rotation":{"angle":22.5,"axis":"x","origin":[8.025,4.24325,9.03378]},"faces":{"north":{"uv":[0,9.5,2,16],"texture":"#0"},"east":{"uv":[0,9.5,2,16],"texture":"#0"},"south":{"uv":[0,9.5,2,16],"texture":"#0"},"west":{"uv":[0,9.5,2,16],"texture":"#0"},"up":{"uv":[0,9.5,2,16],"texture":"#0"},"down":{"uv":[0,9.5,2,16],"texture":"#0"}}},{"from":[7.925,4.04609,9.1178],"to":[8.075,4.09609,9.2428],"rotation":{"angle":45,"axis":"x","origin":[8.025,4.24609,9.1178]},"faces":{"north":{"uv":[0,9.5,2,16],"texture":"#0"},"east":{"uv":[0,9.5,2,16],"texture":"#0"},"south":{"uv":[0,9.5,2,16],"texture":"#0"},"west":{"uv":[0,9.5,2,16],"texture":"#0"},"up":{"uv":[0,9.5,2,16],"texture":"#0"},"down":{"uv":[0,9.5,2,16],"texture":"#0"}}},{"from":[7.925,4.09156,8.99651],"to":[8.075,4.21656,9.04651],"rotation":{"angle":-22.5,"axis":"x","origin":[8.025,4.21656,9.19651]},"faces":{"north":{"uv":[0,9.5,2,16],"texture":"#0"},"east":{"uv":[0,9.5,2,16],"texture":"#0"},"south":{"uv":[0,9.5,2,16],"texture":"#0"},"west":{"uv":[0,9.5,2,16],"texture":"#0"},"up":{"uv":[0,9.5,2,16],"texture":"#0"},"down":{"uv":[0,9.5,2,16],"texture":"#0"}}},{"from":[7.85,2.83039,8.27917],"to":[8.15,3.15539,8.52917],"rotation":{"angle":0,"axis":"y","origin":[8.05,2.93039,8.50417]},"faces":{"north":{"uv":[0,0,4,4],"texture":"#0"},"east":{"uv":[0,0,4,4],"texture":"#0"},"south":{"uv":[0,0,4,4],"texture":"#0"},"west":{"uv":[0,0,4,4],"texture":"#0"},"up":{"uv":[0,0,4,4],"texture":"#0"},"down":{"uv":[0,0,4,4],"texture":"#0"}}},{"from":[7.9,3.08039,8.52917],"to":[8.1,3.15539,8.90417],"rotation":{"angle":0,"axis":"y","origin":[8.05,2.93039,8.50417]},"faces":{"north":{"uv":[0,0,4,4],"texture":"#0"},"east":{"uv":[0,0,4,4],"texture":"#0"},"south":{"uv":[0,0,4,4],"texture":"#0"},"west":{"uv":[0,0,4,4],"texture":"#0"},"up":{"uv":[0,0,4,4],"texture":"#0"},"down":{"uv":[0,0,4,4],"texture":"#0"}}},{"from":[7.9,3.13535,9.08685],"to":[8.1,3.21035,9.16185],"rotation":{"angle":-45,"axis":"x","origin":[8.05,2.98535,9.06185]},"faces":{"north":{"uv":[0,0,4,4],"texture":"#0"},"east":{"uv":[0,0,4,4],"texture":"#0"},"south":{"uv":[0,0,4,4],"texture":"#0"},"west":{"uv":[0,0,4,4],"texture":"#0"},"up":{"uv":[0,0,4,4],"texture":"#0"},"down":{"uv":[0,0,4,4],"texture":"#0"}}},{"from":[7.9,3.08225,8.96348],"to":[8.1,3.15725,9.03848],"rotation":{"angle":-22.5,"axis":"x","origin":[8.05,2.93225,8.93848]},"faces":{"north":{"uv":[0,0,4,4],"texture":"#0"},"east":{"uv":[0,0,4,4],"texture":"#0"},"south":{"uv":[0,0,4,4],"texture":"#0"},"west":{"uv":[0,0,4,4],"texture":"#0"},"up":{"uv":[0,0,4,4],"texture":"#0"},"down":{"uv":[0,0,4,4],"texture":"#0"}}},{"from":[7.9,2.88039,8.52917],"to":[8.1,3.08039,8.72917],"rotation":{"angle":0,"axis":"y","origin":[8.05,2.93039,8.50417]},"faces":{"north":{"uv":[0,0,4,4],"texture":"#0"},"east":{"uv":[0,0,4,4],"texture":"#0"},"south":{"uv":[0,0,4,4],"texture":"#0"},"west":{"uv":[0,0,4,4],"texture":"#0"},"up":{"uv":[0,0,4,4],"texture":"#0"},"down":{"uv":[0,0,4,4],"texture":"#0"}}},{"from":[7.9,2.95539,8.72083],"to":[8.1,3.08039,8.87083],"rotation":{"angle":0,"axis":"y","origin":[8.05,2.93039,7.67083]},"faces":{"north":{"uv":[0,0,4,4],"texture":"#0"},"east":{"uv":[0,0,4,4],"texture":"#0"},"south":{"uv":[0,0,4,4],"texture":"#0"},"west":{"uv":[0,0,4,4],"texture":"#0"},"up":{"uv":[0,0,4,4],"texture":"#0"},"down":{"uv":[0,0,4,4],"texture":"#0"}}},{"from":[7.95,5.35,8.175],"to":[8.025,6.15,8.25],"rotation":{"angle":0,"axis":"y","origin":[9,0.05,7]},"faces":{"north":{"uv":[13.5,0,11.5,16],"texture":"#0"},"east":{"uv":[13.5,0,11.5,16],"texture":"#0"},"south":{"uv":[13.5,0,11.5,16],"texture":"#0"},"west":{"uv":[13.5,0,11.5,16],"texture":"#0"},"up":{"uv":[13.5,0,11.5,16],"texture":"#0"},"down":{"uv":[13.5,0,11.5,16],"texture":"#0"}}},{"from":[7.875,1.25,8.1],"to":[8.125,2.75,8.325],"rotation":{"angle":0,"axis":"y","origin":[9,0,7]},"faces":{"north":{"uv":[11,0,8,16],"texture":"#0"},"east":{"uv":[7.5,0,4.5,16],"texture":"#0"},"south":{"uv":[11,0,8,16],"texture":"#0"},"west":{"uv":[7.5,0,4.5,16],"texture":"#0"},"up":{"uv":[4,0,0,4],"texture":"#0"},"down":{"uv":[4,0,0,4],"texture":"#0"}}}],"gui_light":"front","display":{"thirdperson_righthand":{"rotation":[148,90,-142.67],"translation":[-0.75,14.5,2.5],"scale":[2.7,2.7,2.7]},"thirdperson_lefthand":{"rotation":[148,90,-142.67],"translation":[-0.75,14.5,2.5],"scale":[2.7,2.7,2.7]},"firstperson_righthand":{"rotation":[157.5,85.25,180],"translation":[3.5,12.5,-6.75],"scale":[2.5,2.5,4]},"firstperson_lefthand":{"rotation":[157.5,85.25,180],"translation":[3.5,12.5,-6.75],"scale":[2.5,2.5,4]},"ground":{"rotation":[-7.61,0.51,-7.54],"translation":[3.25,10.5,-2.5],"scale":[2.7,3,3]},"gui":{"rotation":[-113.13,-50.4,-108.21],"translation":[10,12,0],"scale":[3.5,3.5,3.5]},"head":{"rotation":[-90,-72,89.98],"translation":[-3,-27,3.5],"scale":[3,3,3]},"fixed":{"rotation":[-180,89.5,-180],"translation":[-0.25,14,0.75],"scale":[3,3,3]}}}