{"credit":"Naruto RPG","texture_size":[128,128],"textures":{"1":"armas:item/armas_samehada_2"},"elements":[{"from":[7,-0.75,16],"to":[8.5,0.75,21],"rotation":{"angle":0,"axis":"y","origin":[7.75,0,18.5]},"faces":{"north":{"uv":[3.375,8.125,3.5625,8.3125],"texture":"#1"},"east":{"uv":[7.875,6.125,8.5,6.3125],"texture":"#1"},"south":{"uv":[3.625,8.125,3.8125,8.3125],"texture":"#1"},"west":{"uv":[6.625,7.875,7.25,8.0625],"texture":"#1"},"up":{"uv":[8.1875,0.625,8,0],"texture":"#1"},"down":{"uv":[8.1875,0.625,8,1.25],"texture":"#1"}}},{"from":[7.25,-0.5,21],"to":[8.25,0.5,29],"rotation":{"angle":0,"axis":"y","origin":[-0.25,0,7]},"faces":{"north":{"uv":[3.625,7.375,3.75,7.5],"texture":"#1"},"east":{"uv":[2.75,1.5,3.75,1.625],"texture":"#1"},"south":{"uv":[8.125,7.375,8.25,7.5],"texture":"#1"},"west":{"uv":[2.75,1.625,3.75,1.75],"texture":"#1"},"up":{"uv":[5.375,8.875,5.25,7.875],"texture":"#1"},"down":{"uv":[5.5,7.875,5.375,8.875],"texture":"#1"}}},{"from":[7.25,-0.85,29],"to":[8.25,0.85,30],"rotation":{"angle":0,"axis":"y","origin":[7.75,0,30.05625]},"faces":{"north":{"uv":[8.25,0.75,8.375,0.9375],"texture":"#1"},"east":{"uv":[8.25,1,8.375,1.1875],"texture":"#1"},"south":{"uv":[4.5,8.25,4.625,8.4375],"texture":"#1"},"west":{"uv":[4.625,8.25,4.75,8.4375],"texture":"#1"},"up":{"uv":[8.375,7.5,8.25,7.375],"texture":"#1"},"down":{"uv":[8.5,0.25,8.375,0.375],"texture":"#1"}}},{"from":[7.4,-0.8,30],"to":[8.1,0.8,31.225],"rotation":{"angle":0,"axis":"y","origin":[7.75,0,30.05625]},"faces":{"north":{"uv":[8.375,0.375,8.4375,0.5625],"texture":"#1"},"east":{"uv":[4.75,8.25,4.875,8.4375],"texture":"#1"},"south":{"uv":[8.375,0.625,8.4375,0.8125],"texture":"#1"},"west":{"uv":[4.875,8.25,5,8.4375],"texture":"#1"},"up":{"uv":[8.4375,1.25,8.375,1.125],"texture":"#1"},"down":{"uv":[2.6875,8.375,2.625,8.5],"texture":"#1"}}},{"from":[6.88385,-0.825,29.27174],"to":[7.88385,0.825,31.27174],"rotation":{"angle":-22.5,"axis":"y","origin":[7.75,0,30.05625]},"faces":{"north":{"uv":[5,8.25,5.125,8.4375],"texture":"#1"},"east":{"uv":[2,8.125,2.25,8.3125],"texture":"#1"},"south":{"uv":[5.125,8.25,5.25,8.4375],"texture":"#1"},"west":{"uv":[8.125,2.25,8.375,2.4375],"texture":"#1"},"up":{"uv":[4.5,8.375,4.375,8.125],"texture":"#1"},"down":{"uv":[7.25,8.125,7.125,8.375],"texture":"#1"}}},{"from":[7.61615,-0.825,29.27174],"to":[8.61615,0.825,31.27174],"rotation":{"angle":22.5,"axis":"y","origin":[7.75,0,30.05625]},"faces":{"north":{"uv":[8.125,8.25,8.25,8.4375],"texture":"#1"},"east":{"uv":[8.125,2.5,8.375,2.6875],"texture":"#1"},"south":{"uv":[8.25,8.25,8.375,8.4375],"texture":"#1"},"west":{"uv":[8.125,2.75,8.375,2.9375],"texture":"#1"},"up":{"uv":[8.375,0.5,8.25,0.25],"texture":"#1"},"down":{"uv":[8.375,0.5,8.25,0.75],"texture":"#1"}}},{"from":[2.25,-1.5,-6],"to":[13.25,1.5,8],"rotation":{"angle":0,"axis":"y","origin":[8,0,1.5]},"faces":{"north":{"uv":[2.25,7.375,3.625,7.75],"texture":"#1"},"east":{"uv":[0,1.75,1.75,2.125],"texture":"#1"},"south":{"uv":[7.5,1.5,8.875,1.875],"texture":"#1"},"west":{"uv":[1.75,1.75,3.5,2.125],"texture":"#1"},"up":{"uv":[1.375,1.75,0,0],"texture":"#1"},"down":{"uv":[2.75,0,1.375,1.75],"texture":"#1"}}},{"from":[5.225,-1.5,10.975],"to":[10.225,1.5,15.975],"rotation":{"angle":0,"axis":"y","origin":[7.9,0,10.1]},"faces":{"north":{"uv":[7.5,6.375,8.125,6.75],"texture":"#1"},"east":{"uv":[6.625,7.5,7.25,7.875],"texture":"#1"},"south":{"uv":[7.5,6.75,8.125,7.125],"texture":"#1"},"west":{"uv":[7.5,7.125,8.125,7.5],"texture":"#1"},"up":{"uv":[8.125,2.5,7.5,1.875],"texture":"#1"},"down":{"uv":[8.125,2.5,7.5,3.125],"texture":"#1"}}},{"from":[4.25,-1.5,8],"to":[11.25,1.5,11],"rotation":{"angle":0,"axis":"y","origin":[7.925,0,6.225]},"faces":{"north":{"uv":[7.5,4.25,8.375,4.625],"texture":"#1"},"east":{"uv":[4.5,7.875,4.875,8.25],"texture":"#1"},"south":{"uv":[4.625,7.5,5.5,7.875],"texture":"#1"},"west":{"uv":[4.875,7.875,5.25,8.25],"texture":"#1"},"up":{"uv":[8.375,5,7.5,4.625],"texture":"#1"},"down":{"uv":[8.375,5,7.5,5.375],"texture":"#1"}}},{"from":[3.14486,-1.5,-6.30351],"to":[4.56986,1.45,-4.80351],"rotation":{"angle":45,"axis":"y","origin":[3.06986,-0.025,-5.05351]},"faces":{"north":{"uv":[3.5,1.75,3.6875,2.125],"texture":"#1"},"east":{"uv":[7.625,8,7.8125,8.375],"texture":"#1"},"south":{"uv":[7.875,8,8.0625,8.375],"texture":"#1"},"west":{"uv":[0,8.125,0.1875,8.5],"texture":"#1"},"up":{"uv":[4.0625,8.3125,3.875,8.125],"texture":"#1"},"down":{"uv":[4.3125,8.125,4.125,8.3125],"texture":"#1"}}},{"from":[12.14486,-1.5,-6.30351],"to":[13.56986,1.45,-4.87851],"rotation":{"angle":45,"axis":"y","origin":[12.06986,-0.025,-5.05351]},"faces":{"north":{"uv":[0.25,8.125,0.4375,8.5],"texture":"#1"},"east":{"uv":[0.5,8.125,0.6875,8.5],"texture":"#1"},"south":{"uv":[0.75,8.125,0.9375,8.5],"texture":"#1"},"west":{"uv":[1,8.125,1.1875,8.5],"texture":"#1"},"up":{"uv":[8.3125,6.5625,8.125,6.375],"texture":"#1"},"down":{"uv":[6.8125,8.125,6.625,8.3125],"texture":"#1"}}},{"from":[2.00365,-1.475,5.76151],"to":[4.50365,1.475,13.76151],"rotation":{"angle":22.5,"axis":"y","origin":[7.75365,0,6.26151]},"faces":{"north":{"uv":[2.25,8,2.5625,8.375],"texture":"#1"},"east":{"uv":[7.5,3.125,8.5,3.5],"texture":"#1"},"south":{"uv":[2.625,8,2.9375,8.375],"texture":"#1"},"west":{"uv":[7.5,3.5,8.5,3.875],"texture":"#1"},"up":{"uv":[7.8125,6.375,7.5,5.375],"texture":"#1"},"down":{"uv":[5.8125,7.5,5.5,8.5],"texture":"#1"}}},{"from":[10.31127,-1.475,9.20566],"to":[12.81127,1.475,17.20566],"rotation":{"angle":-22.5,"axis":"y","origin":[16.06127,0,9.70566]},"faces":{"north":{"uv":[3,8,3.3125,8.375],"texture":"#1"},"east":{"uv":[3.625,7.5,4.625,7.875],"texture":"#1"},"south":{"uv":[7.25,8,7.5625,8.375],"texture":"#1"},"west":{"uv":[7.5,3.875,8.5,4.25],"texture":"#1"},"up":{"uv":[6.1875,8.5,5.875,7.5],"texture":"#1"},"down":{"uv":[6.5625,7.5,6.25,8.5],"texture":"#1"}}},{"from":[6.2,-2.7,-0.5],"to":[12.2,-2.7,5.5],"rotation":{"angle":22.5,"axis":"x","origin":[9.2,-2.7,2.5]},"faces":{"north":{"uv":[0,0,0.75,0],"texture":"#1"},"east":{"uv":[0,0,0.75,0],"texture":"#1"},"south":{"uv":[0,0,0.75,0],"texture":"#1"},"west":{"uv":[0,0,0.75,0],"texture":"#1"},"up":{"uv":[0.75,2.875,0,2.125],"texture":"#1"},"down":{"uv":[1.5,2.125,0.75,2.875],"texture":"#1"}}},{"from":[7.95,-2.7,1],"to":[13.95,-2.7,7],"rotation":{"angle":22.5,"axis":"x","origin":[10.95,-2.7,4]},"faces":{"north":{"uv":[0,0,0.75,0],"texture":"#1"},"east":{"uv":[0,0,0.75,0],"texture":"#1"},"south":{"uv":[0,0,0.75,0],"texture":"#1"},"west":{"uv":[0,0,0.75,0],"texture":"#1"},"up":{"uv":[2.25,2.875,1.5,2.125],"texture":"#1"},"down":{"uv":[3,2.125,2.25,2.875],"texture":"#1"}}},{"from":[5.7,-2.7,12],"to":[11.7,-2.7,18],"rotation":{"angle":22.5,"axis":"x","origin":[8.7,-2.7,15]},"faces":{"north":{"uv":[0,0,0.75,0],"texture":"#1"},"east":{"uv":[0,0,0.75,0],"texture":"#1"},"south":{"uv":[0,0,0.75,0],"texture":"#1"},"west":{"uv":[0,0,0.75,0],"texture":"#1"},"up":{"uv":[3.5,0.75,2.75,0],"texture":"#1"},"down":{"uv":[3.5,0.75,2.75,1.5],"texture":"#1"}}},{"from":[7.2,-2.75,10.5],"to":[13.2,-2.75,16.5],"rotation":{"angle":22.5,"axis":"x","origin":[10.2,-2.75,13.5]},"faces":{"north":{"uv":[0,0,0.75,0],"texture":"#1"},"east":{"uv":[0,0,0.75,0],"texture":"#1"},"south":{"uv":[0,0,0.75,0],"texture":"#1"},"west":{"uv":[0,0,0.75,0],"texture":"#1"},"up":{"uv":[0.75,3.625,0,2.875],"texture":"#1"},"down":{"uv":[1.5,2.875,0.75,3.625],"texture":"#1"}}},{"from":[8.7,-2.7,7.25],"to":[14.7,-2.7,13.25],"rotation":{"angle":22.5,"axis":"x","origin":[11.7,-2.7,10.25]},"faces":{"north":{"uv":[0,0,0.75,0],"texture":"#1"},"east":{"uv":[0,0,0.75,0],"texture":"#1"},"south":{"uv":[0,0,0.75,0],"texture":"#1"},"west":{"uv":[0,0,0.75,0],"texture":"#1"},"up":{"uv":[2.25,3.625,1.5,2.875],"texture":"#1"},"down":{"uv":[3,2.875,2.25,3.625],"texture":"#1"}}},{"from":[8.9,-2.7,4.25],"to":[14.9,-2.7,10.25],"rotation":{"angle":22.5,"axis":"x","origin":[11.9,-2.7,7.25]},"faces":{"north":{"uv":[0,0,0.75,0],"texture":"#1"},"east":{"uv":[0,0,0.75,0],"texture":"#1"},"south":{"uv":[0,0,0.75,0],"texture":"#1"},"west":{"uv":[0,0,0.75,0],"texture":"#1"},"up":{"uv":[3.75,2.875,3,2.125],"texture":"#1"},"down":{"uv":[3.75,2.875,3,3.625],"texture":"#1"}}},{"from":[1.45,-2.65,-6.75],"to":[7.45,-2.65,-0.75],"rotation":{"angle":22.5,"axis":"x","origin":[4.45,-2.65,-3.75]},"faces":{"north":{"uv":[0,0,0.75,0],"texture":"#1"},"east":{"uv":[0,0,0.75,0],"texture":"#1"},"south":{"uv":[0,0,0.75,0],"texture":"#1"},"west":{"uv":[0,0,0.75,0],"texture":"#1"},"up":{"uv":[4.25,0.75,3.5,0],"texture":"#1"},"down":{"uv":[4.25,0.75,3.5,1.5],"texture":"#1"}}},{"from":[3.2,-2.7,-5.25],"to":[9.2,-2.7,0.75],"rotation":{"angle":22.5,"axis":"x","origin":[6.2,-2.7,-2.25]},"faces":{"north":{"uv":[0,0,0.75,0],"texture":"#1"},"east":{"uv":[0,0,0.75,0],"texture":"#1"},"south":{"uv":[0,0,0.75,0],"texture":"#1"},"west":{"uv":[0,0,0.75,0],"texture":"#1"},"up":{"uv":[0.75,4.375,0,3.625],"texture":"#1"},"down":{"uv":[1.5,3.625,0.75,4.375],"texture":"#1"}}},{"from":[3.2,-2.7,5.5],"to":[9.2,-2.7,11.5],"rotation":{"angle":22.5,"axis":"x","origin":[6.2,-2.7,8.5]},"faces":{"north":{"uv":[0,0,0.75,0],"texture":"#1"},"east":{"uv":[0,0,0.75,0],"texture":"#1"},"south":{"uv":[0,0,0.75,0],"texture":"#1"},"west":{"uv":[0,0,0.75,0],"texture":"#1"},"up":{"uv":[2.25,4.375,1.5,3.625],"texture":"#1"},"down":{"uv":[3,3.625,2.25,4.375],"texture":"#1"}}},{"from":[3.2,-2.7,-0.5],"to":[9.2,-2.7,5.5],"rotation":{"angle":22.5,"axis":"x","origin":[6.2,-2.7,2.5]},"faces":{"north":{"uv":[0,0,0.75,0],"texture":"#1"},"east":{"uv":[0,0,0.75,0],"texture":"#1"},"south":{"uv":[0,0,0.75,0],"texture":"#1"},"west":{"uv":[0,0,0.75,0],"texture":"#1"},"up":{"uv":[3.75,4.375,3,3.625],"texture":"#1"},"down":{"uv":[4.5,1.5,3.75,2.25],"texture":"#1"}}},{"from":[2.2,-2.75,10.5],"to":[8.2,-2.75,16.5],"rotation":{"angle":22.5,"axis":"x","origin":[5.2,-2.75,13.5]},"faces":{"north":{"uv":[0,0,0.75,0],"texture":"#1"},"east":{"uv":[0,0,0.75,0],"texture":"#1"},"south":{"uv":[0,0,0.75,0],"texture":"#1"},"west":{"uv":[0,0,0.75,0],"texture":"#1"},"up":{"uv":[4.5,3,3.75,2.25],"texture":"#1"},"down":{"uv":[4.5,3,3.75,3.75],"texture":"#1"}}},{"from":[0.7,-2.7,7.25],"to":[6.7,-2.7,13.25],"rotation":{"angle":22.5,"axis":"x","origin":[3.7,-2.7,10.25]},"faces":{"north":{"uv":[0,0,0.75,0],"texture":"#1"},"east":{"uv":[0,0,0.75,0],"texture":"#1"},"south":{"uv":[0,0,0.75,0],"texture":"#1"},"west":{"uv":[0,0,0.75,0],"texture":"#1"},"up":{"uv":[4.5,4.5,3.75,3.75],"texture":"#1"},"down":{"uv":[5,0,4.25,0.75],"texture":"#1"}}},{"from":[0.7,-2.7,4.25],"to":[6.7,-2.7,10.25],"rotation":{"angle":22.5,"axis":"x","origin":[3.7,-2.7,7.25]},"faces":{"north":{"uv":[0,0,0.75,0],"texture":"#1"},"east":{"uv":[0,0,0.75,0],"texture":"#1"},"south":{"uv":[0,0,0.75,0],"texture":"#1"},"west":{"uv":[0,0,0.75,0],"texture":"#1"},"up":{"uv":[5,1.5,4.25,0.75],"texture":"#1"},"down":{"uv":[0.75,4.375,0,5.125],"texture":"#1"}}},{"from":[3.7,-2.7,12],"to":[9.7,-2.7,18],"rotation":{"angle":22.5,"axis":"x","origin":[6.7,-2.7,15]},"faces":{"north":{"uv":[0,0,0.75,0],"texture":"#1"},"east":{"uv":[0,0,0.75,0],"texture":"#1"},"south":{"uv":[0,0,0.75,0],"texture":"#1"},"west":{"uv":[0,0,0.75,0],"texture":"#1"},"up":{"uv":[1.5,5.125,0.75,4.375],"texture":"#1"},"down":{"uv":[2.25,4.375,1.5,5.125],"texture":"#1"}}},{"from":[6.2,-2.7,5.5],"to":[12.2,-2.7,11.5],"rotation":{"angle":22.5,"axis":"x","origin":[9.2,-2.7,8.5]},"faces":{"north":{"uv":[0,0,0.75,0],"texture":"#1"},"east":{"uv":[0,0,0.75,0],"texture":"#1"},"south":{"uv":[0,0,0.75,0],"texture":"#1"},"west":{"uv":[0,0,0.75,0],"texture":"#1"},"up":{"uv":[3,5.125,2.25,4.375],"texture":"#1"},"down":{"uv":[3.75,4.375,3,5.125],"texture":"#1"}}},{"from":[6.2,-2.7,-5.25],"to":[12.2,-2.7,0.75],"rotation":{"angle":22.5,"axis":"x","origin":[9.2,-2.7,-2.25]},"faces":{"north":{"uv":[0,0,0.75,0],"texture":"#1"},"east":{"uv":[0,0,0.75,0],"texture":"#1"},"south":{"uv":[0,0,0.75,0],"texture":"#1"},"west":{"uv":[0,0,0.75,0],"texture":"#1"},"up":{"uv":[5.25,2.25,4.5,1.5],"texture":"#1"},"down":{"uv":[5.25,2.25,4.5,3],"texture":"#1"}}},{"from":[7.95,-2.65,-6.75],"to":[13.95,-2.65,-0.75],"rotation":{"angle":22.5,"axis":"x","origin":[10.95,-2.65,-3.75]},"faces":{"north":{"uv":[0,0,0.75,0],"texture":"#1"},"east":{"uv":[0,0,0.75,0],"texture":"#1"},"south":{"uv":[0,0,0.75,0],"texture":"#1"},"west":{"uv":[0,0,0.75,0],"texture":"#1"},"up":{"uv":[5.25,3.75,4.5,3],"texture":"#1"},"down":{"uv":[4.5,4.5,3.75,5.25],"texture":"#1"}}},{"from":[1.45,-2.7,1],"to":[7.45,-2.7,7],"rotation":{"angle":22.5,"axis":"x","origin":[4.45,-2.7,4]},"faces":{"north":{"uv":[0,0,0.75,0],"texture":"#1"},"east":{"uv":[0,0,0.75,0],"texture":"#1"},"south":{"uv":[0,0,0.75,0],"texture":"#1"},"west":{"uv":[0,0,0.75,0],"texture":"#1"},"up":{"uv":[5.25,4.5,4.5,3.75],"texture":"#1"},"down":{"uv":[5.25,4.5,4.5,5.25],"texture":"#1"}}},{"from":[6.2,2.7,-0.5],"to":[12.2,2.7,5.5],"rotation":{"angle":-22.5,"axis":"x","origin":[9.2,2.7,2.5]},"faces":{"north":{"uv":[0,0,0.75,0],"texture":"#1"},"east":{"uv":[0,0,0.75,0],"texture":"#1"},"south":{"uv":[0,0,0.75,0],"texture":"#1"},"west":{"uv":[0,0,0.75,0],"texture":"#1"},"up":{"uv":[5.75,0.75,5,0],"texture":"#1"},"down":{"uv":[5.75,0.75,5,1.5],"texture":"#1"}}},{"from":[7.95,2.7,1],"to":[13.95,2.7,7],"rotation":{"angle":-22.5,"axis":"x","origin":[10.95,2.7,4]},"faces":{"north":{"uv":[0,0,0.75,0],"texture":"#1"},"east":{"uv":[0,0,0.75,0],"texture":"#1"},"south":{"uv":[0,0,0.75,0],"texture":"#1"},"west":{"uv":[0,0,0.75,0],"texture":"#1"},"up":{"uv":[0.75,5.875,0,5.125],"texture":"#1"},"down":{"uv":[1.5,5.125,0.75,5.875],"texture":"#1"}}},{"from":[14.2,-2.8,-0.5],"to":[14.2,3.2,5.5],"rotation":{"angle":22.5,"axis":"y","origin":[14.2,0.2,2.5]},"faces":{"north":{"uv":[0,0,0,0.75],"texture":"#1"},"east":{"uv":[1.5,5.125,2.25,5.875],"texture":"#1"},"south":{"uv":[0,0,0,0.75],"texture":"#1"},"west":{"uv":[2.25,5.125,3,5.875],"texture":"#1"},"up":{"uv":[0,0.75,0,0],"texture":"#1"},"down":{"uv":[0,0,0,0.75],"texture":"#1"}}},{"from":[14.2,-2.8,4.5],"to":[14.2,3.2,10.5],"rotation":{"angle":22.5,"axis":"y","origin":[14.2,0.2,7.5]},"faces":{"north":{"uv":[0,0,0,0.75],"texture":"#1"},"east":{"uv":[3,5.125,3.75,5.875],"texture":"#1"},"south":{"uv":[0,0,0,0.75],"texture":"#1"},"west":{"uv":[5.25,1.5,6,2.25],"texture":"#1"},"up":{"uv":[0,0.75,0,0],"texture":"#1"},"down":{"uv":[0,0,0,0.75],"texture":"#1"}}},{"from":[5.7,2.7,12],"to":[11.7,2.7,18],"rotation":{"angle":-22.5,"axis":"x","origin":[8.7,2.7,15]},"faces":{"north":{"uv":[0,0,0.75,0],"texture":"#1"},"east":{"uv":[0,0,0.75,0],"texture":"#1"},"south":{"uv":[0,0,0.75,0],"texture":"#1"},"west":{"uv":[0,0,0.75,0],"texture":"#1"},"up":{"uv":[6,3,5.25,2.25],"texture":"#1"},"down":{"uv":[6,3,5.25,3.75],"texture":"#1"}}},{"from":[7.2,2.75,10.5],"to":[13.2,2.75,16.5],"rotation":{"angle":-22.5,"axis":"x","origin":[10.2,2.75,13.5]},"faces":{"north":{"uv":[0,0,0.75,0],"texture":"#1"},"east":{"uv":[0,0,0.75,0],"texture":"#1"},"south":{"uv":[0,0,0.75,0],"texture":"#1"},"west":{"uv":[0,0,0.75,0],"texture":"#1"},"up":{"uv":[4.5,6,3.75,5.25],"texture":"#1"},"down":{"uv":[6,3.75,5.25,4.5],"texture":"#1"}}},{"from":[8.7,2.7,7.25],"to":[14.7,2.7,13.25],"rotation":{"angle":-22.5,"axis":"x","origin":[11.7,2.7,10.25]},"faces":{"north":{"uv":[0,0,0.75,0],"texture":"#1"},"east":{"uv":[0,0,0.75,0],"texture":"#1"},"south":{"uv":[0,0,0.75,0],"texture":"#1"},"west":{"uv":[0,0,0.75,0],"texture":"#1"},"up":{"uv":[5.25,6,4.5,5.25],"texture":"#1"},"down":{"uv":[6,4.5,5.25,5.25],"texture":"#1"}}},{"from":[12.95,-3.05,8.75],"to":[12.95,2.95,14.75],"rotation":{"angle":0,"axis":"y","origin":[12.95,-0.05,11.75]},"faces":{"north":{"uv":[0,0,0,0.75],"texture":"#1"},"east":{"uv":[5.25,5.25,6,6],"texture":"#1"},"south":{"uv":[0,0,0,0.75],"texture":"#1"},"west":{"uv":[5.75,0,6.5,0.75],"texture":"#1"},"up":{"uv":[0,0.75,0,0],"texture":"#1"},"down":{"uv":[0,0,0,0.75],"texture":"#1"}}},{"from":[11.45,-3.05,12.25],"to":[11.45,2.95,18.25],"rotation":{"angle":0,"axis":"y","origin":[11.45,-0.05,15.25]},"faces":{"north":{"uv":[0,0,0,0.75],"texture":"#1"},"east":{"uv":[5.75,0.75,6.5,1.5],"texture":"#1"},"south":{"uv":[0,0,0,0.75],"texture":"#1"},"west":{"uv":[0,5.875,0.75,6.625],"texture":"#1"},"up":{"uv":[0,0.75,0,0],"texture":"#1"},"down":{"uv":[0,0,0,0.75],"texture":"#1"}}},{"from":[8.9,2.7,4.25],"to":[14.9,2.7,10.25],"rotation":{"angle":-22.5,"axis":"x","origin":[11.9,2.7,7.25]},"faces":{"north":{"uv":[0,0,0.75,0],"texture":"#1"},"east":{"uv":[0,0,0.75,0],"texture":"#1"},"south":{"uv":[0,0,0.75,0],"texture":"#1"},"west":{"uv":[0,0,0.75,0],"texture":"#1"},"up":{"uv":[1.5,6.625,0.75,5.875],"texture":"#1"},"down":{"uv":[2.25,5.875,1.5,6.625],"texture":"#1"}}},{"from":[1.45,2.65,-6.75],"to":[7.45,2.65,-0.75],"rotation":{"angle":-22.5,"axis":"x","origin":[4.45,2.65,-3.75]},"faces":{"north":{"uv":[0,0,0.75,0],"texture":"#1"},"east":{"uv":[0,0,0.75,0],"texture":"#1"},"south":{"uv":[0,0,0.75,0],"texture":"#1"},"west":{"uv":[0,0,0.75,0],"texture":"#1"},"up":{"uv":[3,6.625,2.25,5.875],"texture":"#1"},"down":{"uv":[3.75,5.875,3,6.625],"texture":"#1"}}},{"from":[3.2,2.7,-5.25],"to":[9.2,2.7,0.75],"rotation":{"angle":-22.5,"axis":"x","origin":[6.2,2.7,-2.25]},"faces":{"north":{"uv":[0,0,0.75,0],"texture":"#1"},"east":{"uv":[0,0,0.75,0],"texture":"#1"},"south":{"uv":[0,0,0.75,0],"texture":"#1"},"west":{"uv":[0,0,0.75,0],"texture":"#1"},"up":{"uv":[6.75,2.25,6,1.5],"texture":"#1"},"down":{"uv":[6.75,2.25,6,3],"texture":"#1"}}},{"from":[3.2,2.7,5.5],"to":[9.2,2.7,11.5],"rotation":{"angle":-22.5,"axis":"x","origin":[6.2,2.7,8.5]},"faces":{"north":{"uv":[0,0,0.75,0],"texture":"#1"},"east":{"uv":[0,0,0.75,0],"texture":"#1"},"south":{"uv":[0,0,0.75,0],"texture":"#1"},"west":{"uv":[0,0,0.75,0],"texture":"#1"},"up":{"uv":[6.75,3.75,6,3],"texture":"#1"},"down":{"uv":[4.5,6,3.75,6.75],"texture":"#1"}}},{"from":[3.2,2.7,-0.5],"to":[9.2,2.7,5.5],"rotation":{"angle":-22.5,"axis":"x","origin":[6.2,2.7,2.5]},"faces":{"north":{"uv":[0,0,0.75,0],"texture":"#1"},"east":{"uv":[0,0,0.75,0],"texture":"#1"},"south":{"uv":[0,0,0.75,0],"texture":"#1"},"west":{"uv":[0,0,0.75,0],"texture":"#1"},"up":{"uv":[6.75,4.5,6,3.75],"texture":"#1"},"down":{"uv":[5.25,6,4.5,6.75],"texture":"#1"}}},{"from":[2.2,2.75,10.5],"to":[8.2,2.75,16.5],"rotation":{"angle":-22.5,"axis":"x","origin":[5.2,2.75,13.5]},"faces":{"north":{"uv":[0,0,0.75,0],"texture":"#1"},"east":{"uv":[0,0,0.75,0],"texture":"#1"},"south":{"uv":[0,0,0.75,0],"texture":"#1"},"west":{"uv":[0,0,0.75,0],"texture":"#1"},"up":{"uv":[6.75,5.25,6,4.5],"texture":"#1"},"down":{"uv":[6,6,5.25,6.75],"texture":"#1"}}},{"from":[0.7,2.7,7.25],"to":[6.7,2.7,13.25],"rotation":{"angle":-22.5,"axis":"x","origin":[3.7,2.7,10.25]},"faces":{"north":{"uv":[0,0,0.75,0],"texture":"#1"},"east":{"uv":[0,0,0.75,0],"texture":"#1"},"south":{"uv":[0,0,0.75,0],"texture":"#1"},"west":{"uv":[0,0,0.75,0],"texture":"#1"},"up":{"uv":[6.75,6,6,5.25],"texture":"#1"},"down":{"uv":[6.75,6,6,6.75],"texture":"#1"}}},{"from":[0.7,2.7,4.25],"to":[6.7,2.7,10.25],"rotation":{"angle":-22.5,"axis":"x","origin":[3.7,2.7,7.25]},"faces":{"north":{"uv":[0,0,0.75,0],"texture":"#1"},"east":{"uv":[0,0,0.75,0],"texture":"#1"},"south":{"uv":[0,0,0.75,0],"texture":"#1"},"west":{"uv":[0,0,0.75,0],"texture":"#1"},"up":{"uv":[7.25,0.75,6.5,0],"texture":"#1"},"down":{"uv":[7.25,0.75,6.5,1.5],"texture":"#1"}}},{"from":[3.7,2.7,12],"to":[9.7,2.7,18],"rotation":{"angle":-22.5,"axis":"x","origin":[6.7,2.7,15]},"faces":{"north":{"uv":[0,0,0.75,0],"texture":"#1"},"east":{"uv":[0,0,0.75,0],"texture":"#1"},"south":{"uv":[0,0,0.75,0],"texture":"#1"},"west":{"uv":[0,0,0.75,0],"texture":"#1"},"up":{"uv":[0.75,7.375,0,6.625],"texture":"#1"},"down":{"uv":[1.5,6.625,0.75,7.375],"texture":"#1"}}},{"from":[6.2,2.7,5.5],"to":[12.2,2.7,11.5],"rotation":{"angle":-22.5,"axis":"x","origin":[9.2,2.7,8.5]},"faces":{"north":{"uv":[0,0,0.75,0],"texture":"#1"},"east":{"uv":[0,0,0.75,0],"texture":"#1"},"south":{"uv":[0,0,0.75,0],"texture":"#1"},"west":{"uv":[0,0,0.75,0],"texture":"#1"},"up":{"uv":[2.25,7.375,1.5,6.625],"texture":"#1"},"down":{"uv":[3,6.625,2.25,7.375],"texture":"#1"}}},{"from":[6.2,2.7,-5.25],"to":[12.2,2.7,0.75],"rotation":{"angle":-22.5,"axis":"x","origin":[9.2,2.7,-2.25]},"faces":{"north":{"uv":[0,0,0.75,0],"texture":"#1"},"east":{"uv":[0,0,0.75,0],"texture":"#1"},"south":{"uv":[0,0,0.75,0],"texture":"#1"},"west":{"uv":[0,0,0.75,0],"texture":"#1"},"up":{"uv":[3.75,7.375,3,6.625],"texture":"#1"},"down":{"uv":[7.5,1.5,6.75,2.25],"texture":"#1"}}},{"from":[7.95,2.65,-6.75],"to":[13.95,2.65,-0.75],"rotation":{"angle":-22.5,"axis":"x","origin":[10.95,2.65,-3.75]},"faces":{"north":{"uv":[0,0,0.75,0],"texture":"#1"},"east":{"uv":[0,0,0.75,0],"texture":"#1"},"south":{"uv":[0,0,0.75,0],"texture":"#1"},"west":{"uv":[0,0,0.75,0],"texture":"#1"},"up":{"uv":[7.5,3,6.75,2.25],"texture":"#1"},"down":{"uv":[7.5,3,6.75,3.75],"texture":"#1"}}},{"from":[14.325,-2.8,-6.25],"to":[14.325,3.2,-0.25],"rotation":{"angle":22.5,"axis":"y","origin":[14.325,0.2,-3.25]},"faces":{"north":{"uv":[0,0,0,0.75],"texture":"#1"},"east":{"uv":[3.75,6.75,4.5,7.5],"texture":"#1"},"south":{"uv":[0,0,0,0.75],"texture":"#1"},"west":{"uv":[6.75,3.75,7.5,4.5],"texture":"#1"},"up":{"uv":[0,0.75,0,0],"texture":"#1"},"down":{"uv":[0,0,0,0.75],"texture":"#1"}}},{"from":[4.55,-3.05,13.5],"to":[4.55,2.95,19.5],"rotation":{"angle":0,"axis":"y","origin":[4.55,-0.05,16.5]},"faces":{"north":{"uv":[0,0,0,0.75],"texture":"#1"},"east":{"uv":[4.5,6.75,5.25,7.5],"texture":"#1"},"south":{"uv":[0,0,0,0.75],"texture":"#1"},"west":{"uv":[6.75,4.5,7.5,5.25],"texture":"#1"},"up":{"uv":[0,0.75,0,0],"texture":"#1"},"down":{"uv":[0,0,0,0.75],"texture":"#1"}}},{"from":[3.05,-3.05,10],"to":[3.05,2.95,16],"rotation":{"angle":0,"axis":"y","origin":[3.05,-0.05,13]},"faces":{"north":{"uv":[0,0,0,0.75],"texture":"#1"},"east":{"uv":[5.25,6.75,6,7.5],"texture":"#1"},"south":{"uv":[0,0,0,0.75],"texture":"#1"},"west":{"uv":[6.75,5.25,7.5,6],"texture":"#1"},"up":{"uv":[0,0.75,0,0],"texture":"#1"},"down":{"uv":[0,0,0,0.75],"texture":"#1"}}},{"from":[1.05,-3.05,4.5],"to":[1.05,2.95,10.5],"rotation":{"angle":-22.5,"axis":"y","origin":[1.05,-0.05,7.5]},"faces":{"north":{"uv":[0,0,0,0.75],"texture":"#1"},"east":{"uv":[6,6.75,6.75,7.5],"texture":"#1"},"south":{"uv":[0,0,0,0.75],"texture":"#1"},"west":{"uv":[6.75,6,7.5,6.75],"texture":"#1"},"up":{"uv":[0,0.75,0,0],"texture":"#1"},"down":{"uv":[0,0,0,0.75],"texture":"#1"}}},{"from":[1.05,-2.8,-0.5],"to":[1.05,3.2,5.5],"rotation":{"angle":-22.5,"axis":"y","origin":[1.05,0.2,2.5]},"faces":{"north":{"uv":[0,0,0,0.75],"texture":"#1"},"east":{"uv":[6.75,6.75,7.5,7.5],"texture":"#1"},"south":{"uv":[0,0,0,0.75],"texture":"#1"},"west":{"uv":[7.25,0,8,0.75],"texture":"#1"},"up":{"uv":[0,0.75,0,0],"texture":"#1"},"down":{"uv":[0,0,0,0.75],"texture":"#1"}}},{"from":[1.45,2.7,1],"to":[7.45,2.7,7],"rotation":{"angle":-22.5,"axis":"x","origin":[4.45,2.7,4]},"faces":{"north":{"uv":[0,0,0.75,0],"texture":"#1"},"east":{"uv":[0,0,0.75,0],"texture":"#1"},"south":{"uv":[0,0,0.75,0],"texture":"#1"},"west":{"uv":[0,0,0.75,0],"texture":"#1"},"up":{"uv":[8,1.5,7.25,0.75],"texture":"#1"},"down":{"uv":[0.75,7.375,0,8.125],"texture":"#1"}}},{"from":[2.43014,-1.5,-6.30351],"to":[3.85514,1.45,-4.87851],"rotation":{"angle":-45,"axis":"y","origin":[3.93014,-0.025,-5.05351]},"faces":{"north":{"uv":[1.25,8.125,1.4375,8.5],"texture":"#1"},"east":{"uv":[1.5,8.125,1.6875,8.5],"texture":"#1"},"south":{"uv":[1.75,8.125,1.9375,8.5],"texture":"#1"},"west":{"uv":[8.125,1.875,8.3125,2.25],"texture":"#1"},"up":{"uv":[8.3125,6.8125,8.125,6.625],"texture":"#1"},"down":{"uv":[7.0625,8.125,6.875,8.3125],"texture":"#1"}}},{"from":[0.925,-2.8,-6.25],"to":[0.925,3.2,-0.25],"rotation":{"angle":-22.5,"axis":"y","origin":[0.925,0.2,-3.25]},"faces":{"north":{"uv":[0,0,0,0.75],"texture":"#1"},"east":{"uv":[0.75,7.375,1.5,8.125],"texture":"#1"},"south":{"uv":[0,0,0,0.75],"texture":"#1"},"west":{"uv":[1.5,7.375,2.25,8.125],"texture":"#1"},"up":{"uv":[0,0.75,0,0],"texture":"#1"},"down":{"uv":[0,0,0,0.75],"texture":"#1"}}},{"from":[3.24664,0.5,-7.24805],"to":[12.24664,1.5,-5.99805],"rotation":{"angle":0,"axis":"y","origin":[3.24664,-0.5,-7.24805]},"faces":{"north":{"uv":[7.875,5.875,9,6],"texture":"#1"},"east":{"uv":[3.375,7.75,3.5625,7.875],"texture":"#1"},"south":{"uv":[7.875,6,9,6.125],"texture":"#1"},"west":{"uv":[8.125,3,8.3125,3.125],"texture":"#1"},"up":{"uv":[8.375,7.6875,7.25,7.5],"texture":"#1"},"down":{"uv":[3.375,7.75,2.25,7.9375],"texture":"#1"}}},{"from":[3.24664,-1.5,-7.24805],"to":[12.24664,-1,-5.99805],"rotation":{"angle":0,"axis":"y","origin":[3.24664,-3,-7.24805]},"faces":{"north":{"uv":[8,1.25,9.125,1.3125],"texture":"#1"},"east":{"uv":[8.375,0.875,8.5625,0.9375],"texture":"#1"},"south":{"uv":[8,1.375,9.125,1.4375],"texture":"#1"},"west":{"uv":[8.375,1,8.5625,1.0625],"texture":"#1"},"up":{"uv":[8.375,7.9375,7.25,7.75],"texture":"#1"},"down":{"uv":[4.5,7.875,3.375,8.0625],"texture":"#1"}}},{"name":"teefs","from":[3.49664,-1,-6.99805],"to":[12.49664,0.5,-6.99805],"rotation":{"angle":0,"axis":"y","origin":[3.49664,-2.5,-6.99805]},"faces":{"north":{"uv":[7.875,5.375,9,5.5625],"texture":"#1"},"east":{"uv":[0,0,0,0.1875],"texture":"#1"},"south":{"uv":[7.875,5.625,9,5.8125],"texture":"#1"},"west":{"uv":[0,0,0,0.1875],"texture":"#1"},"up":{"uv":[1.125,0,0,0],"texture":"#1"},"down":{"uv":[1.125,0,0,0],"texture":"#1"}}},{"from":[3.24664,-1,-7.24805],"to":[3.74664,0.5,-5.99805],"rotation":{"angle":0,"axis":"y","origin":[3.24664,-1.5,-7.24805]},"faces":{"north":{"uv":[8.375,1.875,8.4375,2.0625],"texture":"#1"},"east":{"uv":[8.125,6.875,8.3125,7.0625],"texture":"#1"},"south":{"uv":[2,8.375,2.0625,8.5625],"texture":"#1"},"west":{"uv":[8.125,7.125,8.3125,7.3125],"texture":"#1"},"up":{"uv":[2.1875,8.5625,2.125,8.375],"texture":"#1"},"down":{"uv":[8.4375,2.125,8.375,2.3125],"texture":"#1"}}},{"from":[11.74664,-1,-7.24805],"to":[12.24664,0.5,-5.99805],"rotation":{"angle":0,"axis":"y","origin":[12.24664,-1.5,-7.24805]},"faces":{"north":{"uv":[2.25,8.375,2.3125,8.5625],"texture":"#1"},"east":{"uv":[8.125,8,8.3125,8.1875],"texture":"#1"},"south":{"uv":[2.375,8.375,2.4375,8.5625],"texture":"#1"},"west":{"uv":[8.25,0,8.4375,0.1875],"texture":"#1"},"up":{"uv":[8.4375,2.5625,8.375,2.375],"texture":"#1"},"down":{"uv":[2.5625,8.375,2.5,8.5625],"texture":"#1"}}}],"gui_light":"front","display":{"thirdperson_righthand":{"rotation":[90,0,90],"translation":[-11.25,21,2],"scale":[1.4,1.4,1.4]},"thirdperson_lefthand":{"rotation":[90,0,90],"translation":[-11.25,21,2],"scale":[1.4,1.4,1.4]},"firstperson_righthand":{"rotation":[54.59,-16.18,82.4],"translation":[-5.25,4.75,-3.75]},"firstperson_lefthand":{"rotation":[54.59,-16.18,82.4],"translation":[-5.25,4.75,-3.75]},"ground":{"rotation":[58,0,0],"translation":[0,23,0]},"gui":{"rotation":[143.78,29.37,-23.41],"translation":[1.5,-2.75,0],"scale":[0.59414,0.79922,0.74258]},"head":{"rotation":[-90,39.75,-180],"translation":[1,-17.75,17.5],"scale":[1.5,1.5,1.5]},"fixed":{"rotation":[87.46,-46.75,-1.81],"translation":[1.5,1,5.5],"scale":[0.6,0.6,0.6]}}}