{"credit":"Naruto RPG","textures":{"0":"armas:item/armas_katana","particle":"armas:item/armas_katana"},"elements":[{"from":[7.67126,8.07512,7.1003],"to":[8.27806,19.03762,7.2628],"rotation":{"angle":0,"axis":"y","origin":[5.55931,18.54587,5.8628]},"faces":{"north":{"uv":[2,0,0,12.5],"texture":"#0"},"east":{"uv":[1,0,0,12.5],"texture":"#0"},"south":{"uv":[2,0,0,12.5],"texture":"#0"},"west":{"uv":[1,0,0,12.5],"texture":"#0"},"up":{"uv":[2,0,0,12.5],"texture":"#0"},"down":{"uv":[2,0,0,12.5],"texture":"#0"}}},{"from":[7.63431,7.32512,7.0253],"to":[8.45306,8.18762,7.3628],"rotation":{"angle":0,"axis":"y","origin":[5.55931,18.54587,5.8628]},"faces":{"north":{"uv":[9,0,5,4],"texture":"#0"},"east":{"uv":[8,0,5,3],"texture":"#0"},"south":{"uv":[9,0,5,4],"texture":"#0"},"west":{"uv":[8,0,5,3],"texture":"#0"},"up":{"uv":[9,0,5,4],"texture":"#0"},"down":{"uv":[9,0,5,4],"texture":"#0"}}},{"from":[8.28643,19.04109,7.1003],"to":[8.38018,19.76609,7.2628],"rotation":{"angle":45,"axis":"z","origin":[8.3333,18.91609,7.26905]},"faces":{"north":{"uv":[2,0,0.5,5],"texture":"#0"},"east":{"uv":[2,0,0,12.5],"texture":"#0"},"south":{"uv":[2,0,0.5,5],"texture":"#0"},"west":{"uv":[2,0,0,12.5],"texture":"#0"},"up":{"uv":[2,0,0,12.5],"texture":"#0"},"down":{"uv":[2,0,0,12.5],"texture":"#0"}}},{"from":[7.67166,19.02527,7.1003],"to":[7.76541,19.55027,7.2628],"rotation":{"angle":0,"axis":"y","origin":[7.96853,19.37527,7.26905]},"faces":{"north":{"uv":[2,0,0.5,4.5],"texture":"#0"},"east":{"uv":[2,0,0,12.5],"texture":"#0"},"south":{"uv":[2,0,0.5,4.5],"texture":"#0"},"west":{"uv":[2,0,0,12.5],"texture":"#0"},"up":{"uv":[2,0,0,12.5],"texture":"#0"},"down":{"uv":[2,0,0,12.5],"texture":"#0"}}},{"from":[7.76078,19.03615,7.1003],"to":[7.87953,19.43615,7.2628],"rotation":{"angle":0,"axis":"y","origin":[7.75765,19.21115,7.26905]},"faces":{"north":{"uv":[2,0,0,4.5],"texture":"#0"},"east":{"uv":[2,0,0,12.5],"texture":"#0"},"south":{"uv":[2,0,0,4.5],"texture":"#0"},"west":{"uv":[2,0,0,12.5],"texture":"#0"},"up":{"uv":[2,0,0,12.5],"texture":"#0"},"down":{"uv":[2,0,0,12.5],"texture":"#0"}}},{"from":[7.86078,19.03615,7.1003],"to":[8.00453,19.31115,7.2628],"rotation":{"angle":0,"axis":"y","origin":[7.75765,19.21115,7.26905]},"faces":{"north":{"uv":[2,0,0.5,2.5],"texture":"#0"},"east":{"uv":[2,0,0,12.5],"texture":"#0"},"south":{"uv":[2,0,0.5,2.5],"texture":"#0"},"west":{"uv":[2,0,0,12.5],"texture":"#0"},"up":{"uv":[2,0,0,12.5],"texture":"#0"},"down":{"uv":[2,0,0,12.5],"texture":"#0"}}},{"from":[7.98578,19.03615,7.1003],"to":[8.10453,19.18615,7.2628],"rotation":{"angle":0,"axis":"y","origin":[7.75765,19.21115,7.26905]},"faces":{"north":{"uv":[2,0,1,1.5],"texture":"#0"},"east":{"uv":[2,0,0,12.5],"texture":"#0"},"south":{"uv":[2,0,1,1.5],"texture":"#0"},"west":{"uv":[2,0,0,12.5],"texture":"#0"},"up":{"uv":[2,0,0,12.5],"texture":"#0"},"down":{"uv":[2,0,0,12.5],"texture":"#0"}}},{"from":[8.08578,19.03615,7.1003],"to":[8.17953,19.11115,7.2628],"rotation":{"angle":0,"axis":"y","origin":[7.75765,19.21115,7.26905]},"faces":{"north":{"uv":[2,0.5,1,1.5],"texture":"#0"},"east":{"uv":[2,0,0,12.5],"texture":"#0"},"south":{"uv":[2,0.5,1,1.5],"texture":"#0"},"west":{"uv":[2,0,0,12.5],"texture":"#0"},"up":{"uv":[2,0,0,12.5],"texture":"#0"},"down":{"uv":[2,0,0,12.5],"texture":"#0"}}},{"from":[8.27806,8.07512,7.1253],"to":[8.42806,19.03762,7.2378],"rotation":{"angle":0,"axis":"y","origin":[5.30931,18.54587,5.8628]},"faces":{"north":{"uv":[4.5,0,2.5,12.5],"texture":"#0"},"east":{"uv":[4.5,0,2.5,12.5],"texture":"#0"},"south":{"uv":[4.5,0,2.5,12.5],"texture":"#0"},"west":{"uv":[4.5,0,2.5,12.5],"texture":"#0"},"up":{"uv":[4.5,0,2.5,12.5],"texture":"#0"},"down":{"uv":[4.5,0,2.5,12.5],"texture":"#0"}}},{"from":[8.20233,18.98554,7.1253],"to":[8.34608,19.88554,7.2378],"rotation":{"angle":45,"axis":"z","origin":[8.3242,19.11054,7.26905]},"faces":{"north":{"uv":[4.5,0,2.5,12.5],"texture":"#0"},"east":{"uv":[3.5,0,2.5,7.5],"texture":"#0"},"south":{"uv":[4.5,0,2.5,12.5],"texture":"#0"},"west":{"uv":[4.5,0,2.5,12.5],"texture":"#0"},"up":{"uv":[4.5,0,2.5,12.5],"texture":"#0"},"down":{"uv":[4.5,0,2.5,12.5],"texture":"#0"}}},{"from":[7.67291,19.52402,7.1253],"to":[7.79166,19.67402,7.2378],"rotation":{"angle":0,"axis":"y","origin":[7.74479,18.97402,7.26905]},"faces":{"north":{"uv":[4.5,0,2.5,12.5],"texture":"#0"},"east":{"uv":[4.5,0,2.5,12.5],"texture":"#0"},"south":{"uv":[4.5,2,2.5,3],"texture":"#0"},"west":{"uv":[4.5,2,2.5,3],"texture":"#0"},"up":{"uv":[4.5,2,2.5,3],"texture":"#0"},"down":{"uv":[4.5,0,2.5,12.5],"texture":"#0"}}},{"from":[7.7339,7.2963,6.43005],"to":[8.38162,7.5509,6.64596],"rotation":{"angle":0,"axis":"y","origin":[7.62595,6.68727,6.43005]},"faces":{"north":{"uv":[5,4.5,9,6],"texture":"#0"},"east":{"uv":[5,4.5,9,8.5],"texture":"#0"},"south":{"uv":[5,4.5,9,8.5],"texture":"#0"},"west":{"uv":[5,4.5,9,8.5],"texture":"#0"},"up":{"uv":[5,4.5,9,6],"texture":"#0"},"down":{"uv":[5,4.5,9,6],"texture":"#0"}}},{"from":[8.21043,7.2963,6.62744],"to":[8.85815,7.5509,6.84335],"rotation":{"angle":-45,"axis":"y","origin":[8.53429,7.11908,6.73539]},"faces":{"north":{"uv":[5,4.5,9,6],"texture":"#0"},"east":{"uv":[5,4.5,9,8.5],"texture":"#0"},"south":{"uv":[5,4.5,9,8.5],"texture":"#0"},"west":{"uv":[5,4.5,9,8.5],"texture":"#0"},"up":{"uv":[5,4.5,9,6],"texture":"#0"},"down":{"uv":[5,4.5,9,6],"texture":"#0"}}},{"from":[8.62372,7.2963,6.88806],"to":[8.83963,7.5509,7.53578],"rotation":{"angle":0,"axis":"y","origin":[8.73167,7.11908,7.21192]},"faces":{"north":{"uv":[5,4.5,9,8.5],"texture":"#0"},"east":{"uv":[5,4.5,9,6],"texture":"#0"},"south":{"uv":[5,4.5,9,8.5],"texture":"#0"},"west":{"uv":[5,4.5,9,8.5],"texture":"#0"},"up":{"uv":[5,4.5,9,6],"texture":"#0"},"down":{"uv":[5,4.5,9,6],"texture":"#0"}}},{"from":[7.25737,7.2963,6.62744],"to":[7.90509,7.5509,6.84335],"rotation":{"angle":45,"axis":"y","origin":[7.58123,7.11908,6.73539]},"faces":{"north":{"uv":[5,4.5,9,8.5],"texture":"#0"},"east":{"uv":[5,4.5,9,8.5],"texture":"#0"},"south":{"uv":[5,4.5,9,8.5],"texture":"#0"},"west":{"uv":[5,4.5,9,8.5],"texture":"#0"},"up":{"uv":[5,4.5,9,6],"texture":"#0"},"down":{"uv":[5,4.5,9,6],"texture":"#0"}}},{"from":[7.7339,7.2963,7.77788],"to":[8.38162,7.5509,7.99379],"rotation":{"angle":0,"axis":"y","origin":[7.62595,6.68727,7.99379]},"faces":{"north":{"uv":[5,4.5,9,8.5],"texture":"#0"},"east":{"uv":[5,4.5,9,8.5],"texture":"#0"},"south":{"uv":[5,4.5,9,8.5],"texture":"#0"},"west":{"uv":[5,4.5,9,8.5],"texture":"#0"},"up":{"uv":[5,4.5,9,6],"texture":"#0"},"down":{"uv":[5,4.5,9,6],"texture":"#0"}}},{"from":[7.52827,7.29635,6.63409],"to":[8.57439,7.55095,7.78816],"rotation":{"angle":0,"axis":"y","origin":[7.62595,6.68727,7.99379]},"faces":{"north":{"uv":[5,4.5,9,8.5],"texture":"#0"},"east":{"uv":[5,4.5,9,8.5],"texture":"#0"},"south":{"uv":[5,4.5,9,8.5],"texture":"#0"},"west":{"uv":[5,4.5,9,8.5],"texture":"#0"},"up":{"uv":[5,4.5,9,8.5],"texture":"#0"},"down":{"uv":[5,4.5,9,8.5],"texture":"#0"}}},{"from":[7.44602,7.29635,6.78831],"to":[7.52827,7.55095,7.6468],"rotation":{"angle":0,"axis":"y","origin":[6.57983,6.68727,7.99379]},"faces":{"north":{"uv":[5,4.5,9,8.5],"texture":"#0"},"east":{"uv":[5,4.5,9,8.5],"texture":"#0"},"south":{"uv":[5,4.5,9,8.5],"texture":"#0"},"west":{"uv":[5,4.5,9,8.5],"texture":"#0"},"up":{"uv":[5,4.5,9,8.5],"texture":"#0"},"down":{"uv":[5,4.5,9,8.5],"texture":"#0"}}},{"from":[8.56411,7.29635,6.78831],"to":[8.64636,7.55095,7.6468],"rotation":{"angle":0,"axis":"y","origin":[6.57983,6.68727,7.99379]},"faces":{"north":{"uv":[5,4.5,9,8.5],"texture":"#0"},"east":{"uv":[5,4.5,9,8.5],"texture":"#0"},"south":{"uv":[5,4.5,9,8.5],"texture":"#0"},"west":{"uv":[5,4.5,9,8.5],"texture":"#0"},"up":{"uv":[5,4.5,9,6],"texture":"#0"},"down":{"uv":[5,4.5,9,6],"texture":"#0"}}},{"from":[8.21043,7.2963,7.5805],"to":[8.85815,7.5509,7.7964],"rotation":{"angle":45,"axis":"y","origin":[8.53429,7.11908,7.68845]},"faces":{"north":{"uv":[5,4.5,9,8.5],"texture":"#0"},"east":{"uv":[5,4.5,9,8.5],"texture":"#0"},"south":{"uv":[5,4.5,9,6],"texture":"#0"},"west":{"uv":[5,4.5,9,8.5],"texture":"#0"},"up":{"uv":[5,4.5,9,6],"texture":"#0"},"down":{"uv":[5,4.5,9,6],"texture":"#0"}}},{"from":[7.25737,7.2963,7.5805],"to":[7.90509,7.5509,7.7964],"rotation":{"angle":-45,"axis":"y","origin":[7.58123,7.11908,7.68845]},"faces":{"north":{"uv":[5,4.5,9,8.5],"texture":"#0"},"east":{"uv":[5,4.5,9,8.5],"texture":"#0"},"south":{"uv":[5,4.5,9,6],"texture":"#0"},"west":{"uv":[5,4.5,9,8.5],"texture":"#0"},"up":{"uv":[5,4.5,9,6],"texture":"#0"},"down":{"uv":[5,4.5,9,6],"texture":"#0"}}},{"from":[7.27589,7.2963,6.88806],"to":[7.4918,7.5509,7.53578],"rotation":{"angle":0,"axis":"y","origin":[7.38385,7.11908,7.21192]},"faces":{"north":{"uv":[5,4.5,9,8.5],"texture":"#0"},"east":{"uv":[5,4.5,9,8.5],"texture":"#0"},"south":{"uv":[5,4.5,9,8.5],"texture":"#0"},"west":{"uv":[5,4.5,9,6],"texture":"#0"},"up":{"uv":[5,4.5,9,6],"texture":"#0"},"down":{"uv":[5,4.5,9,6],"texture":"#0"}}},{"from":[7.77194,4.07512,6.9503],"to":[8.34069,7.43762,7.4878],"rotation":{"angle":0,"axis":"y","origin":[10.54069,18.54587,5.8878]},"faces":{"north":{"uv":[12,0,16,16],"texture":"#0"},"east":{"uv":[9.5,0,11.5,8],"texture":"#0"},"south":{"uv":[12,0,16,16],"texture":"#0"},"west":{"uv":[9.5,0,11.5,8],"texture":"#0"},"up":{"uv":[0,0,2,12.5],"texture":"#0"},"down":{"uv":[0,0,2,12.5],"texture":"#0"}}},{"from":[7.77194,3.58762,6.9503],"to":[8.34069,4.07512,7.4878],"rotation":{"angle":0,"axis":"y","origin":[10.54069,18.43337,5.8878]},"faces":{"north":{"uv":[5,9,9,13],"texture":"#0"},"east":{"uv":[5,9,9,13],"texture":"#0"},"south":{"uv":[5,9,9,13],"texture":"#0"},"west":{"uv":[5,9,9,13],"texture":"#0"},"up":{"uv":[5,9,9,13],"texture":"#0"},"down":{"uv":[5,9.5,9,13],"texture":"#0"}}}],"gui_light":"front","display":{"thirdperson_righthand":{"rotation":[84.05,88.67,-78.75],"translation":[1.5,1.5,1.5],"scale":[1.5,1.5,1.5]},"thirdperson_lefthand":{"rotation":[-74.7,-88.67,-78.75],"translation":[-1.5,1.5,1.5],"scale":[1.5,1.5,1.5]},"firstperson_righthand":{"rotation":[73.3,88.67,-78.75],"translation":[3.5,3.25,1.5],"scale":[1.31055,1.0918,1.74805]},"firstperson_lefthand":{"rotation":[-83.45,-88.67,-78.75],"translation":[1.25,3.25,1.5],"scale":[1.31055,1.0918,1.82422]},"ground":{"rotation":[2.44,0.26,12.51],"translation":[0,1.25,0],"scale":[1.4,1.4,1.4]},"gui":{"rotation":[0,0,-44],"translation":[-2.5,-3.25,0],"scale":[1.25,1.25,1.25]},"head":{"rotation":[0,0,143.75],"translation":[4.25,-10.25,5],"scale":[1.7,1.7,1.7]},"fixed":{"rotation":[-165.92,17.41,136.28],"translation":[3.5,-3.75,0],"scale":[1.4,1.4,0]}}}