{"credit":"Naruto RPG","texture_size":[32,32],"textures":{"1":"armas:item/armas_naginatadorada"},"elements":[{"from":[8.86943,7.27987,-7.876],"to":[9.69743,8.10787,-0.064],"rotation":{"angle":0,"axis":"y","origin":[9.24743,7.12564,-7.912]},"faces":{"north":{"uv":[3,11,3.625,11.625],"texture":"#1"},"east":{"uv":[2,2,7.375,2.625],"texture":"#1"},"south":{"uv":[11,5,11.625,5.625],"texture":"#1"},"west":{"uv":[2,3.5,7.375,4.125],"texture":"#1"},"up":{"uv":[2.625,10.375,2,5],"texture":"#1"},"down":{"uv":[4.125,10.375,3.5,5],"texture":"#1"}}},{"from":[8.86943,7.27987,10.844],"to":[9.69743,8.10787,18.656],"rotation":{"angle":0,"axis":"y","origin":[9.24743,7.12564,-7.912]},"faces":{"north":{"uv":[11,6.5,11.625,7.125],"texture":"#1"},"east":{"uv":[5,5,10.375,5.625],"texture":"#1"},"south":{"uv":[11,10.5,11.625,11.125],"texture":"#1"},"west":{"uv":[5,6.5,10.375,7.125],"texture":"#1"},"up":{"uv":[5.625,8,5,13.375],"texture":"#1"},"down":{"uv":[7.125,8,6.5,13.375],"texture":"#1"}}},{"from":[8.86943,7.27987,19.232],"to":[9.69743,8.10787,19.484],"rotation":{"angle":0,"axis":"y","origin":[9.24743,7.12564,-7.912]},"faces":{"north":{"uv":[12,9,12.625,9.625],"texture":"#1"},"east":{"uv":[4,13.5,4.125,14.125],"texture":"#1"},"south":{"uv":[11,12,11.625,12.625],"texture":"#1"},"west":{"uv":[13.5,5,13.625,5.625],"texture":"#1"},"up":{"uv":[13.125,7.125,12.5,7],"texture":"#1"},"down":{"uv":[14.125,9,13.5,9.125],"texture":"#1"}}},{"from":[9.15743,7.02787,19.484],"to":[9.40943,7.78387,26.216],"rotation":{"angle":0,"axis":"y","origin":[9.24743,7.12564,-7.912]},"faces":{"north":{"uv":[13.5,10,13.625,10.5],"texture":"#1"},"east":{"uv":[12.625,3,8,3.5],"texture":"#1"},"south":{"uv":[11,13.5,11.125,14],"texture":"#1"},"west":{"uv":[8,3,12.625,3.5],"texture":"#1"},"up":{"uv":[10.125,15.125,10,10.5],"texture":"#1"},"down":{"uv":[2.125,11,2,15.625],"texture":"#1"}}},{"from":[9.15743,7.78387,19.484],"to":[9.40943,8.39587,26.936],"rotation":{"angle":0,"axis":"y","origin":[9.24743,7.16164,-7.912]},"faces":{"north":{"uv":[5,14,5.125,14.375],"texture":"#1"},"east":{"uv":[13.125,8,8,8.375],"texture":"#1"},"south":{"uv":[6,14,6.125,14.375],"texture":"#1"},"west":{"uv":[8,8,13.125,8.375],"texture":"#1"},"up":{"uv":[8.125,15.625,8,10.5],"texture":"#1"},"down":{"uv":[9.125,10.5,9,15.625],"texture":"#1"}}},{"from":[9.13943,8.26529,25.70491],"to":[9.42743,9.30929,27.75691],"rotation":{"angle":-22.5,"axis":"x","origin":[9.28343,8.93129,29.07091]},"faces":{"north":{"uv":[13.5,2,13.625,2.75],"texture":"#1"},"east":{"uv":[11.375,9,10,9.75],"texture":"#1"},"south":{"uv":[3,13.5,3.125,14.25],"texture":"#1"},"west":{"uv":[10,9,11.375,9.75],"texture":"#1"},"up":{"uv":[12.625,11.875,12.5,10.5],"texture":"#1"},"down":{"uv":[12.625,12.5,12.5,13.875],"texture":"#1"}}},{"from":[9.19343,7.9099,27.42868],"to":[9.37343,8.6479,28.16668],"rotation":{"angle":22.5,"axis":"x","origin":[9.28343,7.9999,27.89668]},"faces":{"north":{"uv":[13.5,11,13.625,11.5],"texture":"#1"},"east":{"uv":[4.5,12.5,4,13],"texture":"#1"},"south":{"uv":[13.5,12,13.625,12.5],"texture":"#1"},"west":{"uv":[4,12.5,4.5,13],"texture":"#1"},"up":{"uv":[13.625,13.5,13.5,13],"texture":"#1"},"down":{"uv":[14.125,3.5,14,4],"texture":"#1"}}},{"from":[8.94143,7.35187,-0.784],"to":[9.62543,8.03587,19.268],"rotation":{"angle":0,"axis":"y","origin":[9.24743,7.12564,-8.02]},"faces":{"north":{"uv":[12.5,5,13,5.5],"texture":"#1"},"east":{"uv":[0,0,13.875,0.5],"texture":"#1"},"south":{"uv":[12.5,6,13,6.5],"texture":"#1"},"west":{"uv":[0,1,13.875,1.5],"texture":"#1"},"up":{"uv":[0.5,15.875,0,2],"texture":"#1"},"down":{"uv":[1.5,15.875,1,2],"texture":"#1"}}}],"gui_light":"front","display":{"thirdperson_righthand":{"rotation":[-91.5,0,180],"translation":[1.25,0.75,1.5],"scale":[1.3,1.5,1.3]},"thirdperson_lefthand":{"rotation":[-91.5,0,180],"translation":[-1.75,0.75,1.5],"scale":[1.3,1.5,1.3]},"firstperson_righthand":{"rotation":[-115,0,-180],"translation":[5.25,-1.5,-0.5],"scale":[1,1.2,1]},"firstperson_lefthand":{"rotation":[-115,0,-180],"translation":[3.75,-1.5,-1.25],"scale":[1,1.2,1]},"ground":{"rotation":[-67,0,0],"translation":[-1.75,13.75,0],"scale":[1.1,1.3,1.1]},"gui":{"rotation":[-27.94,27.16,34.77],"translation":[-2,-1.35,0],"scale":[1.05,1.05,1.05]},"head":{"rotation":[90,-38.25,-90],"translation":[2,-13,6.75],"scale":[1.5,1.7,1.5]},"fixed":{"rotation":[-90,-45.25,-90],"translation":[2,-1.75,-0.25],"scale":[0.8,1,0.8]}}}