{"credit":"Naruto RPG","textures":{"0":"armas:item/armas_gunbai_tornado_1","1":"armas:item/armas_gunbai_tornado_2","2":"armas:item/armas_gunbai_tornado_3","3":"armas:item/armas_gunbai_tornado_4","particle":"armas:item/armas_gunbai_tornado_1"},"elements":[{"from":[-5.49375,28.275,-6.4105],"to":[20.85875,28.275,14.862],"rotation":{"angle":0,"axis":"y","origin":[9.15,7.95,7.92006]},"faces":{"north":{"uv":[0,0,16,16],"texture":"#1"},"east":{"uv":[0,0,16,16],"texture":"#1"},"south":{"uv":[0,0,16,16],"texture":"#1"},"west":{"uv":[0,0,16,16],"texture":"#1"},"up":{"uv":[0,0,16,16],"texture":"#1"},"down":{"uv":[0,0,16,16],"texture":"#1"}}},{"from":[-6.87525,28.975,-6.792],"to":[22.24025,28.975,17.2435],"rotation":{"angle":0,"axis":"y","origin":[9.15,7.95,7.92006]},"faces":{"north":{"uv":[0,0,16,16],"texture":"#2"},"east":{"uv":[0,0,16,16],"texture":"#2"},"south":{"uv":[0,0,16,16],"texture":"#2"},"west":{"uv":[0,0,16,16],"texture":"#2"},"up":{"uv":[0,16,16,0],"texture":"#2"},"down":{"uv":[16,0,0,16],"texture":"#2"}}},{"from":[-1.44562,28.71,-2.08735],"to":[17.00113,28.71,12.8034],"rotation":{"angle":0,"axis":"y","origin":[9.15,7.95,7.92006]},"faces":{"north":{"uv":[0,0,16,16],"texture":"#1"},"east":{"uv":[0,0,16,16],"texture":"#1"},"south":{"uv":[0,0,16,16],"texture":"#1"},"west":{"uv":[0,0,16,16],"texture":"#1"},"up":{"uv":[0,0,16,16],"texture":"#1"},"down":{"uv":[0,0,16,16],"texture":"#1"}}},{"name":"hexadecagon","from":[5.0482,15.84013,-5.13862],"to":[10.51365,31.49527,-5.13862],"rotation":{"angle":-45,"axis":"y","origin":[9.15,7.95,7.92006]},"faces":{"north":{"uv":[6,2.875,4,16],"texture":"#0"},"east":{"uv":[0,0,1,3.625],"texture":"#0"},"south":{"uv":[4,2.875,6,13.25],"texture":"#0"},"west":{"uv":[0,0,1,0.375],"texture":"#0"},"up":{"uv":[0,0,16,13.25],"texture":"#0"},"down":{"uv":[0,0,1,0.375],"texture":"#0"}}},{"name":"hexadecagon","from":[4.89234,15.84013,-5.71428],"to":[10.35778,31.49527,-5.71428],"rotation":{"angle":-22.5,"axis":"y","origin":[9.15,7.95,7.92006]},"faces":{"north":{"uv":[4,2.875,6,16],"texture":"#0"},"east":{"uv":[0,0,1,0.375],"texture":"#0"},"south":{"uv":[6,2.875,4,13.25],"texture":"#0"},"west":{"uv":[0,0,1,0.375],"texture":"#0"},"up":{"uv":[0,0,16,13.25],"texture":"#0"},"down":{"uv":[0,0,1,0.375],"texture":"#0"}}},{"name":"hexadecagon","from":[4.96862,15.84013,-6.30577],"to":[10.43406,31.49527,-6.30577],"rotation":{"angle":0,"axis":"y","origin":[9.15,7.95,7.92006]},"faces":{"north":{"uv":[6,2.875,8,16],"texture":"#0"},"east":{"uv":[0,0,1,0.375],"texture":"#0"},"south":{"uv":[8,2.875,6,13.25],"texture":"#0"},"west":{"uv":[0,0,1,0.375],"texture":"#0"},"up":{"uv":[6,0,8,13.25],"texture":"#0"},"down":{"uv":[0,0,1,0.375],"texture":"#0"}}},{"name":"hexadecagon","from":[5.26545,15.84013,-6.82303],"to":[10.7309,31.49527,-6.82303],"rotation":{"angle":22.5,"axis":"y","origin":[9.15,7.95,7.92006]},"faces":{"north":{"uv":[8,2.875,10,16],"texture":"#0"},"east":{"uv":[0,0,1,0.375],"texture":"#0"},"south":{"uv":[10,2.875,8,13.25],"texture":"#0"},"west":{"uv":[0,0,1,0.375],"texture":"#0"},"up":{"uv":[0,0,16,13.25],"texture":"#0"},"down":{"uv":[0,0,1,0.375],"texture":"#0"}}},{"name":"hexadecagon","from":[5.73765,15.84013,-7.18733],"to":[11.20309,31.49527,-7.18733],"rotation":{"angle":45,"axis":"y","origin":[9.15,7.95,7.92006]},"faces":{"north":{"uv":[10,2.875,12,16],"texture":"#0"},"east":{"uv":[0,0,1,0.375],"texture":"#0"},"south":{"uv":[12,2.875,10,13.25],"texture":"#0"},"west":{"uv":[0,0,1,0.375],"texture":"#0"},"up":{"uv":[12,0,10,13.25],"texture":"#0"},"down":{"uv":[0,0,1,0.375],"texture":"#0"}}},{"name":"hexadecagon","from":[-6.11326,15.84013,5.29131],"to":[-6.11326,31.49527,10.75676],"rotation":{"angle":-22.5,"axis":"y","origin":[9.15,7.95,7.92006]},"faces":{"north":{"uv":[0,2.875,1,4.125],"texture":"#0"},"east":{"uv":[10,2.75,12,13.25],"texture":"#0"},"south":{"uv":[0,2.875,1,0.375],"texture":"#0"},"west":{"uv":[12,2.75,10,16],"texture":"#0"},"up":{"uv":[0,0,16,13.25],"texture":"#0"},"down":{"uv":[0,0,1,0.375],"texture":"#0"}}},{"name":"hexadecagon","from":[21.73649,15.84013,4.18256],"to":[21.73649,31.49527,9.64801],"rotation":{"angle":22.5,"axis":"y","origin":[9.15,7.95,7.92006]},"faces":{"north":{"uv":[0,2.875,2,13.25],"texture":"#0"},"east":{"uv":[8,2.875,6,16],"texture":"#0"},"south":{"uv":[0,2.875,2,13.25],"texture":"#0"},"west":{"uv":[6,0,8,13.25],"texture":"#0"},"up":{"uv":[0,0,2,13.25],"texture":"#0"},"down":{"uv":[0,0,2,13.25],"texture":"#0"}}},{"name":"hexadecagon","from":[9.60303,15.84013,16.42391],"to":[15.06848,31.49527,16.42391],"rotation":{"angle":45,"axis":"y","origin":[9.15,7.95,7.92006]},"faces":{"north":{"uv":[10,2.875,8,16],"texture":"#0"},"east":{"uv":[1,0,0,4.25],"texture":"#0"},"south":{"uv":[8,2.875,10,16],"texture":"#0"},"west":{"uv":[1,0,0,4.25],"texture":"#0"},"up":{"uv":[0,16,16,0],"texture":"#0"},"down":{"uv":[0,4.25,1,0],"texture":"#0"}}},{"name":"hexadecagon","from":[19.27134,15.84013,0.24146],"to":[19.27134,31.49527,5.70691],"rotation":{"angle":-22.5,"axis":"y","origin":[9.15,7.95,7.92006]},"faces":{"north":{"uv":[1,2.875,0,4.25],"texture":"#0"},"east":{"uv":[10,2.875,8,16],"texture":"#0"},"south":{"uv":[1,2.875,0,4.25],"texture":"#0"},"west":{"uv":[8,0,10,16],"texture":"#0"},"up":{"uv":[0,16,16,0],"rotation":270,"texture":"#0"},"down":{"uv":[0,4.25,1,0],"rotation":90,"texture":"#0"}}},{"name":"hexadecagon","from":[7.35739,15.84013,15.60323],"to":[12.82283,31.49527,15.60323],"rotation":{"angle":22.5,"axis":"y","origin":[9.15,7.95,7.92006]},"faces":{"north":{"uv":[8,2.875,6,16],"texture":"#0"},"east":{"uv":[1,0,0,4.25],"texture":"#0"},"south":{"uv":[6,2.875,8,16],"texture":"#0"},"west":{"uv":[1,0,0,4.25],"texture":"#0"},"up":{"uv":[0,16,16,0],"texture":"#0"},"down":{"uv":[0,4.25,1,0],"texture":"#0"}}},{"name":"hexadecagon","from":[4.96862,15.84013,15.70438],"to":[10.43406,31.49527,15.70438],"rotation":{"angle":0,"axis":"y","origin":[9.15,7.95,7.92006]},"faces":{"north":{"uv":[6,2.875,4,16],"texture":"#0"},"east":{"uv":[1,0,0,4.25],"texture":"#0"},"south":{"uv":[4,2.875,6,16],"texture":"#0"},"west":{"uv":[1,0,0,4.25],"texture":"#0"},"up":{"uv":[6,16,8,0],"texture":"#0"},"down":{"uv":[0,4.25,1,0],"texture":"#0"}}},{"name":"hexadecagon","from":[2.8004,15.84013,16.71198],"to":[8.26585,31.49527,16.71198],"rotation":{"angle":-22.5,"axis":"y","origin":[9.15,7.95,7.92006]},"faces":{"north":{"uv":[4,2.875,6,16],"texture":"#0"},"east":{"uv":[1,0,0,4.25],"texture":"#0"},"south":{"uv":[6,2.875,4,16],"texture":"#0"},"west":{"uv":[1,0,0,4.25],"texture":"#0"},"up":{"uv":[0,16,16,0],"texture":"#0"},"down":{"uv":[0,4.25,1,0],"texture":"#0"}}},{"name":"hexadecagon","from":[1.18282,15.84013,18.47262],"to":[6.64826,31.49527,18.47262],"rotation":{"angle":-45,"axis":"y","origin":[9.15,7.95,7.92006]},"faces":{"north":{"uv":[6,2.875,8,16],"texture":"#0"},"east":{"uv":[1,0,0,4.25],"texture":"#0"},"south":{"uv":[8,2.875,6,16],"texture":"#0"},"west":{"uv":[1,0,0,4.25],"texture":"#0"},"up":{"uv":[8,16,10,0],"texture":"#0"},"down":{"uv":[0,4.25,1,0],"texture":"#0"}}},{"name":"hexadecagon","from":[-3.64821,15.84013,-0.86781],"to":[-3.64821,31.49527,4.59764],"rotation":{"angle":22.5,"axis":"y","origin":[9.15,7.95,7.92006]},"faces":{"north":{"uv":[1,2.875,0,4.25],"texture":"#0"},"east":{"uv":[8,2.75,10,16],"texture":"#0"},"south":{"uv":[1,2.875,0,4.25],"texture":"#0"},"west":{"uv":[10,2.75,8,16],"texture":"#0"},"up":{"uv":[0,16,16,0],"texture":"#0"},"down":{"uv":[0,4.25,1,0],"texture":"#0"}}},{"name":"hexadecagon","from":[5.31991,4.06554,-2.88874],"to":[9.76377,26.2853,-2.88874],"rotation":{"angle":-45,"axis":"y","origin":[9.15,7.95,7.92006]},"faces":{"north":{"uv":[6,0,4,16],"texture":"#0"},"east":{"uv":[0,0,1,4.125],"texture":"#0"},"south":{"uv":[4,0,6,16],"texture":"#0"},"west":{"uv":[0,0,1,4.125],"texture":"#0"},"up":{"uv":[0,0,16,16],"texture":"#0"},"down":{"uv":[0,0,1,0.375],"texture":"#0"}}},{"name":"hexadecagon","from":[5.30394,4.06554,-3.53168],"to":[9.74781,26.2853,-3.53168],"rotation":{"angle":-22.5,"axis":"y","origin":[9.15,7.95,7.92006]},"faces":{"north":{"uv":[4,0,6,16],"texture":"#0"},"east":{"uv":[0,0,1,4.125],"texture":"#0"},"south":{"uv":[6,0,4,16],"texture":"#0"},"west":{"uv":[0,0,1,4.125],"texture":"#0"},"up":{"uv":[0,0,16,16],"texture":"#0"},"down":{"uv":[0,0,1,0.375],"texture":"#0"}}},{"name":"hexadecagon","from":[5.53523,4.06554,-4.13179],"to":[9.9791,26.2853,-4.13179],"rotation":{"angle":0,"axis":"y","origin":[9.15,7.95,7.92006]},"faces":{"north":{"uv":[6,0,8,16],"texture":"#0"},"east":{"uv":[0,0,1,4.125],"texture":"#0"},"south":{"uv":[8,0,6,16],"texture":"#0"},"west":{"uv":[0,0,1,4.125],"texture":"#0"},"up":{"uv":[6,0,8,16],"texture":"#0"},"down":{"uv":[0,0,1,0.375],"texture":"#0"}}},{"name":"hexadecagon","from":[5.97857,4.06554,-4.59771],"to":[10.42244,26.2853,-4.59771],"rotation":{"angle":22.5,"axis":"y","origin":[9.15,7.95,7.92006]},"faces":{"north":{"uv":[8,0,10,16],"texture":"#0"},"east":{"uv":[0,0,1,4.125],"texture":"#0"},"south":{"uv":[10,0,8,16],"texture":"#0"},"west":{"uv":[0,0,1,4.125],"texture":"#0"},"up":{"uv":[0,0,16,13.25],"texture":"#0"},"down":{"uv":[0,0,1,0.375],"texture":"#0"}}},{"name":"hexadecagon","from":[6.56646,4.06554,-4.8585],"to":[11.01032,26.2853,-4.8585],"rotation":{"angle":45,"axis":"y","origin":[9.15,7.95,7.92006]},"faces":{"north":{"uv":[10,0,12,16],"texture":"#0"},"east":{"uv":[0,0,1,4.125],"texture":"#0"},"south":{"uv":[12,0,10,16],"texture":"#0"},"west":{"uv":[0,0,1,4.125],"texture":"#0"},"up":{"uv":[12,0,10,16],"texture":"#0"},"down":{"uv":[0,0,1,0.375],"texture":"#0"}}},{"name":"hexadecagon","from":[-3.64453,4.06554,5.4168],"to":[-3.64453,26.2853,9.86066],"rotation":{"angle":-22.5,"axis":"y","origin":[9.15,7.95,7.92006]},"faces":{"north":{"uv":[0,0,1,4.125],"texture":"#0"},"east":{"uv":[10,0,12,16],"texture":"#0"},"south":{"uv":[0,0,1,4.125],"texture":"#0"},"west":{"uv":[12,0,10,16],"texture":"#0"},"up":{"uv":[0,0,16,13.25],"texture":"#0"},"down":{"uv":[0,0,1,0.375],"texture":"#0"}}},{"name":"hexadecagon","from":[19.37091,4.06554,4.35077],"to":[19.37091,26.2853,8.79463],"rotation":{"angle":22.5,"axis":"y","origin":[9.15,7.95,7.92006]},"faces":{"north":{"uv":[0,0,2,16],"texture":"#0"},"east":{"uv":[8,0,6,16],"texture":"#0"},"south":{"uv":[0,0,2,16],"texture":"#0"},"west":{"uv":[6,0,8,16],"texture":"#0"},"up":{"uv":[0,0,2,13.25],"texture":"#0"},"down":{"uv":[0,0,2,13.25],"texture":"#0"}}},{"name":"hexadecagon","from":[9.70935,4.06554,14.33943],"to":[14.15321,26.2853,14.33943],"rotation":{"angle":45,"axis":"y","origin":[9.15,7.95,7.92006]},"faces":{"north":{"uv":[10,0,8,16],"texture":"#0"},"east":{"uv":[1,0,0,8.25],"texture":"#0"},"south":{"uv":[8,0,10,16],"texture":"#0"},"west":{"uv":[1,0,0,8.25],"texture":"#0"},"up":{"uv":[0,16,16,0],"texture":"#0"},"down":{"uv":[0,4.5,1,0],"texture":"#0"}}},{"name":"hexadecagon","from":[16.99528,4.06554,1.31084],"to":[16.99528,26.2853,5.75471],"rotation":{"angle":-22.5,"axis":"y","origin":[9.15,7.95,7.92006]},"faces":{"north":{"uv":[1,0,0,8.25],"texture":"#0"},"east":{"uv":[10,0,8,16],"texture":"#0"},"south":{"uv":[1,0,0,8.25],"texture":"#0"},"west":{"uv":[8,0,10,16],"texture":"#0"},"up":{"uv":[0,16,16,0],"rotation":270,"texture":"#0"},"down":{"uv":[0,4.5,1,0],"rotation":90,"texture":"#0"}}},{"name":"hexadecagon","from":[7.67949,4.06554,13.63673],"to":[12.12336,26.2853,13.63673],"rotation":{"angle":22.5,"axis":"y","origin":[9.15,7.95,7.92006]},"faces":{"north":{"uv":[8,0,6,16],"texture":"#0"},"east":{"uv":[1,0,0,8.25],"texture":"#0"},"south":{"uv":[6,0,8,16],"texture":"#0"},"west":{"uv":[1,0,0,8.25],"texture":"#0"},"up":{"uv":[0,16,16,0],"texture":"#0"},"down":{"uv":[0,4.5,1,0],"texture":"#0"}}},{"name":"hexadecagon","from":[5.53523,4.06554,13.76431],"to":[9.9791,26.2853,13.76431],"rotation":{"angle":0,"axis":"y","origin":[9.15,7.95,7.92006]},"faces":{"north":{"uv":[6,0,4,16],"texture":"#0"},"east":{"uv":[1,0,0,8.25],"texture":"#0"},"south":{"uv":[4,0,6,16],"texture":"#0"},"west":{"uv":[1,0,0,8.25],"texture":"#0"},"up":{"uv":[6,16,8,0],"texture":"#0"},"down":{"uv":[0,4.5,1,0],"texture":"#0"}}},{"name":"hexadecagon","from":[3.60302,4.06554,14.70276],"to":[8.04689,26.2853,14.70276],"rotation":{"angle":-22.5,"axis":"y","origin":[9.15,7.95,7.92006]},"faces":{"north":{"uv":[4,0,6,16],"texture":"#0"},"east":{"uv":[1,0,0,8.25],"texture":"#0"},"south":{"uv":[6,0,4,16],"texture":"#0"},"west":{"uv":[1,0,0,8.25],"texture":"#0"},"up":{"uv":[0,16,16,0],"texture":"#0"},"down":{"uv":[0,4.5,1,0],"texture":"#0"}}},{"name":"hexadecagon","from":[2.17702,4.06554,16.30919],"to":[6.62088,26.2853,16.30919],"rotation":{"angle":-45,"axis":"y","origin":[9.15,7.95,7.92006]},"faces":{"north":{"uv":[6,0,8,16],"texture":"#0"},"east":{"uv":[1,0,0,8.25],"texture":"#0"},"south":{"uv":[8,0,6,16],"texture":"#0"},"west":{"uv":[1,0,0,8.25],"texture":"#0"},"up":{"uv":[8,16,10,0],"texture":"#0"},"down":{"uv":[0,4.5,1,0],"texture":"#0"}}},{"name":"hexadecagon","from":[-1.26898,4.06554,0.24439],"to":[-1.26898,26.2853,4.68825],"rotation":{"angle":22.5,"axis":"y","origin":[9.15,7.95,7.92006]},"faces":{"north":{"uv":[1,0,0,8.25],"texture":"#0"},"east":{"uv":[8,0,10,16],"texture":"#0"},"south":{"uv":[1,0,0,8.25],"texture":"#0"},"west":{"uv":[10,0,8,16],"texture":"#0"},"up":{"uv":[0,16,16,0],"texture":"#0"},"down":{"uv":[0,4.5,1,0],"texture":"#0"}}},{"name":"hexadecagon","from":[14.68712,-6.25298,2.42092],"to":[14.68712,11.81821,5.8427],"rotation":{"angle":-22.5,"axis":"y","origin":[9.15,7.95,7.92006]},"faces":{"north":{"uv":[1,0,0,1],"texture":"#0"},"east":{"uv":[10,0,8,16],"texture":"#0"},"south":{"uv":[1,0,0,1],"texture":"#0"},"west":{"uv":[8,0,10,16],"texture":"#0"},"up":{"uv":[0,16,16,0],"rotation":270,"texture":"#0"},"down":{"uv":[0,1,1,0],"rotation":90,"texture":"#0"}}},{"name":"hexadecagon","from":[-1.20553,-6.25298,5.58251],"to":[-1.20553,11.81821,9.00428],"rotation":{"angle":-22.5,"axis":"y","origin":[9.15,7.95,7.92006]},"faces":{"north":{"uv":[0,0,1,1],"texture":"#0"},"east":{"uv":[10,0,12,16],"texture":"#0"},"south":{"uv":[0,0,1,1],"texture":"#0"},"west":{"uv":[12,0,10,16],"texture":"#0"},"up":{"uv":[0,0,16,16],"texture":"#0"},"down":{"uv":[0,0,1,1],"texture":"#0"}}},{"name":"hexadecagon","from":[1.06112,-6.25298,1.36366],"to":[1.06112,11.81821,4.78543],"rotation":{"angle":22.5,"axis":"y","origin":[9.15,7.95,7.92006]},"faces":{"north":{"uv":[1,0,0,1],"texture":"#0"},"east":{"uv":[8,0,10,16],"texture":"#0"},"south":{"uv":[1,0,0,1],"texture":"#0"},"west":{"uv":[10,0,8,16],"texture":"#0"},"up":{"uv":[0,16,16,0],"texture":"#0"},"down":{"uv":[0,1,1,0],"texture":"#0"}}},{"name":"hexadecagon","from":[3.1585,-6.25298,14.19364],"to":[6.58028,11.81821,14.19364],"rotation":{"angle":-45,"axis":"y","origin":[9.15,7.95,7.92006]},"faces":{"north":{"uv":[6,0,8,16],"texture":"#0"},"east":{"uv":[1,0,0,1],"texture":"#0"},"south":{"uv":[8,0,6,16],"texture":"#0"},"west":{"uv":[1,0,0,1],"texture":"#0"},"up":{"uv":[8,16,10,0],"texture":"#0"},"down":{"uv":[0,1,1,0],"texture":"#0"}}},{"name":"hexadecagon","from":[4.37509,-6.25298,12.7327],"to":[7.79686,11.81821,12.7327],"rotation":{"angle":-22.5,"axis":"y","origin":[9.15,7.95,7.92006]},"faces":{"north":{"uv":[4,0,6,16],"texture":"#0"},"east":{"uv":[1,0,0,1],"texture":"#0"},"south":{"uv":[6,0,4,16],"texture":"#0"},"west":{"uv":[1,0,0,1],"texture":"#0"},"up":{"uv":[0,16,16,0],"texture":"#0"},"down":{"uv":[0,1,1,0],"texture":"#0"}}},{"name":"hexadecagon","from":[6.05815,-6.25298,11.84854],"to":[9.47993,11.81821,11.84854],"rotation":{"angle":0,"axis":"y","origin":[9.15,7.95,7.92006]},"faces":{"north":{"uv":[6,0,4,16],"texture":"#0"},"east":{"uv":[1,0,0,1],"texture":"#0"},"south":{"uv":[4,0,6,16],"texture":"#0"},"west":{"uv":[1,0,0,1],"texture":"#0"},"up":{"uv":[6,16,8,0],"texture":"#0"},"down":{"uv":[0,1,1,0],"texture":"#0"}}},{"name":"hexadecagon","from":[7.95144,-6.25298,11.67576],"to":[11.37322,11.81821,11.67576],"rotation":{"angle":22.5,"axis":"y","origin":[9.15,7.95,7.92006]},"faces":{"north":{"uv":[8,0,6,16],"texture":"#0"},"east":{"uv":[1,0,0,1],"texture":"#0"},"south":{"uv":[6,0,8,16],"texture":"#0"},"west":{"uv":[1,0,0,1],"texture":"#0"},"up":{"uv":[0,16,16,0],"texture":"#0"},"down":{"uv":[0,1,1,0],"texture":"#0"}}},{"name":"hexadecagon","from":[9.76674,-6.25298,12.24066],"to":[13.18852,11.81821,12.24066],"rotation":{"angle":45,"axis":"y","origin":[9.15,7.95,7.92006]},"faces":{"north":{"uv":[10,0,8,16],"texture":"#0"},"east":{"uv":[1,0,0,1],"texture":"#0"},"south":{"uv":[8,0,10,16],"texture":"#0"},"west":{"uv":[1,0,0,1],"texture":"#0"},"up":{"uv":[0,16,16,0],"texture":"#0"},"down":{"uv":[0,1,1,0],"texture":"#0"}}},{"name":"hexadecagon","from":[6.05815,-6.25298,-1.93146],"to":[9.47993,11.81821,-1.93146],"rotation":{"angle":0,"axis":"y","origin":[9.15,7.95,7.92006]},"faces":{"north":{"uv":[6,0,8,16],"texture":"#0"},"east":{"uv":[0,0,1,1],"texture":"#0"},"south":{"uv":[8,0,6,16],"texture":"#0"},"west":{"uv":[0,0,1,1],"texture":"#0"},"up":{"uv":[6,0,8,16],"texture":"#0"},"down":{"uv":[0,0,1,1],"texture":"#0"}}},{"name":"hexadecagon","from":[16.95384,-6.25298,4.52557],"to":[16.95384,11.81821,7.94734],"rotation":{"angle":22.5,"axis":"y","origin":[9.15,7.95,7.92006]},"faces":{"north":{"uv":[0,0,2,16],"texture":"#0"},"east":{"uv":[8,0,6,16],"texture":"#0"},"south":{"uv":[0,0,2,16],"texture":"#0"},"west":{"uv":[6,0,8,16],"texture":"#0"},"up":{"uv":[0,0,2,16],"texture":"#0"},"down":{"uv":[0,0,2,16],"texture":"#0"}}},{"name":"hexadecagon","from":[7.34672,-6.25298,-2.54174],"to":[10.7685,11.81821,-2.54174],"rotation":{"angle":45,"axis":"y","origin":[9.15,7.95,7.92006]},"faces":{"north":{"uv":[10,0,12,16],"texture":"#0"},"east":{"uv":[0,0,1,1],"texture":"#0"},"south":{"uv":[12,0,10,16],"texture":"#0"},"west":{"uv":[0,0,1,1],"texture":"#0"},"up":{"uv":[12,0,10,16],"texture":"#0"},"down":{"uv":[0,0,1,1],"texture":"#0"}}},{"name":"hexadecagon","from":[6.64174,-6.25298,-2.36476],"to":[10.06351,11.81821,-2.36476],"rotation":{"angle":22.5,"axis":"y","origin":[9.15,7.95,7.92006]},"faces":{"north":{"uv":[8,0,10,16],"texture":"#0"},"east":{"uv":[0,0,1,1],"texture":"#0"},"south":{"uv":[10,0,8,16],"texture":"#0"},"west":{"uv":[0,0,1,1],"texture":"#0"},"up":{"uv":[0,0,16,16],"texture":"#0"},"down":{"uv":[0,0,1,1],"texture":"#0"}}},{"name":"hexadecagon","from":[5.68479,-6.25298,-1.30782],"to":[9.10657,11.81821,-1.30782],"rotation":{"angle":-22.5,"axis":"y","origin":[9.15,7.95,7.92006]},"faces":{"north":{"uv":[4,0,6,16],"texture":"#0"},"east":{"uv":[0,0,1,1],"texture":"#0"},"south":{"uv":[6,0,4,16],"texture":"#0"},"west":{"uv":[0,0,1,1],"texture":"#0"},"up":{"uv":[0,0,16,16],"texture":"#0"},"down":{"uv":[0,0,1,1],"texture":"#0"}}},{"name":"hexadecagon","from":[5.57852,-6.25298,-0.58876],"to":[9.0003,11.81821,-0.58876],"rotation":{"angle":-45,"axis":"y","origin":[9.15,7.95,7.92006]},"faces":{"north":{"uv":[6,0,4,16],"texture":"#0"},"east":{"uv":[0,0,1,1],"texture":"#0"},"south":{"uv":[4,0,6,16],"texture":"#0"},"west":{"uv":[0,0,1,1],"texture":"#0"},"up":{"uv":[0,0,16,16],"texture":"#0"},"down":{"uv":[0,0,1,1],"texture":"#0"}}},{"name":"hexadecagon","from":[12.09853,-15,3.55415],"to":[12.09853,-0.71854,5.84674],"rotation":{"angle":-22.5,"axis":"y","origin":[9.15,7.95,7.92006]},"faces":{"north":{"uv":[1,0,0,1],"texture":"#0"},"east":{"uv":[10,0,8,16],"texture":"#0"},"south":{"uv":[1,0,0,1],"texture":"#0"},"west":{"uv":[8,0,10,16],"texture":"#0"},"up":{"uv":[0,16,16,0],"rotation":270,"texture":"#0"},"down":{"uv":[0,1,1,0],"rotation":90,"texture":"#0"}}},{"name":"hexadecagon","from":[1.45045,-15,5.67241],"to":[1.45045,-0.71854,7.965],"rotation":{"angle":-22.5,"axis":"y","origin":[9.15,7.95,7.92006]},"faces":{"north":{"uv":[0,0,1,1],"texture":"#0"},"east":{"uv":[10,0,12,16],"texture":"#0"},"south":{"uv":[0,0,1,1],"texture":"#0"},"west":{"uv":[12,0,10,16],"texture":"#0"},"up":{"uv":[0,0,16,16],"texture":"#0"},"down":{"uv":[0,0,1,1],"texture":"#0"}}},{"name":"hexadecagon","from":[3.67399,-15,2.50703],"to":[3.67399,-0.71854,4.79962],"rotation":{"angle":22.5,"axis":"y","origin":[9.15,7.95,7.92006]},"faces":{"north":{"uv":[1,0,0,1],"texture":"#0"},"east":{"uv":[8,0,10,16],"texture":"#0"},"south":{"uv":[1,0,0,1],"texture":"#0"},"west":{"uv":[10,0,8,16],"texture":"#0"},"up":{"uv":[0,16,16,0],"texture":"#0"},"down":{"uv":[0,1,1,0],"texture":"#0"}}},{"name":"hexadecagon","from":[4.17151,-15,11.7851],"to":[6.4641,-0.71854,11.7851],"rotation":{"angle":-45,"axis":"y","origin":[9.15,7.95,7.92006]},"faces":{"north":{"uv":[6,0,8,16],"texture":"#0"},"east":{"uv":[1,0,0,1],"texture":"#0"},"south":{"uv":[8,0,6,16],"texture":"#0"},"west":{"uv":[1,0,0,1],"texture":"#0"},"up":{"uv":[8,16,10,0],"texture":"#0"},"down":{"uv":[0,1,1,0],"texture":"#0"}}},{"name":"hexadecagon","from":[5.18946,-15,10.46303],"to":[7.48205,-0.71854,10.46303],"rotation":{"angle":-22.5,"axis":"y","origin":[9.15,7.95,7.92006]},"faces":{"north":{"uv":[4,0,6,16],"texture":"#0"},"east":{"uv":[1,0,0,1],"texture":"#0"},"south":{"uv":[6,0,4,16],"texture":"#0"},"west":{"uv":[1,0,0,1],"texture":"#0"},"up":{"uv":[0,16,16,0],"texture":"#0"},"down":{"uv":[0,1,1,0],"texture":"#0"}}},{"name":"hexadecagon","from":[6.63586,-15,9.63117],"to":[8.92845,-0.71854,9.63117],"rotation":{"angle":0,"axis":"y","origin":[9.15,7.95,7.92006]},"faces":{"north":{"uv":[6,0,4,16],"texture":"#0"},"east":{"uv":[1,0,0,1],"texture":"#0"},"south":{"uv":[4,0,6,16],"texture":"#0"},"west":{"uv":[1,0,0,1],"texture":"#0"},"up":{"uv":[6,16,8,0],"texture":"#0"},"down":{"uv":[0,1,1,0],"texture":"#0"}}},{"name":"hexadecagon","from":[8.2905,-15,9.41613],"to":[10.58309,-0.71854,9.41613],"rotation":{"angle":22.5,"axis":"y","origin":[9.15,7.95,7.92006]},"faces":{"north":{"uv":[8,0,6,16],"texture":"#0"},"east":{"uv":[1,0,0,1],"texture":"#0"},"south":{"uv":[6,0,8,16],"texture":"#0"},"west":{"uv":[1,0,0,1],"texture":"#0"},"up":{"uv":[0,16,16,0],"texture":"#0"},"down":{"uv":[0,1,1,0],"texture":"#0"}}},{"name":"hexadecagon","from":[9.90148,-15,9.85068],"to":[12.19407,-0.71854,9.85068],"rotation":{"angle":45,"axis":"y","origin":[9.15,7.95,7.92006]},"faces":{"north":{"uv":[10,0,8,16],"texture":"#0"},"east":{"uv":[1,0,0,1],"texture":"#0"},"south":{"uv":[8,0,10,16],"texture":"#0"},"west":{"uv":[1,0,0,1],"texture":"#0"},"up":{"uv":[0,16,16,0],"texture":"#0"},"down":{"uv":[0,1,1,0],"texture":"#0"}}},{"name":"hexadecagon","from":[6.63586,-15,0.39857],"to":[8.92845,-0.71854,0.39857],"rotation":{"angle":0,"axis":"y","origin":[9.15,7.95,7.92006]},"faces":{"north":{"uv":[6,0,8,16],"texture":"#0"},"east":{"uv":[0,0,1,1],"texture":"#0"},"south":{"uv":[8,0,6,16],"texture":"#0"},"west":{"uv":[0,0,1,1],"texture":"#0"},"up":{"uv":[6,0,8,16],"texture":"#0"},"down":{"uv":[0,0,1,1],"texture":"#0"}}},{"name":"hexadecagon","from":[14.32211,-15,4.62551],"to":[14.32211,-0.71854,6.9181],"rotation":{"angle":22.5,"axis":"y","origin":[9.15,7.95,7.92006]},"faces":{"north":{"uv":[0,0,2,16],"texture":"#0"},"east":{"uv":[8,0,6,16],"texture":"#0"},"south":{"uv":[0,0,2,16],"texture":"#0"},"west":{"uv":[6,0,8,16],"texture":"#0"},"up":{"uv":[0,0,2,16],"texture":"#0"},"down":{"uv":[0,0,2,16],"texture":"#0"}}},{"name":"hexadecagon","from":[8.28007,-15,-0.05353],"to":[10.57266,-0.71854,-0.05353],"rotation":{"angle":45,"axis":"y","origin":[9.15,7.95,7.92006]},"faces":{"north":{"uv":[10,0,12,16],"texture":"#0"},"east":{"uv":[0,0,1,1],"texture":"#0"},"south":{"uv":[12,0,10,16],"texture":"#0"},"west":{"uv":[0,0,1,1],"texture":"#0"},"up":{"uv":[12,0,10,16],"texture":"#0"},"down":{"uv":[0,0,1,1],"texture":"#0"}}},{"name":"hexadecagon","from":[7.413,-15,0.00899],"to":[9.70559,-0.71854,0.00899],"rotation":{"angle":22.5,"axis":"y","origin":[9.15,7.95,7.92006]},"faces":{"north":{"uv":[8,0,10,16],"texture":"#0"},"east":{"uv":[0,0,1,1],"texture":"#0"},"south":{"uv":[10,0,8,16],"texture":"#0"},"west":{"uv":[0,0,1,1],"texture":"#0"},"up":{"uv":[0,0,16,16],"texture":"#0"},"down":{"uv":[0,0,1,1],"texture":"#0"}}},{"name":"hexadecagon","from":[6.06696,-15,1.05589],"to":[8.35955,-0.71854,1.05589],"rotation":{"angle":-22.5,"axis":"y","origin":[9.15,7.95,7.92006]},"faces":{"north":{"uv":[4,0,6,16],"texture":"#0"},"east":{"uv":[0,0,1,1],"texture":"#0"},"south":{"uv":[6,0,4,16],"texture":"#0"},"west":{"uv":[0,0,1,1],"texture":"#0"},"up":{"uv":[0,0,16,16],"texture":"#0"},"down":{"uv":[0,0,1,1],"texture":"#0"}}},{"name":"hexadecagon","from":[5.79292,-15,1.88089],"to":[8.08551,-0.71854,1.88089],"rotation":{"angle":-45,"axis":"y","origin":[9.15,7.95,7.92006]},"faces":{"north":{"uv":[6,0,4,16],"texture":"#0"},"east":{"uv":[0,0,1,1],"texture":"#0"},"south":{"uv":[4,0,6,16],"texture":"#0"},"west":{"uv":[0,0,1,1],"texture":"#0"},"up":{"uv":[0,0,16,16],"texture":"#0"},"down":{"uv":[0,0,1,1],"texture":"#0"}}},{"name":"hexadecagon","from":[4.7786,-15.27441,-4.00148],"to":[9.83182,-7.71409,-4.00148],"rotation":{"angle":-45,"axis":"y","origin":[9.15,7.95,7.92006]},"faces":{"north":{"uv":[6,0,4,16],"texture":"#0"},"east":{"uv":[0,0,1,0.375],"texture":"#0"},"south":{"uv":[4,0,6,13.25],"texture":"#0"},"west":{"uv":[0,0,1,0.375],"texture":"#0"},"up":{"uv":[0,0,16,13.25],"texture":"#0"},"down":{"uv":[0,0,1,0.375],"texture":"#0"}}},{"name":"hexadecagon","from":[4.62032,-15.27441,-4.76687],"to":[9.67353,-7.71409,-4.76687],"rotation":{"angle":-22.5,"axis":"y","origin":[9.15,7.95,7.92006]},"faces":{"north":{"uv":[4,0,6,16],"texture":"#0"},"east":{"uv":[0,0,1,0.375],"texture":"#0"},"south":{"uv":[6,0,4,13.25],"texture":"#0"},"west":{"uv":[0,0,1,0.375],"texture":"#0"},"up":{"uv":[0,0,16,13.25],"texture":"#0"},"down":{"uv":[0,0,1,0.375],"texture":"#0"}}},{"name":"hexadecagon","from":[4.76698,-15.27441,-5.53456],"to":[9.8202,-7.71409,-5.53456],"rotation":{"angle":0,"axis":"y","origin":[9.15,7.95,7.92006]},"faces":{"north":{"uv":[6,0,8,16],"texture":"#0"},"east":{"uv":[0,0,1,0.375],"texture":"#0"},"south":{"uv":[8,0,6,16],"texture":"#0"},"west":{"uv":[0,0,1,0.375],"texture":"#0"},"up":{"uv":[6,0,8,13.25],"texture":"#0"},"down":{"uv":[0,0,1,0.375],"texture":"#0"}}},{"name":"hexadecagon","from":[5.19627,-15.27441,-6.1877],"to":[10.24948,-7.71409,-6.1877],"rotation":{"angle":22.5,"axis":"y","origin":[9.15,7.95,7.92006]},"faces":{"north":{"uv":[8,0,10,16],"texture":"#0"},"east":{"uv":[0,0,1,0.375],"texture":"#0"},"south":{"uv":[10,0,8,16],"texture":"#0"},"west":{"uv":[0,0,1,3.625],"texture":"#0"},"up":{"uv":[0,0,16,13.25],"texture":"#0"},"down":{"uv":[0,0,1,0.375],"texture":"#0"}}},{"name":"hexadecagon","from":[5.84282,-15.27441,-6.62684],"to":[10.89604,-7.71409,-6.62684],"rotation":{"angle":45,"axis":"y","origin":[9.15,7.95,7.92006]},"faces":{"north":{"uv":[10,0,12,16],"texture":"#0"},"east":{"uv":[0,0,1,0.375],"texture":"#0"},"south":{"uv":[12,0,10,16],"texture":"#0"},"west":{"uv":[0,0,1,3.625],"texture":"#0"},"up":{"uv":[12,0,10,16],"texture":"#0"},"down":{"uv":[0,0,1,0.375],"texture":"#0"}}},{"name":"hexadecagon","from":[-5.55519,-15.27441,5.40864],"to":[-5.55519,-7.71409,10.46185],"rotation":{"angle":-22.5,"axis":"y","origin":[9.15,7.95,7.92006]},"faces":{"north":{"uv":[0,0,1,0.375],"texture":"#0"},"east":{"uv":[10,0,12,13.25],"texture":"#0"},"south":{"uv":[0,0,1,0.375],"texture":"#0"},"west":{"uv":[12,0,10,16],"texture":"#0"},"up":{"uv":[0,0,16,13.25],"texture":"#0"},"down":{"uv":[0,0,1,0.375],"texture":"#0"}}},{"name":"hexadecagon","from":[20.42499,-15.27441,3.98781],"to":[20.42499,-7.71409,9.04102],"rotation":{"angle":22.5,"axis":"y","origin":[9.15,7.95,7.92006]},"faces":{"north":{"uv":[0,0,2,16],"texture":"#0"},"east":{"uv":[8,0,6,16],"texture":"#0"},"south":{"uv":[0,0,2,13.25],"texture":"#0"},"west":{"uv":[6,0,8,16],"texture":"#0"},"up":{"uv":[0,0,2,13.25],"texture":"#0"},"down":{"uv":[0,0,2,13.25],"texture":"#0"}}},{"name":"hexadecagon","from":[9.41666,-15.27441,15.20354],"to":[14.46988,-7.71409,15.20354],"rotation":{"angle":45,"axis":"y","origin":[9.15,7.95,7.92006]},"faces":{"north":{"uv":[10,0,8,15.96875],"texture":"#0"},"east":{"uv":[1,0,0,3.09375],"texture":"#0"},"south":{"uv":[8,0,10,15.96875],"texture":"#0"},"west":{"uv":[1,0,0,3.09375],"texture":"#0"},"up":{"uv":[0,15.96875,16,0],"texture":"#0"},"down":{"uv":[0,3.09375,1,0],"texture":"#0"}}},{"name":"hexadecagon","from":[17.91479,-15.27441,0.73967],"to":[17.91479,-7.71409,5.79288],"rotation":{"angle":-22.5,"axis":"y","origin":[9.15,7.95,7.92006]},"faces":{"north":{"uv":[1,0,0,3.09375],"texture":"#0"},"east":{"uv":[10,0,8,15.96875],"texture":"#0"},"south":{"uv":[1,0,0,3.09375],"texture":"#0"},"west":{"uv":[8,0,10,15.96875],"texture":"#0"},"up":{"uv":[0,15.96875,16,0],"rotation":270,"texture":"#0"},"down":{"uv":[0,3.09375,1,0],"rotation":90,"texture":"#0"}}},{"name":"hexadecagon","from":[7.13042,-15.27441,14.54708],"to":[12.18363,-7.71409,14.54708],"rotation":{"angle":22.5,"axis":"y","origin":[9.15,7.95,7.92006]},"faces":{"north":{"uv":[8,0,6,15.96875],"texture":"#0"},"east":{"uv":[1,0,0,3.09375],"texture":"#0"},"south":{"uv":[6,0,8,15.96875],"texture":"#0"},"west":{"uv":[1,0,0,3.09375],"texture":"#0"},"up":{"uv":[0,15.96875,16,0],"texture":"#0"},"down":{"uv":[0,3.09375,1,0],"texture":"#0"}}},{"name":"hexadecagon","from":[4.76698,-15.27441,14.81549],"to":[9.8202,-7.71409,14.81549],"rotation":{"angle":0,"axis":"y","origin":[9.15,7.95,7.92006]},"faces":{"north":{"uv":[6,0,4,15.96875],"texture":"#0"},"east":{"uv":[1,0,0,3.09375],"texture":"#0"},"south":{"uv":[4,0,6,15.96875],"texture":"#0"},"west":{"uv":[1,0,0,3.09375],"texture":"#0"},"up":{"uv":[6,15.96875,8,0],"texture":"#0"},"down":{"uv":[0,3.09375,1,0],"texture":"#0"}}},{"name":"hexadecagon","from":[2.68617,-15.27441,15.96791],"to":[7.73938,-7.71409,15.96791],"rotation":{"angle":-22.5,"axis":"y","origin":[9.15,7.95,7.92006]},"faces":{"north":{"uv":[4,0,6,15.96875],"texture":"#0"},"east":{"uv":[1,0,0,3.09375],"texture":"#0"},"south":{"uv":[6,0,4,15.96875],"texture":"#0"},"west":{"uv":[1,0,0,3.09375],"texture":"#0"},"up":{"uv":[0,15.96875,16,0],"texture":"#0"},"down":{"uv":[0,3.09375,1,0],"texture":"#0"}}},{"name":"hexadecagon","from":[1.20476,-15.27441,17.8289],"to":[6.25798,-7.71409,17.8289],"rotation":{"angle":-45,"axis":"y","origin":[9.15,7.95,7.92006]},"faces":{"north":{"uv":[6,0,8,15.96875],"texture":"#0"},"east":{"uv":[1,0,0,3.09375],"texture":"#0"},"south":{"uv":[8,0,6,15.96875],"texture":"#0"},"west":{"uv":[1,0,0,3.09375],"texture":"#0"},"up":{"uv":[8,15.96875,10,0],"texture":"#0"},"down":{"uv":[0,3.09375,1,0],"texture":"#0"}}},{"name":"hexadecagon","from":[-3.04509,-15.27441,-0.68164],"to":[-3.04509,-7.71409,4.37157],"rotation":{"angle":22.5,"axis":"y","origin":[9.15,7.95,7.92006]},"faces":{"north":{"uv":[1,0,0,3.09375],"texture":"#0"},"east":{"uv":[8,0,10,15.96875],"texture":"#0"},"south":{"uv":[1,0,0,3.09375],"texture":"#0"},"west":{"uv":[10,0,8,16],"texture":"#0"},"up":{"uv":[0,15.96875,16,0],"texture":"#0"},"down":{"uv":[0,3.09375,1,0],"texture":"#0"}}},{"name":"hexadecagon","from":[5.26933,-15.27441,-9.51322],"to":[12.84915,1.28591,-9.51322],"rotation":{"angle":-45,"axis":"y","origin":[9.15,7.95,7.92006]},"faces":{"north":{"uv":[6,0,4,16],"texture":"#0"},"east":{"uv":[0,0,1,0.375],"texture":"#0"},"south":{"uv":[4,0,6,16],"texture":"#0"},"west":{"uv":[0,0,1,0.375],"texture":"#0"},"up":{"uv":[0,0,16,13.25],"texture":"#0"},"down":{"uv":[0,0,1,0.375],"texture":"#0"}}},{"name":"hexadecagon","from":[4.65634,-15.27441,-9.67125],"to":[12.23616,1.28591,-9.67125],"rotation":{"angle":-22.5,"axis":"y","origin":[9.15,7.95,7.92006]},"faces":{"north":{"uv":[4,0,6,16],"texture":"#0"},"east":{"uv":[0,0,1,0.375],"texture":"#0"},"south":{"uv":[6,0,4,16],"texture":"#0"},"west":{"uv":[0,0,1,0.375],"texture":"#0"},"up":{"uv":[0,0,16,13.25],"texture":"#0"},"down":{"uv":[0,0,1,0.375],"texture":"#0"}}},{"name":"hexadecagon","from":[4.15048,-15.27441,-10.05185],"to":[11.7303,1.28591,-10.05185],"rotation":{"angle":0,"axis":"y","origin":[9.15,7.95,7.92006]},"faces":{"north":{"uv":[6,0,8,16],"texture":"#0"},"east":{"uv":[0,0,1,0.375],"texture":"#0"},"south":{"uv":[8,0,6,16],"texture":"#0"},"west":{"uv":[0,0,1,0.375],"texture":"#0"},"up":{"uv":[6,0,8,13.25],"texture":"#0"},"down":{"uv":[0,0,1,0.375],"texture":"#0"}}},{"name":"hexadecagon","from":[3.82877,-15.27441,-10.59705],"to":[11.4086,1.28591,-10.59705],"rotation":{"angle":22.5,"axis":"y","origin":[9.15,7.95,7.92006]},"faces":{"north":{"uv":[8,0,10,16],"texture":"#0"},"east":{"uv":[0,0,1,0.375],"texture":"#0"},"south":{"uv":[10,0,8,16],"texture":"#0"},"west":{"uv":[0,0,1,3.625],"texture":"#0"},"up":{"uv":[0,0,16,13.25],"texture":"#0"},"down":{"uv":[0,0,1,0.375],"texture":"#0"}}},{"name":"hexadecagon","from":[3.74019,-15.27441,-11.22387],"to":[11.32002,1.28591,-11.22387],"rotation":{"angle":45,"axis":"y","origin":[9.15,7.95,7.92006]},"faces":{"north":{"uv":[10,0,12,16],"texture":"#0"},"east":{"uv":[0,0,1,0.375],"texture":"#0"},"south":{"uv":[12,0,10,16],"texture":"#0"},"west":{"uv":[0,0,1,3.625],"texture":"#0"},"up":{"uv":[12,0,10,16],"texture":"#0"},"down":{"uv":[0,0,1,0.375],"texture":"#0"}}},{"name":"hexadecagon","from":[-10.60692,-15.27441,5.59201],"to":[-10.60692,1.28591,13.17183],"rotation":{"angle":-22.5,"axis":"y","origin":[9.15,7.95,7.92006]},"faces":{"north":{"uv":[0,0,1,0.375],"texture":"#0"},"east":{"uv":[10,0,12,16],"texture":"#0"},"south":{"uv":[0,0,1,0.375],"texture":"#0"},"west":{"uv":[12,0,10,16],"texture":"#0"},"up":{"uv":[0,0,16,13.25],"texture":"#0"},"down":{"uv":[0,0,1,0.375],"texture":"#0"}}},{"name":"hexadecagon","from":[26.67185,-15.27441,4.66621],"to":[26.67185,1.28591,12.24603],"rotation":{"angle":22.5,"axis":"y","origin":[9.15,7.95,7.92006]},"faces":{"north":{"uv":[0,0,2,16],"texture":"#0"},"east":{"uv":[8,0,6,16],"texture":"#0"},"south":{"uv":[0,0,2,13.25],"texture":"#0"},"west":{"uv":[6,0,8,16],"texture":"#0"},"up":{"uv":[0,0,2,13.25],"texture":"#0"},"down":{"uv":[0,0,2,13.25],"texture":"#0"}}},{"name":"hexadecagon","from":[9.10096,-15.27441,21.52171],"to":[16.68078,1.28591,21.52171],"rotation":{"angle":45,"axis":"y","origin":[9.15,7.95,7.92006]},"faces":{"north":{"uv":[10,0,8,15.96875],"texture":"#0"},"east":{"uv":[1,0,0,3.09375],"texture":"#0"},"south":{"uv":[8,0,10,15.96875],"texture":"#0"},"west":{"uv":[1,0,0,3.09375],"texture":"#0"},"up":{"uv":[0,15.96875,16,0],"texture":"#0"},"down":{"uv":[0,3.09375,1,0],"texture":"#0"}}},{"name":"hexadecagon","from":[24.59805,-15.27441,-1.41145],"to":[24.59805,1.28591,6.16838],"rotation":{"angle":-22.5,"axis":"y","origin":[9.15,7.95,7.92006]},"faces":{"north":{"uv":[1,0,0,3.09375],"texture":"#0"},"east":{"uv":[10,0,8,15.96875],"texture":"#0"},"south":{"uv":[1,0,0,3.09375],"texture":"#0"},"west":{"uv":[8,0,10,15.96875],"texture":"#0"},"up":{"uv":[0,15.96875,16,0],"rotation":270,"texture":"#0"},"down":{"uv":[0,3.09375,1,0],"rotation":90,"texture":"#0"}}},{"name":"hexadecagon","from":[6.73,-15.27441,20.50511],"to":[14.30982,1.28591,20.50511],"rotation":{"angle":22.5,"axis":"y","origin":[9.15,7.95,7.92006]},"faces":{"north":{"uv":[8,0,6,15.96875],"texture":"#0"},"east":{"uv":[1,0,0,3.09375],"texture":"#0"},"south":{"uv":[6,0,8,15.96875],"texture":"#0"},"west":{"uv":[1,0,0,3.09375],"texture":"#0"},"up":{"uv":[0,15.96875,16,0],"texture":"#0"},"down":{"uv":[0,3.09375,1,0],"texture":"#0"}}},{"name":"hexadecagon","from":[4.15048,-15.27441,20.47323],"to":[11.7303,1.28591,20.47323],"rotation":{"angle":0,"axis":"y","origin":[9.15,7.95,7.92006]},"faces":{"north":{"uv":[6,0,4,15.96875],"texture":"#0"},"east":{"uv":[1,0,0,3.09375],"texture":"#0"},"south":{"uv":[4,0,6,15.96875],"texture":"#0"},"west":{"uv":[1,0,0,3.09375],"texture":"#0"},"up":{"uv":[6,15.96875,8,0],"texture":"#0"},"down":{"uv":[0,3.09375,1,0],"texture":"#0"}}},{"name":"hexadecagon","from":[1.75511,-15.27441,21.43091],"to":[9.33494,1.28591,21.43091],"rotation":{"angle":-22.5,"axis":"y","origin":[9.15,7.95,7.92006]},"faces":{"north":{"uv":[4,0,6,15.96875],"texture":"#0"},"east":{"uv":[1,0,0,3.09375],"texture":"#0"},"south":{"uv":[6,0,4,15.96875],"texture":"#0"},"west":{"uv":[1,0,0,3.09375],"texture":"#0"},"up":{"uv":[0,15.96875,16,0],"texture":"#0"},"down":{"uv":[0,3.09375,1,0],"texture":"#0"}}},{"name":"hexadecagon","from":[-0.09144,-15.27441,23.23236],"to":[7.48839,1.28591,23.23236],"rotation":{"angle":-45,"axis":"y","origin":[9.15,7.95,7.92006]},"faces":{"north":{"uv":[6,0,8,15.96875],"texture":"#0"},"east":{"uv":[1,0,0,3.09375],"texture":"#0"},"south":{"uv":[8,0,6,15.96875],"texture":"#0"},"west":{"uv":[1,0,0,3.09375],"texture":"#0"},"up":{"uv":[8,15.96875,10,0],"texture":"#0"},"down":{"uv":[0,3.09375,1,0],"texture":"#0"}}},{"name":"hexadecagon","from":[-8.53326,-15.27441,-2.33797],"to":[-8.53326,1.28591,5.24186],"rotation":{"angle":22.5,"axis":"y","origin":[9.15,7.95,7.92006]},"faces":{"north":{"uv":[1,0,0,3.09375],"texture":"#0"},"east":{"uv":[8,0,10,15.96875],"texture":"#0"},"south":{"uv":[1,0,0,3.09375],"texture":"#0"},"west":{"uv":[10,0,8,16],"texture":"#0"},"up":{"uv":[0,15.96875,16,0],"texture":"#0"},"down":{"uv":[0,3.09375,1,0],"texture":"#0"}}},{"from":[-13,2.8,-13],"to":[29,2.8,29],"rotation":{"angle":0,"axis":"y","origin":[9.15,7.95,7.92006]},"faces":{"north":{"uv":[0,0,16,16],"texture":"#2"},"east":{"uv":[0,0,16,16],"texture":"#2"},"south":{"uv":[0,0,16,16],"texture":"#2"},"west":{"uv":[0,0,16,16],"texture":"#2"},"up":{"uv":[0,0,16,16],"texture":"#2"},"down":{"uv":[16,16,0,0],"texture":"#2"}}},{"from":[-16,-9.2,-16],"to":[32,-9.2,32],"rotation":{"angle":0,"axis":"y","origin":[9.15,7.95,7.92006]},"faces":{"north":{"uv":[0,0,16,16],"texture":"#2"},"east":{"uv":[0,0,16,16],"texture":"#2"},"south":{"uv":[0,0,16,16],"texture":"#2"},"west":{"uv":[0,0,16,16],"texture":"#2"},"up":{"uv":[0,0,16,16],"texture":"#2"},"down":{"uv":[16,16,0,0],"texture":"#2"}}},{"from":[-10,18.8,-10],"to":[26,18.8,26],"rotation":{"angle":0,"axis":"y","origin":[9.15,7.95,7.92006]},"faces":{"north":{"uv":[0,0,16,16],"texture":"#2"},"east":{"uv":[0,0,16,16],"texture":"#2"},"south":{"uv":[0,0,16,16],"texture":"#2"},"west":{"uv":[0,0,16,16],"texture":"#2"},"up":{"uv":[0,0,16,16],"texture":"#2"},"down":{"uv":[16,16,0,0],"texture":"#2"}}},{"from":[-7,29.8,-7],"to":[23,29.8,23],"rotation":{"angle":0,"axis":"y","origin":[9.15,7.95,7.92006]},"faces":{"north":{"uv":[0,0,16,16],"texture":"#2"},"east":{"uv":[0,0,16,16],"texture":"#2"},"south":{"uv":[0,0,16,16],"texture":"#2"},"west":{"uv":[0,0,16,16],"texture":"#2"},"up":{"uv":[0,0,16,16],"texture":"#2"},"down":{"uv":[16,16,0,0],"texture":"#2"}}},{"from":[-11.74375,-13.9,-12.1605],"to":[26.60875,-13.9,21.112],"rotation":{"angle":0,"axis":"y","origin":[9.15,7.95,7.92006]},"faces":{"north":{"uv":[0,0,16,16],"texture":"#1"},"east":{"uv":[0,0,16,16],"texture":"#1"},"south":{"uv":[0,0,16,16],"texture":"#1"},"west":{"uv":[0,0,16,16],"texture":"#1"},"up":{"uv":[0,0,16,16],"texture":"#1"},"down":{"uv":[0,0,16,16],"texture":"#1"}}},{"from":[-4.74375,-13.9,-5.1605],"to":[19.60875,-13.9,14.112],"rotation":{"angle":0,"axis":"y","origin":[9.15,7.95,7.92006]},"faces":{"north":{"uv":[0,0,16,16],"texture":"#1"},"east":{"uv":[0,0,16,16],"texture":"#1"},"south":{"uv":[0,0,16,16],"texture":"#1"},"west":{"uv":[0,0,16,16],"texture":"#1"},"up":{"uv":[0,0,16,16],"texture":"#1"},"down":{"uv":[0,0,16,16],"texture":"#1"}}},{"name":"hexadecagon","from":[2.46786,-4.27441,-12.48351],"to":[10.04768,12.28591,-12.48351],"rotation":{"angle":-45,"axis":"y","origin":[9.15,7.95,7.92006]},"faces":{"north":{"uv":[2,0,3,16],"texture":"#3"},"east":{"uv":[2,0,3,16],"texture":"#3"},"south":{"uv":[3,0,2,16],"texture":"#3"},"west":{"uv":[2,0,3,16],"texture":"#3"},"up":{"uv":[2,0,3,16],"texture":"#3"},"down":{"uv":[2,0,3,16],"texture":"#3"}}},{"name":"hexadecagon","from":[3.2048,-4.27441,-13.48753],"to":[10.78462,12.28591,-13.48753],"rotation":{"angle":-22.5,"axis":"y","origin":[9.15,7.95,7.92006]},"faces":{"north":{"uv":[3,0,4,16],"texture":"#3"},"east":{"uv":[3,0,4,16],"texture":"#3"},"south":{"uv":[4,0,3,16],"texture":"#3"},"west":{"uv":[3,0,4,16],"texture":"#3"},"up":{"uv":[3,0,4,16],"texture":"#3"},"down":{"uv":[3,0,4,16],"texture":"#3"}}},{"name":"hexadecagon","from":[4.26985,-4.27441,-14.13311],"to":[11.84968,12.28591,-14.13311],"rotation":{"angle":0,"axis":"y","origin":[9.15,7.95,7.92006]},"faces":{"north":{"uv":[4,0,5,16],"texture":"#3"},"east":{"uv":[4,0,5,16],"texture":"#3"},"south":{"uv":[5,0,4,16],"texture":"#3"},"west":{"uv":[4,0,5,16],"texture":"#3"},"up":{"uv":[4,0,5,16],"texture":"#3"},"down":{"uv":[4,0,5,16],"texture":"#3"}}},{"name":"hexadecagon","from":[5.50089,-4.27441,-14.32196],"to":[13.08071,12.28591,-14.32196],"rotation":{"angle":22.5,"axis":"y","origin":[9.15,7.95,7.92006]},"faces":{"north":{"uv":[5,0,6,16],"texture":"#3"},"east":{"uv":[5,0,6,16],"texture":"#3"},"south":{"uv":[6,0,5,16],"texture":"#3"},"west":{"uv":[5,0,6,16],"texture":"#3"},"up":{"uv":[5,0,6,16],"texture":"#3"},"down":{"uv":[5,0,6,16],"texture":"#3"}}},{"name":"hexadecagon","from":[6.71049,-4.27441,-14.02535],"to":[14.29031,12.28591,-14.02535],"rotation":{"angle":45,"axis":"y","origin":[9.15,7.95,7.92006]},"faces":{"north":{"uv":[6,0,7,16],"texture":"#3"},"east":{"uv":[6,0,7,16],"texture":"#3"},"south":{"uv":[7,0,6,16],"texture":"#3"},"west":{"uv":[6,0,7,16],"texture":"#3"},"up":{"uv":[6,0,7,16],"texture":"#3"},"down":{"uv":[6,0,7,16],"texture":"#3"}}},{"name":"hexadecagon","from":[-12.05846,-4.27441,1.77572],"to":[-12.05846,12.28591,9.35555],"rotation":{"angle":-22.5,"axis":"y","origin":[9.15,7.95,7.92006]},"faces":{"north":{"uv":[7,0,8,16],"texture":"#3"},"east":{"uv":[8,0,7,16],"texture":"#3"},"south":{"uv":[7,0,8,16],"texture":"#3"},"west":{"uv":[7,0,8,16],"texture":"#3"},"up":{"uv":[7,0,8,16],"texture":"#3"},"down":{"uv":[7,0,8,16],"texture":"#3"}}},{"name":"hexadecagon","from":[-11.02069,9.72559,7.10691],"to":[-11.02069,26.28591,14.68673],"rotation":{"angle":45,"axis":"y","origin":[9.15,7.95,7.92006]},"faces":{"north":{"uv":[2,13.5,3,2.5],"texture":"#3"},"east":{"uv":[3,13.5,2,2.5],"texture":"#3"},"south":{"uv":[2,13.5,3,2.5],"texture":"#3"},"west":{"uv":[2,13.5,3,2.5],"texture":"#3"},"up":{"uv":[2,13.5,3,2.5],"rotation":270,"texture":"#3"},"down":{"uv":[2,13.5,3,2.5],"rotation":90,"texture":"#3"}}},{"name":"hexadecagon","from":[7.62582,9.72559,29.28191],"to":[15.20564,26.28591,29.28191],"rotation":{"angle":-22.5,"axis":"y","origin":[9.15,7.95,7.92006]},"faces":{"north":{"uv":[4,13.5,3,2.5],"texture":"#3"},"east":{"uv":[3,13.5,4,2.5],"texture":"#3"},"south":{"uv":[3,13.5,4,2.5],"texture":"#3"},"west":{"uv":[3,13.5,4,2.5],"texture":"#3"},"up":{"uv":[3,13.5,4,2.5],"rotation":180,"texture":"#3"},"down":{"uv":[3,13.5,4,2.5],"rotation":180,"texture":"#3"}}},{"name":"hexadecagon","from":[6.56986,9.72559,29.97323],"to":[14.14968,26.28591,29.97323],"rotation":{"angle":0,"axis":"y","origin":[9.15,7.95,7.92006]},"faces":{"north":{"uv":[5,13.5,4,2.5],"texture":"#3"},"east":{"uv":[4,13.5,5,2.5],"texture":"#3"},"south":{"uv":[4,13.5,5,2.5],"texture":"#3"},"west":{"uv":[4,13.5,5,2.5],"texture":"#3"},"up":{"uv":[4,13.5,5,2.5],"rotation":180,"texture":"#3"},"down":{"uv":[4,13.5,5,2.5],"rotation":180,"texture":"#3"}}},{"name":"hexadecagon","from":[4.0942,9.72559,29.94999],"to":[11.67402,26.28591,29.94999],"rotation":{"angle":45,"axis":"y","origin":[9.15,7.95,7.92006]},"faces":{"north":{"uv":[7,13.5,6,2.5],"texture":"#3"},"east":{"uv":[6,13.5,7,2.5],"texture":"#3"},"south":{"uv":[6,13.5,7,2.5],"texture":"#3"},"west":{"uv":[6,13.5,7,2.5],"texture":"#3"},"up":{"uv":[6,13.5,7,2.5],"rotation":180,"texture":"#3"},"down":{"uv":[6,13.5,7,2.5],"rotation":180,"texture":"#3"}}},{"name":"hexadecagon","from":[30.4689,9.72559,6.43883],"to":[30.4689,26.28591,14.01865],"rotation":{"angle":-22.5,"axis":"y","origin":[9.15,7.95,7.92006]},"faces":{"north":{"uv":[7,13.5,8,2.5],"texture":"#3"},"east":{"uv":[7,13.5,8,2.5],"texture":"#3"},"south":{"uv":[7,13.5,8,2.5],"texture":"#3"},"west":{"uv":[8,13.5,7,2.5],"texture":"#3"},"up":{"uv":[7,13.5,8,2.5],"rotation":180,"texture":"#3"},"down":{"uv":[7,13.5,8,2.5],"rotation":180,"texture":"#3"}}},{"name":"hexadecagon","from":[5.32972,9.72559,30.20783],"to":[12.90954,26.28591,30.20783],"rotation":{"angle":22.5,"axis":"y","origin":[9.15,7.95,7.92006]},"faces":{"north":{"uv":[6,13.5,5,2.5],"texture":"#3"},"east":{"uv":[5,13.5,6,2.5],"texture":"#3"},"south":{"uv":[5,13.5,6,2.5],"texture":"#3"},"west":{"uv":[5,13.5,6,2.5],"texture":"#3"},"up":{"uv":[5,13.5,6,2.5],"rotation":180,"texture":"#3"},"down":{"uv":[5,13.5,6,2.5],"rotation":180,"texture":"#3"}}},{"name":"hexadecagon","from":[5.50089,14.72559,-14.32196],"to":[13.08071,31.28591,-14.32196],"rotation":{"angle":22.5,"axis":"y","origin":[9.15,7.95,7.92006]},"faces":{"north":{"uv":[5,0,6,16],"texture":"#3"},"east":{"uv":[5,0,6,16],"texture":"#3"},"south":{"uv":[6,0,5,16],"texture":"#3"},"west":{"uv":[5,0,6,16],"texture":"#3"},"up":{"uv":[5,0,6,16],"texture":"#3"},"down":{"uv":[5,0,6,16],"texture":"#3"}}},{"name":"hexadecagon","from":[27.11286,14.72559,1.12977],"to":[27.11286,31.28591,8.70959],"rotation":{"angle":0,"axis":"y","origin":[9.15,7.95,7.92006]},"faces":{"north":{"uv":[0,0,1,16],"texture":"#3"},"east":{"uv":[0,0,1,16],"texture":"#3"},"south":{"uv":[0,0,1,16],"texture":"#3"},"west":{"uv":[1,0,0,16],"texture":"#3"},"up":{"uv":[0,0,1,16],"texture":"#3"},"down":{"uv":[0,0,1,16],"texture":"#3"}}},{"name":"hexadecagon","from":[-11.11286,14.72559,1.12977],"to":[-11.11286,31.28591,8.70959],"rotation":{"angle":0,"axis":"y","origin":[9.15,7.95,7.92006]},"faces":{"north":{"uv":[8,0,9,16],"texture":"#3"},"east":{"uv":[9,0,8,16],"texture":"#3"},"south":{"uv":[8,0,9,16],"texture":"#3"},"west":{"uv":[8,0,9,16],"texture":"#3"},"up":{"uv":[8,0,9,16],"texture":"#3"},"down":{"uv":[8,0,9,16],"texture":"#3"}}},{"name":"hexadecagon","from":[-9.87265,14.72559,0.89561],"to":[-9.87265,31.28591,8.47544],"rotation":{"angle":22.5,"axis":"y","origin":[9.15,7.95,7.92006]},"faces":{"north":{"uv":[9,0,10,16],"texture":"#3"},"east":{"uv":[10,0,9,16],"texture":"#3"},"south":{"uv":[9,0,10,16],"texture":"#3"},"west":{"uv":[9,0,10,16],"texture":"#3"},"up":{"uv":[9,0,10,16],"texture":"#3"},"down":{"uv":[9,0,10,16],"texture":"#3"}}},{"name":"hexadecagon","from":[2.38344,14.72559,25.70723],"to":[9.96327,31.28591,25.70723],"rotation":{"angle":-45,"axis":"y","origin":[9.15,7.95,7.92006]},"faces":{"north":{"uv":[11,0,10,16],"texture":"#3"},"east":{"uv":[10,0,11,16],"texture":"#3"},"south":{"uv":[10,0,11,16],"texture":"#3"},"west":{"uv":[10,0,11,16],"texture":"#3"},"up":{"uv":[10,0,11,16],"texture":"#3"},"down":{"uv":[10,0,11,16],"texture":"#3"}}},{"name":"hexadecagon","from":[3.0945,14.72559,24.66448],"to":[10.67433,31.28591,24.66448],"rotation":{"angle":-22.5,"axis":"y","origin":[9.15,7.95,7.92006]},"faces":{"north":{"uv":[12,0,11,16],"texture":"#3"},"east":{"uv":[11,0,12,16],"texture":"#3"},"south":{"uv":[11,0,12,16],"texture":"#3"},"west":{"uv":[11,0,12,16],"texture":"#3"},"up":{"uv":[11,0,12,16],"texture":"#3"},"down":{"uv":[11,0,12,16],"texture":"#3"}}},{"name":"hexadecagon","from":[4.15048,14.72559,23.97323],"to":[11.7303,31.28591,23.97323],"rotation":{"angle":0,"axis":"y","origin":[9.15,7.95,7.92006]},"faces":{"north":{"uv":[13,0,12,16],"texture":"#3"},"east":{"uv":[12,0,13,16],"texture":"#3"},"south":{"uv":[12,0,13,16],"texture":"#3"},"west":{"uv":[12,0,13,16],"texture":"#3"},"up":{"uv":[12,0,13,16],"texture":"#3"},"down":{"uv":[12,0,13,16],"texture":"#3"}}},{"name":"hexadecagon","from":[5.39061,14.72559,23.73869],"to":[12.97043,31.28591,23.73869],"rotation":{"angle":22.5,"axis":"y","origin":[9.15,7.95,7.92006]},"faces":{"north":{"uv":[14,0,13,16],"texture":"#3"},"east":{"uv":[13,0,14,16],"texture":"#3"},"south":{"uv":[13,0,14,16],"texture":"#3"},"west":{"uv":[13,0,14,16],"texture":"#3"},"up":{"uv":[13,0,14,16],"texture":"#3"},"down":{"uv":[13,0,14,16],"texture":"#3"}}},{"name":"hexadecagon","from":[25.93744,14.72559,1.82212],"to":[25.93744,31.28591,9.40195],"rotation":{"angle":-22.5,"axis":"y","origin":[9.15,7.95,7.92006]},"faces":{"north":{"uv":[15,0,16,16],"texture":"#3"},"east":{"uv":[15,0,16,16],"texture":"#3"},"south":{"uv":[15,0,16,16],"texture":"#3"},"west":{"uv":[15,0,16,16],"texture":"#3"},"up":{"uv":[15,0,16,16],"texture":"#3"},"down":{"uv":[15,0,16,16],"texture":"#3"}}},{"name":"hexadecagon","from":[6.62609,14.72559,23.99659],"to":[14.20591,31.28591,23.99659],"rotation":{"angle":45,"axis":"y","origin":[9.15,7.95,7.92006]},"faces":{"north":{"uv":[14,0,15,16],"texture":"#3"},"east":{"uv":[14,0,15,16],"texture":"#3"},"south":{"uv":[14,0,15,16],"texture":"#3"},"west":{"uv":[14,0,15,16],"texture":"#3"},"up":{"uv":[14,0,15,16],"texture":"#3"},"down":{"uv":[14,0,15,16],"texture":"#3"}}},{"name":"hexadecagon","from":[28.34397,14.72559,0.94129],"to":[28.34397,31.28591,8.52112],"rotation":{"angle":22.5,"axis":"y","origin":[9.15,7.95,7.92006]},"faces":{"north":{"uv":[1,0,2,16],"texture":"#3"},"east":{"uv":[1,0,2,16],"texture":"#3"},"south":{"uv":[1,0,2,16],"texture":"#3"},"west":{"uv":[2,0,1,16],"texture":"#3"},"up":{"uv":[1,0,2,16],"texture":"#3"},"down":{"uv":[1,0,2,16],"texture":"#3"}}},{"name":"hexadecagon","from":[-12.05846,14.72559,1.77572],"to":[-12.05846,31.28591,9.35555],"rotation":{"angle":-22.5,"axis":"y","origin":[9.15,7.95,7.92006]},"faces":{"north":{"uv":[7,0,8,16],"texture":"#3"},"east":{"uv":[8,0,7,16],"texture":"#3"},"south":{"uv":[7,0,8,16],"texture":"#3"},"west":{"uv":[7,0,8,16],"texture":"#3"},"up":{"uv":[7,0,8,16],"texture":"#3"},"down":{"uv":[7,0,8,16],"texture":"#3"}}},{"name":"hexadecagon","from":[6.71049,14.72559,-14.02535],"to":[14.29031,31.28591,-14.02535],"rotation":{"angle":45,"axis":"y","origin":[9.15,7.95,7.92006]},"faces":{"north":{"uv":[6,0,7,16],"texture":"#3"},"east":{"uv":[6,0,7,16],"texture":"#3"},"south":{"uv":[7,0,6,16],"texture":"#3"},"west":{"uv":[6,0,7,16],"texture":"#3"},"up":{"uv":[6,0,7,16],"texture":"#3"},"down":{"uv":[6,0,7,16],"texture":"#3"}}},{"name":"hexadecagon","from":[4.26985,14.72559,-14.13311],"to":[11.84968,31.28591,-14.13311],"rotation":{"angle":0,"axis":"y","origin":[9.15,7.95,7.92006]},"faces":{"north":{"uv":[4,0,5,16],"texture":"#3"},"east":{"uv":[4,0,5,16],"texture":"#3"},"south":{"uv":[5,0,4,16],"texture":"#3"},"west":{"uv":[4,0,5,16],"texture":"#3"},"up":{"uv":[4,0,5,16],"texture":"#3"},"down":{"uv":[4,0,5,16],"texture":"#3"}}},{"name":"hexadecagon","from":[3.2048,14.72559,-13.48753],"to":[10.78462,31.28591,-13.48753],"rotation":{"angle":-22.5,"axis":"y","origin":[9.15,7.95,7.92006]},"faces":{"north":{"uv":[3,0,4,16],"texture":"#3"},"east":{"uv":[3,0,4,16],"texture":"#3"},"south":{"uv":[4,0,3,16],"texture":"#3"},"west":{"uv":[3,0,4,16],"texture":"#3"},"up":{"uv":[3,0,4,16],"texture":"#3"},"down":{"uv":[3,0,4,16],"texture":"#3"}}},{"name":"hexadecagon","from":[2.46786,14.72559,-12.48351],"to":[10.04768,31.28591,-12.48351],"rotation":{"angle":-45,"axis":"y","origin":[9.15,7.95,7.92006]},"faces":{"north":{"uv":[2,0,3,16],"texture":"#3"},"east":{"uv":[2,0,3,16],"texture":"#3"},"south":{"uv":[3,0,2,16],"texture":"#3"},"west":{"uv":[2,0,3,16],"texture":"#3"},"up":{"uv":[2,0,3,16],"texture":"#3"},"down":{"uv":[2,0,3,16],"texture":"#3"}}},{"name":"hexadecagon","from":[5.39061,-4.27441,23.73869],"to":[12.97043,12.28591,23.73869],"rotation":{"angle":22.5,"axis":"y","origin":[9.15,7.95,7.92006]},"faces":{"north":{"uv":[14,0,13,16],"texture":"#3"},"east":{"uv":[13,0,14,16],"texture":"#3"},"south":{"uv":[13,0,14,16],"texture":"#3"},"west":{"uv":[13,0,14,16],"texture":"#3"},"up":{"uv":[13,0,14,16],"texture":"#3"},"down":{"uv":[13,0,14,16],"texture":"#3"}}},{"name":"hexadecagon","from":[4.15048,-4.27441,23.97323],"to":[11.7303,12.28591,23.97323],"rotation":{"angle":0,"axis":"y","origin":[9.15,7.95,7.92006]},"faces":{"north":{"uv":[13,0,12,16],"texture":"#3"},"east":{"uv":[12,0,13,16],"texture":"#3"},"south":{"uv":[12,0,13,16],"texture":"#3"},"west":{"uv":[12,0,13,16],"texture":"#3"},"up":{"uv":[12,0,13,16],"texture":"#3"},"down":{"uv":[12,0,13,16],"texture":"#3"}}},{"name":"hexadecagon","from":[3.0945,-4.27441,24.66448],"to":[10.67433,12.28591,24.66448],"rotation":{"angle":-22.5,"axis":"y","origin":[9.15,7.95,7.92006]},"faces":{"north":{"uv":[12,0,11,16],"texture":"#3"},"east":{"uv":[11,0,12,16],"texture":"#3"},"south":{"uv":[11,0,12,16],"texture":"#3"},"west":{"uv":[11,0,12,16],"texture":"#3"},"up":{"uv":[11,0,12,16],"texture":"#3"},"down":{"uv":[11,0,12,16],"texture":"#3"}}},{"name":"hexadecagon","from":[2.38344,-4.27441,25.70723],"to":[9.96327,12.28591,25.70723],"rotation":{"angle":-45,"axis":"y","origin":[9.15,7.95,7.92006]},"faces":{"north":{"uv":[11,0,10,16],"texture":"#3"},"east":{"uv":[10,0,11,16],"texture":"#3"},"south":{"uv":[10,0,11,16],"texture":"#3"},"west":{"uv":[10,0,11,16],"texture":"#3"},"up":{"uv":[10,0,11,16],"texture":"#3"},"down":{"uv":[10,0,11,16],"texture":"#3"}}},{"name":"hexadecagon","from":[-9.87265,-4.27441,0.89561],"to":[-9.87265,12.28591,8.47544],"rotation":{"angle":22.5,"axis":"y","origin":[9.15,7.95,7.92006]},"faces":{"north":{"uv":[9,0,10,16],"texture":"#3"},"east":{"uv":[10,0,9,16],"texture":"#3"},"south":{"uv":[9,0,10,16],"texture":"#3"},"west":{"uv":[9,0,10,16],"texture":"#3"},"up":{"uv":[9,0,10,16],"texture":"#3"},"down":{"uv":[9,0,10,16],"texture":"#3"}}},{"name":"hexadecagon","from":[-11.11286,-4.27441,1.12977],"to":[-11.11286,12.28591,8.70959],"rotation":{"angle":0,"axis":"y","origin":[9.15,7.95,7.92006]},"faces":{"north":{"uv":[8,0,9,16],"texture":"#3"},"east":{"uv":[9,0,8,16],"texture":"#3"},"south":{"uv":[8,0,9,16],"texture":"#3"},"west":{"uv":[8,0,9,16],"texture":"#3"},"up":{"uv":[8,0,9,16],"texture":"#3"},"down":{"uv":[8,0,9,16],"texture":"#3"}}},{"name":"hexadecagon","from":[5.32928,9.72559,-7.89826],"to":[12.9091,26.28591,-7.89826],"rotation":{"angle":22.5,"axis":"y","origin":[9.15,7.95,7.92006]},"faces":{"north":{"uv":[13,13.5,14,2.5],"texture":"#3"},"east":{"uv":[13,13.5,14,2.5],"texture":"#3"},"south":{"uv":[14,13.5,13,2.5],"texture":"#3"},"west":{"uv":[13,13.5,14,2.5],"texture":"#3"},"up":{"uv":[13,13.5,14,2.5],"rotation":180,"texture":"#3"},"down":{"uv":[13,13.5,14,2.5],"rotation":180,"texture":"#3"}}},{"name":"hexadecagon","from":[6.56992,9.72559,-8.13279],"to":[14.14974,26.28591,-8.13279],"rotation":{"angle":0,"axis":"y","origin":[9.15,7.95,7.92006]},"faces":{"north":{"uv":[12,13.5,13,2.5],"texture":"#3"},"east":{"uv":[12,13.5,13,2.5],"texture":"#3"},"south":{"uv":[13,13.5,12,2.5],"texture":"#3"},"west":{"uv":[12,13.5,13,2.5],"texture":"#3"},"up":{"uv":[12,13.5,13,2.5],"rotation":180,"texture":"#3"},"down":{"uv":[12,13.5,13,2.5],"rotation":180,"texture":"#3"}}},{"name":"hexadecagon","from":[7.626,9.72559,-8.82415],"to":[15.20582,26.28591,-8.82415],"rotation":{"angle":-22.5,"axis":"y","origin":[9.15,7.95,7.92006]},"faces":{"north":{"uv":[11,13.5,12,2.5],"texture":"#3"},"east":{"uv":[11,13.5,12,2.5],"texture":"#3"},"south":{"uv":[12,13.5,11,2.5],"texture":"#3"},"west":{"uv":[11,13.5,12,2.5],"texture":"#3"},"up":{"uv":[11,13.5,12,2.5],"rotation":180,"texture":"#3"},"down":{"uv":[11,13.5,12,2.5],"rotation":180,"texture":"#3"}}},{"name":"hexadecagon","from":[26.9371,9.72559,7.10718],"to":[26.9371,26.28591,14.687],"rotation":{"angle":45,"axis":"y","origin":[9.15,7.95,7.92006]},"faces":{"north":{"uv":[10,13.5,11,2.5],"texture":"#3"},"east":{"uv":[10,13.5,11,2.5],"texture":"#3"},"south":{"uv":[10,13.5,11,2.5],"texture":"#3"},"west":{"uv":[11,13.5,10,2.5],"texture":"#3"},"up":{"uv":[10,13.5,11,2.5],"rotation":270,"texture":"#3"},"down":{"uv":[10,13.5,11,2.5],"rotation":90,"texture":"#3"}}},{"name":"hexadecagon","from":[28.17266,9.72559,7.36469],"to":[28.17266,26.28591,14.94451],"rotation":{"angle":22.5,"axis":"y","origin":[9.15,7.95,7.92006]},"faces":{"north":{"uv":[9,13.5,10,2.5],"texture":"#3"},"east":{"uv":[9,13.5,10,2.5],"texture":"#3"},"south":{"uv":[9,13.5,10,2.5],"texture":"#3"},"west":{"uv":[10,13.5,9,2.5],"texture":"#3"},"up":{"uv":[9,13.5,10,2.5],"rotation":180,"texture":"#3"},"down":{"uv":[9,13.5,10,2.5],"rotation":180,"texture":"#3"}}},{"name":"hexadecagon","from":[29.41286,9.72559,7.13053],"to":[29.41286,26.28591,14.71035],"rotation":{"angle":0,"axis":"y","origin":[9.15,7.95,7.92006]},"faces":{"north":{"uv":[8,13.5,9,2.5],"texture":"#3"},"east":{"uv":[8,13.5,9,2.5],"texture":"#3"},"south":{"uv":[8,13.5,9,2.5],"texture":"#3"},"west":{"uv":[9,13.5,8,2.5],"texture":"#3"},"up":{"uv":[8,13.5,9,2.5],"rotation":180,"texture":"#3"},"down":{"uv":[8,13.5,9,2.5],"rotation":180,"texture":"#3"}}}],"display":{"thirdperson_righthand":{"translation":[0,23.5,0]},"head":{"rotation":[-1,0,0],"translation":[3.25,37.75,-62.75],"scale":[4,4,4]}}}