{"credit":"Naruto RPG","texture_size":[96,96],"textures":{"0":"armas:item/armas_yata_6","particle":"armas:item/armas_yata_6"},"elements":[{"name":"hexadecagon","from":[5.23182,-15.96123,21.91795],"to":[14.79598,30.94007,21.91795],"rotation":{"angle":-45,"axis":"y","origin":[8,2.44992,7.99959]},"faces":{"north":{"uv":[5,3.16667,6.16667,11.66667],"texture":"#0"},"east":{"uv":[0,0,0.16667,0.16667],"texture":"#missing"},"south":{"uv":[6.16667,3.16667,5,11.66667],"texture":"#0"},"west":{"uv":[0,0,0.16667,0.16667],"texture":"#missing"},"up":{"uv":[0,0,0.16667,0.16667],"texture":"#missing"},"down":{"uv":[0,0,0.16667,0.16667],"texture":"#missing"}}},{"name":"hexadecagon","from":[0.39903,-15.96123,21.91804],"to":[10.76864,30.94007,21.91804],"rotation":{"angle":-22.5,"axis":"y","origin":[8,2.44992,7.99959]},"faces":{"north":{"uv":[6.16667,3.16667,5,11.66667],"texture":"#0"},"east":{"uv":[0,0,0.16667,0.16667],"texture":"#0"},"south":{"uv":[5,3.16667,6.16667,11.66667],"texture":"#0"},"west":{"uv":[0,0,0.16667,0.16667],"texture":"#0"},"up":{"uv":[0,0,0.16667,0.16667],"texture":"#0"},"down":{"uv":[0,0,0.16667,0.16667],"texture":"#0"}}},{"name":"hexadecagon","from":[5.23152,-15.96123,21.91807],"to":[10.76848,30.94007,21.91807],"rotation":{"angle":0,"axis":"y","origin":[8,2.44992,7.99959]},"faces":{"north":{"uv":[7.33333,3.16667,6.16667,11.66667],"texture":"#0"},"east":{"uv":[0,0,0.16667,0.16667],"texture":"#missing"},"south":{"uv":[6.16667,3.16667,7.33333,11.66667],"texture":"#0"},"west":{"uv":[0,0,0.16667,0.16667],"texture":"#missing"},"up":{"uv":[0,0,0.16667,0.16667],"texture":"#missing"},"down":{"uv":[0,0,0.16667,0.16667],"texture":"#missing"}}},{"name":"hexadecagon","from":[5.23136,-15.96123,21.91804],"to":[10.76831,30.94007,21.91804],"rotation":{"angle":22.5,"axis":"y","origin":[8,2.44992,7.99959]},"faces":{"north":{"uv":[8.5,3.16667,7.33333,11.66667],"texture":"#0"},"east":{"uv":[0,0,0.16667,0.16667],"texture":"#missing"},"south":{"uv":[7.33333,3.16667,8.5,11.66667],"texture":"#0"},"west":{"uv":[0,0,0.16667,0.16667],"texture":"#missing"},"up":{"uv":[0,0,0.16667,0.16667],"texture":"#missing"},"down":{"uv":[0,0,0.16667,0.16667],"texture":"#missing"}}},{"name":"hexadecagon","from":[5.23123,-15.96123,21.91795],"to":[10.76818,30.94007,21.91795],"rotation":{"angle":45,"axis":"y","origin":[8,2.44992,7.99959]},"faces":{"north":{"uv":[9.66667,3.16667,8.5,11.66667],"texture":"#0"},"east":{"uv":[0,0,0.16667,0.16667],"texture":"#missing"},"south":{"uv":[8.5,3.16667,9.66667,11.66667],"texture":"#0"},"west":{"uv":[0,0,0.16667,0.16667],"texture":"#missing"},"up":{"uv":[0,0,0.16667,0.16667],"texture":"#missing"},"down":{"uv":[0,0,0.16667,0.16667],"texture":"#missing"}}},{"name":"hexadecagon","from":[21.9177,-15.96123,2.01239],"to":[21.9177,30.94007,10.77111],"rotation":{"angle":-22.5,"axis":"y","origin":[8,2.44992,7.99959]},"faces":{"north":{"uv":[0.33333,0.66667,0.5,0.33333],"texture":"#0"},"east":{"uv":[9.66667,3.16667,10.83333,11.66667],"texture":"#0"},"south":{"uv":[0.5,0.66667,0.33333,0.33333],"texture":"#0"},"west":{"uv":[10.83333,3.16667,9.66667,11.66667],"texture":"#0"},"up":{"uv":[0,0,0.16667,0.16667],"rotation":270,"texture":"#0"},"down":{"uv":[0,0,0.16667,0.16667],"rotation":90,"texture":"#0"}}},{"name":"hexadecagon","from":[-5.9177,-15.96123,5.23416],"to":[-5.9177,30.94007,10.77111],"rotation":{"angle":22.5,"axis":"y","origin":[8,2.44992,7.99959]},"faces":{"north":{"uv":[0.33333,0.66667,1.16667,1.83333],"texture":"#0"},"east":{"uv":[6.16667,3.16667,7.33333,11.66667],"texture":"#0"},"south":{"uv":[1.16667,0.66667,0.33333,1.83333],"texture":"#0"},"west":{"uv":[7.33333,3.16667,6.16667,11.66667],"texture":"#0"},"up":{"uv":[0,0.16667,0.16667,0],"rotation":270,"texture":"#0"},"down":{"uv":[2.66667,4,2.83333,3.83333],"rotation":90,"texture":"#0"}}},{"name":"hexadecagon","from":[5.23181,-15.96123,-5.91877],"to":[10.76876,30.94007,-5.91877],"rotation":{"angle":45,"axis":"y","origin":[8,2.44992,7.99959]},"faces":{"north":{"uv":[6.16667,3.16667,7.33333,11.66667],"texture":"#0"},"east":{"uv":[0.16667,0,0,0.16667],"texture":"#missing"},"south":{"uv":[7.33333,3.16667,6.16667,11.66667],"texture":"#0"},"west":{"uv":[0.16667,0,0,0.16667],"texture":"#missing"},"up":{"uv":[0,0.16667,0.16667,0],"texture":"#missing"},"down":{"uv":[0,0.16667,0.16667,0],"texture":"#missing"}}},{"name":"hexadecagon","from":[5.23168,-15.96123,-5.91886],"to":[13.99041,30.94007,-5.91886],"rotation":{"angle":22.5,"axis":"y","origin":[8,2.44992,7.99959]},"faces":{"north":{"uv":[5,3.16667,6.16667,11.66667],"texture":"#0"},"east":{"uv":[0.16667,0,0,0.16667],"texture":"#missing"},"south":{"uv":[6.16667,3.16667,5,11.66667],"texture":"#0"},"west":{"uv":[0.16667,0,0,0.16667],"texture":"#missing"},"up":{"uv":[0,0.16667,0.16667,0],"texture":"#missing"},"down":{"uv":[0,0.16667,0.16667,0],"texture":"#missing"}}},{"name":"hexadecagon","from":[2.00974,-15.96123,-5.91888],"to":[10.76848,30.94007,-5.91888],"rotation":{"angle":0,"axis":"y","origin":[8,2.44992,7.99959]},"faces":{"north":{"uv":[6.16667,3.16667,5,11.66667],"texture":"#0"},"east":{"uv":[0.16667,0,0,0.16667],"texture":"#missing"},"south":{"uv":[5,3.16667,6.16667,11.66667],"texture":"#0"},"west":{"uv":[0.16667,0,0,0.16667],"texture":"#missing"},"up":{"uv":[0,0.16667,0.16667,0],"texture":"#missing"},"down":{"uv":[0,0.16667,0.16667,0],"texture":"#missing"}}},{"name":"hexadecagon","from":[5.23137,-15.96123,-5.91886],"to":[10.76832,30.94007,-5.91886],"rotation":{"angle":-22.5,"axis":"y","origin":[8,2.44992,7.99959]},"faces":{"north":{"uv":[7.33333,3.16667,6.16667,11.66667],"texture":"#0"},"east":{"uv":[0.16667,0,0,0.16667],"texture":"#missing"},"south":{"uv":[6.16667,3.16667,7.33333,11.66667],"texture":"#0"},"west":{"uv":[0.16667,0,0,0.16667],"texture":"#missing"},"up":{"uv":[0,0.16667,0.16667,0],"texture":"#missing"},"down":{"uv":[0,0.16667,0.16667,0],"texture":"#missing"}}},{"name":"hexadecagon","from":[5.23124,-15.96123,-5.91877],"to":[10.76819,30.94007,-5.91877],"rotation":{"angle":-45,"axis":"y","origin":[8,2.44992,7.99959]},"faces":{"north":{"uv":[8.5,3.16667,7.33333,11.66667],"texture":"#0"},"east":{"uv":[15.16667,2.16667,14.33333,3.33333],"texture":"#0"},"south":{"uv":[7.33333,3.16667,8.5,11.66667],"texture":"#0"},"west":{"uv":[14.33333,2.16667,15.16667,3.33333],"texture":"#0"},"up":{"uv":[0,0.16667,0.16667,0],"texture":"#0"},"down":{"uv":[0,0.16667,0.16667,0],"texture":"#0"}}},{"name":"hexadecagon","from":[21.91769,-15.96123,5.22809],"to":[21.91769,30.94007,10.76504],"rotation":{"angle":22.5,"axis":"y","origin":[8,2.44992,7.99959]},"faces":{"north":{"uv":[0.16667,0,0,0.16667],"texture":"#missing"},"east":{"uv":[9.66667,3.16667,8.5,11.66667],"texture":"#0"},"south":{"uv":[0.16667,0,0,0.16667],"texture":"#missing"},"west":{"uv":[8.5,3.16667,9.66667,11.66667],"texture":"#0"},"up":{"uv":[0.16667,0,0,0.16667],"rotation":270,"texture":"#missing"},"down":{"uv":[0.16667,0,0,0.16667],"rotation":90,"texture":"#missing"}}},{"name":"hexadecagon","from":[-5.91769,-15.96123,5.22809],"to":[-5.91769,30.94007,10.76504],"rotation":{"angle":-22.5,"axis":"y","origin":[8,2.44992,7.99959]},"faces":{"north":{"uv":[0,0,0.16667,0.16667],"texture":"#missing"},"east":{"uv":[8.5,3.16667,9.66667,11.66667],"texture":"#0"},"south":{"uv":[0,0,0.16667,0.16667],"texture":"#missing"},"west":{"uv":[8.5,3.16667,9.66667,11.66667],"texture":"#0"},"up":{"uv":[0.16667,0.16667,0,0],"rotation":270,"texture":"#missing"},"down":{"uv":[0.16667,0.16667,0,0],"rotation":90,"texture":"#missing"}}},{"name":"hexadecagon","from":[-5.91709,-15.96123,5.23112],"to":[-5.91709,30.94007,10.76807],"rotation":{"angle":0,"axis":"y","origin":[8,2.44992,7.99959]},"faces":{"north":{"uv":[0,0,0.16667,0.16667],"texture":"#missing"},"east":{"uv":[7.33333,3.16667,8.5,11.66667],"texture":"#0"},"south":{"uv":[0,0,0.16667,0.16667],"texture":"#missing"},"west":{"uv":[7.33333,3.16667,8.5,11.66667],"texture":"#0"},"up":{"uv":[0.16667,0.16667,0,0],"rotation":270,"texture":"#missing"},"down":{"uv":[0.16667,0.16667,0,0],"rotation":90,"texture":"#missing"}}},{"name":"hexadecagon","from":[21.91709,-15.96123,5.23112],"to":[21.91709,30.94007,13.98984],"rotation":{"angle":0,"axis":"y","origin":[8,2.44992,7.99959]},"faces":{"north":{"uv":[0.16667,0,0,0.16667],"texture":"#missing"},"east":{"uv":[10.83333,3.16667,9.66667,11.66667],"texture":"#0"},"south":{"uv":[0.16667,0,0,0.16667],"texture":"#missing"},"west":{"uv":[9.66667,3.16667,10.83333,11.66667],"texture":"#0"},"up":{"uv":[0.16667,0,0,0.16667],"rotation":270,"texture":"#missing"},"down":{"uv":[0.16667,0,0,0.16667],"rotation":90,"texture":"#missing"}}},{"name":"hexadecagon","from":[6.25598,-15.93159,16.7683],"to":[12.2814,10.75242,16.7683],"rotation":{"angle":22.5,"axis":"y","origin":[8,2.44992,7.99959]},"faces":{"north":{"uv":[5,3.16667,6.16667,11.66667],"texture":"#0"},"east":{"uv":[0,0,0.16667,0.16667],"texture":"#missing"},"south":{"uv":[6.16667,3.16667,5,11.66667],"texture":"#0"},"west":{"uv":[0,0,0.16667,0.16667],"texture":"#missing"},"up":{"uv":[0,0,0.16667,0.16667],"texture":"#missing"},"down":{"uv":[0,0,0.16667,0.16667],"texture":"#missing"}}},{"name":"hexadecagon","from":[16.76873,-15.93159,6.25547],"to":[16.76873,10.75242,12.78832],"rotation":{"angle":-45,"axis":"y","origin":[8,2.44992,7.99959]},"faces":{"north":{"uv":[0,0,0.16667,0.16667],"texture":"#0"},"east":{"uv":[5,3.16667,6.16667,11.66667],"texture":"#0"},"south":{"uv":[0,0,0.16667,0.16667],"texture":"#0"},"west":{"uv":[6.16667,3.16667,5,11.66667],"texture":"#0"},"up":{"uv":[0,0,0.16667,0.16667],"rotation":270,"texture":"#0"},"down":{"uv":[0,0,0.16667,0.16667],"rotation":90,"texture":"#0"}}},{"name":"hexadecagon","from":[16.7687,-15.93159,6.2556],"to":[16.7687,10.75242,9.74387],"rotation":{"angle":-22.5,"axis":"y","origin":[8,2.44992,7.99959]},"faces":{"north":{"uv":[0,0,0.16667,0.16667],"texture":"#missing"},"east":{"uv":[6.16667,3.16667,7.33333,11.66667],"texture":"#0"},"south":{"uv":[0,0,0.16667,0.16667],"texture":"#missing"},"west":{"uv":[7.33333,3.16667,6.16667,11.66667],"texture":"#0"},"up":{"uv":[0,0,0.16667,0.16667],"rotation":270,"texture":"#missing"},"down":{"uv":[0,0,0.16667,0.16667],"rotation":90,"texture":"#missing"}}},{"name":"hexadecagon","from":[16.76862,-15.93159,6.2557],"to":[16.76862,10.75242,9.74398],"rotation":{"angle":0,"axis":"y","origin":[8,2.44992,7.99959]},"faces":{"north":{"uv":[0,0,0.16667,0.16667],"texture":"#missing"},"east":{"uv":[7.33333,3.16667,8.5,11.66667],"texture":"#0"},"south":{"uv":[0,0,0.16667,0.16667],"texture":"#missing"},"west":{"uv":[8.5,3.16667,7.33333,11.66667],"texture":"#0"},"up":{"uv":[0,0,0.16667,0.16667],"rotation":270,"texture":"#missing"},"down":{"uv":[0,0,0.16667,0.16667],"rotation":90,"texture":"#missing"}}},{"name":"hexadecagon","from":[16.7685,-15.93159,6.25578],"to":[16.7685,10.75242,9.74405],"rotation":{"angle":22.5,"axis":"y","origin":[8,2.44992,7.99959]},"faces":{"north":{"uv":[0,0,0.16667,0.16667],"texture":"#missing"},"east":{"uv":[8.5,3.16667,9.66667,11.66667],"texture":"#0"},"south":{"uv":[0,0,0.16667,0.16667],"texture":"#missing"},"west":{"uv":[9.66667,3.16667,8.5,11.66667],"texture":"#0"},"up":{"uv":[0,0,0.16667,0.16667],"rotation":270,"texture":"#missing"},"down":{"uv":[0,0,0.16667,0.16667],"rotation":90,"texture":"#missing"}}},{"name":"hexadecagon","from":[4.22816,-15.93159,-0.76845],"to":[9.74616,10.75242,-0.76845],"rotation":{"angle":-45,"axis":"y","origin":[8,2.44992,7.99959]},"faces":{"north":{"uv":[9.66667,3.16667,10.83333,11.66667],"texture":"#0"},"east":{"uv":[0.5,0.66667,0.33333,0.33333],"texture":"#0"},"south":{"uv":[10.83333,3.16667,9.66667,11.66667],"texture":"#0"},"west":{"uv":[0.33333,0.66667,0.5,0.33333],"texture":"#0"},"up":{"uv":[0,0,0.16667,0.16667],"rotation":180,"texture":"#0"},"down":{"uv":[0,0,0.16667,0.16667],"rotation":180,"texture":"#0"}}},{"name":"hexadecagon","from":[6.25778,-15.93159,16.76788],"to":[9.74605,10.75242,16.76788],"rotation":{"angle":0,"axis":"y","origin":[8,2.44992,7.99959]},"faces":{"north":{"uv":[6.16667,3.16667,7.33333,11.66667],"texture":"#0"},"east":{"uv":[1.16667,0.66667,0.33333,1.83333],"texture":"#0"},"south":{"uv":[7.33333,3.16667,6.16667,11.66667],"texture":"#0"},"west":{"uv":[0.33333,0.66667,1.16667,1.83333],"texture":"#0"},"up":{"uv":[0,0.16667,0.16667,0],"rotation":180,"texture":"#0"},"down":{"uv":[2.66667,4,2.83333,3.83333],"rotation":180,"texture":"#0"}}},{"name":"hexadecagon","from":[-0.76862,-15.93159,6.25542],"to":[-0.76862,10.75242,9.74369],"rotation":{"angle":22.5,"axis":"y","origin":[8,2.44992,7.99959]},"faces":{"north":{"uv":[0.16667,0,0,0.16667],"texture":"#missing"},"east":{"uv":[7.33333,3.16667,6.16667,11.66667],"texture":"#0"},"south":{"uv":[0.16667,0,0,0.16667],"texture":"#missing"},"west":{"uv":[6.16667,3.16667,7.33333,11.66667],"texture":"#0"},"up":{"uv":[0,0.16667,0.16667,0],"rotation":270,"texture":"#missing"},"down":{"uv":[0,0.16667,0.16667,0],"rotation":90,"texture":"#missing"}}},{"name":"hexadecagon","from":[-0.76862,-15.93159,4.22578],"to":[-0.76862,10.75242,9.74378],"rotation":{"angle":0,"axis":"y","origin":[8,2.44992,7.99959]},"faces":{"north":{"uv":[0.16667,0,0,0.16667],"texture":"#missing"},"east":{"uv":[6.16667,3.16667,5,11.66667],"texture":"#0"},"south":{"uv":[0.16667,0,0,0.16667],"texture":"#missing"},"west":{"uv":[5,3.16667,6.16667,11.66667],"texture":"#0"},"up":{"uv":[0,0.16667,0.16667,0],"rotation":270,"texture":"#missing"},"down":{"uv":[0,0.16667,0.16667,0],"rotation":90,"texture":"#missing"}}},{"name":"hexadecagon","from":[-0.76858,-15.93159,6.2556],"to":[-0.76858,10.75242,11.77358],"rotation":{"angle":-22.5,"axis":"y","origin":[8,2.44992,7.99959]},"faces":{"north":{"uv":[0.16667,0,0,0.16667],"texture":"#missing"},"east":{"uv":[5,3.16667,6.16667,11.66667],"texture":"#0"},"south":{"uv":[0.16667,0,0,0.16667],"texture":"#missing"},"west":{"uv":[6.16667,3.16667,5,11.66667],"texture":"#0"},"up":{"uv":[0,0.16667,0.16667,0],"rotation":270,"texture":"#missing"},"down":{"uv":[0,0.16667,0.16667,0],"rotation":90,"texture":"#missing"}}},{"name":"hexadecagon","from":[-0.76851,-15.93159,6.25566],"to":[-0.76851,10.75242,9.74394],"rotation":{"angle":-45,"axis":"y","origin":[8,2.44992,7.99959]},"faces":{"north":{"uv":[0.16667,0,0,0.16667],"texture":"#missing"},"east":{"uv":[6.16667,3.16667,7.33333,11.66667],"texture":"#0"},"south":{"uv":[0.16667,0,0,0.16667],"texture":"#missing"},"west":{"uv":[7.33333,3.16667,6.16667,11.66667],"texture":"#0"},"up":{"uv":[0,0.16667,0.16667,0],"rotation":270,"texture":"#missing"},"down":{"uv":[0,0.16667,0.16667,0],"rotation":90,"texture":"#missing"}}},{"name":"hexadecagon","from":[6.25562,-15.93159,-0.76883],"to":[9.7439,10.75242,-0.76883],"rotation":{"angle":22.5,"axis":"y","origin":[8,2.44992,7.99959]},"faces":{"north":{"uv":[8.5,3.16667,7.33333,11.66667],"texture":"#0"},"east":{"uv":[15.16667,2.16667,14.33333,3.33333],"texture":"#0"},"south":{"uv":[7.33333,3.16667,8.5,11.66667],"texture":"#0"},"west":{"uv":[14.33333,2.16667,15.16667,3.33333],"texture":"#0"},"up":{"uv":[0,0.16667,0.16667,0],"texture":"#0"},"down":{"uv":[0,0.16667,0.16667,0],"texture":"#0"}}},{"name":"hexadecagon","from":[6.25395,-15.93159,-0.7684],"to":[9.74222,10.75242,-0.7684],"rotation":{"angle":0,"axis":"y","origin":[8,2.44992,7.99959]},"faces":{"north":{"uv":[9.66667,3.16667,8.5,11.66667],"texture":"#0"},"east":{"uv":[0.16667,0,0,0.16667],"texture":"#missing"},"south":{"uv":[8.5,3.16667,9.66667,11.66667],"texture":"#0"},"west":{"uv":[0.16667,0,0,0.16667],"texture":"#missing"},"up":{"uv":[0.16667,0,0,0.16667],"rotation":180,"texture":"#missing"},"down":{"uv":[0.16667,0,0,0.16667],"rotation":180,"texture":"#missing"}}},{"name":"hexadecagon","from":[6.25405,-15.93159,16.76784],"to":[9.74234,10.75242,16.76784],"rotation":{"angle":-45,"axis":"y","origin":[8,2.44992,7.99959]},"faces":{"north":{"uv":[8.5,3.16667,9.66667,11.66667],"texture":"#0"},"east":{"uv":[0,0,0.16667,0.16667],"texture":"#missing"},"south":{"uv":[8.5,3.16667,9.66667,11.66667],"texture":"#0"},"west":{"uv":[0,0,0.16667,0.16667],"texture":"#missing"},"up":{"uv":[0.16667,0.16667,0,0],"rotation":180,"texture":"#missing"},"down":{"uv":[0.16667,0.16667,0,0],"rotation":180,"texture":"#missing"}}},{"name":"hexadecagon","from":[6.25592,-15.93159,16.7675],"to":[9.7442,10.75242,16.7675],"rotation":{"angle":-22.5,"axis":"y","origin":[8,2.44992,7.99959]},"faces":{"north":{"uv":[7.33333,3.16667,8.5,11.66667],"texture":"#0"},"east":{"uv":[0,0,0.16667,0.16667],"texture":"#missing"},"south":{"uv":[7.33333,3.16667,8.5,11.66667],"texture":"#0"},"west":{"uv":[0,0,0.16667,0.16667],"texture":"#missing"},"up":{"uv":[0.16667,0.16667,0,0],"rotation":180,"texture":"#missing"},"down":{"uv":[0.16667,0.16667,0,0],"rotation":180,"texture":"#missing"}}},{"name":"hexadecagon","from":[6.25592,-15.93159,-0.76804],"to":[11.77392,10.75242,-0.76804],"rotation":{"angle":-22.5,"axis":"y","origin":[8,2.44992,7.99959]},"faces":{"north":{"uv":[10.83333,3.16667,9.66667,11.66667],"texture":"#0"},"east":{"uv":[0.16667,0,0,0.16667],"texture":"#missing"},"south":{"uv":[9.66667,3.16667,10.83333,11.66667],"texture":"#0"},"west":{"uv":[0.16667,0,0,0.16667],"texture":"#missing"},"up":{"uv":[0.16667,0,0,0.16667],"rotation":180,"texture":"#missing"},"down":{"uv":[0.16667,0,0,0.16667],"rotation":180,"texture":"#missing"}}}],"display":{"head":{"rotation":[0,-10,0],"translation":[0,-57,0.25],"scale":[4,3,4]}}}