{"credit":"Naruto RPG","textures":{"particle":"armas:item/armas_nunchakus","main":"armas:item/armas_nunchakus"},"elements":[{"name":"Voxels","from":[-9,16,7],"to":[5.5,18.5,9.5],"faces":{"north":{"uv":[10.125,13.625,0,16],"texture":"#main"},"east":{"uv":[1.75,2,1.125,2.625],"texture":"#missing"},"south":{"uv":[0,13.25,10.375,16],"texture":"#main"},"west":{"uv":[7.625,13.575,10.65,16],"texture":"#main"},"up":{"uv":[0,16,10.625,13.375],"texture":"#main"},"down":{"uv":[0,13.375,10.875,16],"texture":"#main"}}},{"name":"Voxels","from":[5.5,16,7],"to":[6.5,18.5,9.5],"faces":{"north":{"uv":[15.8,0,13.5,8.8],"texture":"#main"},"east":{"uv":[16,0,11.575,4.425],"texture":"#main"},"south":{"uv":[12.925,0,16,8.7],"texture":"#main"},"west":{"uv":[11.675,0,16,4.225],"texture":"#main"},"up":{"uv":[13.225,8.5,16,0],"texture":"#main"},"down":{"uv":[12.925,0,16,8.8],"texture":"#main"}}},{"name":"Voxels","from":[-9,15.5,7],"to":[5.5,16,9.5],"faces":{"north":{"uv":[0,15.925,10.9,14.5],"texture":"#main","cullface":"up"},"east":{"uv":[2.625,15.175,0,15.9],"texture":"#main","cullface":"west"},"south":{"uv":[0,15.925,11,14.5],"texture":"#main","cullface":"up"},"west":{"uv":[0,15.075,2.925,16],"texture":"#main","cullface":"west"},"down":{"uv":[0,13.175,10.875,16],"texture":"#main","cullface":"west"}}},{"name":"Voxels","from":[-9,16,6.5],"to":[5.5,18.5,7],"faces":{"north":{"uv":[0,13.4,11,16],"texture":"#main","cullface":"east"},"east":{"uv":[0.6,13.3,1.6,16],"texture":"#main","cullface":"east"},"south":{"uv":[0,13.25,10.75,15.75],"texture":"#main","cullface":"east"},"west":{"uv":[9,13,10,16],"texture":"#main","cullface":"east"},"up":{"uv":[11.1,16,0,14.5],"texture":"#main","cullface":"east"},"down":{"uv":[10.9,14.7,0,16],"texture":"#main","cullface":"east"}}},{"name":"Voxels","from":[-9,16,9.5],"to":[5.5,18.5,10],"faces":{"east":{"uv":[1.6,14.275,0.575,16],"texture":"#main"},"south":{"uv":[0,13.225,11,15.95],"texture":"#main"},"west":{"uv":[0.7,13.975,1.525,16],"texture":"#main"},"up":{"uv":[0,15.9,10.9,14.325],"texture":"#main"},"down":{"uv":[0,16,11,14.4],"texture":"#main","cullface":"up"}}},{"name":"Voxels","from":[-9,18.5,7],"to":[5.5,19,9.5],"faces":{"north":{"uv":[0,14.675,10.55,16],"texture":"#main","cullface":"east"},"east":{"uv":[6.575,14.675,10.55,16],"texture":"#main","cullface":"east"},"south":{"uv":[0.2,14.675,10.65,16],"texture":"#main","cullface":"east"},"west":{"uv":[6.375,14.775,10.75,15.9],"texture":"#main","cullface":"east"},"up":{"uv":[0,13.175,10.875,16],"texture":"#main","cullface":"east"},"down":{"uv":[13.875,15.375,14.75,16],"texture":"#missing","cullface":"east"}}},{"name":"Voxels","from":[6.5,16,7.5],"to":[7,18.5,9],"faces":{"north":{"uv":[16,0,13.275,2.425],"texture":"#main","cullface":"up"},"east":{"uv":[16,0,11.525,1.825],"texture":"#main","cullface":"up"},"south":{"uv":[13.675,0,16,1.925],"texture":"#main","cullface":"up"},"up":{"uv":[13.875,3.775,16,0],"texture":"#main","cullface":"up"},"down":{"uv":[10.875,0,16,2.125],"texture":"#main","cullface":"up"}}},{"name":"Voxels","from":[6.5,16.5,7],"to":[7,18,7.5],"faces":{"north":{"uv":[16,0,13.875,4.875],"texture":"#main","cullface":"up"},"east":{"uv":[16,0,13.875,4.625],"texture":"#main","cullface":"up"},"up":{"uv":[13.875,2.125,16,0],"texture":"#main","cullface":"up"},"down":{"uv":[13.875,2.125,16,0],"texture":"#main","cullface":"up"}}},{"name":"Voxels","from":[6.5,16.5,9],"to":[7,18,9.5],"faces":{"east":{"uv":[16,0,13.675,4.275],"texture":"#main","cullface":"up"},"south":{"uv":[13.375,0,16,4.625],"texture":"#main","cullface":"up"},"up":{"uv":[13.875,1.875,16,0],"texture":"#main","cullface":"up"},"down":{"uv":[13.375,0,16,4.525],"texture":"#main","cullface":"up"}}},{"name":"Voxels","from":[7,16.5,7.5],"to":[8,18,9],"faces":{"north":{"uv":[16,0,12.25,4.875],"texture":"#main","cullface":"up"},"east":{"uv":[16,0,11.125,4.875],"texture":"#main","cullface":"up"},"south":{"uv":[12.25,0,16,5.125],"texture":"#main","cullface":"up"},"up":{"uv":[12.25,5.125,16,0],"texture":"#main","cullface":"up"},"down":{"uv":[12,0,16,5.125],"texture":"#main","cullface":"up"}}},{"name":"Voxels","from":[8,16.5,8],"to":[9.5,17,8.5],"faces":{"north":{"uv":[11.5,8.75,11.125,8.875],"texture":"#main","cullface":"up"},"east":{"uv":[16,7.125,14.375,8.5],"texture":"#main","cullface":"up"},"south":{"uv":[13.875,7.625,16,8.75],"texture":"#main","cullface":"up"},"west":{"uv":[15.375,8.75,16,7.125],"texture":"#main","cullface":"up"},"up":{"uv":[14.875,8.625,16,7.25],"texture":"#main","cullface":"up"},"down":{"uv":[14.875,6.9375,16,8.3125],"texture":"#main","cullface":"up"}}},{"name":"Voxels","from":[8,17.5,8],"to":[9.5,18,8.5],"faces":{"north":{"uv":[11.5,8.75,11.125,8.875],"texture":"#main","cullface":"up"},"east":{"uv":[14.625,8.625,16,7],"texture":"#main","cullface":"up"},"south":{"uv":[13.625,7.125,16,8.5],"texture":"#main","cullface":"up"},"west":{"uv":[15.375,8.75,16,7.125],"texture":"#main","cullface":"up"},"up":{"uv":[14.875,8.625,16,7.25],"texture":"#main","cullface":"up"},"down":{"uv":[14.875,6.9375,16,8.3125],"texture":"#main","cullface":"up"}}},{"name":"Voxels","from":[8.5,17,8],"to":[9.5,17.5,8.5],"faces":{"north":{"uv":[11.375,8.75,11.125,8.875],"texture":"#main","cullface":"up"},"east":{"uv":[16,7.125,14.875,8.25],"texture":"#main","cullface":"up"},"south":{"uv":[14.75,7.375,16,8.5],"texture":"#main","cullface":"up"},"west":{"uv":[15.375,8.75,16,7.125],"texture":"#main","cullface":"up"}}},{"name":"Voxels","from":[9,17,7.5],"to":[10.5,17.5,8],"faces":{"north":{"uv":[11.5,8.75,11.125,8.875],"texture":"#main","cullface":"up"},"east":{"uv":[16,7.375,14.875,8.5],"texture":"#main","cullface":"up"},"south":{"uv":[12.375,7.625,14.5,8.75],"texture":"#main","cullface":"up"},"west":{"uv":[15.375,8.75,16,7.125],"texture":"#main","cullface":"up"},"up":{"uv":[14.875,8.625,16,7.25],"texture":"#main","cullface":"up"},"down":{"uv":[14.875,6.9375,16,8.3125],"texture":"#main","cullface":"up"}}},{"name":"Voxels","from":[9,17,8.5],"to":[10.5,17.5,9],"faces":{"north":{"uv":[11.5,8.75,11.125,8.875],"texture":"#main","cullface":"up"},"east":{"uv":[16,8.375,14.625,7],"texture":"#main","cullface":"up"},"south":{"uv":[12.375,7.625,14.5,8.75],"texture":"#main","cullface":"up"},"west":{"uv":[15.375,8.75,16,7.125],"texture":"#main","cullface":"up"},"up":{"uv":[14.875,8.625,16,7.25],"texture":"#main","cullface":"up"},"down":{"uv":[14.875,6.9375,16,8.3125],"texture":"#main","cullface":"up"}}},{"name":"Voxels","from":[10,17,8],"to":[11,17.5,8.5],"faces":{"north":{"uv":[11.375,8.75,11.125,8.875],"texture":"#main","cullface":"up"},"east":{"uv":[16,7.125,14.625,8.25],"texture":"#main","cullface":"up"},"south":{"uv":[12.375,7.625,14.375,8.75],"texture":"#main","cullface":"up"},"west":{"uv":[15.375,8.75,16,7.125],"texture":"#main","cullface":"up"},"up":{"uv":[14.875,8.625,15.875,7.25],"texture":"#main","cullface":"up"},"down":{"uv":[14.875,6.9375,15.875,8.3125],"texture":"#main","cullface":"up"}}},{"name":"Voxels","from":[10.5,16.5,8],"to":[12,17,8.5],"faces":{"north":{"uv":[11.5,8.75,11.125,8.875],"texture":"#main","cullface":"up"},"east":{"uv":[16,3.125,14.625,4.5],"texture":"#main","cullface":"up"},"south":{"uv":[12.375,7.625,14.5,8.75],"texture":"#main","cullface":"up"},"west":{"uv":[15.375,8.75,16,7.125],"texture":"#main","cullface":"up"},"up":{"uv":[14.875,8.625,16,7.25],"texture":"#main","cullface":"up"},"down":{"uv":[14.875,6.9375,16,8.3125],"texture":"#main","cullface":"up"}}},{"name":"Voxels","from":[10.5,17.5,8],"to":[12,18,8.5],"faces":{"north":{"uv":[11.5,8.75,11.125,8.875],"texture":"#main","cullface":"up"},"east":{"uv":[14.25,8.625,15.625,7.25],"texture":"#main","cullface":"up"},"south":{"uv":[12.375,7.625,14.5,8.75],"texture":"#main","cullface":"up"},"west":{"uv":[15.375,8.75,16,7.125],"texture":"#main","cullface":"up"},"up":{"uv":[14.875,8.625,16,7.25],"texture":"#main","cullface":"up"},"down":{"uv":[14.875,6.9375,16,8.3125],"texture":"#main","cullface":"up"}}},{"name":"Voxels","from":[11.5,17,8],"to":[12.5,17.5,8.5],"faces":{"north":{"uv":[11.375,8.75,11.125,8.875],"texture":"#main","cullface":"up"},"east":{"uv":[15.75,7.125,14.125,8.5],"texture":"#main","cullface":"up"},"south":{"uv":[12.375,7.625,14.375,8.75],"texture":"#main","cullface":"up"},"west":{"uv":[15.375,8.75,16,7.125],"texture":"#main","cullface":"up"},"up":{"uv":[14.875,8.625,15.875,7.25],"texture":"#main","cullface":"up"},"down":{"uv":[14.875,6.9375,15.875,8.3125],"texture":"#main","cullface":"up"}}},{"name":"Voxels","from":[12,17,7.5],"to":[13.5,17.5,8],"faces":{"north":{"uv":[11.5,8.75,11.125,8.875],"texture":"#main","cullface":"up"},"east":{"uv":[16,6.625,14.375,8.5],"texture":"#main","cullface":"up"},"south":{"uv":[12.375,7.625,14.5,8.75],"texture":"#main","cullface":"up"},"west":{"uv":[15.375,8.75,16,7.125],"texture":"#main","cullface":"up"},"up":{"uv":[14.875,8.625,16,7.25],"texture":"#main","cullface":"up"},"down":{"uv":[14.875,6.9375,16,8.3125],"texture":"#main","cullface":"up"}}},{"name":"Voxels","from":[12,17,8.5],"to":[13.5,17.5,9],"faces":{"north":{"uv":[11.5,8.75,11.125,8.875],"texture":"#main","cullface":"up"},"east":{"uv":[16,7.125,14.375,8.5],"texture":"#main","cullface":"up"},"south":{"uv":[12.375,7.625,14.5,8.75],"texture":"#main","cullface":"up"},"west":{"uv":[15.375,8.75,16,7.125],"texture":"#main","cullface":"up"},"up":{"uv":[14.875,8.625,16,7.25],"texture":"#main","cullface":"up"},"down":{"uv":[14.875,6.9375,16,8.3125],"texture":"#main","cullface":"up"}}},{"name":"Voxels","from":[13,17,8],"to":[14,17.5,8.5],"faces":{"north":{"uv":[11.375,8.75,11.125,8.875],"texture":"#main","cullface":"up"},"east":{"uv":[15.75,7.125,14.375,8.25],"texture":"#main","cullface":"up"},"south":{"uv":[12.375,7.625,14.375,8.75],"texture":"#main","cullface":"up"},"west":{"uv":[15.375,8.75,16,7.125],"texture":"#main","cullface":"up"},"up":{"uv":[14.875,8.625,15.875,7.25],"texture":"#main","cullface":"up"},"down":{"uv":[14.875,6.9375,15.875,8.3125],"texture":"#main","cullface":"up"}}},{"name":"Voxels","from":[13.5,16.5,8],"to":[15,17,8.5],"faces":{"north":{"uv":[11.5,8.75,11.125,8.875],"texture":"#main","cullface":"up"},"east":{"uv":[10.25,10.625,10.125,10.75],"texture":"#main","cullface":"up"},"south":{"uv":[12.375,7.625,14.5,8.75],"texture":"#main","cullface":"up"},"west":{"uv":[15.375,8.75,16,7.125],"texture":"#main","cullface":"up"},"up":{"uv":[14.875,8.625,16,7.25],"texture":"#main","cullface":"up"},"down":{"uv":[14.875,6.9375,16,8.3125],"texture":"#main","cullface":"up"}}},{"name":"Voxels","from":[13.5,17.5,8],"to":[15,18,8.5],"faces":{"north":{"uv":[11.5,8.75,11.125,8.875],"texture":"#main","cullface":"up"},"east":{"uv":[16,7.625,14.375,9],"texture":"#main","cullface":"up"},"south":{"uv":[12.375,7.625,14.5,8.75],"texture":"#main","cullface":"up"},"west":{"uv":[15.375,8.75,16,7.125],"texture":"#main","cullface":"up"},"up":{"uv":[14.875,8.625,16,7.25],"texture":"#main","cullface":"up"},"down":{"uv":[14.875,6.9375,16,8.3125],"texture":"#main","cullface":"up"}}},{"name":"Voxels","from":[14.5,-7,7],"to":[18,7.5,9.5],"faces":{"north":{"uv":[2.375,0,0,12.125],"texture":"#main","cullface":"east"},"east":{"uv":[2.5,0,0,12.75],"texture":"#main","cullface":"east"},"south":{"uv":[2.75,0,0,12.75],"texture":"#main","cullface":"east"},"west":{"uv":[0,0,2.625,12.75],"texture":"#main","cullface":"east"},"up":{"uv":[0,12.625,2.625,10.25],"texture":"#main","cullface":"east"},"down":{"uv":[0,10.375,2.625,12.75],"texture":"#main","cullface":"east"}}},{"name":"Voxels","from":[14.5,17,8],"to":[15.5,17.5,8.5],"faces":{"north":{"uv":[11.375,8.75,11.125,8.875],"texture":"#main","cullface":"up"},"east":{"uv":[16,6.875,14.625,8.25],"texture":"#main","cullface":"up"},"south":{"uv":[12.375,7.625,14.375,8.75],"texture":"#main","cullface":"up"},"west":{"uv":[15.375,8.75,16,7.125],"texture":"#main","cullface":"up"},"up":{"uv":[14.875,8.625,15.875,7.25],"texture":"#main","cullface":"up"},"down":{"uv":[14.875,6.9375,15.875,8.3125],"texture":"#main","cullface":"up"}}},{"name":"Voxels","from":[15,-6.5,7],"to":[17.5,-6,9.5],"rotation":{"angle":0,"axis":"y","origin":[0,6,0]},"faces":{"north":{"uv":[14.75,11.625,14.125,11.75],"texture":"#main","cullface":"down"},"east":{"uv":[7,10.875,6.375,11],"texture":"#main","cullface":"down"},"south":{"uv":[13.25,11.625,13.875,11.75],"texture":"#main","cullface":"down"},"west":{"uv":[2,10.625,2.625,14.25],"texture":"#main","cullface":"east"},"down":{"uv":[1.125,0.25,1.75,0.875],"texture":"#main","cullface":"down"}}},{"name":"Voxels","from":[15,-7,6.5],"to":[17.5,7.5,7],"faces":{"north":{"uv":[2.75,0,0,13],"texture":"#main","cullface":"east"},"east":{"uv":[1.625,0,0,13],"texture":"#main","cullface":"east"},"west":{"uv":[0,0,1.375,13],"texture":"#main","cullface":"east"},"up":{"uv":[0.875,10.5,0,12.625],"rotation":270,"texture":"#main","cullface":"east"},"down":{"uv":[0,11.875,2.375,12.75],"texture":"#main","cullface":"east"}}},{"name":"Voxels","from":[15,-7,9.5],"to":[17.5,7.5,10],"faces":{"east":{"uv":[1.125,0,0,12.875],"texture":"#main","cullface":"east"},"south":{"uv":[0,13.125,2.75,0],"texture":"#main","cullface":"up"},"west":{"uv":[0,0,1.375,12.875],"texture":"#main","cullface":"east"},"up":{"uv":[0,0.875,2.375,0],"texture":"#main","cullface":"east"},"down":{"uv":[0,0,2.125,0.875],"texture":"#main","cullface":"east"}}},{"name":"Voxels","from":[15,7.5,7],"to":[17.5,8.5,9.5],"faces":{"north":{"uv":[16,6.55,10.975,8.9],"texture":"#main","cullface":"east"},"east":{"uv":[16,6.375,11.125,8.875],"texture":"#main","cullface":"east"},"south":{"uv":[10.975,6.625,16,8.975],"texture":"#main","cullface":"east"},"west":{"uv":[11.1,6.625,16,8.875],"texture":"#main","cullface":"east"},"up":{"uv":[10.875,9,16,4.175],"texture":"#main","cullface":"east"}}},{"name":"Voxels","from":[15,8.5,7.5],"to":[17.5,9,9],"faces":{"north":{"uv":[16,7.25,10.875,8.875],"texture":"#main","cullface":"east"},"east":{"uv":[16,7.25,11.125,8.875],"texture":"#main","cullface":"east"},"south":{"uv":[10.875,6.875,16,8.75],"texture":"#main","cullface":"east"},"west":{"uv":[10.375,7,16,8.875],"texture":"#main","cullface":"east"},"up":{"uv":[9.125,8.75,16,5.125],"texture":"#main","cullface":"east"}}},{"name":"Voxels","from":[15,16.5,7.5],"to":[15.5,17,8],"faces":{"north":{"uv":[11.25,8.75,11.125,8.875],"texture":"#main","cullface":"up"},"east":{"uv":[16,7.125,14.375,8.5],"texture":"#main","cullface":"up"},"south":{"uv":[14.125,6.625,16,8.5],"texture":"#main","cullface":"up"},"west":{"uv":[15.375,8.75,16,7.125],"texture":"#main","cullface":"up"},"up":{"uv":[14.875,8.625,15.75,7.25],"texture":"#main","cullface":"up"},"down":{"uv":[14.875,6.9375,15.75,8.3125],"texture":"#main","cullface":"up"}}},{"name":"Voxels","from":[15,16.5,8.5],"to":[15.5,17,9],"faces":{"north":{"uv":[11.25,8.75,11.125,8.875],"texture":"#main","cullface":"up"},"east":{"uv":[16,0,13.675,1.975],"texture":"#main","cullface":"up"},"south":{"uv":[13.875,1.875,15.75,0],"texture":"#main","cullface":"up"},"west":{"uv":[14.125,0,16,1.875],"texture":"#main","cullface":"up"},"up":{"uv":[14.625,1.375,16,0],"texture":"#main","cullface":"up"},"down":{"uv":[14.375,0,16,1.375],"texture":"#main","cullface":"up"}}},{"name":"Voxels","from":[15.5,8.5,7],"to":[17,9,7.5],"faces":{"north":{"uv":[10.375,8.875,16,7.25],"texture":"#main","cullface":"up"},"east":{"uv":[16,7.25,14.125,8.875],"texture":"#main","cullface":"east"},"west":{"uv":[13.875,7,16,8.875],"texture":"#main","cullface":"east"},"up":{"uv":[10.875,8.875,16,7.25],"texture":"#main","cullface":"east"}}},{"name":"Voxels","from":[15.5,8.5,9],"to":[17,9,9.5],"faces":{"north":{"uv":[0,0,0,0],"texture":"#main"},"east":{"uv":[13.875,8.625,16,7],"texture":"#main","cullface":"up"},"south":{"uv":[11.625,8.875,16,7.5],"texture":"#main","cullface":"up"},"west":{"uv":[13.875,8.875,16,7.25],"texture":"#main","cullface":"up"},"up":{"uv":[13.875,8.625,16,3.75],"texture":"#main","cullface":"up"}}},{"name":"Voxels","from":[15.5,9,7.5],"to":[17,10,9],"faces":{"north":{"uv":[16,5.625,11.625,8.875],"texture":"#main","cullface":"east"},"east":{"uv":[16,5.625,11.625,8.875],"texture":"#main","cullface":"east"},"south":{"uv":[11.625,5.875,16,8.875],"texture":"#main","cullface":"east"},"west":{"uv":[11.875,5.625,16,8.875],"texture":"#main","cullface":"east"},"up":{"uv":[11.125,8.75,16,4.375],"texture":"#main","cullface":"east"}}},{"name":"Voxels","from":[15.5,11.5,8],"to":[17,12,8.5],"faces":{"north":{"uv":[16,6.5,9.375,8.625],"texture":"#main","cullface":"east"},"east":{"uv":[16,6.125,13.625,8.25],"texture":"#main","cullface":"east"},"south":{"uv":[9.4375,6.375,16,8.5],"texture":"#main","cullface":"east"},"west":{"uv":[13.375,8.25,16,6.125],"texture":"#main","cullface":"up"},"up":{"uv":[9.25,8.625,16,6.25],"texture":"#main","cullface":"east"},"down":{"uv":[9.5,6.4375,16,8.5625],"texture":"#main","cullface":"east"}}},{"name":"Voxels","from":[15.5,12,8],"to":[16,13,8.5],"faces":{"north":{"uv":[13.875,0,16,5],"texture":"#main"},"east":{"uv":[16,0,13.375,5.25],"texture":"#main","cullface":"east"},"south":{"uv":[13.375,0,16,5.5],"texture":"#main"},"west":{"uv":[13.625,5.125,16,0],"texture":"#main","cullface":"up"},"up":{"uv":[16,5.375,13.875,3.5],"texture":"#main"}}},{"name":"Voxels","from":[15.5,14.5,8],"to":[17,15,8.5],"faces":{"north":{"uv":[16,6.75,11.625,8.625],"texture":"#main","cullface":"east"},"east":{"uv":[13.625,6.625,16,8.5],"texture":"#main","cullface":"east"},"south":{"uv":[11.875,8.625,16,6.75],"texture":"#main","cullface":"east"},"west":{"uv":[14.125,8.25,16,6.625],"texture":"#main","cullface":"up"},"up":{"uv":[10.25,8.625,16,6.75],"texture":"#main","cullface":"east"},"down":{"uv":[10.25,6.9375,16,8.8125],"texture":"#main","cullface":"east"}}},{"name":"Voxels","from":[15.5,15,8],"to":[16,16,8.5],"faces":{"north":{"uv":[11.25,8.75,11.125,9],"texture":"#main"},"east":{"uv":[12,0,9.625,4.25],"texture":"#main","cullface":"east"},"south":{"uv":[9.4375,0,12.0625,4.25],"texture":"#main"},"west":{"uv":[9.625,4.375,12,0],"texture":"#main","cullface":"up"},"up":{"uv":[9.75,2.125,11.875,0],"texture":"#main","cullface":"up"}}},{"name":"Voxels","from":[15.5,16,7.5],"to":[16,16.5,8],"faces":{"north":{"uv":[16,6.5,14.375,7.875],"texture":"#main"},"east":{"uv":[16,6.875,14.375,8.25],"texture":"#main"},"south":{"uv":[14.375,6.875,16,8.25],"texture":"#main"},"west":{"uv":[14.375,8.25,16,6.625],"texture":"#main","cullface":"up"},"up":{"uv":[16,8.375,14.625,7],"texture":"#main"},"down":{"uv":[14.625,6.9375,16,8.0625],"texture":"#main"}}},{"name":"Voxels","from":[15.5,16,8.5],"to":[16,16.5,9],"faces":{"north":{"uv":[16,7,14.375,8.375],"texture":"#main"},"east":{"uv":[14.375,8.375,16,7],"texture":"#main","cullface":"up"},"south":{"uv":[16,7.125,14.625,8.5],"texture":"#main"},"west":{"uv":[14.625,8.5,16,7.125],"texture":"#main","cullface":"up"},"up":{"uv":[14.375,7.125,16,8.75],"texture":"#main","cullface":"up"},"down":{"uv":[14.375,7.1875,16,8.8125],"texture":"#main"}}},{"name":"Voxels","from":[16,10,7.5],"to":[16.5,11.5,8],"faces":{"north":{"uv":[16,0,13.375,8.875],"texture":"#main","cullface":"east"},"east":{"uv":[16,0,13.375,8.625],"texture":"#main","cullface":"east"},"south":{"uv":[13.625,0,16,8.375],"texture":"#main","cullface":"east"},"west":{"uv":[13.375,8.625,16,0],"texture":"#main","cullface":"up"},"up":{"uv":[14.125,7.625,16,5.75],"texture":"#main","cullface":"east"}}},{"name":"Voxels","from":[16,10,8.5],"to":[16.5,11.5,9],"faces":{"north":{"uv":[16,0,13.375,8.125],"texture":"#main","cullface":"east"},"east":{"uv":[16,0,13.125,8.625],"texture":"#main","cullface":"east"},"south":{"uv":[13.375,0,16,8.375],"texture":"#main","cullface":"east"},"west":{"uv":[13.375,8.375,16,0],"texture":"#main","cullface":"up"},"up":{"uv":[13.625,7.125,16,4.75],"texture":"#main","cullface":"east"}}},{"name":"Voxels","from":[16,11,8],"to":[16.5,11.5,8.5],"faces":{"north":{"uv":[0,0,0,0],"texture":"#main"},"east":{"uv":[16,5.75,13.625,7.875],"texture":"#main","cullface":"east"},"west":{"uv":[13.625,6,16,8.125],"texture":"#main","cullface":"east"},"down":{"uv":[13.875,5.5,16,7.625],"texture":"#main","cullface":"east"}}},{"name":"Voxels","from":[16,12.5,8],"to":[17,13,8.5],"faces":{"north":{"uv":[16,6.5,11.25,8.625],"texture":"#main","cullface":"east"},"east":{"uv":[16,6.875,13.875,8.75],"texture":"#main","cullface":"east"},"south":{"uv":[10.9375,6.625,16,8.75],"texture":"#main","cullface":"east"},"west":{"uv":[10.625,10.75,11,10.625],"texture":"#main","cullface":"up"},"up":{"uv":[10.75,8.625,16,6.75],"texture":"#main","cullface":"east"},"down":{"uv":[11.25,6.6875,16,8.8125],"texture":"#main","cullface":"east"}}},{"name":"Voxels","from":[16,13,7.5],"to":[16.5,14.5,8],"faces":{"north":{"uv":[16,0,13.375,5.875],"texture":"#main","cullface":"east"},"east":{"uv":[16,0,13.375,6.375],"texture":"#main","cullface":"east"},"south":{"uv":[13.625,0,16,6.375],"texture":"#main","cullface":"east"},"west":{"uv":[13.625,6.125,16,0],"texture":"#main","cullface":"up"},"up":{"uv":[13.875,5.875,16,4],"texture":"#main","cullface":"east"},"down":{"uv":[13.875,3.6875,16,5.5625],"texture":"#main","cullface":"east"}}},{"name":"Voxels","from":[16,13,8],"to":[16.5,13.5,9],"faces":{"north":{"uv":[0,0,0,0],"texture":"#main"},"east":{"uv":[16,6.625,10.5,8.75],"texture":"#main","cullface":"east"},"south":{"uv":[10.9375,6.875,13.0625,8.75],"texture":"#main","cullface":"east"},"west":{"uv":[10.625,9,16,6.625],"texture":"#main","cullface":"up"},"up":{"uv":[10.625,8.5,16,6.75],"texture":"#main","cullface":"east"},"down":{"uv":[10.375,6.9375,16,8.9375],"texture":"#main","cullface":"east"}}},{"name":"Voxels","from":[16,13.5,8.5],"to":[16.5,14.5,9],"faces":{"north":{"uv":[16,0,13.625,5],"texture":"#main","cullface":"east"},"east":{"uv":[13.875,5.125,16,0],"texture":"#main","cullface":"up"},"south":{"uv":[16,0,13.625,5],"texture":"#main","cullface":"east"},"west":{"uv":[13.625,5.125,16,0],"texture":"#main","cullface":"up"},"up":{"uv":[14.125,1.875,16,0],"texture":"#main","cullface":"up"}}},{"name":"Voxels","from":[16,14,8],"to":[16.5,14.5,8.5],"faces":{"north":{"uv":[0,0,0,0],"texture":"#main"},"east":{"uv":[13.875,8.75,16,6.875],"rotation":90,"texture":"#main","cullface":"east"},"west":{"uv":[13.875,6.25,16,8.125],"texture":"#main","cullface":"up"},"down":{"uv":[14.125,6.6875,16,8.5625],"texture":"#main","cullface":"east"}}},{"name":"Voxels","from":[16,15.5,8],"to":[17,16,8.5],"faces":{"north":{"uv":[11.375,8.75,11.125,8.875],"texture":"#main"},"east":{"uv":[16,6.625,13.625,8.75],"texture":"#main"},"south":{"uv":[10.9375,6.875,15.9375,8.75],"texture":"#main"},"west":{"uv":[10.625,10.75,11,10.625],"texture":"#missing","cullface":"up"},"up":{"uv":[11.25,8.875,16,6.75],"texture":"#main","cullface":"up"},"down":{"uv":[11,8.9375,16,6.8125],"texture":"#main"}}},{"name":"Voxels","from":[16,16,8],"to":[16.5,16.5,8.5],"faces":{"north":{"uv":[10.25,6.5,11.375,7.625],"texture":"#main"},"east":{"uv":[10.25,7.625,11.625,6.25],"texture":"#main","cullface":"up"},"south":{"uv":[9.9375,7.625,11.5625,6.25],"texture":"#main","cullface":"up"},"west":{"uv":[10.125,7.75,11.75,6.375],"texture":"#main","cullface":"up"},"up":{"uv":[10.25,7.875,11.625,6.5],"texture":"#main","cullface":"up"}}},{"name":"Voxels","from":[16.5,12,8],"to":[17,12.5,8.5],"faces":{"north":{"uv":[13,8.75,11.125,7.125],"texture":"#main","cullface":"east"},"east":{"uv":[13,7.125,11.375,8.75],"texture":"#main","cullface":"east"},"south":{"uv":[12.9375,7.125,11.0625,8.75],"texture":"#main","cullface":"east"},"west":{"uv":[11.375,8.5,13,6.875],"texture":"#main","cullface":"up"}}},{"name":"Voxels","from":[16.5,15,8],"to":[17,15.5,8.5],"faces":{"north":{"uv":[13,6.75,10.875,8.375],"texture":"#main","cullface":"east"},"east":{"uv":[11,8.375,13.125,6.5],"texture":"#main","cullface":"up"},"south":{"uv":[10.9375,6.875,13.0625,8.75],"texture":"#main","cullface":"east"},"west":{"uv":[10.875,8.75,13,6.875],"texture":"#main","cullface":"up"},"up":{"uv":[11,8.375,12.625,6.75],"texture":"#main","cullface":"up"}}}],"gui_light":"front","display":{"thirdperson_righthand":{"rotation":[-143.43,70.42,-113.16],"translation":[-1,1.75,-0.5],"scale":[0.4,0.4,0.4]},"thirdperson_lefthand":{"rotation":[0,110,0],"translation":[-1,1.25,-1.25],"scale":[0.4,0.4,0.4]},"firstperson_righthand":{"rotation":[-149.25,82,-180],"translation":[3,-0.75,-2.5],"scale":[0.5,0.5,0.5]},"firstperson_lefthand":{"rotation":[129,82,-180],"translation":[2.75,-1.5,-2.75],"scale":[0.5,0.5,0.5]},"ground":{"rotation":[10.63,-66.15,25.08],"translation":[-0.25,6.25,-1],"scale":[0.5,0.5,0.5]},"gui":{"translation":[1,0,-2],"scale":[0.5,0.5,0.5]},"head":{"rotation":[0,180,0],"translation":[2,-13.25,4],"scale":[0.5,0.5,0.5]},"fixed":{"translation":[0,0,0.25],"scale":[0.5,0.5,0.5]}}}