{"credit":"Naruto RPG","texture_size":[32,32],"textures":{"0":"armas:item/armas_cadenas_sello","particle":"armas:item/armas_cadenas_sello"},"elements":[{"from":[16.5,15,4],"to":[18,16.5,12],"rotation":{"angle":0,"axis":"y","origin":[17.25,15.75,5.25]},"faces":{"north":{"uv":[9.25,5,8.5,6],"texture":"#0"},"east":{"uv":[0,0,4.25,1],"texture":"#0"},"south":{"uv":[8.5,6,9.25,7],"texture":"#0"},"west":{"uv":[0,0,4.25,1],"texture":"#0"},"up":{"uv":[0,0,3.25,1],"rotation":270,"texture":"#0"},"down":{"uv":[0,0,3.25,1],"rotation":270,"texture":"#0"}}},{"from":[-0.5,15,4],"to":[16.5,16.5,5.5],"rotation":{"angle":0,"axis":"y","origin":[7,15,4]},"faces":{"north":{"uv":[0,0,8.25,1],"texture":"#0"},"east":{"uv":[8.5,5,9.25,6],"texture":"#0"},"south":{"uv":[0,0,8.25,1],"texture":"#0"},"west":{"uv":[8.5,6,9.25,7],"texture":"#0"},"up":{"uv":[0,0,8.25,1],"texture":"#0"},"down":{"uv":[0,0,8.25,1],"texture":"#0"}}},{"from":[-0.5,15,10.5],"to":[16.5,16.5,12],"rotation":{"angle":0,"axis":"y","origin":[7,15,10.5]},"faces":{"north":{"uv":[0,0,8.25,1],"texture":"#0"},"east":{"uv":[8.5,5,9.25,6],"texture":"#0"},"south":{"uv":[0,0,8.25,1],"texture":"#0"},"west":{"uv":[8.5,6,9.25,7],"texture":"#0"},"up":{"uv":[0,0,8.25,1],"texture":"#0"},"down":{"uv":[0,0,8.25,1],"texture":"#0"}}},{"from":[-2,15,4],"to":[-0.5,16.5,12],"rotation":{"angle":0,"axis":"y","origin":[-1.25,15.75,5.25]},"faces":{"north":{"uv":[8.5,5,9.25,6],"texture":"#0"},"east":{"uv":[0,0,4.25,1],"texture":"#0"},"south":{"uv":[8.5,6,9.25,7],"texture":"#0"},"west":{"uv":[0,0,4.25,1],"texture":"#0"},"up":{"uv":[0,0,3.25,1],"rotation":270,"texture":"#0"},"down":{"uv":[0,0,3.25,1],"rotation":270,"texture":"#0"}}},{"from":[-0.5,17.5,4],"to":[16.5,19,5.5],"rotation":{"angle":0,"axis":"y","origin":[7,17.5,4]},"faces":{"north":{"uv":[0,0,8.25,1],"texture":"#0"},"east":{"uv":[8.5,5,9.25,6],"texture":"#0"},"south":{"uv":[0,0,8.25,1],"texture":"#0"},"west":{"uv":[8.5,6,9.25,7],"texture":"#0"},"up":{"uv":[0,0,8.25,1],"texture":"#0"},"down":{"uv":[0,0,8.25,1],"texture":"#0"}}},{"from":[-0.5,17.5,10.5],"to":[16.5,19,12],"rotation":{"angle":0,"axis":"y","origin":[7,17.5,10.5]},"faces":{"north":{"uv":[0,0,8.25,1],"texture":"#0"},"east":{"uv":[8.5,5,9.25,6],"texture":"#0"},"south":{"uv":[0,0,8.25,1],"texture":"#0"},"west":{"uv":[8.5,6,9.25,7],"texture":"#0"},"up":{"uv":[0,0,8.25,1],"texture":"#0"},"down":{"uv":[0,0,8.25,1],"texture":"#0"}}},{"from":[-2,17.5,4],"to":[-0.5,19,12],"rotation":{"angle":0,"axis":"y","origin":[-1.25,18.25,5.25]},"faces":{"north":{"uv":[8.5,5,9.25,6],"texture":"#0"},"east":{"uv":[0,0,4.25,1],"texture":"#0"},"south":{"uv":[8.5,6,9.25,7],"texture":"#0"},"west":{"uv":[0,0,4.25,1],"texture":"#0"},"up":{"uv":[0,0,3.25,1],"rotation":270,"texture":"#0"},"down":{"uv":[0,0,3.25,1],"rotation":270,"texture":"#0"}}},{"from":[16.5,17.5,4],"to":[18,19,12],"rotation":{"angle":0,"axis":"y","origin":[17.25,18.25,5.25]},"faces":{"north":{"uv":[9.25,5,8.5,6],"texture":"#0"},"east":{"uv":[0,0,4.25,1],"texture":"#0"},"south":{"uv":[8.5,6,9.25,7],"texture":"#0"},"west":{"uv":[0,0,4.25,1],"texture":"#0"},"up":{"uv":[0,0,3.25,1],"rotation":270,"texture":"#0"},"down":{"uv":[0,0,3.25,1],"rotation":270,"texture":"#0"}}},{"from":[-0.5,20.5,4],"to":[16.5,22,5.5],"rotation":{"angle":0,"axis":"y","origin":[7,20.5,4]},"faces":{"north":{"uv":[0,0,8.25,1],"texture":"#0"},"east":{"uv":[8.5,5,9.25,6],"texture":"#0"},"south":{"uv":[0,0,8.25,1],"texture":"#0"},"west":{"uv":[8.5,6,9.25,7],"texture":"#0"},"up":{"uv":[0,0,8.25,1],"texture":"#0"},"down":{"uv":[0,0,8.25,1],"texture":"#0"}}},{"from":[-0.5,20.5,10.5],"to":[16.5,22,12],"rotation":{"angle":0,"axis":"y","origin":[7,20.5,10.5]},"faces":{"north":{"uv":[0,0,8.25,1],"texture":"#0"},"east":{"uv":[8.5,5,9.25,6],"texture":"#0"},"south":{"uv":[0,0,8.25,1],"texture":"#0"},"west":{"uv":[8.5,6,9.25,7],"texture":"#0"},"up":{"uv":[0,0,8.25,1],"texture":"#0"},"down":{"uv":[0,0,8.25,1],"texture":"#0"}}},{"from":[-2,20.5,4],"to":[-0.5,22,12],"rotation":{"angle":0,"axis":"y","origin":[-1.25,21.25,5.25]},"faces":{"north":{"uv":[8.5,5,9.25,6],"texture":"#0"},"east":{"uv":[0,0,4.25,1],"texture":"#0"},"south":{"uv":[8.5,6,9.25,7],"texture":"#0"},"west":{"uv":[0,0,4.25,1],"texture":"#0"},"up":{"uv":[0,0,3.25,1],"rotation":270,"texture":"#0"},"down":{"uv":[0,0,3.25,1],"rotation":270,"texture":"#0"}}},{"from":[16.5,20.5,4],"to":[18,22,12],"rotation":{"angle":0,"axis":"y","origin":[17.25,21.25,5.25]},"faces":{"north":{"uv":[9.25,5,8.5,6],"texture":"#0"},"east":{"uv":[0,0,4.25,1],"texture":"#0"},"south":{"uv":[8.5,6,9.25,7],"texture":"#0"},"west":{"uv":[0,0,4.25,1],"texture":"#0"},"up":{"uv":[0,0,3.25,1],"rotation":270,"texture":"#0"},"down":{"uv":[0,0,3.25,1],"rotation":270,"texture":"#0"}}}],"display":{"head":{"translation":[0,-31.75,0],"scale":[1.5,1.5,1.5]}}}