{"credit":"Naruto RPG","textures":{"1":"armas:item/armas_tantocolmilloblanco_corte_1_1"},"elements":[{"from":[-0.15171,7.5,-10.45545],"to":[16.84829,7.5,30.54455],"rotation":{"angle":0,"axis":"x","origin":[8.34829,7.5,10.04455]},"faces":{"north":{"uv":[0,0,16,16],"rotation":180,"texture":"#1"},"east":{"uv":[0,0,16,16],"rotation":270,"texture":"#1"},"south":{"uv":[0,0,16,16],"texture":"#1"},"west":{"uv":[0,0,16,16],"rotation":90,"texture":"#1"},"up":{"uv":[0,0,16,16],"rotation":180,"texture":"#1"},"down":{"uv":[16,0,0,16],"texture":"#1"}}}],"display":{"head":{"rotation":[-90,64,-90],"translation":[-0.75,-13.75,-23.5],"scale":[3,3,3]}}}