{"credit":"Naruto RPG","textures":{"3":"armas:item/armas_yata_5"},"elements":[{"name":"hexadecagon","from":[5.50089,-9.27441,30.32196],"to":[13.08071,22,30.32196],"rotation":{"angle":-22.5,"axis":"y","origin":[9.15,-3.49425,8.07994]},"faces":{"north":{"uv":[5,4.83333,6,10.83333],"texture":"#3"},"east":{"uv":[6,4.83333,5,10.83333],"texture":"#3"},"south":{"uv":[6,4.83333,5,10.83333],"texture":"#3"},"west":{"uv":[6,4.83333,5,10.83333],"texture":"#3"},"up":{"uv":[5,10.83333,6,4.83333],"texture":"#3"},"down":{"uv":[5,10.83333,6,4.83333],"texture":"#3"}}},{"name":"hexadecagon","from":[-11.11286,-9.27441,7.29041],"to":[-11.11286,22,14.87023],"rotation":{"angle":0,"axis":"y","origin":[9.15,-3.49425,8.07994]},"faces":{"north":{"uv":[9,4.83333,8,10.83333],"texture":"#3"},"east":{"uv":[8,4.83333,9,10.83333],"texture":"#3"},"south":{"uv":[9,4.83333,8,10.83333],"texture":"#3"},"west":{"uv":[9,4.83333,8,10.83333],"texture":"#3"},"up":{"uv":[8,10.83333,9,4.83333],"texture":"#3"},"down":{"uv":[8,10.83333,9,4.83333],"texture":"#3"}}},{"name":"hexadecagon","from":[-9.87265,-9.27441,7.52456],"to":[-9.87265,22,15.10439],"rotation":{"angle":-22.5,"axis":"y","origin":[9.15,-3.49425,8.07994]},"faces":{"north":{"uv":[10,4.83333,9,10.83333],"texture":"#3"},"east":{"uv":[9,4.83333,10,10.83333],"texture":"#3"},"south":{"uv":[10,4.83333,9,10.83333],"texture":"#3"},"west":{"uv":[10,4.83333,9,10.83333],"texture":"#3"},"up":{"uv":[9,10.83333,10,4.83333],"texture":"#3"},"down":{"uv":[9,10.83333,10,4.83333],"texture":"#3"}}},{"name":"hexadecagon","from":[2.38344,-9.27441,-9.70723],"to":[9.96327,22,-9.70723],"rotation":{"angle":45,"axis":"y","origin":[9.15,-3.49425,8.07994]},"faces":{"north":{"uv":[11,4.83333,10,10.83333],"texture":"#3"},"east":{"uv":[11,4.83333,10,10.83333],"texture":"#3"},"south":{"uv":[10,4.83333,11,10.83333],"texture":"#3"},"west":{"uv":[11,4.83333,10,10.83333],"texture":"#3"},"up":{"uv":[10,10.83333,11,4.83333],"texture":"#3"},"down":{"uv":[10,10.83333,11,4.83333],"texture":"#3"}}},{"name":"hexadecagon","from":[3.0945,-9.27441,-8.66448],"to":[10.67433,22,-8.66448],"rotation":{"angle":22.5,"axis":"y","origin":[9.15,-3.49425,8.07994]},"faces":{"north":{"uv":[12,4.83333,11,10.83333],"texture":"#3"},"east":{"uv":[12,4.83333,11,10.83333],"texture":"#3"},"south":{"uv":[11,4.83333,12,10.83333],"texture":"#3"},"west":{"uv":[12,4.83333,11,10.83333],"texture":"#3"},"up":{"uv":[11,10.83333,12,4.83333],"texture":"#3"},"down":{"uv":[11,10.83333,12,4.83333],"texture":"#3"}}},{"name":"hexadecagon","from":[4.15048,-9.27441,-7.97323],"to":[11.7303,22,-7.97323],"rotation":{"angle":0,"axis":"y","origin":[9.15,-3.49425,8.07994]},"faces":{"north":{"uv":[13,4.83333,12,10.83333],"texture":"#3"},"east":{"uv":[13,4.83333,12,10.83333],"texture":"#3"},"south":{"uv":[12,4.83333,13,10.83333],"texture":"#3"},"west":{"uv":[13,4.83333,12,10.83333],"texture":"#3"},"up":{"uv":[12,10.83333,13,4.83333],"texture":"#3"},"down":{"uv":[12,10.83333,13,4.83333],"texture":"#3"}}},{"name":"hexadecagon","from":[5.39061,-9.27441,-7.73869],"to":[12.97043,22,-7.73869],"rotation":{"angle":-22.5,"axis":"y","origin":[9.15,-3.49425,8.07994]},"faces":{"north":{"uv":[14,4.83333,13,10.83333],"texture":"#3"},"east":{"uv":[14,4.83333,13,10.83333],"texture":"#3"},"south":{"uv":[13,4.83333,14,10.83333],"texture":"#3"},"west":{"uv":[14,4.83333,13,10.83333],"texture":"#3"},"up":{"uv":[13,10.83333,14,4.83333],"texture":"#3"},"down":{"uv":[13,10.83333,14,4.83333],"texture":"#3"}}},{"name":"hexadecagon","from":[28.34397,-9.27441,7.47888],"to":[28.34397,22,15.05871],"rotation":{"angle":-22.5,"axis":"y","origin":[9.15,-3.49425,8.07994]},"faces":{"north":{"uv":[2,4.83333,1,10.83333],"texture":"#3"},"east":{"uv":[2,4.83333,1,10.83333],"texture":"#3"},"south":{"uv":[2,4.83333,1,10.83333],"texture":"#3"},"west":{"uv":[1,4.83333,2,10.83333],"texture":"#3"},"up":{"uv":[1,10.83333,2,4.83333],"texture":"#3"},"down":{"uv":[1,10.83333,2,4.83333],"texture":"#3"}}},{"name":"hexadecagon","from":[-12.05846,-9.27441,6.64445],"to":[-12.05846,22,14.22428],"rotation":{"angle":22.5,"axis":"y","origin":[9.15,-3.49425,8.07994]},"faces":{"north":{"uv":[8,4.83333,7,10.83333],"texture":"#3"},"east":{"uv":[7,4.83333,8,10.83333],"texture":"#3"},"south":{"uv":[8,4.83333,7,10.83333],"texture":"#3"},"west":{"uv":[8,4.83333,7,10.83333],"texture":"#3"},"up":{"uv":[7,10.83333,8,4.83333],"texture":"#3"},"down":{"uv":[7,10.83333,8,4.83333],"texture":"#3"}}},{"name":"hexadecagon","from":[6.71049,-9.27441,30.02535],"to":[14.29031,22,30.02535],"rotation":{"angle":-45,"axis":"y","origin":[9.15,-3.49425,8.07994]},"faces":{"north":{"uv":[6,4.83333,7,10.83333],"texture":"#3"},"east":{"uv":[7,4.83333,6,10.83333],"texture":"#3"},"south":{"uv":[7,4.83333,6,10.83333],"texture":"#3"},"west":{"uv":[7,4.83333,6,10.83333],"texture":"#3"},"up":{"uv":[6,10.83333,7,4.83333],"texture":"#3"},"down":{"uv":[6,10.83333,7,4.83333],"texture":"#3"}}},{"name":"hexadecagon","from":[4.26985,-9.27441,30.13311],"to":[11.84968,22,30.13311],"rotation":{"angle":0,"axis":"y","origin":[9.15,-3.49425,8.07994]},"faces":{"north":{"uv":[4,4.83333,5,10.83333],"texture":"#3"},"east":{"uv":[5,4.83333,4,10.83333],"texture":"#3"},"south":{"uv":[5,4.83333,4,10.83333],"texture":"#3"},"west":{"uv":[5,4.83333,4,10.83333],"texture":"#3"},"up":{"uv":[4,10.83333,5,4.83333],"texture":"#3"},"down":{"uv":[4,10.83333,5,4.83333],"texture":"#3"}}},{"name":"hexadecagon","from":[3.2048,-9.27441,29.48753],"to":[10.78462,22,29.48753],"rotation":{"angle":22.5,"axis":"y","origin":[9.15,-3.49425,8.07994]},"faces":{"north":{"uv":[3,4.83333,4,10.83333],"texture":"#3"},"east":{"uv":[4,4.83333,3,10.83333],"texture":"#3"},"south":{"uv":[4,4.83333,3,10.83333],"texture":"#3"},"west":{"uv":[4,4.83333,3,10.83333],"texture":"#3"},"up":{"uv":[3,10.83333,4,4.83333],"texture":"#3"},"down":{"uv":[3,10.83333,4,4.83333],"texture":"#3"}}},{"name":"hexadecagon","from":[2.46786,-9.27441,28.48351],"to":[10.04768,22,28.48351],"rotation":{"angle":45,"axis":"y","origin":[9.15,-3.49425,8.07994]},"faces":{"north":{"uv":[2,4.83333,3,10.83333],"texture":"#3"},"east":{"uv":[3,4.83333,2,10.83333],"texture":"#3"},"south":{"uv":[3,4.83333,2,10.83333],"texture":"#3"},"west":{"uv":[3,4.83333,2,10.83333],"texture":"#3"},"up":{"uv":[2,10.83333,3,4.83333],"texture":"#3"},"down":{"uv":[2,10.83333,3,4.83333],"texture":"#3"}}}],"display":{"thirdperson_righthand":{"translation":[0,23.5,0]},"head":{"rotation":[0,-90,0],"translation":[3.5,-12,-10.75],"scale":[1.5,1.5,1.5]}}}