{"credit":"Naruto RPG","texture_size":[64,64],"textures":{"1":"armas:item/armas_mazokotetsu"},"elements":[{"from":[7.568,3.40412,7.12765],"to":[8.432,4.26812,11.73565],"rotation":{"angle":0,"axis":"y","origin":[8,3.91685,10.12544]},"faces":{"north":{"uv":[8,4.25,8.25,4.5],"texture":"#1"},"east":{"uv":[7.75,7,8.875,7.25],"texture":"#1"},"south":{"uv":[8.25,0.75,8.5,1],"texture":"#1"},"west":{"uv":[7.75,7.25,8.875,7.5],"texture":"#1"},"up":{"uv":[5.5,8.625,5.25,7.5],"texture":"#1"},"down":{"uv":[7.25,7.75,7,8.875],"texture":"#1"}}},{"from":[6.875,1.50152,3.28465],"to":[9.125,7.35152,5.57965],"rotation":{"angle":0,"axis":"y","origin":[5.075,4.65152,-1.66535]},"faces":{"north":{"uv":[5.5,0,6.125,1.5],"texture":"#1"},"east":{"uv":[5.5,1.5,6.125,3],"texture":"#1"},"south":{"uv":[5.5,3,6.125,4.5],"texture":"#1"},"west":{"uv":[5.5,4.5,6.125,6],"texture":"#1"},"up":{"uv":[2.125,8.125,1.5,7.5],"texture":"#1"},"down":{"uv":[8.125,1.5,7.5,2.125],"texture":"#1"}}},{"from":[6.425,5.10152,-0.72035],"to":[9.575,7.35152,3.32965],"rotation":{"angle":0,"axis":"y","origin":[5.075,4.65152,-3.87035]},"faces":{"north":{"uv":[7,0,7.75,0.625],"texture":"#1"},"east":{"uv":[6.25,5.25,7.25,5.875],"texture":"#1"},"south":{"uv":[7,0.75,7.75,1.375],"texture":"#1"},"west":{"uv":[6.25,6,7.25,6.625],"texture":"#1"},"up":{"uv":[7,2.25,6.25,1.25],"texture":"#1"},"down":{"uv":[7,2.25,6.25,3.25],"texture":"#1"}}},{"from":[6.425,1.50152,1.97965],"to":[9.575,5.10152,3.32965],"rotation":{"angle":0,"axis":"y","origin":[5.075,4.65152,-3.87035]},"faces":{"north":{"uv":[6.25,3.25,7,4.125],"texture":"#1"},"east":{"uv":[7.5,3.5,7.875,4.375],"texture":"#1"},"south":{"uv":[6.25,4.25,7,5.125],"texture":"#1"},"west":{"uv":[3.75,7.5,4.125,8.375],"texture":"#1"},"up":{"uv":[8.5,7.875,7.75,7.5],"texture":"#1"},"down":{"uv":[3.75,8,3,8.375],"texture":"#1"}}},{"from":[6.425,0.60152,-0.72035],"to":[9.575,5.10152,0.17965],"rotation":{"angle":0,"axis":"y","origin":[5.075,4.65152,-6.57035]},"faces":{"north":{"uv":[5.5,6,6.25,7.125],"texture":"#1"},"east":{"uv":[7.75,8,8,9.125],"texture":"#1"},"south":{"uv":[6.25,0,7,1.25],"texture":"#1"},"west":{"uv":[8,8,8.25,9.125],"texture":"#1"},"up":{"uv":[9.25,1.5,8.5,1.25],"texture":"#1"},"down":{"uv":[9.5,4.25,8.75,4.5],"texture":"#1"}}},{"from":[7.325,1.50152,0.17965],"to":[8.675,5.10152,1.97965],"rotation":{"angle":0,"axis":"y","origin":[5.075,4.65152,-5.67035]},"faces":{"north":{"uv":[4.25,7.5,4.625,8.375],"texture":"#1"},"east":{"uv":[7,1.5,7.5,2.375],"texture":"#1"},"south":{"uv":[4.75,7.5,5.125,8.375],"texture":"#1"},"west":{"uv":[7,2.5,7.5,3.375],"texture":"#1"},"up":{"uv":[2.875,9.25,2.5,8.75],"texture":"#1"},"down":{"uv":[9.125,4.5,8.75,5],"texture":"#1"}}},{"from":[6.695,1.23152,0.40465],"to":[6.695,4.83152,2.20465],"rotation":{"angle":0,"axis":"y","origin":[4.895,4.38152,-5.44535]},"faces":{"north":{"uv":[0,0,0,0.875],"texture":"#1"},"east":{"uv":[7,3.5,7.5,4.375],"texture":"#1"},"south":{"uv":[0,0,0,0.875],"texture":"#1"},"west":{"uv":[7.25,4.5,7.75,5.375],"texture":"#1"},"up":{"uv":[0,0.5,0,0],"texture":"#1"},"down":{"uv":[0,0,0,0.5],"texture":"#1"}}},{"from":[9.125,1.50152,0.62965],"to":[9.125,5.10152,2.42965],"rotation":{"angle":0,"axis":"y","origin":[10.925,4.65152,-5.22035]},"faces":{"north":{"uv":[0,0,0,0.875],"texture":"#1"},"east":{"uv":[5.5,7.25,6,8.125],"texture":"#1"},"south":{"uv":[0,0,0,0.875],"texture":"#1"},"west":{"uv":[7.25,5.5,7.75,6.375],"texture":"#1"},"up":{"uv":[0,0.5,0,0],"texture":"#1"},"down":{"uv":[0,0,0,0.5],"texture":"#1"}}},{"from":[9.305,1.23152,0.40465],"to":[9.305,4.83152,2.20465],"rotation":{"angle":0,"axis":"y","origin":[11.105,4.38152,-5.44535]},"faces":{"north":{"uv":[0,0,0,0.875],"texture":"#1"},"east":{"uv":[7.25,6.5,7.75,7.375],"texture":"#1"},"south":{"uv":[0,0,0,0.875],"texture":"#1"},"west":{"uv":[0,7.5,0.5,8.375],"texture":"#1"},"up":{"uv":[0,0.5,0,0],"texture":"#1"},"down":{"uv":[0,0,0,0.5],"texture":"#1"}}},{"from":[6.875,1.50152,0.62965],"to":[6.875,5.10152,2.42965],"rotation":{"angle":0,"axis":"y","origin":[5.075,4.65152,-5.22035]},"faces":{"north":{"uv":[0,0,0,0.875],"texture":"#1"},"east":{"uv":[0.5,7.5,1,8.375],"texture":"#1"},"south":{"uv":[0,0,0,0.875],"texture":"#1"},"west":{"uv":[1,7.5,1.5,8.375],"texture":"#1"},"up":{"uv":[0,0.5,0,0],"texture":"#1"},"down":{"uv":[0,0,0,0.5],"texture":"#1"}}},{"from":[7.325,-1.57997,-0.16477],"to":[8.675,-0.67997,0.73523],"rotation":{"angle":0,"axis":"y","origin":[5.075,5.17003,-6.01477]},"faces":{"north":{"uv":[9.5,6,9.875,6.25],"texture":"#1"},"east":{"uv":[8.25,6.25,8.5,6.5],"texture":"#1"},"south":{"uv":[9.5,6.25,9.875,6.5],"texture":"#1"},"west":{"uv":[5.25,8.75,5.5,9],"texture":"#1"},"up":{"uv":[9.875,6.75,9.5,6.5],"texture":"#1"},"down":{"uv":[9.875,6.75,9.5,7],"texture":"#1"}}},{"from":[7.325,-1.57904,0.73052],"to":[8.7,2.02096,1.63052],"rotation":{"angle":22.5,"axis":"x","origin":[8,0.67096,1.18052]},"faces":{"north":{"uv":[7.25,7.5,7.625,8.375],"texture":"#1"},"east":{"uv":[1.25,8.5,1.5,9.375],"texture":"#1"},"south":{"uv":[7.75,0,8.125,0.875],"texture":"#1"},"west":{"uv":[5,8.5,5.25,9.375],"texture":"#1"},"up":{"uv":[9.875,7.25,9.5,7],"texture":"#1"},"down":{"uv":[9.875,8,9.5,8.25],"texture":"#1"}}},{"from":[7.325,-1.64848,1.97965],"to":[8.675,1.50152,2.42965],"rotation":{"angle":0,"axis":"y","origin":[5.075,1.05152,-3.87035]},"faces":{"north":{"uv":[8,3.5,8.375,4.25],"texture":"#1"},"east":{"uv":[9,9.5,9.125,10.25],"texture":"#1"},"south":{"uv":[8.25,0,8.625,0.75],"texture":"#1"},"west":{"uv":[1.5,9.75,1.625,10.5],"texture":"#1"},"up":{"uv":[5.625,10.125,5.25,10],"texture":"#1"},"down":{"uv":[10.375,5.25,10,5.375],"texture":"#1"}}},{"from":[6.425,0.60152,0.17965],"to":[9.55,2.40152,1.07965],"rotation":{"angle":0,"axis":"y","origin":[5.075,4.65152,-6.57035]},"faces":{"north":{"uv":[3,7.5,3.75,8],"texture":"#1"},"east":{"uv":[6,7.25,6.25,7.75],"texture":"#1"},"south":{"uv":[7.5,3,8.25,3.5],"texture":"#1"},"west":{"uv":[4.75,9.25,5,9.75],"texture":"#1"},"up":{"uv":[9.5,5.25,8.75,5],"texture":"#1"},"down":{"uv":[9.5,5.25,8.75,5.5],"texture":"#1"}}},{"from":[6.875,-0.95777,-0.89551],"to":[9.125,0.84223,0.76949],"rotation":{"angle":22.5,"axis":"x","origin":[8,-0.05777,0.31949]},"faces":{"north":{"uv":[7.75,1,8.375,1.5],"texture":"#1"},"east":{"uv":[6,8.75,6.375,9.25],"texture":"#1"},"south":{"uv":[7.75,6.5,8.375,7],"texture":"#1"},"west":{"uv":[6.5,8.75,6.875,9.25],"texture":"#1"},"up":{"uv":[8.875,2.375,8.25,2],"texture":"#1"},"down":{"uv":[2.875,8.25,2.25,8.625],"texture":"#1"}}},{"from":[7.235,-4.42075,-1.58434],"to":[8.765,-0.82075,-0.72934],"rotation":{"angle":22.5,"axis":"x","origin":[8,-1.72075,-0.36934]},"faces":{"north":{"uv":[7.75,4.5,8.125,5.375],"texture":"#1"},"east":{"uv":[1.5,8.75,1.75,9.625],"texture":"#1"},"south":{"uv":[7.75,5.5,8.125,6.375],"texture":"#1"},"west":{"uv":[1.75,8.75,2,9.625],"texture":"#1"},"up":{"uv":[9.875,8.5,9.5,8.25],"texture":"#1"},"down":{"uv":[10.125,1.5,9.75,1.75],"texture":"#1"}}},{"from":[7.64,4.65489,-4.68438],"to":[8.54,5.50989,-1.98438],"rotation":{"angle":0,"axis":"y","origin":[8,5.10489,-2.20938]},"faces":{"north":{"uv":[9.5,9.75,9.75,10],"texture":"#1"},"east":{"uv":[9,4,9.625,4.25],"texture":"#1"},"south":{"uv":[9.75,9.75,10,10],"texture":"#1"},"west":{"uv":[9,7.25,9.625,7.5],"texture":"#1"},"up":{"uv":[7.25,5.125,7,4.5],"texture":"#1"},"down":{"uv":[6,9,5.75,9.625],"texture":"#1"}}},{"from":[7.46,4.42989,-2.88438],"to":[8.72,5.73489,-0.63438],"rotation":{"angle":0,"axis":"y","origin":[8,5.05989,-2.20938]},"faces":{"north":{"uv":[3.75,9.25,4.125,9.625],"texture":"#1"},"east":{"uv":[8.25,2.5,8.875,2.875],"texture":"#1"},"south":{"uv":[4.25,9.25,4.625,9.625],"texture":"#1"},"west":{"uv":[8.25,3,8.875,3.375],"texture":"#1"},"up":{"uv":[8.625,4.875,8.25,4.25],"texture":"#1"},"down":{"uv":[8.625,5,8.25,5.625],"texture":"#1"}}},{"from":[7.64,1.77489,-3.78438],"to":[8.54,2.62989,-1.08438],"rotation":{"angle":-22.5,"axis":"x","origin":[8,2.22489,-1.30938]},"faces":{"north":{"uv":[0,10,0.25,10.25],"texture":"#1"},"east":{"uv":[8.25,9,8.875,9.25],"texture":"#1"},"south":{"uv":[10,0,10.25,0.25],"texture":"#1"},"west":{"uv":[9,8.5,9.625,8.75],"texture":"#1"},"up":{"uv":[7.25,9.625,7,9],"texture":"#1"},"down":{"uv":[9.25,8.75,9,9.375],"texture":"#1"}}},{"from":[7.46,1.54989,-1.98438],"to":[8.72,2.85489,0.26562],"rotation":{"angle":-22.5,"axis":"x","origin":[8,2.17989,-1.30938]},"faces":{"north":{"uv":[9.25,4.5,9.625,4.875],"texture":"#1"},"east":{"uv":[8.25,5.75,8.875,6.125],"texture":"#1"},"south":{"uv":[6,9.25,6.375,9.625],"texture":"#1"},"west":{"uv":[8.25,8,8.875,8.375],"texture":"#1"},"up":{"uv":[5.875,8.875,5.5,8.25],"texture":"#1"},"down":{"uv":[0.375,8.5,0,9.125],"texture":"#1"}}},{"from":[7.64,7.35489,-3.33438],"to":[8.54,8.20989,-0.63438],"rotation":{"angle":45,"axis":"x","origin":[8,7.80489,-0.85938]},"faces":{"north":{"uv":[0.25,10,0.5,10.25],"texture":"#1"},"east":{"uv":[0,9.25,0.625,9.5],"texture":"#1"},"south":{"uv":[0.75,10,1,10.25],"texture":"#1"},"west":{"uv":[9.25,0,9.875,0.25],"texture":"#1"},"up":{"uv":[9.5,0.875,9.25,0.25],"texture":"#1"},"down":{"uv":[1,9.25,0.75,9.875],"texture":"#1"}}},{"from":[7.46,7.12989,-1.53438],"to":[8.72,8.43489,0.71562],"rotation":{"angle":45,"axis":"x","origin":[8,7.75989,-0.85938]},"faces":{"north":{"uv":[6.5,9.25,6.875,9.625],"texture":"#1"},"east":{"uv":[0.5,8.5,1.125,8.875],"texture":"#1"},"south":{"uv":[7.25,9.25,7.625,9.625],"texture":"#1"},"west":{"uv":[8.5,0.75,9.125,1.125],"texture":"#1"},"up":{"uv":[3.375,9.125,3,8.5],"texture":"#1"},"down":{"uv":[3.875,8.5,3.5,9.125],"texture":"#1"}}},{"from":[7.64,7.84989,1.39062],"to":[8.54,10.54989,2.24562],"rotation":{"angle":22.5,"axis":"x","origin":[8,8.07489,1.84062]},"faces":{"north":{"uv":[1,9.25,1.25,9.875],"texture":"#1"},"east":{"uv":[2.5,9.25,2.75,9.875],"texture":"#1"},"south":{"uv":[2.75,9.25,3,9.875],"texture":"#1"},"west":{"uv":[3,9.25,3.25,9.875],"texture":"#1"},"up":{"uv":[1.25,10.25,1,10],"texture":"#1"},"down":{"uv":[10.25,1,10,1.25],"texture":"#1"}}},{"from":[7.73,7.39989,4.27062],"to":[8.27,8.74989,4.76562],"rotation":{"angle":0,"axis":"y","origin":[8,8.07489,4.51812]},"faces":{"north":{"uv":[5.75,10,5.875,10.375],"texture":"#1"},"east":{"uv":[6,10,6.125,10.375],"texture":"#1"},"south":{"uv":[10,6,10.125,6.375],"texture":"#1"},"west":{"uv":[10,6.5,10.125,6.875],"texture":"#1"},"up":{"uv":[10.625,2.625,10.5,2.5],"texture":"#1"},"down":{"uv":[10.625,2.75,10.5,2.875],"texture":"#1"}}},{"from":[6.425,7.03989,4.27062],"to":[6.965,8.38989,4.76562],"rotation":{"angle":22.5,"axis":"z","origin":[8.045,7.89489,4.51812]},"faces":{"north":{"uv":[10,7,10.125,7.375],"texture":"#1"},"east":{"uv":[7.5,10,7.625,10.375],"texture":"#1"},"south":{"uv":[7.75,10,7.875,10.375],"texture":"#1"},"west":{"uv":[8,10,8.125,10.375],"texture":"#1"},"up":{"uv":[10.625,3.125,10.5,3],"texture":"#1"},"down":{"uv":[10.625,3.5,10.5,3.625],"texture":"#1"}}},{"from":[9.035,4.78989,4.27062],"to":[9.575,6.13989,4.76562],"rotation":{"angle":-22.5,"axis":"z","origin":[7.955,5.64489,4.51812]},"faces":{"north":{"uv":[10,8,10.125,8.375],"texture":"#1"},"east":{"uv":[10,9,10.125,9.375],"texture":"#1"},"south":{"uv":[9.5,10,9.625,10.375],"texture":"#1"},"west":{"uv":[10,9.5,10.125,9.875],"texture":"#1"},"up":{"uv":[10.625,3.875,10.5,3.75],"texture":"#1"},"down":{"uv":[10.625,4.25,10.5,4.375],"texture":"#1"}}},{"from":[6.425,4.78989,4.27062],"to":[6.965,6.13989,4.76562],"rotation":{"angle":22.5,"axis":"z","origin":[8.045,5.64489,4.51812]},"faces":{"north":{"uv":[9.75,10,9.875,10.375],"texture":"#1"},"east":{"uv":[10,10,10.125,10.375],"texture":"#1"},"south":{"uv":[0,10.25,0.125,10.625],"texture":"#1"},"west":{"uv":[0.25,10.25,0.375,10.625],"texture":"#1"},"up":{"uv":[10.625,4.625,10.5,4.5],"texture":"#1"},"down":{"uv":[10.625,4.75,10.5,4.875],"texture":"#1"}}},{"from":[8.67157,2.19711,4.27062],"to":[9.21157,3.54711,4.76562],"rotation":{"angle":-22.5,"axis":"z","origin":[8,8.07489,4.51812]},"faces":{"north":{"uv":[0.75,10.25,0.875,10.625],"texture":"#1"},"east":{"uv":[1,10.25,1.125,10.625],"texture":"#1"},"south":{"uv":[10.25,1,10.375,1.375],"texture":"#1"},"west":{"uv":[10.25,1.5,10.375,1.875],"texture":"#1"},"up":{"uv":[5.125,10.625,5,10.5],"texture":"#1"},"down":{"uv":[10.625,5.25,10.5,5.375],"texture":"#1"}}},{"from":[6.78843,2.19711,4.27062],"to":[7.32843,3.54711,4.76562],"rotation":{"angle":22.5,"axis":"z","origin":[8,8.07489,4.51812]},"faces":{"north":{"uv":[1.75,10.25,1.875,10.625],"texture":"#1"},"east":{"uv":[2,10.25,2.125,10.625],"texture":"#1"},"south":{"uv":[2.25,10.25,2.375,10.625],"texture":"#1"},"west":{"uv":[2.5,10.25,2.625,10.625],"texture":"#1"},"up":{"uv":[10.625,5.625,10.5,5.5],"texture":"#1"},"down":{"uv":[5.875,10.5,5.75,10.625],"texture":"#1"}}},{"from":[7.05157,0.66711,4.27062],"to":[7.59157,2.01711,4.76562],"rotation":{"angle":0,"axis":"y","origin":[6.38,6.54489,4.51812]},"faces":{"north":{"uv":[10.25,2.5,10.375,2.875],"texture":"#1"},"east":{"uv":[2.75,10.25,2.875,10.625],"texture":"#1"},"south":{"uv":[3,10.25,3.125,10.625],"texture":"#1"},"west":{"uv":[3.25,10.25,3.375,10.625],"texture":"#1"},"up":{"uv":[10.625,5.875,10.5,5.75],"texture":"#1"},"down":{"uv":[6.125,10.5,6,10.625],"texture":"#1"}}},{"from":[8.40843,0.66711,4.27062],"to":[8.94843,2.01711,4.76562],"rotation":{"angle":0,"axis":"y","origin":[9.62,6.54489,4.51812]},"faces":{"north":{"uv":[3.5,10.25,3.625,10.625],"texture":"#1"},"east":{"uv":[3.75,10.25,3.875,10.625],"texture":"#1"},"south":{"uv":[4,10.25,4.125,10.625],"texture":"#1"},"west":{"uv":[4.25,10.25,4.375,10.625],"texture":"#1"},"up":{"uv":[10.625,6.125,10.5,6],"texture":"#1"},"down":{"uv":[10.625,6.25,10.5,6.375],"texture":"#1"}}},{"from":[9.035,7.03989,4.27062],"to":[9.575,8.38989,4.76562],"rotation":{"angle":-22.5,"axis":"z","origin":[7.955,7.89489,4.51812]},"faces":{"north":{"uv":[4.5,10.25,4.625,10.625],"texture":"#1"},"east":{"uv":[10.25,4.5,10.375,4.875],"texture":"#1"},"south":{"uv":[4.75,10.25,4.875,10.625],"texture":"#1"},"west":{"uv":[5.25,10.25,5.375,10.625],"texture":"#1"},"up":{"uv":[10.625,6.625,10.5,6.5],"texture":"#1"},"down":{"uv":[10.625,6.75,10.5,6.875],"texture":"#1"}}},{"from":[5.975,6.13989,0.22062],"to":[6.515,7.48989,0.71562],"rotation":{"angle":22.5,"axis":"z","origin":[7.595,6.99489,0.46812]},"faces":{"north":{"uv":[5.5,10.25,5.625,10.625],"texture":"#1"},"east":{"uv":[10.25,5.5,10.375,5.875],"texture":"#1"},"south":{"uv":[10.25,6,10.375,6.375],"texture":"#1"},"west":{"uv":[6.25,10.25,6.375,10.625],"texture":"#1"},"up":{"uv":[10.625,7.125,10.5,7],"texture":"#1"},"down":{"uv":[10.625,7.25,10.5,7.375],"texture":"#1"}}},{"from":[9.485,6.13989,0.22062],"to":[10.025,7.48989,0.71562],"rotation":{"angle":-22.5,"axis":"z","origin":[8.405,6.99489,0.46812]},"faces":{"north":{"uv":[6.5,10.25,6.625,10.625],"texture":"#1"},"east":{"uv":[10.25,6.5,10.375,6.875],"texture":"#1"},"south":{"uv":[6.75,10.25,6.875,10.625],"texture":"#1"},"west":{"uv":[7,10.25,7.125,10.625],"texture":"#1"},"up":{"uv":[7.625,10.625,7.5,10.5],"texture":"#1"},"down":{"uv":[10.625,7.5,10.5,7.625],"texture":"#1"}}},{"from":[5.975,5.23989,2.47062],"to":[6.515,6.58989,2.96562],"rotation":{"angle":22.5,"axis":"z","origin":[7.595,6.09489,2.71812]},"faces":{"north":{"uv":[10.25,7,10.375,7.375],"texture":"#1"},"east":{"uv":[7.25,10.25,7.375,10.625],"texture":"#1"},"south":{"uv":[10.25,8,10.375,8.375],"texture":"#1"},"west":{"uv":[8.75,10.25,8.875,10.625],"texture":"#1"},"up":{"uv":[7.875,10.625,7.75,10.5],"texture":"#1"},"down":{"uv":[10.625,7.75,10.5,7.875],"texture":"#1"}}},{"from":[9.485,5.23989,2.47062],"to":[10.025,6.58989,2.96562],"rotation":{"angle":-22.5,"axis":"z","origin":[8.405,6.09489,2.71812]},"faces":{"north":{"uv":[9,10.25,9.125,10.625],"texture":"#1"},"east":{"uv":[10.25,9,10.375,9.375],"texture":"#1"},"south":{"uv":[10.25,9.5,10.375,9.875],"texture":"#1"},"west":{"uv":[10.25,10,10.375,10.375],"texture":"#1"},"up":{"uv":[8.125,10.625,8,10.5],"texture":"#1"},"down":{"uv":[10.625,8,10.5,8.125],"texture":"#1"}}},{"from":[7.46,6.45489,1.21062],"to":[8.72,8.70489,2.51562],"rotation":{"angle":22.5,"axis":"x","origin":[8,8.02989,1.84062]},"faces":{"north":{"uv":[8.5,3.5,8.875,4.125],"texture":"#1"},"east":{"uv":[4,8.5,4.375,9.125],"texture":"#1"},"south":{"uv":[4.5,8.5,4.875,9.125],"texture":"#1"},"west":{"uv":[8.5,6.25,8.875,6.875],"texture":"#1"},"up":{"uv":[9.625,7.875,9.25,7.5],"texture":"#1"},"down":{"uv":[8.125,9.25,7.75,9.625],"texture":"#1"}}},{"from":[6.47,4.70611,0.04784],"to":[9.55,5.60611,0.94784],"rotation":{"angle":45,"axis":"x","origin":[8,5.60611,0.49784]},"faces":{"north":{"uv":[8.75,5.5,9.5,5.75],"texture":"#1"},"east":{"uv":[10,1.25,10.25,1.5],"texture":"#1"},"south":{"uv":[0.5,9,1.25,9.25],"texture":"#1"},"west":{"uv":[1.75,10,2,10.25],"texture":"#1"},"up":{"uv":[9.75,1.75,9,1.5],"texture":"#1"},"down":{"uv":[9.75,1.75,9,2],"texture":"#1"}}},{"from":[6.47,1.81972,-0.13855],"to":[9.55,2.71972,1.21145],"rotation":{"angle":45,"axis":"x","origin":[8,2.71972,0.76145]},"faces":{"north":{"uv":[9,2,9.75,2.25],"texture":"#1"},"east":{"uv":[1.75,9.75,2.125,10],"texture":"#1"},"south":{"uv":[9,2.25,9.75,2.5],"texture":"#1"},"west":{"uv":[9.75,1.75,10.125,2],"texture":"#1"},"up":{"uv":[2.25,8.625,1.5,8.25],"texture":"#1"},"down":{"uv":[9,1.5,8.25,1.875],"texture":"#1"}}},{"from":[6.47,4.70611,1.84784],"to":[9.505,5.60611,2.74784],"rotation":{"angle":45,"axis":"x","origin":[8,5.60611,2.29784]},"faces":{"north":{"uv":[9,2.5,9.75,2.75],"texture":"#1"},"east":{"uv":[2,10,2.25,10.25],"texture":"#1"},"south":{"uv":[9,2.75,9.75,3],"texture":"#1"},"west":{"uv":[10,2,10.25,2.25],"texture":"#1"},"up":{"uv":[9.75,3.25,9,3],"texture":"#1"},"down":{"uv":[9.75,3.25,9,3.5],"texture":"#1"}}},{"from":[6.875,-0.74848,2.15965],"to":[9.125,1.50152,3.32965],"rotation":{"angle":0,"axis":"y","origin":[5.075,-1.19848,-3.87035]},"faces":{"north":{"uv":[2.25,7.5,2.875,8.125],"texture":"#1"},"east":{"uv":[3.25,9.25,3.5,9.875],"texture":"#1"},"south":{"uv":[7.5,2.25,8.125,2.875],"texture":"#1"},"west":{"uv":[3.5,9.25,3.75,9.875],"texture":"#1"},"up":{"uv":[9.875,1.25,9.25,1],"texture":"#1"},"down":{"uv":[9.875,1.25,9.25,1.5],"texture":"#1"}}},{"from":[7.235,-2.09848,2.15965],"to":[8.765,-0.74848,3.32965],"rotation":{"angle":0,"axis":"y","origin":[5.075,-3.44848,-3.87035]},"faces":{"north":{"uv":[8.25,9.25,8.625,9.625],"texture":"#1"},"east":{"uv":[9.75,2,10,2.375],"texture":"#1"},"south":{"uv":[9.25,8.75,9.625,9.125],"texture":"#1"},"west":{"uv":[2.25,9.75,2.5,10.125],"texture":"#1"},"up":{"uv":[10.125,2.75,9.75,2.5],"texture":"#1"},"down":{"uv":[10.125,2.75,9.75,3],"texture":"#1"}}},{"from":[7.98401,6.22652,3.28465],"to":[8.65901,6.90152,5.53465],"rotation":{"angle":45,"axis":"z","origin":[7.53401,7.35152,4.40965]},"faces":{"north":{"uv":[8.25,10.5,8.375,10.625],"texture":"#1"},"east":{"uv":[7.5,9.75,8.125,9.875],"texture":"#1"},"south":{"uv":[10.5,8.25,10.625,8.375],"texture":"#1"},"west":{"uv":[9.75,7.75,10.375,7.875],"texture":"#1"},"up":{"uv":[8.375,10.375,8.25,9.75],"texture":"#1"},"down":{"uv":[8.625,9.75,8.5,10.375],"texture":"#1"}}},{"from":[7.8023,6.68782,3.28465],"to":[8.4773,7.36282,5.53465],"rotation":{"angle":45,"axis":"z","origin":[7.3523,6.23782,4.40965]},"faces":{"north":{"uv":[8.5,10.5,8.625,10.625],"texture":"#1"},"east":{"uv":[9.75,8.5,10.375,8.625],"texture":"#1"},"south":{"uv":[10.5,8.5,10.625,8.625],"texture":"#1"},"west":{"uv":[9.75,8.75,10.375,8.875],"texture":"#1"},"up":{"uv":[9.875,9.625,9.75,9],"texture":"#1"},"down":{"uv":[9.375,9.75,9.25,10.375],"texture":"#1"}}},{"from":[8.43401,6.22652,-0.63035],"to":[9.10901,6.90152,3.23965],"rotation":{"angle":45,"axis":"z","origin":[7.98401,7.35152,2.20465]},"faces":{"north":{"uv":[10.5,8.75,10.625,8.875],"texture":"#1"},"east":{"uv":[9.5,0.25,10.5,0.375],"texture":"#1"},"south":{"uv":[10.5,9,10.625,9.125],"texture":"#1"},"west":{"uv":[9.5,0.5,10.5,0.625],"texture":"#1"},"up":{"uv":[8.875,10.25,8.75,9.25],"texture":"#1"},"down":{"uv":[0.625,9.5,0.5,10.5],"texture":"#1"}}},{"from":[6.8927,7.15381,-0.67535],"to":[9.0977,7.82881,3.28465],"rotation":{"angle":0,"axis":"y","origin":[7.5227,6.70381,2.20465]},"faces":{"north":{"uv":[10,2.25,10.5,2.375],"texture":"#1"},"east":{"uv":[9.5,0.75,10.5,0.875],"texture":"#1"},"south":{"uv":[2.5,10,3,10.125],"texture":"#1"},"west":{"uv":[9.5,3.5,10.5,3.625],"texture":"#1"},"up":{"uv":[6.75,7.75,6.25,6.75],"texture":"#1"},"down":{"uv":[7.25,6.75,6.75,7.75],"texture":"#1"}}},{"from":[7.3523,6.68782,-0.63035],"to":[8.0273,7.36282,3.23965],"rotation":{"angle":45,"axis":"z","origin":[6.9023,6.23782,1.30465]},"faces":{"north":{"uv":[9.25,10.5,9.375,10.625],"texture":"#1"},"east":{"uv":[9.5,3.75,10.5,3.875],"texture":"#1"},"south":{"uv":[10.5,9.25,10.625,9.375],"texture":"#1"},"west":{"uv":[9.5,4.25,10.5,4.375],"texture":"#1"},"up":{"uv":[1.375,10.5,1.25,9.5],"texture":"#1"},"down":{"uv":[5.125,9.5,5,10.5],"texture":"#1"}}},{"from":[7.3427,7.15381,3.28465],"to":[8.6477,7.82881,5.48965],"rotation":{"angle":0,"axis":"y","origin":[7.5227,6.70381,4.40965]},"faces":{"north":{"uv":[10,7.5,10.375,7.625],"texture":"#1"},"east":{"uv":[3,10,3.5,10.125],"texture":"#1"},"south":{"uv":[10.25,0,10.625,0.125],"texture":"#1"},"west":{"uv":[10,3,10.5,3.125],"texture":"#1"},"up":{"uv":[9.375,4,9,3.5],"texture":"#1"},"down":{"uv":[5.625,9,5.25,9.5],"texture":"#1"}}},{"from":[7.08401,0.37652,3.32965],"to":[8.65901,1.95152,5.62465],"rotation":{"angle":45,"axis":"z","origin":[7.53401,1.50152,4.45465]},"faces":{"north":{"uv":[9.25,9.25,9.625,9.625],"texture":"#1"},"east":{"uv":[8.5,7.5,9.125,7.875],"texture":"#1"},"south":{"uv":[0,9.5,0.375,9.875],"texture":"#1"},"west":{"uv":[8.25,8.5,8.875,8.875],"texture":"#1"},"up":{"uv":[7.625,9.125,7.25,8.5],"texture":"#1"},"down":{"uv":[9.125,0,8.75,0.625],"texture":"#1"}}},{"from":[7.505,2.67152,5.53465],"to":[8.495,6.27152,6.88465],"rotation":{"angle":0,"axis":"y","origin":[5.075,4.92152,0.58465]},"faces":{"north":{"uv":[2,8.75,2.25,9.625],"texture":"#1"},"east":{"uv":[6,7.75,6.375,8.625],"texture":"#1"},"south":{"uv":[2.25,8.75,2.5,9.625],"texture":"#1"},"west":{"uv":[6.5,7.75,6.875,8.625],"texture":"#1"},"up":{"uv":[10,3.375,9.75,3],"texture":"#1"},"down":{"uv":[4,9.75,3.75,10.125],"texture":"#1"}}},{"from":[7.55,5.5417,6.42528],"to":[8.45,7.5217,7.77528],"rotation":{"angle":45,"axis":"x","origin":[5.075,6.1717,1.47528]},"faces":{"north":{"uv":[9.5,5,9.75,5.5],"texture":"#1"},"east":{"uv":[9,5.75,9.375,6.25],"texture":"#1"},"south":{"uv":[5.25,9.5,5.5,10],"texture":"#1"},"west":{"uv":[9,6.25,9.375,6.75],"texture":"#1"},"up":{"uv":[4.25,10.125,4,9.75],"texture":"#1"},"down":{"uv":[4.5,9.75,4.25,10.125],"texture":"#1"}}},{"from":[7.55,5.64217,2.5417],"to":[8.45,6.99217,4.5217],"rotation":{"angle":22.5,"axis":"x","origin":[5.075,0.69217,3.8917]},"faces":{"north":{"uv":[4.5,9.75,4.75,10.125],"texture":"#1"},"east":{"uv":[9,6.75,9.5,7.125],"texture":"#1"},"south":{"uv":[9.75,4.5,10,4.875],"texture":"#1"},"west":{"uv":[9,8,9.5,8.375],"texture":"#1"},"up":{"uv":[5.75,10,5.5,9.5],"texture":"#1"},"down":{"uv":[9.75,5.5,9.5,6],"texture":"#1"}}},{"from":[7.4528,4.25972,6.51786],"to":[8.5472,5.41172,7.95786],"rotation":{"angle":-22.5,"axis":"x","origin":[8,3.91685,10.12544]},"faces":{"north":{"uv":[10,3.25,10.25,3.5],"texture":"#1"},"east":{"uv":[9.75,4,10.125,4.25],"texture":"#1"},"south":{"uv":[3.5,10,3.75,10.25],"texture":"#1"},"west":{"uv":[9.75,5,10.125,5.25],"texture":"#1"},"up":{"uv":[5,10.125,4.75,9.75],"texture":"#1"},"down":{"uv":[10,5.25,9.75,5.625],"texture":"#1"}}},{"from":[7.613,1.79241,6.64024],"to":[8.387,2.65641,8.36824],"rotation":{"angle":45,"axis":"x","origin":[8,3.91685,10.12544]},"faces":{"north":{"uv":[10,4.5,10.25,4.75],"texture":"#1"},"east":{"uv":[5.75,9.75,6.125,10],"texture":"#1"},"south":{"uv":[10,4.75,10.25,5],"texture":"#1"},"west":{"uv":[9.75,5.75,10.125,6],"texture":"#1"},"up":{"uv":[6.5,10.125,6.25,9.75],"texture":"#1"},"down":{"uv":[6.75,9.75,6.5,10.125],"texture":"#1"}}},{"from":[7.424,3.54812,11.73565],"to":[8.576,4.12412,12.31165],"rotation":{"angle":0,"axis":"y","origin":[8,3.91685,10.12544]},"faces":{"north":{"uv":[10,5.5,10.25,5.625],"texture":"#1"},"east":{"uv":[9.5,10.5,9.625,10.625],"texture":"#1"},"south":{"uv":[10.5,0.25,10.75,0.375],"texture":"#1"},"west":{"uv":[10.5,9.5,10.625,9.625],"texture":"#1"},"up":{"uv":[0.75,10.625,0.5,10.5],"texture":"#1"},"down":{"uv":[10.75,0.5,10.5,0.625],"texture":"#1"}}},{"from":[7.424,3.54812,12.88765],"to":[8.576,4.12412,13.46365],"rotation":{"angle":0,"axis":"y","origin":[8,3.91685,10.12544]},"faces":{"north":{"uv":[10.5,0.75,10.75,0.875],"texture":"#1"},"east":{"uv":[9.75,10.5,9.875,10.625],"texture":"#1"},"south":{"uv":[10.5,1,10.75,1.125],"texture":"#1"},"west":{"uv":[10.5,9.75,10.625,9.875],"texture":"#1"},"up":{"uv":[1.5,10.625,1.25,10.5],"texture":"#1"},"down":{"uv":[10.75,1.25,10.5,1.375],"texture":"#1"}}},{"from":[7.424,2.97212,11.73565],"to":[8.576,3.54812,13.46365],"rotation":{"angle":0,"axis":"y","origin":[8,3.91685,10.12544]},"faces":{"north":{"uv":[1.5,10.5,1.75,10.625],"texture":"#1"},"east":{"uv":[10.25,2,10.625,2.125],"texture":"#1"},"south":{"uv":[10.5,1.5,10.75,1.625],"texture":"#1"},"west":{"uv":[10.25,3.25,10.625,3.375],"texture":"#1"},"up":{"uv":[7,10.125,6.75,9.75],"texture":"#1"},"down":{"uv":[7.25,9.75,7,10.125],"texture":"#1"}}},{"from":[7.424,4.12412,11.73565],"to":[8.576,4.70012,13.46365],"rotation":{"angle":0,"axis":"y","origin":[8,3.91685,10.12544]},"faces":{"north":{"uv":[10.5,1.75,10.75,1.875],"texture":"#1"},"east":{"uv":[10.25,4,10.625,4.125],"texture":"#1"},"south":{"uv":[10.5,2.25,10.75,2.375],"texture":"#1"},"west":{"uv":[10.25,5,10.625,5.125],"texture":"#1"},"up":{"uv":[7.5,10.125,7.25,9.75],"texture":"#1"},"down":{"uv":[10,7.25,9.75,7.625],"texture":"#1"}}},{"name":"chains","from":[8,-4.84348,-5.71535],"to":[8,9.55652,15.88465],"rotation":{"angle":0,"axis":"y","origin":[6.2,7.75652,10.48465]},"faces":{"north":{"uv":[0,0,0,3.625],"texture":"#1"},"east":{"uv":[0,0,5.375,3.625],"texture":"#1"},"south":{"uv":[0,0,0,3.625],"texture":"#1"},"west":{"uv":[0,3.75,5.375,7.375],"texture":"#1"},"up":{"uv":[0,5.375,0,0],"texture":"#1"},"down":{"uv":[0,0,0,5.375],"texture":"#1"}}}],"gui_light":"front","display":{"thirdperson_righthand":{"rotation":[90,0,0],"translation":[0,1.75,10],"scale":[2,2,2]},"thirdperson_lefthand":{"rotation":[90,0,0],"translation":[0,2,9.75],"scale":[2,2,2]},"firstperson_righthand":{"rotation":[78,-12,-12],"translation":[0,4.75,5]},"firstperson_lefthand":{"rotation":[78,-12,-12],"translation":[0,4.75,5]},"ground":{"rotation":[69,0,0],"translation":[0,7.25,0],"scale":[1.5,1.5,1.5]},"gui":{"rotation":[60.32,-38.3,83.84],"translation":[-7.5,-0.75,0],"scale":[0.95,0.95,1.2]},"head":{"translation":[0.25,-28.25,4.25],"scale":[3.6,3.6,3.6]},"fixed":{"rotation":[90,50,90],"translation":[0.25,-6.75,0]}}}