{"credit":"Naruto RPG","texture_size":[32,32],"textures":{"1":"armas:item/armas_katanaagua_2","2":"armas:item/armas_katanaagua","particle":"armas:item/armas_katanaagua"},"elements":[{"from":[6.9,6.9,-6.775],"to":[9.1,9.1,-6.275],"rotation":{"angle":0,"axis":"y","origin":[7,8.9,-9.525]},"faces":{"north":{"uv":[3,6.5,4.125,7.625],"texture":"#2"},"east":{"uv":[7,6.5,7.25,7.625],"texture":"#2"},"south":{"uv":[4.5,6.5,5.625,7.625],"texture":"#2"},"west":{"uv":[7.5,6.5,7.75,7.625],"texture":"#2"},"up":{"uv":[8.625,5.25,7.5,5],"texture":"#2"},"down":{"uv":[8.625,5.5,7.5,5.75],"texture":"#2"}}},{"name":"2s","from":[8.025,5.75,-6.275],"to":[8.025,10.25,11.725],"rotation":{"angle":0,"axis":"y","origin":[7.375,9,-9.025]},"faces":{"north":{"uv":[6,6.5,6.375,8.75],"texture":"#2"},"east":{"uv":[0,0,9,2.25],"texture":"#2"},"south":{"uv":[6.5,6.5,6.875,8.75],"texture":"#2"},"west":{"uv":[0,2.5,9,4.75],"texture":"#2"},"up":{"uv":[0.375,15,0,6],"texture":"#2"},"down":{"uv":[0.875,6,0.5,15],"texture":"#2"}}},{"from":[7.525,7.5,-13.775],"to":[8.475,8.5,-6.775],"rotation":{"angle":0,"axis":"y","origin":[7,9,-9.775]},"faces":{"north":{"uv":[7.5,8,8,8.5],"texture":"#2"},"east":{"uv":[2,6,5.5,6.5],"texture":"#2"},"south":{"uv":[8,8,8.5,8.5],"texture":"#2"},"west":{"uv":[5.5,6,9,6.5],"texture":"#2"},"up":{"uv":[2.5,10,2,6.5],"texture":"#2"},"down":{"uv":[3,6.5,2.5,10],"texture":"#2"}}},{"from":[7.75,7.5,-6.275],"to":[8.25,8.5,8.725],"rotation":{"angle":0,"axis":"y","origin":[7,7,0.225]},"faces":{"north":{"uv":[8,8.5,8.25,9],"texture":"#2"},"east":{"uv":[0,5,7.5,5.5],"texture":"#2"},"south":{"uv":[8.5,8.5,8.75,9],"texture":"#2"},"west":{"uv":[0,5.5,7.5,6],"texture":"#2"},"up":{"uv":[1.25,13.5,1,6],"texture":"#2"},"down":{"uv":[1.75,6,1.5,13.5],"texture":"#2"}}},{"from":[7.725,7.78492,9.42105],"to":[8.275,8.28492,10.92105],"rotation":{"angle":-22.5,"axis":"x","origin":[8,8.78492,10.42105]},"faces":{"north":{"uv":[9,0,9.25,0.25],"texture":"#2"},"east":{"uv":[3,8.5,3.75,8.75],"texture":"#2"},"south":{"uv":[9,0.5,9.25,0.75],"texture":"#2"},"west":{"uv":[4,8.5,4.75,8.75],"texture":"#2"},"up":{"uv":[5.25,9.25,5,8.5],"texture":"#2"},"down":{"uv":[5.75,8.5,5.5,9.25],"texture":"#2"}}},{"from":[7.75,8,8.725],"to":[8.25,8.5,11.075],"rotation":{"angle":0,"axis":"y","origin":[8,9,10.975]},"faces":{"north":{"uv":[9,1,9.25,1.25],"texture":"#2"},"east":{"uv":[3,8,4.125,8.25],"texture":"#2"},"south":{"uv":[9,1.5,9.25,1.75],"texture":"#2"},"west":{"uv":[4.5,8,5.625,8.25],"texture":"#2"},"up":{"uv":[8.25,7.625,8,6.5],"texture":"#2"},"down":{"uv":[7.25,8,7,9.125],"texture":"#2"}}},{"from":[7.75,7.5,8.725],"to":[8.25,8,9.925],"rotation":{"angle":0,"axis":"y","origin":[8,8.5,10.975]},"faces":{"north":{"uv":[9,2,9.25,2.25],"texture":"#2"},"east":{"uv":[8.5,6.5,9.125,6.75],"texture":"#2"},"south":{"uv":[9,2.5,9.25,2.75],"texture":"#2"},"west":{"uv":[8.5,7,9.125,7.25],"texture":"#2"},"up":{"uv":[7.75,9.125,7.5,8.5],"texture":"#2"},"down":{"uv":[8.75,7.5,8.5,8.125],"texture":"#2"}}},{"from":[7.55,2.6,-6.975],"to":[7.55,13,11.025],"rotation":{"angle":0,"axis":"y","origin":[5.55,5,-0.975]},"faces":{"north":{"uv":[0,0,0,2],"texture":"#1"},"east":{"uv":[0.875,0.625,0,0],"rotation":90,"texture":"#1"},"south":{"uv":[0,0,0,2],"texture":"#1"},"west":{"uv":[0,0,16,16],"rotation":90,"texture":"#1"},"up":{"uv":[0,0,0,9],"texture":"#1"},"down":{"uv":[0,0,0,9],"texture":"#1"}}},{"from":[8.35,2.6,-6.975],"to":[8.35,13,11.025],"rotation":{"angle":0,"axis":"y","origin":[10.35,5,-0.975]},"faces":{"north":{"uv":[0,0,0,2],"texture":"#1"},"east":{"uv":[0,16,16,0],"rotation":90,"texture":"#1"},"south":{"uv":[0,0,0,2],"texture":"#1"},"west":{"uv":[0.875,0,0,0.625],"rotation":90,"texture":"#1"},"up":{"uv":[0,0,0,9],"texture":"#1"},"down":{"uv":[0,0,0,9],"texture":"#1"}}}],"gui_light":"front","display":{"thirdperson_righthand":{"rotation":[90,180,0],"translation":[0.25,24.75,1.5],"scale":[1.5,1.5,1.5]},"thirdperson_lefthand":{"rotation":[-8.75,0,180],"translation":[0,5,31.75],"scale":[1.5,1.5,1.5]},"firstperson_righthand":{"rotation":[78,180,9],"translation":[3.5,22,-5.75],"scale":[1.5,1.5,1.5]},"firstperson_lefthand":{"rotation":[-81.75,0,-171],"translation":[3.5,24.25,2],"scale":[1.5,1.5,1.5]},"ground":{"rotation":[-83.2,15.19,90.94],"translation":[6,39.75,0],"scale":[2,2,2]},"gui":{"rotation":[-38.34,30.72,38.8],"translation":[5.5,5.4,0],"scale":[1.1,1.1,1.1]},"head":{"rotation":[89.2,-38.5,89.06],"translation":[-12.5,-31,4.25],"scale":[2,2,2]},"fixed":{"rotation":[-94.43,45.87,111.93],"translation":[7.5,7.15,0],"scale":[1.1,1.1,1.1]}}}