{"credit":"Naruto RPG","texture_size":[32,32],"textures":{"1":"armas:item/armas_mazofragmentado","particle":"armas:item/armas_mazofragmentado"},"elements":[{"from":[7.25,8.75,7.25],"to":[8.75,18,8.75],"rotation":{"angle":0,"axis":"y","origin":[7,15,7]},"faces":{"north":{"uv":[0,0,0.75,4.625],"texture":"#1"},"east":{"uv":[1,0,1.75,4.625],"texture":"#1"},"south":{"uv":[2,0,2.75,4.625],"texture":"#1"},"west":{"uv":[3,0,3.75,4.625],"texture":"#1"},"up":{"uv":[11.75,2.25,11,1.5],"texture":"#1"},"down":{"uv":[11.75,2.5,11,3.25],"texture":"#1"}}},{"from":[7.4,0.75,7.4],"to":[8.6,9,8.6],"rotation":{"angle":0,"axis":"y","origin":[7,7,7]},"faces":{"north":{"uv":[4,0,4.625,4.125],"texture":"#1"},"east":{"uv":[4,4.5,4.625,8.625],"texture":"#1"},"south":{"uv":[0,5,0.625,9.125],"texture":"#1"},"west":{"uv":[5,0,5.625,4.125],"texture":"#1"},"up":{"uv":[3.625,12.625,3,12],"texture":"#1"},"down":{"uv":[12.625,3,12,3.625],"texture":"#1"}}},{"from":[7.5,0.75,7.5],"to":[8.5,9,8.5],"rotation":{"angle":0,"axis":"y","origin":[7,7,7]},"faces":{"north":{"uv":[6,7,6.5,11.125],"texture":"#1"},"east":{"uv":[6.5,7,7,11.125],"texture":"#1"},"south":{"uv":[7,7,7.5,11.125],"texture":"#1"},"west":{"uv":[7.5,7,8,11.125],"texture":"#1"},"up":{"uv":[9.5,3.5,9,3],"texture":"#1"},"down":{"uv":[13,10,12.5,10.5],"texture":"#1"}}},{"from":[7.25,0.75,7.25],"to":[8.75,1.5,8.75],"rotation":{"angle":0,"axis":"y","origin":[7,7,7]},"faces":{"north":{"uv":[12.5,8,13.25,8.375],"texture":"#1"},"east":{"uv":[12.5,8.5,13.25,8.875],"texture":"#1"},"south":{"uv":[12.5,9,13.25,9.375],"texture":"#1"},"west":{"uv":[9.5,12.5,10.25,12.875],"texture":"#1"},"up":{"uv":[11.75,4.25,11,3.5],"texture":"#1"},"down":{"uv":[11.75,4.5,11,5.25],"texture":"#1"}}},{"from":[7,18,7],"to":[9,18.5,9],"rotation":{"angle":0,"axis":"y","origin":[7,7.5,7]},"faces":{"north":{"uv":[3.5,13,4.5,13.25],"texture":"#1"},"east":{"uv":[13,4,14,4.25],"texture":"#1"},"south":{"uv":[13,4.5,14,4.75],"texture":"#1"},"west":{"uv":[13,5,14,5.25],"texture":"#1"},"up":{"uv":[9.5,4.5,8.5,3.5],"texture":"#1"},"down":{"uv":[9.5,4.5,8.5,5.5],"texture":"#1"}}},{"from":[7.3,18,7.5],"to":[8.7,19,8.5],"rotation":{"angle":-45,"axis":"x","origin":[8,18.5,8]},"faces":{"north":{"uv":[4,12,4.75,12.5],"texture":"#1"},"east":{"uv":[4.5,13,5,13.5],"texture":"#1"},"south":{"uv":[12,4,12.75,4.5],"texture":"#1"},"west":{"uv":[13,5.5,13.5,6],"texture":"#1"},"up":{"uv":[12.75,5,12,4.5],"texture":"#1"},"down":{"uv":[5.75,12,5,12.5],"texture":"#1"}}},{"from":[7.25,-3,7.25],"to":[8.75,-2.5,8.75],"rotation":{"angle":0,"axis":"y","origin":[7,0,7]},"faces":{"north":{"uv":[13,13,13.75,13.25],"texture":"#1"},"east":{"uv":[0,13.5,0.75,13.75],"texture":"#1"},"south":{"uv":[13.5,0,14.25,0.25],"texture":"#1"},"west":{"uv":[13.5,0.5,14.25,0.75],"texture":"#1"},"up":{"uv":[11.75,6.25,11,5.5],"texture":"#1"},"down":{"uv":[11.75,6.5,11,7.25],"texture":"#1"}}},{"from":[7.25,-6.5,7.25],"to":[8.75,-6,8.75],"rotation":{"angle":0,"axis":"y","origin":[7,-3.5,7]},"faces":{"north":{"uv":[13.5,1,14.25,1.25],"texture":"#1"},"east":{"uv":[13.5,1.5,14.25,1.75],"texture":"#1"},"south":{"uv":[13.5,2,14.25,2.25],"texture":"#1"},"west":{"uv":[13.5,2.5,14.25,2.75],"texture":"#1"},"up":{"uv":[11.75,8.25,11,7.5],"texture":"#1"},"down":{"uv":[9.25,11,8.5,11.75],"texture":"#1"}}},{"from":[7.45,-6,7.45],"to":[8.55,0.75,8.55],"rotation":{"angle":0,"axis":"y","origin":[7,-3.25,7]},"faces":{"north":{"uv":[8,0,8.5,3.375],"texture":"#1"},"east":{"uv":[8,3.5,8.5,6.875],"texture":"#1"},"south":{"uv":[5,8,5.5,11.375],"texture":"#1"},"west":{"uv":[5.5,8,6,11.375],"texture":"#1"},"up":{"uv":[6.5,13.5,6,13],"texture":"#1"},"down":{"uv":[7,13,6.5,13.5],"texture":"#1"}}},{"from":[7.55,14.50388,8.50697],"to":[8.45,17.00388,9.75697],"rotation":{"angle":22.5,"axis":"x","origin":[8,13.28052,8]},"faces":{"north":{"uv":[10.5,1.5,11,2.75],"texture":"#1"},"east":{"uv":[4,9,4.625,10.25],"texture":"#1"},"south":{"uv":[4,10.5,4.5,11.75],"texture":"#1"},"west":{"uv":[0,9.5,0.625,10.75],"texture":"#1"},"up":{"uv":[0.5,13.125,0,12.5],"texture":"#1"},"down":{"uv":[3,12.5,2.5,13.125],"texture":"#1"}}},{"from":[7.475,13.75388,9.25697],"to":[8.525,14.50388,9.75697],"rotation":{"angle":22.5,"axis":"x","origin":[8,13.28052,8]},"faces":{"north":{"uv":[1,13.5,1.5,13.875],"texture":"#1"},"east":{"uv":[11.5,13.5,11.75,13.875],"texture":"#1"},"south":{"uv":[2.5,13.5,3,13.875],"texture":"#1"},"west":{"uv":[13.5,11.5,13.75,11.875],"texture":"#1"},"up":{"uv":[8,13.75,7.5,13.5],"texture":"#1"},"down":{"uv":[14,7.5,13.5,7.75],"texture":"#1"}}},{"from":[7.525,16.0481,9.5481],"to":[8.475,17.0231,11.0481],"rotation":{"angle":0,"axis":"y","origin":[8,13.28052,8]},"faces":{"north":{"uv":[7,13,7.5,13.5],"texture":"#1"},"east":{"uv":[12,5,12.75,5.5],"texture":"#1"},"south":{"uv":[13,7,13.5,7.5],"texture":"#1"},"west":{"uv":[12,5.5,12.75,6],"texture":"#1"},"up":{"uv":[6.5,12.75,6,12],"texture":"#1"},"down":{"uv":[12.5,6,12,6.75],"texture":"#1"}}},{"from":[7.5,17.65467,8.48385],"to":[7.575,17.90467,9.38385],"rotation":{"angle":22.5,"axis":"x","origin":[8,13.28052,8]},"faces":{"north":{"uv":[11.5,14,11.625,14.125],"texture":"#1"},"east":{"uv":[3.5,14,4,14.125],"texture":"#1"},"south":{"uv":[14,11.5,14.125,11.625],"texture":"#1"},"west":{"uv":[14,3.5,14.5,3.625],"texture":"#1"},"up":{"uv":[4.125,14.5,4,14],"texture":"#1"},"down":{"uv":[14.125,4,14,4.5],"texture":"#1"}}},{"from":[8.425,17.65467,8.48385],"to":[8.5,17.90467,9.38385],"rotation":{"angle":22.5,"axis":"x","origin":[8,13.28052,8]},"faces":{"north":{"uv":[12,14,12.125,14.125],"texture":"#1"},"east":{"uv":[4.5,14,5,14.125],"texture":"#1"},"south":{"uv":[14,12,14.125,12.125],"texture":"#1"},"west":{"uv":[14,4.5,14.5,4.625],"texture":"#1"},"up":{"uv":[5.125,14.5,5,14],"texture":"#1"},"down":{"uv":[14.125,5,14,5.5],"texture":"#1"}}},{"from":[7.5,10.02049,8.27938],"to":[8.5,16.54549,9.80438],"rotation":{"angle":0,"axis":"y","origin":[8,13.28052,8]},"faces":{"north":{"uv":[8,7,8.5,10.25],"texture":"#1"},"east":{"uv":[1,5,1.75,8.25],"texture":"#1"},"south":{"uv":[8.5,0,9,3.25],"texture":"#1"},"west":{"uv":[2,5,2.75,8.25],"texture":"#1"},"up":{"uv":[7,12.75,6.5,12],"texture":"#1"},"down":{"uv":[7.5,12,7,12.75],"texture":"#1"}}},{"from":[7.475,9.33844,6.98126],"to":[8.525,10.06344,7.35626],"rotation":{"angle":-45,"axis":"x","origin":[8,13.28052,8]},"faces":{"north":{"uv":[13.5,3,14,3.375],"texture":"#1"},"east":{"uv":[12,13.5,12.25,13.875],"texture":"#1"},"south":{"uv":[3.5,13.5,4,13.875],"texture":"#1"},"west":{"uv":[13.5,12,13.75,12.375],"texture":"#1"},"up":{"uv":[8.5,13.75,8,13.5],"texture":"#1"},"down":{"uv":[14,8,13.5,8.25],"texture":"#1"}}},{"from":[7.55,14.50388,6.24303],"to":[8.45,17.00388,7.49303],"rotation":{"angle":-22.5,"axis":"x","origin":[8,13.28052,8]},"faces":{"north":{"uv":[10.5,4,11,5.25],"texture":"#1"},"east":{"uv":[9.5,4,10.125,5.25],"texture":"#1"},"south":{"uv":[4.5,10.5,5,11.75],"texture":"#1"},"west":{"uv":[8.5,9.5,9.125,10.75],"texture":"#1"},"up":{"uv":[5.5,13.125,5,12.5],"texture":"#1"},"down":{"uv":[6,12.5,5.5,13.125],"texture":"#1"}}},{"from":[7.475,13.75388,6.24303],"to":[8.525,14.50388,6.74303],"rotation":{"angle":-22.5,"axis":"x","origin":[8,13.28052,8]},"faces":{"north":{"uv":[13.5,3.5,14,3.875],"texture":"#1"},"east":{"uv":[12.5,13.5,12.75,13.875],"texture":"#1"},"south":{"uv":[4,13.5,4.5,13.875],"texture":"#1"},"west":{"uv":[13.5,12.5,13.75,12.875],"texture":"#1"},"up":{"uv":[9,13.75,8.5,13.5],"texture":"#1"},"down":{"uv":[14,8.5,13.5,8.75],"texture":"#1"}}},{"from":[7.525,16.0481,4.9519],"to":[8.475,17.0231,6.4519],"rotation":{"angle":0,"axis":"y","origin":[8,13.28052,8]},"faces":{"north":{"uv":[8.5,13,9,13.5],"texture":"#1"},"east":{"uv":[12,7,12.75,7.5],"texture":"#1"},"south":{"uv":[9,13,9.5,13.5],"texture":"#1"},"west":{"uv":[7.5,12,8.25,12.5],"texture":"#1"},"up":{"uv":[12.5,8.25,12,7.5],"texture":"#1"},"down":{"uv":[9,12,8.5,12.75],"texture":"#1"}}},{"from":[7.575,16.40467,6.61615],"to":[8.425,17.90467,9.16615],"rotation":{"angle":-22.5,"axis":"x","origin":[8,13.28052,8]},"faces":{"north":{"uv":[12,12.5,12.375,13.25],"texture":"#1"},"east":{"uv":[8.5,7.5,9.75,8.25],"texture":"#1"},"south":{"uv":[12.5,12.5,12.875,13.25],"texture":"#1"},"west":{"uv":[8.5,8.5,9.75,9.25],"texture":"#1"},"up":{"uv":[0.875,13.25,0.5,12],"texture":"#1"},"down":{"uv":[1.375,12,1,13.25],"texture":"#1"}}},{"from":[7.575,16.40467,6.83385],"to":[8.425,17.90467,9.38385],"rotation":{"angle":22.5,"axis":"x","origin":[8,13.28052,8]},"faces":{"north":{"uv":[12.875,12.5,12.5,13.25],"texture":"#1"},"east":{"uv":[9.75,7.5,8.5,8.25],"texture":"#1"},"south":{"uv":[12.375,12.5,12,13.25],"texture":"#1"},"west":{"uv":[9.75,8.5,8.5,9.25],"texture":"#1"},"up":{"uv":[0.875,12,0.5,13.25],"texture":"#1"},"down":{"uv":[1.375,13.25,1,12],"texture":"#1"}}},{"from":[7.5,17.65467,6.61615],"to":[7.575,17.90467,7.51615],"rotation":{"angle":-22.5,"axis":"x","origin":[8,13.28052,8]},"faces":{"north":{"uv":[12.5,14,12.625,14.125],"texture":"#1"},"east":{"uv":[5.5,14,6,14.125],"texture":"#1"},"south":{"uv":[14,12.5,14.125,12.625],"texture":"#1"},"west":{"uv":[14,5.5,14.5,5.625],"texture":"#1"},"up":{"uv":[6.125,14.5,6,14],"texture":"#1"},"down":{"uv":[14.125,6,14,6.5],"texture":"#1"}}},{"from":[8.425,17.65467,6.61615],"to":[8.5,17.90467,7.51615],"rotation":{"angle":-22.5,"axis":"x","origin":[8,13.28052,8]},"faces":{"north":{"uv":[13,14,13.125,14.125],"texture":"#1"},"east":{"uv":[6.5,14,7,14.125],"texture":"#1"},"south":{"uv":[14,13,14.125,13.125],"texture":"#1"},"west":{"uv":[14,6.5,14.5,6.625],"texture":"#1"},"up":{"uv":[7.125,14.5,7,14],"texture":"#1"},"down":{"uv":[14.125,7,14,7.5],"texture":"#1"}}},{"from":[7.5,10.02049,6.19562],"to":[8.5,16.54549,7.72062],"rotation":{"angle":0,"axis":"y","origin":[8,13.28052,8]},"faces":{"north":{"uv":[1,8.5,1.5,11.75],"texture":"#1"},"east":{"uv":[3,5,3.75,8.25],"texture":"#1"},"south":{"uv":[1.5,8.5,2,11.75],"texture":"#1"},"west":{"uv":[5,4.5,5.75,7.75],"texture":"#1"},"up":{"uv":[12.5,9.25,12,8.5],"texture":"#1"},"down":{"uv":[9.5,12,9,12.75],"texture":"#1"}}},{"from":[7.475,9.33844,8.64374],"to":[8.525,10.06344,9.01874],"rotation":{"angle":45,"axis":"x","origin":[8,13.28052,8]},"faces":{"north":{"uv":[4.5,13.5,5,13.875],"texture":"#1"},"east":{"uv":[13,13.5,13.25,13.875],"texture":"#1"},"south":{"uv":[5,13.5,5.5,13.875],"texture":"#1"},"west":{"uv":[13.5,13.5,13.75,13.875],"texture":"#1"},"up":{"uv":[9.5,13.75,9,13.5],"texture":"#1"},"down":{"uv":[14,9,13.5,9.25],"texture":"#1"}}},{"from":[7.525,8.96286,5.66772],"to":[8.475,10.03786,7.76772],"rotation":{"angle":0,"axis":"y","origin":[8,13.28052,8]},"faces":{"north":{"uv":[9.5,13,10,13.5],"texture":"#1"},"east":{"uv":[9.5,11,10.5,11.5],"texture":"#1"},"south":{"uv":[13,9.5,13.5,10],"texture":"#1"},"west":{"uv":[11,9.5,12,10],"texture":"#1"},"up":{"uv":[11.5,11,11,10],"texture":"#1"},"down":{"uv":[11.5,11,11,12],"texture":"#1"}}},{"from":[7.525,8.96286,8.23228],"to":[8.475,10.03786,10.33228],"rotation":{"angle":0,"axis":"y","origin":[8,13.28052,8]},"faces":{"north":{"uv":[13.5,9.5,13,10],"texture":"#1"},"east":{"uv":[10.5,11,9.5,11.5],"texture":"#1"},"south":{"uv":[10,13,9.5,13.5],"texture":"#1"},"west":{"uv":[12,9.5,11,10],"texture":"#1"},"up":{"uv":[11.5,10,11,11],"texture":"#1"},"down":{"uv":[11.5,12,11,11],"texture":"#1"}}},{"from":[6.24303,14.50388,7.55],"to":[7.49303,17.00388,8.45],"rotation":{"angle":22.5,"axis":"z","origin":[8,13.28052,8]},"faces":{"north":{"uv":[9.5,9.5,10.125,10.75],"texture":"#1"},"east":{"uv":[8,10.5,8.5,11.75],"texture":"#1"},"south":{"uv":[10,5.5,10.625,6.75],"texture":"#1"},"west":{"uv":[10.5,8.5,11,9.75],"texture":"#1"},"up":{"uv":[13.125,6.5,12.5,6],"texture":"#1"},"down":{"uv":[13.125,6.5,12.5,7],"texture":"#1"}}},{"from":[6.24303,13.75388,7.475],"to":[6.74303,14.50388,8.525],"rotation":{"angle":22.5,"axis":"z","origin":[8,13.28052,8]},"faces":{"north":{"uv":[0,14,0.25,14.375],"texture":"#1"},"east":{"uv":[5.5,13.5,6,13.875],"texture":"#1"},"south":{"uv":[0.5,14,0.75,14.375],"texture":"#1"},"west":{"uv":[13.5,5.5,14,5.875],"texture":"#1"},"up":{"uv":[9.75,14,9.5,13.5],"texture":"#1"},"down":{"uv":[13.75,9.5,13.5,10],"texture":"#1"}}},{"from":[4.9519,16.0481,7.525],"to":[6.4519,17.0231,8.475],"rotation":{"angle":0,"axis":"y","origin":[8,13.28052,8]},"faces":{"north":{"uv":[9.5,12,10.25,12.5],"texture":"#1"},"east":{"uv":[10,13,10.5,13.5],"texture":"#1"},"south":{"uv":[12,9.5,12.75,10],"texture":"#1"},"west":{"uv":[13,10,13.5,10.5],"texture":"#1"},"up":{"uv":[12.75,11,12,10.5],"texture":"#1"},"down":{"uv":[11.75,12,11,12.5],"texture":"#1"}}},{"from":[6.61615,16.40467,7.575],"to":[9.16615,17.90467,8.425],"rotation":{"angle":22.5,"axis":"z","origin":[8,13.28052,8]},"faces":{"north":{"uv":[9,0,10.25,0.75],"texture":"#1"},"east":{"uv":[1.5,13,1.875,13.75],"texture":"#1"},"south":{"uv":[9,1,10.25,1.75],"texture":"#1"},"west":{"uv":[2,13,2.375,13.75],"texture":"#1"},"up":{"uv":[2.75,12.375,1.5,12],"texture":"#1"},"down":{"uv":[13.25,1.5,12,1.875],"texture":"#1"}}},{"from":[6.61615,17.65467,7.5],"to":[7.51615,17.90467,7.575],"rotation":{"angle":22.5,"axis":"z","origin":[8,13.28052,8]},"faces":{"north":{"uv":[7.5,14,8,14.125],"texture":"#1"},"east":{"uv":[13.5,14,13.625,14.125],"texture":"#1"},"south":{"uv":[14,7.5,14.5,7.625],"texture":"#1"},"west":{"uv":[14,13.5,14.125,13.625],"texture":"#1"},"up":{"uv":[8.5,14.125,8,14],"texture":"#1"},"down":{"uv":[14.5,8,14,8.125],"texture":"#1"}}},{"from":[6.61615,17.65467,8.425],"to":[7.51615,17.90467,8.5],"rotation":{"angle":22.5,"axis":"z","origin":[8,13.28052,8]},"faces":{"north":{"uv":[8.5,14,9,14.125],"texture":"#1"},"east":{"uv":[14,14,14.125,14.125],"texture":"#1"},"south":{"uv":[14,8.5,14.5,8.625],"texture":"#1"},"west":{"uv":[0,14.5,0.125,14.625],"texture":"#1"},"up":{"uv":[9.5,14.125,9,14],"texture":"#1"},"down":{"uv":[14.5,9,14,9.125],"texture":"#1"}}},{"from":[6.19562,10.02049,7.5],"to":[7.72062,16.54549,8.5],"rotation":{"angle":0,"axis":"y","origin":[8,13.28052,8]},"faces":{"north":{"uv":[6,0,6.75,3.25],"texture":"#1"},"east":{"uv":[2,8.5,2.5,11.75],"texture":"#1"},"south":{"uv":[6,3.5,6.75,6.75],"texture":"#1"},"west":{"uv":[2.5,8.5,3,11.75],"texture":"#1"},"up":{"uv":[12.75,11.5,12,11],"texture":"#1"},"down":{"uv":[12.75,11.5,12,12],"texture":"#1"}}},{"from":[8.64374,9.33844,7.475],"to":[9.01874,10.06344,8.525],"rotation":{"angle":-45,"axis":"z","origin":[8,13.28052,8]},"faces":{"north":{"uv":[1,14,1.25,14.375],"texture":"#1"},"east":{"uv":[6,13.5,6.5,13.875],"texture":"#1"},"south":{"uv":[1.5,14,1.75,14.375],"texture":"#1"},"west":{"uv":[13.5,6,14,6.375],"texture":"#1"},"up":{"uv":[10.25,14,10,13.5],"texture":"#1"},"down":{"uv":[13.75,10,13.5,10.5],"texture":"#1"}}},{"from":[5.66772,8.96286,7.525],"to":[7.76772,10.03786,8.475],"rotation":{"angle":0,"axis":"y","origin":[8,13.28052,8]},"faces":{"north":{"uv":[11.5,0,12.5,0.5],"texture":"#1"},"east":{"uv":[10.5,13,11,13.5],"texture":"#1"},"south":{"uv":[11.5,0.5,12.5,1],"texture":"#1"},"west":{"uv":[13,10.5,13.5,11],"texture":"#1"},"up":{"uv":[12.5,1.5,11.5,1],"texture":"#1"},"down":{"uv":[6,11.5,5,12],"texture":"#1"}}},{"from":[8.50697,14.50388,7.55],"to":[9.75697,17.00388,8.45],"rotation":{"angle":-22.5,"axis":"z","origin":[8,13.28052,8]},"faces":{"north":{"uv":[10,7,10.625,8.25],"texture":"#1"},"east":{"uv":[10.5,10,11,11.25],"texture":"#1"},"south":{"uv":[10.5,0,11.125,1.25],"texture":"#1"},"west":{"uv":[0,11,0.5,12.25],"texture":"#1"},"up":{"uv":[8.125,13,7.5,12.5],"texture":"#1"},"down":{"uv":[13.125,7.5,12.5,8],"texture":"#1"}}},{"from":[9.25697,13.75388,7.475],"to":[9.75697,14.50388,8.525],"rotation":{"angle":-22.5,"axis":"z","origin":[8,13.28052,8]},"faces":{"north":{"uv":[2,14,2.25,14.375],"texture":"#1"},"east":{"uv":[6.5,13.5,7,13.875],"texture":"#1"},"south":{"uv":[2.5,14,2.75,14.375],"texture":"#1"},"west":{"uv":[13.5,6.5,14,6.875],"texture":"#1"},"up":{"uv":[10.75,14,10.5,13.5],"texture":"#1"},"down":{"uv":[13.75,10.5,13.5,11],"texture":"#1"}}},{"from":[9.5481,16.0481,7.525],"to":[11.0481,17.0231,8.475],"rotation":{"angle":0,"axis":"y","origin":[8,13.28052,8]},"faces":{"north":{"uv":[12,12,12.75,12.5],"texture":"#1"},"east":{"uv":[13,11,13.5,11.5],"texture":"#1"},"south":{"uv":[12.5,0,13.25,0.5],"texture":"#1"},"west":{"uv":[13,11.5,13.5,12],"texture":"#1"},"up":{"uv":[13.25,1,12.5,0.5],"texture":"#1"},"down":{"uv":[13.25,1,12.5,1.5],"texture":"#1"}}},{"from":[6.83385,16.40467,7.575],"to":[9.38385,17.90467,8.425],"rotation":{"angle":-22.5,"axis":"z","origin":[8,13.28052,8]},"faces":{"north":{"uv":[9,2,10.25,2.75],"texture":"#1"},"east":{"uv":[3,13,3.375,13.75],"texture":"#1"},"south":{"uv":[9.5,3,10.75,3.75],"texture":"#1"},"west":{"uv":[13,3,13.375,3.75],"texture":"#1"},"up":{"uv":[13.25,2.375,12,2],"texture":"#1"},"down":{"uv":[13.25,2.5,12,2.875],"texture":"#1"}}},{"from":[8.48385,17.65467,7.5],"to":[9.38385,17.90467,7.575],"rotation":{"angle":-22.5,"axis":"z","origin":[8,13.28052,8]},"faces":{"north":{"uv":[9.5,14,10,14.125],"texture":"#1"},"east":{"uv":[14.5,0,14.625,0.125],"texture":"#1"},"south":{"uv":[14,9.5,14.5,9.625],"texture":"#1"},"west":{"uv":[0.5,14.5,0.625,14.625],"texture":"#1"},"up":{"uv":[10.5,14.125,10,14],"texture":"#1"},"down":{"uv":[14.5,10,14,10.125],"texture":"#1"}}},{"from":[8.48385,17.65467,8.425],"to":[9.38385,17.90467,8.5],"rotation":{"angle":-22.5,"axis":"z","origin":[8,13.28052,8]},"faces":{"north":{"uv":[10.5,14,11,14.125],"texture":"#1"},"east":{"uv":[14.5,0.5,14.625,0.625],"texture":"#1"},"south":{"uv":[14,10.5,14.5,10.625],"texture":"#1"},"west":{"uv":[1,14.5,1.125,14.625],"texture":"#1"},"up":{"uv":[11.5,14.125,11,14],"texture":"#1"},"down":{"uv":[14.5,11,14,11.125],"texture":"#1"}}},{"from":[8.27938,10.02049,7.5],"to":[9.80438,16.54549,8.5],"rotation":{"angle":0,"axis":"y","origin":[8,13.28052,8]},"faces":{"north":{"uv":[7,0,7.75,3.25],"texture":"#1"},"east":{"uv":[3,8.5,3.5,11.75],"texture":"#1"},"south":{"uv":[7,3.5,7.75,6.75],"texture":"#1"},"west":{"uv":[3.5,8.5,4,11.75],"texture":"#1"},"up":{"uv":[2.25,13,1.5,12.5],"texture":"#1"},"down":{"uv":[4.75,12.5,4,13],"texture":"#1"}}},{"from":[6.98126,9.33844,7.475],"to":[7.35626,10.06344,8.525],"rotation":{"angle":45,"axis":"z","origin":[8,13.28052,8]},"faces":{"north":{"uv":[3,14,3.25,14.375],"texture":"#1"},"east":{"uv":[7,13.5,7.5,13.875],"texture":"#1"},"south":{"uv":[14,3,14.25,3.375],"texture":"#1"},"west":{"uv":[13.5,7,14,7.375],"texture":"#1"},"up":{"uv":[11.25,14,11,13.5],"texture":"#1"},"down":{"uv":[13.75,11,13.5,11.5],"texture":"#1"}}},{"from":[8.23228,8.96286,7.525],"to":[10.33228,10.03786,8.475],"rotation":{"angle":0,"axis":"y","origin":[8,13.28052,8]},"faces":{"north":{"uv":[6,11.5,7,12],"texture":"#1"},"east":{"uv":[13,12,13.5,12.5],"texture":"#1"},"south":{"uv":[7,11.5,8,12],"texture":"#1"},"west":{"uv":[13,12.5,13.5,13],"texture":"#1"},"up":{"uv":[10.5,12,9.5,11.5],"texture":"#1"},"down":{"uv":[12.5,10,11.5,10.5],"texture":"#1"}}}],"gui_light":"front","display":{"thirdperson_righthand":{"translation":[0,8.75,1.75]},"firstperson_righthand":{"rotation":[-9.5,0,0],"translation":[1.25,5,0]},"firstperson_lefthand":{"rotation":[-54.5,0,0],"translation":[1.5,0,1.25]},"ground":{"rotation":[17.48,0.26,2.41],"translation":[0,15.25,0]},"gui":{"rotation":[0,0,-43.5],"translation":[0.75,0.75,0],"scale":[0.8,0.8,0.8]},"head":{"rotation":[0.06,4.5,137.75],"translation":[-1.5,-15.75,4.75],"scale":[1.3,1.3,1.3]},"fixed":{"rotation":[0,0,-43.5],"translation":[0.75,0.75,0],"scale":[0.8,0.8,0.8]}}}