{"credit":"Naruto RPG","textures":{"2":"armas:item/armas_gunbai_tornado_3","3":"viento:item/viento_2","particle":"armas:item/armas_gunbai_tornado_2"},"elements":[{"from":[-7,-14,8],"to":[21,14,8],"rotation":{"angle":-45,"axis":"y","origin":[7,0,8]},"faces":{"north":{"uv":[0,0,16,16],"rotation":180,"texture":"#2"},"east":{"uv":[0,0,16,0],"rotation":90,"texture":"#2"},"south":{"uv":[0,0,16,16],"texture":"#2"},"west":{"uv":[0,0,16,0],"rotation":270,"texture":"#2"},"up":{"uv":[0,0,16,0],"texture":"#2"},"down":{"uv":[0,0,16,0],"rotation":180,"texture":"#2"}}},{"from":[-7,-14,8],"to":[21,14,8],"rotation":{"angle":45,"axis":"y","origin":[7,0,8]},"faces":{"north":{"uv":[0,0,16,16],"rotation":180,"texture":"#2"},"east":{"uv":[0,0,16,0],"rotation":90,"texture":"#2"},"south":{"uv":[0,0,16,16],"texture":"#2"},"west":{"uv":[0,0,16,0],"rotation":270,"texture":"#2"},"up":{"uv":[0,0,16,0],"texture":"#2"},"down":{"uv":[0,0,16,0],"rotation":180,"texture":"#2"}}},{"from":[7,-16,-6],"to":[7,25,22],"rotation":{"angle":45,"axis":"y","origin":[7,4.5,8]},"faces":{"north":{"uv":[0,0,16,0],"rotation":270,"texture":"#3"},"east":{"uv":[0,0,16,16],"rotation":180,"texture":"#3"},"south":{"uv":[0,0,16,0],"rotation":90,"texture":"#3"},"west":{"uv":[0,0,16,16],"texture":"#3"},"up":{"uv":[0,0,16,0],"rotation":90,"texture":"#3"},"down":{"uv":[0,0,16,0],"rotation":90,"texture":"#3"}}},{"from":[-7,-16,8],"to":[21,25,8],"rotation":{"angle":45,"axis":"y","origin":[7,4.5,8]},"faces":{"north":{"uv":[0,0,16,16],"texture":"#3"},"east":{"uv":[0,0,16,0],"rotation":270,"texture":"#3"},"south":{"uv":[0,0,16,16],"rotation":180,"texture":"#3"},"west":{"uv":[0,0,16,0],"rotation":90,"texture":"#3"},"up":{"uv":[0,0,16,0],"rotation":180,"texture":"#3"},"down":{"uv":[0,0,16,0],"texture":"#3"}}}],"display":{"thirdperson_righthand":{"translation":[0,23.5,0]},"head":{"translation":[2.75,-50.25,0.25],"scale":[3,3,3]}}}