{"credit":"Naruto RPG","texture_size":[8,8],"textures":{"0":"armas:item/armas_tantocolmilloblanco_2","1":"armas:item/armas_tantocolmilloblanco","particle":"armas:item/armas_tantocolmilloblanco_2"},"elements":[{"from":[7.25,7.5,6],"to":[8.75,7.75,7],"faces":{"north":{"uv":[3.1,9.2,7.9,11],"texture":"#0"},"east":{"uv":[3.1,9.5,5.8,10.7],"texture":"#0"},"south":{"uv":[3.4,9.3,7.8,11],"texture":"#0"},"west":{"uv":[3.1,9.1,5.6,10.8],"texture":"#0"},"up":{"uv":[4.1,9.1,7.9,11],"texture":"#0"},"down":{"uv":[4.1,9.2,7.9,11],"texture":"#0"}}},{"from":[7,7.75,5.75],"to":[9,8.25,7.25],"rotation":{"angle":0,"axis":"y","origin":[0,-0.25,0]},"faces":{"north":{"uv":[3,13.2,7.9,16],"texture":"#0"},"east":{"uv":[3,13.2,7.9,16],"texture":"#0"},"south":{"uv":[3.1,13.2,8,16],"texture":"#0"},"west":{"uv":[3,13.1,7.9,16],"texture":"#0"},"up":{"uv":[3.2,9,8,12],"texture":"#0"},"down":{"uv":[3.2,9.1,8,12.1],"texture":"#0"}}},{"from":[7.25,8.25,6],"to":[8.75,8.5,7],"faces":{"north":{"uv":[3.1,9.9,7.8,11],"texture":"#0"},"east":{"uv":[3.5,10.3,7.8,11.2],"texture":"#0"},"south":{"uv":[3.3,9.8,7.6,10.8],"texture":"#0"},"west":{"uv":[3.1,9.9,7.4,10.7],"texture":"#0"},"up":{"uv":[3.1,9.1,6.1,11.1],"texture":"#0"},"down":{"uv":[3.1,8.9,6.1,10.9],"texture":"#0"}}},{"from":[7.5,8.5,6.25],"to":[8.5,8.75,6.75],"faces":{"north":{"uv":[3.2,9.2,7.7,10.5],"texture":"#0"},"east":{"uv":[3.3,9.4,7.2,10.3],"texture":"#0"},"south":{"uv":[3.2,9.5,7.3,10.2],"texture":"#0"},"west":{"uv":[3.3,9.3,7.5,10.4],"texture":"#0"},"up":{"uv":[3.3,9.3,5.1,10.7],"texture":"#0"},"down":{"uv":[3.2,9.1,5.2,10.7],"texture":"#0"}}},{"from":[7.5,2.5,6.1],"to":[8.5,7.5,6.9],"faces":{"north":{"uv":[0,0,2,11],"texture":"#0"},"east":{"uv":[0,0,2,11],"texture":"#0"},"south":{"uv":[0,0,2,10.9],"texture":"#0"},"west":{"uv":[0,0,2,10.9],"texture":"#0"},"up":{"uv":[2,2,0,0],"texture":"#0"},"down":{"uv":[2,10,0,12],"texture":"#0"}}},{"from":[7.52,8.75,6.38],"to":[8.48,15.5,6.63],"faces":{"north":{"uv":[14.08,0,16,13.5],"texture":"#0"},"east":{"uv":[15,0,16,13.5],"texture":"#0"},"south":{"uv":[12.08,0,14,13.5],"texture":"#0"},"west":{"uv":[13.6,2.5,14.6,16],"texture":"#0"},"up":{"uv":[12.08,1,14,2],"texture":"#0"},"down":{"uv":[14.08,4.9,16,6],"texture":"#0"}}},{"from":[7.65,15.5,6.38],"to":[8.35,15.75,6.63],"faces":{"north":{"uv":[12.4,0,14.6,1.2],"texture":"#0"},"east":{"uv":[12.8,0.9,15,2.2],"texture":"#0"},"south":{"uv":[12.6,0,15,1.4],"texture":"#0"},"west":{"uv":[12.7,1.8,14.6,3],"texture":"#0"},"up":{"uv":[12.2,0,14.5,1.6],"texture":"#0"},"down":{"uv":[12.8,12.7,15,13.9],"texture":"#0"}}},{"from":[7.88,16,6.38],"to":[8.09,16.25,6.63],"faces":{"north":{"uv":[12.25,1.25,13.42,2.25],"texture":"#0"},"east":{"uv":[12.25,0.25,14.5,1.5],"texture":"#0"},"south":{"uv":[13.25,0.25,14.42,1.5],"texture":"#0"},"west":{"uv":[12.25,0.25,14.5,1.25],"texture":"#0"},"up":{"uv":[14.83,0.25,16,2.25],"texture":"#0"},"down":{"uv":[14,3.5,15.17,5],"texture":"#0"}}},{"from":[7.73,15.75,6.38],"to":[8.24,16,6.63],"rotation":{"angle":0,"axis":"y","origin":[-0.15,0,0]},"faces":{"north":{"uv":[13,0,15.02,1],"texture":"#0"},"east":{"uv":[12.75,0,15,1.25],"texture":"#0"},"south":{"uv":[12,0,15.02,1.5],"texture":"#0"},"west":{"uv":[12.25,2.25,14.25,3.5],"texture":"#0"},"up":{"uv":[12,2,14.02,3.5],"texture":"#0"},"down":{"uv":[12,2.25,13.77,3.5],"texture":"#0"}}},{"from":[7,9,6.65],"to":[9,16,6.65],"rotation":{"angle":0,"axis":"y","origin":[7,9,4.65]},"faces":{"north":{"uv":[11.5,0,5.25,16],"texture":"#1"},"east":{"uv":[0,0,0,14],"texture":"#1"},"south":{"uv":[5.25,0,11.5,16],"texture":"#1"},"west":{"uv":[0,0,0,14],"texture":"#1"},"up":{"uv":[0,0,4,0],"texture":"#1"},"down":{"uv":[0,0,4,0],"texture":"#1"}}},{"from":[7,9,6.35],"to":[9,16,6.35],"rotation":{"angle":0,"axis":"y","origin":[7,9,4.35]},"faces":{"north":{"uv":[11.5,0,5.25,16],"texture":"#1"},"east":{"uv":[0,0,0,14],"texture":"#1"},"south":{"uv":[5.25,0,11.5,16],"texture":"#1"},"west":{"uv":[0,0,0,14],"texture":"#1"},"up":{"uv":[0,0,4,0],"texture":"#1"},"down":{"uv":[0,0,4,0],"texture":"#1"}}}],"gui_light":"front","display":{"thirdperson_righthand":{"rotation":[0,90,0],"translation":[1.75,0.75,1.5],"scale":[1.2,1.2,1.2]},"thirdperson_lefthand":{"rotation":[0,90,0],"translation":[1.75,0.75,1.5],"scale":[1.2,1.2,1.2]},"firstperson_righthand":{"rotation":[-8,-70,5],"translation":[2,3.5,1]},"firstperson_lefthand":{"rotation":[-8,-70,5],"translation":[2,3.5,1]},"ground":{"rotation":[17.38,50.09,-30.01],"translation":[-0.25,4.25,0],"scale":[1.1,1.1,1.1]},"gui":{"rotation":[0,0,-40.25],"translation":[-0.75,-1.25,0],"scale":[1.35,1.3,1.35]},"head":{"rotation":[0,0,180],"translation":[0,-13.25,6],"scale":[1.31,1.31,1.31]},"fixed":{"rotation":[0,0,45],"translation":[0.75,-1,2],"scale":[1.17,1.17,1.17]}}}