{"credit":"Naruto RPG","textures":{"0":"armas:item/armas_papelbomba","particle":"armas:item/armas_papelbomba"},"elements":[{"from":[0,0,0],"to":[7,1,15],"faces":{"north":{"uv":[3.9375,0,4.5,16],"texture":"#0"},"east":{"uv":[3.9375,0,4.5,16],"texture":"#0"},"south":{"uv":[3.9375,0,4.5,16],"texture":"#0"},"west":{"uv":[3.9375,0,4.5,16],"texture":"#0"},"up":{"uv":[3.9375,0,12.0625,16],"texture":"#0"},"down":{"uv":[3.9375,16,12.0625,0],"texture":"#0"}}}],"gui_light":"front","display":{"thirdperson_righthand":{"rotation":[90,0,0],"translation":[1.75,2.75,3.75],"scale":[0.4,0.4,0.4]},"thirdperson_lefthand":{"rotation":[90,0,0],"translation":[-1.75,2.75,3.75],"scale":[0.4,0.4,0.4]},"firstperson_righthand":{"rotation":[62.37,-10.76,19.61],"translation":[-0.75,3.25,4.75],"scale":[0.4,0.4,0.4]},"firstperson_lefthand":{"rotation":[62.37,-10.76,19.61],"translation":[-1.75,3.25,2.25],"scale":[0.4,0.4,0.4]},"ground":{"rotation":[97.59,16.19,37.49],"translation":[0,5,5],"scale":[0.7,0.7,0.7]},"gui":{"rotation":[79.97,-18.48,-3.22],"translation":[4,-1,0],"scale":[0.9,0.9,0.9]},"head":{"translation":[3.75,-35,0.5],"scale":[0.8,0.8,0.8]},"fixed":{"rotation":[93.97,-18.48,-3.22],"translation":[3.5,-2.25,6],"scale":[0.8,0.8,0.8]}}}