{"credit":"Made with Blockbench","textures":{"2":"armas:item/armas_samehada_corte_1_1","particle":"armas:item/armas_samehada_corte_1_1"},"elements":[{"from":[-2,5.04594,-16],"to":[25,5.04594,30],"rotation":{"angle":22.5,"axis":"x","origin":[24.5,5.04594,6]},"faces":{"north":{"uv":[0,0,16,16],"texture":"#2"},"east":{"uv":[0,0,16,16],"rotation":270,"texture":"#2"},"south":{"uv":[0,0,16,16],"rotation":180,"texture":"#2"},"west":{"uv":[0,0,16,16],"rotation":90,"texture":"#2"},"up":{"uv":[0,16,16,0],"rotation":180,"texture":"#2"},"down":{"uv":[16,16,0,0],"texture":"#2"}}},{"from":[-2,5.04594,-16],"to":[25,5.04594,30],"rotation":{"angle":0,"axis":"x","origin":[24.5,5.04594,6]},"faces":{"north":{"uv":[0,0,16,16],"texture":"#2"},"east":{"uv":[0,0,16,16],"rotation":270,"texture":"#2"},"south":{"uv":[0,0,16,16],"rotation":180,"texture":"#2"},"west":{"uv":[0,0,16,16],"rotation":90,"texture":"#2"},"up":{"uv":[0,16,16,0],"rotation":180,"texture":"#2"},"down":{"uv":[16,16,0,0],"texture":"#2"}}}],"display":{"head":{"rotation":[-90,-82.5,-90],"translation":[-11.5,-7,-35.75],"scale":[3,3,3]}}}