{"credit":"Naruto RPG","textures":{"2":"armas:item/armas_gunbai_tornado_3","3":"viento:item/viento_2","particle":"armas:item/armas_gunbai_tornado_2"},"elements":[{"from":[-16,-16,8],"to":[32,32,8],"rotation":{"angle":-45,"axis":"y","origin":[7,0,8]},"faces":{"north":{"uv":[0,0,16,16],"rotation":180,"texture":"#2"},"east":{"uv":[0,0,16,0],"rotation":90,"texture":"#2"},"south":{"uv":[0,0,16,16],"texture":"#2"},"west":{"uv":[0,0,16,0],"rotation":270,"texture":"#2"},"up":{"uv":[0,0,16,0],"texture":"#2"},"down":{"uv":[0,0,16,0],"rotation":180,"texture":"#2"}}},{"from":[-16,-16,8],"to":[32,32,8],"rotation":{"angle":45,"axis":"y","origin":[7,0,8]},"faces":{"north":{"uv":[0,0,16,16],"rotation":180,"texture":"#2"},"east":{"uv":[0,0,16,0],"rotation":90,"texture":"#2"},"south":{"uv":[0,0,16,16],"texture":"#2"},"west":{"uv":[0,0,16,0],"rotation":270,"texture":"#2"},"up":{"uv":[0,0,16,0],"texture":"#2"},"down":{"uv":[0,0,16,0],"rotation":180,"texture":"#2"}}},{"from":[7,-16,-16],"to":[7,32,32],"rotation":{"angle":45,"axis":"y","origin":[7,4.5,8]},"faces":{"north":{"uv":[0,0,16,0],"rotation":270,"texture":"#3"},"east":{"uv":[0,0,16,16],"rotation":180,"texture":"#3"},"south":{"uv":[0,0,16,0],"rotation":90,"texture":"#3"},"west":{"uv":[0,0,16,16],"texture":"#3"},"up":{"uv":[0,0,16,0],"rotation":90,"texture":"#3"},"down":{"uv":[0,0,16,0],"rotation":90,"texture":"#3"}}},{"from":[-16,-16,8],"to":[32,32,8],"rotation":{"angle":45,"axis":"y","origin":[7,4.5,8]},"faces":{"north":{"uv":[0,0,16,16],"texture":"#3"},"east":{"uv":[0,0,16,0],"rotation":270,"texture":"#3"},"south":{"uv":[0,0,16,16],"rotation":180,"texture":"#3"},"west":{"uv":[0,0,16,0],"rotation":90,"texture":"#3"},"up":{"uv":[0,0,16,0],"rotation":180,"texture":"#3"},"down":{"uv":[0,0,16,0],"texture":"#3"}}}],"display":{"thirdperson_righthand":{"translation":[0,23.5,0]},"head":{"translation":[1.75,-15,-38.25],"scale":[4,4,2.91211]}}}