{"credit":"Naruto RPG","texture_size":[32,32],"textures":{"1":"armas:item/armas_cadenas","particle":"armas:item/armas_cadenas"},"elements":[{"name":"2s","from":[7.5,0.625,4],"to":[7.5,7.375,11],"rotation":{"angle":0,"axis":"y","origin":[6.5,0.875,8.25]},"faces":{"north":{"uv":[0,0,0,7],"texture":"#1"},"east":{"uv":[0,9,7,16],"texture":"#1"},"south":{"uv":[0,0,0,7],"texture":"#1"},"west":{"uv":[7,9,0,16],"texture":"#1"},"up":{"uv":[0,4.5,0,0],"texture":"#1"},"down":{"uv":[0,0,0,4.5],"texture":"#1"}}},{"from":[7.20355,4.11428,4.11428],"to":[7.75355,4.56428,4.56428],"rotation":{"angle":0,"axis":"y","origin":[7.5,4.33928,3.55]},"faces":{"north":{"uv":[3.5,10.5,3.75,10.75],"texture":"#1"},"east":{"uv":[10.5,10.25,11,11.25],"texture":"#1"},"south":{"uv":[10.75,10.5,11,11],"texture":"#1"},"west":{"uv":[11,10.25,10.5,11.25],"texture":"#1"},"up":{"uv":[10.5,10.75,11.25,10.25],"texture":"#1"},"down":{"uv":[10.5,10.25,11.25,10.75],"texture":"#1"}}},{"from":[7.10355,3.86428,3.61428],"to":[7.90355,4.81428,4.11428],"rotation":{"angle":0,"axis":"y","origin":[7.5,4.33928,3.55]},"faces":{"north":{"uv":[10,7.5,10.375,8],"texture":"#1"},"east":{"uv":[12.5,10.75,13,11.75],"texture":"#1"},"south":{"uv":[10.5,10.25,11.25,11.25],"texture":"#1"},"west":{"uv":[13,10.75,12.5,11.75],"texture":"#1"},"up":{"uv":[14.25,11.5,13.5,11],"texture":"#1"},"down":{"uv":[14.25,11,13.5,11.5],"texture":"#1"}}},{"from":[6.75,3.58928,1.76072],"to":[8.25,5.08928,3.76072],"rotation":{"angle":0,"axis":"y","origin":[7.5,4.33928,3.55]},"faces":{"north":{"uv":[13.25,13.75,14.75,15.25],"texture":"#1"},"east":{"uv":[10,12.25,12,13.75],"texture":"#1"},"south":{"uv":[13.25,12,14.75,13.5],"texture":"#1"},"west":{"uv":[12,12.25,10,13.75],"texture":"#1"},"up":{"uv":[13.5,10.25,15,8.25],"texture":"#1"},"down":{"uv":[13.5,8.25,15,10.25],"texture":"#1"}}},{"from":[6.75,0.43928,1.76072],"to":[8.25,1.93928,3.76072],"rotation":{"angle":0,"axis":"y","origin":[7.5,1.18928,3.55]},"faces":{"north":{"uv":[13.25,13.75,14.75,15.25],"texture":"#1"},"east":{"uv":[10,12.25,12,13.75],"texture":"#1"},"south":{"uv":[13.25,12,14.75,13.5],"texture":"#1"},"west":{"uv":[12,12.25,10,13.75],"texture":"#1"},"up":{"uv":[13.5,10.25,15,8.25],"texture":"#1"},"down":{"uv":[13.5,8.25,15,10.25],"texture":"#1"}}},{"from":[7.10355,0.71428,3.61428],"to":[7.90355,1.66428,4.11428],"rotation":{"angle":0,"axis":"y","origin":[7.5,1.18928,3.55]},"faces":{"north":{"uv":[10,7.5,10.375,8],"texture":"#1"},"east":{"uv":[12.5,10.75,13,11.75],"texture":"#1"},"south":{"uv":[10.5,10.25,11.25,11.25],"texture":"#1"},"west":{"uv":[13,10.75,12.5,11.75],"texture":"#1"},"up":{"uv":[14.25,11.5,13.5,11],"texture":"#1"},"down":{"uv":[14.25,11,13.5,11.5],"texture":"#1"}}},{"from":[7.20355,0.96428,4.11428],"to":[7.75355,1.41428,4.56428],"rotation":{"angle":0,"axis":"y","origin":[7.5,1.18928,3.55]},"faces":{"north":{"uv":[3.5,10.5,3.75,10.75],"texture":"#1"},"east":{"uv":[10.5,10.25,11,11.25],"texture":"#1"},"south":{"uv":[10.75,10.5,11,11],"texture":"#1"},"west":{"uv":[11,10.25,10.5,11.25],"texture":"#1"},"up":{"uv":[10.5,10.75,11.25,10.25],"texture":"#1"},"down":{"uv":[10.5,10.25,11.25,10.75],"texture":"#1"}}},{"from":[7.2,0.895,9.7025],"to":[7.845,5.205,10.3475],"rotation":{"angle":0,"axis":"y","origin":[7.5225,2.8,11.4225]},"faces":{"north":{"uv":[0,0,8.25,1],"rotation":270,"texture":"#1"},"east":{"uv":[0,0,8.25,1],"rotation":90,"texture":"#1"},"south":{"uv":[0,0,8.25,1],"rotation":90,"texture":"#1"},"west":{"uv":[0,0,8.25,1],"rotation":90,"texture":"#1"},"up":{"uv":[8.5,6,9.25,7],"rotation":90,"texture":"#1"},"down":{"uv":[8.5,5,9.25,6],"rotation":90,"texture":"#1"}}},{"from":[7.2,0.895,12.4975],"to":[7.845,5.205,13.1425],"rotation":{"angle":0,"axis":"y","origin":[7.5225,2.8,11.4225]},"faces":{"north":{"uv":[0,0,8.25,1],"rotation":270,"texture":"#1"},"east":{"uv":[0,0,8.25,1],"rotation":90,"texture":"#1"},"south":{"uv":[0,0,8.25,1],"rotation":90,"texture":"#1"},"west":{"uv":[0,0,8.25,1],"rotation":90,"texture":"#1"},"up":{"uv":[8.5,6,9.25,7],"rotation":90,"texture":"#1"},"down":{"uv":[8.5,5,9.25,6],"rotation":90,"texture":"#1"}}},{"from":[7.2,5.205,9.7025],"to":[7.845,5.85,13.1425],"rotation":{"angle":0,"axis":"y","origin":[7.5225,1.55,11.4225]},"faces":{"north":{"uv":[8.5,5,9.25,6],"rotation":270,"texture":"#1"},"east":{"uv":[0,0,5.25,1],"texture":"#1"},"south":{"uv":[8.5,6,9.25,7],"rotation":90,"texture":"#1"},"west":{"uv":[0,0,5.25,1],"texture":"#1"},"up":{"uv":[0,0,4.25,1],"rotation":90,"texture":"#1"},"down":{"uv":[0,0,4.25,1],"rotation":90,"texture":"#1"}}},{"from":[7.2,0.3,9.7025],"to":[7.845,0.945,13.1425],"rotation":{"angle":0,"axis":"y","origin":[7.5225,4.6,11.4225]},"faces":{"north":{"uv":[9.25,5,8.5,6],"rotation":270,"texture":"#1"},"east":{"uv":[0,0,5.25,1],"texture":"#1"},"south":{"uv":[8.5,6,9.25,7],"rotation":90,"texture":"#1"},"west":{"uv":[0,0,5.25,1],"texture":"#1"},"up":{"uv":[0,0,4.25,1],"rotation":90,"texture":"#1"},"down":{"uv":[0,0,4.25,1],"rotation":90,"texture":"#1"}}}],"gui_light":"front","display":{"thirdperson_righthand":{"rotation":[-17.14,3.18,30.91],"translation":[-4.75,1.75,-7.25],"scale":[1.5,1.5,1.5]},"thirdperson_lefthand":{"rotation":[-17.14,3.18,30.91],"translation":[-4.75,1.75,-7.25],"scale":[1.5,1.5,1.5]},"firstperson_righthand":{"rotation":[-39.39,3.18,30.91],"translation":[-2.25,4.75,-6],"scale":[1.5,1.5,1.5]},"firstperson_lefthand":{"rotation":[-39.39,3.18,30.91],"translation":[-2.25,4.75,-6],"scale":[1.5,1.5,1.5]},"ground":{"rotation":[-77.17,20.47,-25.14],"translation":[9.25,10,-7.5],"scale":[2,2,2]},"gui":{"rotation":[-90,39,90],"translation":[-5.5,5,0],"scale":[1.4,1.4,1.4]},"head":{"rotation":[-90.99,18.79,87.09],"translation":[-9.5,-14.75,2.75],"scale":[2,2,2]},"fixed":{"rotation":[-90,39,90],"translation":[-5.5,5,0],"scale":[1.4,1.4,1.4]}}}