{"credit":"Naruto RPG","texture_size":[128,128],"textures":{"0":"sharingan:item/sharingan_genjutsu","particle":"sharingan:item/sharingan_genjutsu"},"elements":[{"from":[-14,-2,8],"to":[22,32,8],"rotation":{"angle":-22.5,"axis":"y","origin":[4,15,12.5]},"faces":{"north":{"uv":[0,0,16,16],"texture":"#0"},"east":{"uv":[0,0,16,16],"texture":"#0"},"south":{"uv":[16,0,0,16],"texture":"#0"},"west":{"uv":[0,0,16,16],"texture":"#0"},"up":{"uv":[0,0,16,16],"texture":"#0"},"down":{"uv":[0,0,16,16],"texture":"#0"}}},{"from":[-15.1788,-2,18.36136],"to":[20.8212,32,18.36136],"rotation":{"angle":0,"axis":"y","origin":[7.8212,15,14.36136]},"faces":{"north":{"uv":[16,16,0,0],"texture":"#0"},"east":{"uv":[16,16,0,0],"texture":"#0"},"south":{"uv":[0,16,16,0],"texture":"#0"},"west":{"uv":[16,16,0,0],"texture":"#0"},"up":{"uv":[16,16,0,0],"texture":"#0"},"down":{"uv":[16,16,0,0],"texture":"#0"}}},{"from":[-14,-2,10],"to":[22,32,10],"rotation":{"angle":22.5,"axis":"y","origin":[4,15,0]},"faces":{"north":{"uv":[16,0,0,16],"texture":"#0"},"east":{"uv":[16,0,0,16],"texture":"#0"},"south":{"uv":[0,0,16,16],"texture":"#0"},"west":{"uv":[16,0,0,16],"texture":"#0"},"up":{"uv":[16,0,0,16],"texture":"#0"},"down":{"uv":[16,0,0,16],"texture":"#0"}}}],"display":{"head":{"rotation":[0,180,0],"translation":[-1.75,-55,2.75],"scale":[1.2,1.03984,1.2]}}}