{"credit":"Naruto RPG","textures":{"0":"personaje:item/slot_papelbomba","particle":"personaje:item/slot_papelbomba"},"elements":[{"from":[0,0,0],"to":[16,16,0],"faces":{"north":{"uv":[0,0,16,16],"texture":"#0"},"east":{"uv":[0,0,0,16],"texture":"#0"},"south":{"uv":[0,0,16,16],"texture":"#0"},"west":{"uv":[0,0,0,16],"texture":"#0"},"up":{"uv":[0,0,16,0],"texture":"#0"},"down":{"uv":[0,0,16,0],"texture":"#0"}}}],"gui_light":"front","display":{"gui":{"translation":[0,0.5,0],"scale":[1.11914,1.17969,1]}}}