{"format_version":"1.21.6","credit":"Naruto RPG","textures":{"1":"personaje:item/slot_clan_uzumaki"},"elements":[{"from":[0,0,0],"to":[32,32,0],"faces":{"north":{"uv":[0,0,16,16],"texture":"#1"},"east":{"uv":[0,0,2,16],"texture":"#1"},"south":{"uv":[0,0,16,16],"texture":"#1"},"west":{"uv":[0,0,2,16],"texture":"#1"},"up":{"uv":[0,0,16,2],"texture":"#1"},"down":{"uv":[0,0,16,2],"texture":"#1"}}}],"gui_light":"front","display":{"thirdperson_righthand":{"scale":[0,0,0]},"thirdperson_lefthand":{"scale":[0,0,0]},"firstperson_righthand":{"scale":[0,0,0]},"firstperson_lefthand":{"scale":[0,0,0]},"ground":{"scale":[0,0,0]},"gui":{"translation":[-5,-5,0],"scale":[0.625,0.625,0.625]},"head":{"scale":[0,0,0]},"fixed":{"scale":[0,0,0]}}}