{"credit":"Naruto RPG","textures":{"0":"uzumaki:item/uzumaki_aura2_diamantina","1":"uzumaki:item/uzumaki_cadenas_diamantina","2":"uzumaki:item/uzumaki_aura_diamantina","particle":"uzumaki:item/uzumaki_aura2_diamantina"},"elements":[{"from":[2.07612,4.25,3.01562],"to":[14.07612,4.25,15.01562],"rotation":{"angle":0,"axis":"x","origin":[7.07612,3.25,8.01562]},"faces":{"north":{"uv":[0,0,8,0],"texture":"#0"},"east":{"uv":[0,0,8,0],"texture":"#0"},"south":{"uv":[0,0,8,0],"texture":"#0"},"west":{"uv":[0,0,8,0],"texture":"#0"},"up":{"uv":[8,8,0,0],"texture":"#0"},"down":{"uv":[0,0,8,8],"texture":"#0"}}},{"from":[0.07612,5.7912,0.57218],"to":[16.07612,5.7912,16.57218],"rotation":{"angle":0,"axis":"x","origin":[8.07612,5.7912,8.57218]},"faces":{"north":{"uv":[0,0,8,0],"texture":"#0"},"east":{"uv":[0,0,8,0],"texture":"#0"},"south":{"uv":[0,0,8,0],"texture":"#0"},"west":{"uv":[0,0,8,0],"texture":"#0"},"up":{"uv":[8,8,0,0],"texture":"#0"},"down":{"uv":[0,0,8,8],"texture":"#0"}}},{"from":[13.68785,10.95979,7.82574],"to":[13.93855,11.16871,8.11822],"rotation":{"angle":0,"axis":"y","origin":[8.5885,11.06425,9.3885]},"faces":{"north":{"uv":[6,0,6.5,0.5],"rotation":90,"texture":"#1"},"east":{"uv":[6.5,6,6,6.5],"rotation":270,"texture":"#1"},"south":{"uv":[2,6,2.5,6.5],"rotation":270,"texture":"#1"},"west":{"uv":[6.5,5.5,6,5],"rotation":270,"texture":"#1"},"up":{"uv":[6,1,6.5,1.5],"rotation":270,"texture":"#1"},"down":{"uv":[3,6,3.5,6.5],"rotation":270,"texture":"#1"}}},{"from":[2.06145,10.95979,9.24638],"to":[2.31215,11.16871,9.53886],"rotation":{"angle":0,"axis":"y","origin":[7.4115,11.06425,9.3885]},"faces":{"north":{"uv":[7,6,7.5,6.5],"texture":"#1"},"east":{"uv":[7,7,7.5,7.5],"texture":"#1"},"south":{"uv":[0,8,0.5,8.5],"texture":"#1"},"west":{"uv":[8,0,8.5,0.5],"texture":"#1"},"up":{"uv":[1.5,8.5,1,8],"texture":"#1"},"down":{"uv":[8.5,1,8,1.5],"texture":"#1"}}},{"from":[5.20139,10.95979,12.22213],"to":[5.49387,11.16871,12.47283],"rotation":{"angle":0,"axis":"y","origin":[7.4115,11.06425,8.2115]},"faces":{"north":{"uv":[8,0,8.5,0.5],"texture":"#1"},"east":{"uv":[7,6,7.5,6.5],"texture":"#1"},"south":{"uv":[7,7,7.5,7.5],"texture":"#1"},"west":{"uv":[0,8,0.5,8.5],"texture":"#1"},"up":{"uv":[1.5,8.5,1,8],"rotation":90,"texture":"#1"},"down":{"uv":[8.5,1,8,1.5],"rotation":270,"texture":"#1"}}},{"from":[10.89689,10.95979,12.22213],"to":[11.18938,11.16871,12.47283],"rotation":{"angle":0,"axis":"y","origin":[7.4115,11.06425,8.2115]},"faces":{"north":{"uv":[8,0,8.5,0.5],"texture":"#1"},"east":{"uv":[7,6,7.5,6.5],"texture":"#1"},"south":{"uv":[7,7,7.5,7.5],"texture":"#1"},"west":{"uv":[0,8,0.5,8.5],"texture":"#1"},"up":{"uv":[1.5,8.5,1,8],"rotation":90,"texture":"#1"},"down":{"uv":[8.5,1,8,1.5],"rotation":270,"texture":"#1"}}},{"from":[5.20139,10.95979,5.12717],"to":[5.49387,11.16871,5.37787],"rotation":{"angle":0,"axis":"y","origin":[7.4115,11.06425,9.3885]},"faces":{"north":{"uv":[8,0,8.5,0.5],"texture":"#1"},"east":{"uv":[7,6,7.5,6.5],"texture":"#1"},"south":{"uv":[7,7,7.5,7.5],"texture":"#1"},"west":{"uv":[0,8,0.5,8.5],"texture":"#1"},"up":{"uv":[1.5,8.5,1,8],"rotation":90,"texture":"#1"},"down":{"uv":[8.5,1,8,1.5],"rotation":270,"texture":"#1"}}},{"from":[10.89689,10.95979,5.12717],"to":[11.18938,11.16871,5.37787],"rotation":{"angle":0,"axis":"y","origin":[7.4115,11.06425,9.3885]},"faces":{"north":{"uv":[8,0,8.5,0.5],"texture":"#1"},"east":{"uv":[7,6,7.5,6.5],"texture":"#1"},"south":{"uv":[7,7,7.5,7.5],"texture":"#1"},"west":{"uv":[0,8,0.5,8.5],"texture":"#1"},"up":{"uv":[1.5,8.5,1,8],"rotation":90,"texture":"#1"},"down":{"uv":[8.5,1,8,1.5],"rotation":270,"texture":"#1"}}},{"from":[2.8824,10.43173,5.83749],"to":[4.97158,11.691,6.17176],"rotation":{"angle":0,"axis":"y","origin":[8.17699,11.06137,6.00463]},"faces":{"north":{"uv":[3,0,5.5,1.5],"texture":"#1"},"east":{"uv":[8,8,8.5,8.5],"texture":"#1"},"south":{"uv":[3,0,5.5,1.5],"texture":"#1"},"west":{"uv":[0,9,0.5,9.5],"texture":"#1"},"up":{"uv":[2.5,5.5,2,3],"rotation":90,"texture":"#1"},"down":{"uv":[3.5,3,3,5.5],"rotation":270,"texture":"#1"}}},{"from":[5.8824,10.43173,5.83749],"to":[7.97158,11.691,6.17176],"rotation":{"angle":0,"axis":"y","origin":[8.17699,11.06137,6.00463]},"faces":{"north":{"uv":[3,0,5.5,1.5],"texture":"#1"},"east":{"uv":[8,8,8.5,8.5],"texture":"#1"},"south":{"uv":[3,0,5.5,1.5],"texture":"#1"},"west":{"uv":[0,9,0.5,9.5],"texture":"#1"},"up":{"uv":[2.5,5.5,2,3],"rotation":90,"texture":"#1"},"down":{"uv":[3.5,3,3,5.5],"rotation":270,"texture":"#1"}}},{"from":[11.3824,10.43173,5.83749],"to":[13.47158,11.691,6.17176],"rotation":{"angle":0,"axis":"y","origin":[8.17699,11.06137,6.00463]},"faces":{"north":{"uv":[3,0,5.5,1.5],"texture":"#1"},"east":{"uv":[8,8,8.5,8.5],"texture":"#1"},"south":{"uv":[3,0,5.5,1.5],"texture":"#1"},"west":{"uv":[0,9,0.5,9.5],"texture":"#1"},"up":{"uv":[2.5,5.5,2,3],"rotation":90,"texture":"#1"},"down":{"uv":[3.5,3,3,5.5],"rotation":270,"texture":"#1"}}},{"from":[8.5824,10.43173,5.83749],"to":[10.67158,11.691,6.17176],"rotation":{"angle":0,"axis":"y","origin":[8.17699,11.06137,6.00463]},"faces":{"north":{"uv":[3,0,5.5,1.5],"texture":"#1"},"east":{"uv":[8,8,8.5,8.5],"texture":"#1"},"south":{"uv":[3,0,5.5,1.5],"texture":"#1"},"west":{"uv":[0,9,0.5,9.5],"texture":"#1"},"up":{"uv":[2.5,5.5,2,3],"rotation":90,"texture":"#1"},"down":{"uv":[3.5,3,3,5.5],"rotation":270,"texture":"#1"}}},{"from":[9.9824,10.89423,5.37499],"to":[12.07158,11.2285,6.63426],"rotation":{"angle":0,"axis":"y","origin":[11.02699,11.06137,6.00463]},"faces":{"north":{"uv":[2.5,5.5,2,3],"rotation":90,"texture":"#1"},"east":{"uv":[8,8,8.5,8.5],"rotation":270,"texture":"#1"},"south":{"uv":[2.5,5.5,2,3],"rotation":90,"texture":"#1"},"west":{"uv":[0,9,0.5,9.5],"rotation":90,"texture":"#1"},"up":{"uv":[3,0,5.5,1.5],"rotation":180,"texture":"#1"},"down":{"uv":[3,0,5.5,1.5],"texture":"#1"}}},{"from":[7.1574,10.89423,5.37499],"to":[9.24658,11.2285,6.63426],"rotation":{"angle":0,"axis":"y","origin":[8.20199,11.06137,6.00463]},"faces":{"north":{"uv":[2.5,5.5,2,3],"rotation":90,"texture":"#1"},"east":{"uv":[8,8,8.5,8.5],"rotation":270,"texture":"#1"},"south":{"uv":[2.5,5.5,2,3],"rotation":90,"texture":"#1"},"west":{"uv":[0,9,0.5,9.5],"rotation":90,"texture":"#1"},"up":{"uv":[3,0,5.5,1.5],"rotation":180,"texture":"#1"},"down":{"uv":[3,0,5.5,1.5],"texture":"#1"}}},{"from":[4.3074,10.89423,5.37499],"to":[6.39658,11.2285,6.63426],"rotation":{"angle":0,"axis":"y","origin":[5.35199,11.06137,6.00463]},"faces":{"north":{"uv":[2.5,5.5,2,3],"rotation":90,"texture":"#1"},"east":{"uv":[8,8,8.5,8.5],"rotation":270,"texture":"#1"},"south":{"uv":[2.5,5.5,2,3],"rotation":90,"texture":"#1"},"west":{"uv":[0,9,0.5,9.5],"rotation":90,"texture":"#1"},"up":{"uv":[3,0,5.5,1.5],"rotation":180,"texture":"#1"},"down":{"uv":[3,0,5.5,1.5],"texture":"#1"}}},{"from":[4.3074,10.89423,10.97499],"to":[6.39658,11.2285,12.23426],"rotation":{"angle":0,"axis":"y","origin":[5.35199,11.06137,11.60463]},"faces":{"north":{"uv":[2.5,5.5,2,3],"rotation":90,"texture":"#1"},"east":{"uv":[8,8,8.5,8.5],"rotation":270,"texture":"#1"},"south":{"uv":[2.5,5.5,2,3],"rotation":90,"texture":"#1"},"west":{"uv":[0,9,0.5,9.5],"rotation":90,"texture":"#1"},"up":{"uv":[3,0,5.5,1.5],"rotation":180,"texture":"#1"},"down":{"uv":[3,0,5.5,1.5],"texture":"#1"}}},{"from":[7.1574,10.89423,10.97499],"to":[9.24658,11.2285,12.23426],"rotation":{"angle":0,"axis":"y","origin":[8.20199,11.06137,11.60463]},"faces":{"north":{"uv":[2.5,5.5,2,3],"rotation":90,"texture":"#1"},"east":{"uv":[8,8,8.5,8.5],"rotation":270,"texture":"#1"},"south":{"uv":[2.5,5.5,2,3],"rotation":90,"texture":"#1"},"west":{"uv":[0,9,0.5,9.5],"rotation":90,"texture":"#1"},"up":{"uv":[3,0,5.5,1.5],"rotation":180,"texture":"#1"},"down":{"uv":[3,0,5.5,1.5],"texture":"#1"}}},{"from":[9.9824,10.89423,10.97499],"to":[12.07158,11.2285,12.23426],"rotation":{"angle":0,"axis":"y","origin":[11.02699,11.06137,11.60463]},"faces":{"north":{"uv":[2.5,5.5,2,3],"rotation":90,"texture":"#1"},"east":{"uv":[8,8,8.5,8.5],"rotation":270,"texture":"#1"},"south":{"uv":[2.5,5.5,2,3],"rotation":90,"texture":"#1"},"west":{"uv":[0,9,0.5,9.5],"rotation":90,"texture":"#1"},"up":{"uv":[3,0,5.5,1.5],"rotation":180,"texture":"#1"},"down":{"uv":[3,0,5.5,1.5],"texture":"#1"}}},{"from":[2.8824,10.43173,11.43749],"to":[4.97158,11.691,11.77176],"rotation":{"angle":0,"axis":"y","origin":[7.4115,11.06425,14.9885]},"faces":{"north":{"uv":[3,0,5.5,1.5],"texture":"#1"},"east":{"uv":[8,8,8.5,8.5],"texture":"#1"},"south":{"uv":[3,0,5.5,1.5],"texture":"#1"},"west":{"uv":[0,9,0.5,9.5],"texture":"#1"},"up":{"uv":[2.5,5.5,2,3],"rotation":90,"texture":"#1"},"down":{"uv":[3.5,3,3,5.5],"rotation":270,"texture":"#1"}}},{"from":[2.29735,10.89423,8.31003],"to":[3.55663,11.2285,10.39922],"rotation":{"angle":0,"axis":"y","origin":[2.92699,11.06137,9.35463]},"faces":{"north":{"uv":[8,8,8.5,8.5],"rotation":90,"texture":"#1"},"east":{"uv":[2.5,5.5,2,3],"rotation":270,"texture":"#1"},"south":{"uv":[2,3,2.5,3.5],"rotation":270,"texture":"#1"},"west":{"uv":[2.5,5.5,2,3],"rotation":270,"texture":"#1"},"up":{"uv":[3,0,5.5,1.5],"rotation":270,"texture":"#1"},"down":{"uv":[3,0,5.5,1.5],"rotation":270,"texture":"#1"}}},{"from":[2.29735,10.89423,5.51003],"to":[3.55663,11.2285,7.59921],"rotation":{"angle":0,"axis":"y","origin":[2.92699,11.06137,6.55463]},"faces":{"north":{"uv":[8,8,8.5,8.5],"rotation":90,"texture":"#1"},"east":{"uv":[2.5,5.5,2,3],"rotation":270,"texture":"#1"},"south":{"uv":[2,3,2.5,3.5],"rotation":270,"texture":"#1"},"west":{"uv":[2.5,5.5,2,3],"rotation":270,"texture":"#1"},"up":{"uv":[3,0,5.5,1.5],"rotation":270,"texture":"#1"},"down":{"uv":[3,0,5.5,1.5],"rotation":270,"texture":"#1"}}},{"from":[12.42235,10.89423,6.96004],"to":[13.68162,11.2285,9.04921],"rotation":{"angle":0,"axis":"y","origin":[13.05199,11.06137,8.00462]},"faces":{"north":{"uv":[8,8,8.5,8.5],"rotation":90,"texture":"#1"},"east":{"uv":[2.5,5.5,2,3],"rotation":270,"texture":"#1"},"south":{"uv":[2,3,2.5,3.5],"rotation":270,"texture":"#1"},"west":{"uv":[2.5,5.5,2,3],"rotation":270,"texture":"#1"},"up":{"uv":[3,0,5.5,1.5],"rotation":270,"texture":"#1"},"down":{"uv":[3,0,5.5,1.5],"rotation":270,"texture":"#1"}}},{"from":[12.88485,10.43173,5.48504],"to":[13.21912,11.691,7.57421],"rotation":{"angle":0,"axis":"y","origin":[13.05199,11.06137,6.52962]},"faces":{"north":{"uv":[8,8,8.5,8.5],"texture":"#1"},"east":{"uv":[3,0,5.5,1.5],"texture":"#1"},"south":{"uv":[2,3,2.5,3.5],"texture":"#1"},"west":{"uv":[3,0,5.5,1.5],"texture":"#1"},"up":{"uv":[2.5,5.5,2,3],"texture":"#1"},"down":{"uv":[2.5,5.5,2,3],"texture":"#1"}}},{"from":[12.88485,10.43173,8.36003],"to":[13.21912,11.691,10.44921],"rotation":{"angle":0,"axis":"y","origin":[13.05199,11.06137,9.40462]},"faces":{"north":{"uv":[8,8,8.5,8.5],"texture":"#1"},"east":{"uv":[3,0,5.5,1.5],"texture":"#1"},"south":{"uv":[2,3,2.5,3.5],"texture":"#1"},"west":{"uv":[3,0,5.5,1.5],"texture":"#1"},"up":{"uv":[2.5,5.5,2,3],"texture":"#1"},"down":{"uv":[2.5,5.5,2,3],"texture":"#1"}}},{"from":[2.78485,10.43173,9.76004],"to":[3.11912,11.691,11.84921],"rotation":{"angle":0,"axis":"y","origin":[2.95199,11.06137,10.80462]},"faces":{"north":{"uv":[8,8,8.5,8.5],"texture":"#1"},"east":{"uv":[3,0,5.5,1.5],"texture":"#1"},"south":{"uv":[2,3,2.5,3.5],"texture":"#1"},"west":{"uv":[3,0,5.5,1.5],"texture":"#1"},"up":{"uv":[2.5,5.5,2,3],"texture":"#1"},"down":{"uv":[2.5,5.5,2,3],"texture":"#1"}}},{"from":[2.78485,10.43173,6.88504],"to":[3.11912,11.691,8.97421],"rotation":{"angle":0,"axis":"y","origin":[2.95199,11.06137,7.92963]},"faces":{"north":{"uv":[8,8,8.5,8.5],"texture":"#1"},"east":{"uv":[3,0,5.5,1.5],"texture":"#1"},"south":{"uv":[2,3,2.5,3.5],"texture":"#1"},"west":{"uv":[3,0,5.5,1.5],"texture":"#1"},"up":{"uv":[2.5,5.5,2,3],"texture":"#1"},"down":{"uv":[2.5,5.5,2,3],"texture":"#1"}}},{"from":[12.42235,10.89423,9.76003],"to":[13.68162,11.2285,11.84921],"rotation":{"angle":0,"axis":"y","origin":[13.05199,11.06137,10.80462]},"faces":{"north":{"uv":[8,8,8.5,8.5],"rotation":90,"texture":"#1"},"east":{"uv":[2.5,5.5,2,3],"rotation":270,"texture":"#1"},"south":{"uv":[2,3,2.5,3.5],"rotation":270,"texture":"#1"},"west":{"uv":[2.5,5.5,2,3],"rotation":270,"texture":"#1"},"up":{"uv":[3,0,5.5,1.5],"rotation":270,"texture":"#1"},"down":{"uv":[3,0,5.5,1.5],"rotation":270,"texture":"#1"}}},{"from":[5.8824,10.43173,11.43749],"to":[7.97158,11.691,11.77176],"rotation":{"angle":0,"axis":"y","origin":[10.4115,11.06425,14.9885]},"faces":{"north":{"uv":[3,0,5.5,1.5],"texture":"#1"},"east":{"uv":[8,8,8.5,8.5],"texture":"#1"},"south":{"uv":[3,0,5.5,1.5],"texture":"#1"},"west":{"uv":[0,9,0.5,9.5],"texture":"#1"},"up":{"uv":[2.5,5.5,2,3],"rotation":90,"texture":"#1"},"down":{"uv":[3.5,3,3,5.5],"rotation":270,"texture":"#1"}}},{"from":[8.5824,10.43173,11.43749],"to":[10.67158,11.691,11.77176],"rotation":{"angle":0,"axis":"y","origin":[13.1115,11.06425,14.9885]},"faces":{"north":{"uv":[3,0,5.5,1.5],"texture":"#1"},"east":{"uv":[8,8,8.5,8.5],"texture":"#1"},"south":{"uv":[3,0,5.5,1.5],"texture":"#1"},"west":{"uv":[0,9,0.5,9.5],"texture":"#1"},"up":{"uv":[2.5,5.5,2,3],"rotation":90,"texture":"#1"},"down":{"uv":[3.5,3,3,5.5],"rotation":270,"texture":"#1"}}},{"from":[11.3824,10.43173,11.43749],"to":[13.47158,11.691,11.77176],"rotation":{"angle":0,"axis":"y","origin":[15.9115,11.06425,14.9885]},"faces":{"north":{"uv":[3,0,5.5,1.5],"texture":"#1"},"east":{"uv":[8,8,8.5,8.5],"texture":"#1"},"south":{"uv":[3,0,5.5,1.5],"texture":"#1"},"west":{"uv":[0,9,0.5,9.5],"texture":"#1"},"up":{"uv":[2.5,5.5,2,3],"rotation":90,"texture":"#1"},"down":{"uv":[3.5,3,3,5.5],"rotation":270,"texture":"#1"}}},{"from":[12.28075,10.191,11.49092],"to":[12.57323,11.9417,11.69983],"rotation":{"angle":0,"axis":"y","origin":[15.9115,11.06425,8.2115]},"faces":{"north":{"uv":[5,9,5.5,12.5],"texture":"#1"},"east":{"uv":[7,9,7.5,12.5],"texture":"#1"},"south":{"uv":[5,9,5.5,12.5],"texture":"#1"},"west":{"uv":[7,9,7.5,12.5],"texture":"#1"},"up":{"uv":[9.5,6.5,9,6],"rotation":90,"texture":"#1"},"down":{"uv":[7.5,9,7,9.5],"rotation":270,"texture":"#1"}}},{"from":[9.43075,10.191,11.49092],"to":[9.72323,11.9417,11.69983],"rotation":{"angle":0,"axis":"y","origin":[13.0615,11.06425,8.2115]},"faces":{"north":{"uv":[5,9,5.5,12.5],"texture":"#1"},"east":{"uv":[7,9,7.5,12.5],"texture":"#1"},"south":{"uv":[5,9,5.5,12.5],"texture":"#1"},"west":{"uv":[7,9,7.5,12.5],"texture":"#1"},"up":{"uv":[9.5,6.5,9,6],"rotation":90,"texture":"#1"},"down":{"uv":[7.5,9,7,9.5],"rotation":270,"texture":"#1"}}},{"from":[3.78075,10.191,11.49092],"to":[4.07323,11.9417,11.69983],"rotation":{"angle":0,"axis":"y","origin":[7.4115,11.06425,8.2115]},"faces":{"north":{"uv":[5,9,5.5,12.5],"texture":"#1"},"east":{"uv":[7,9,7.5,12.5],"texture":"#1"},"south":{"uv":[5,9,5.5,12.5],"texture":"#1"},"west":{"uv":[7,9,7.5,12.5],"texture":"#1"},"up":{"uv":[9.5,6.5,9,6],"rotation":90,"texture":"#1"},"down":{"uv":[7.5,9,7,9.5],"rotation":270,"texture":"#1"}}},{"from":[6.63075,10.191,11.49092],"to":[6.92323,11.9417,11.69983],"rotation":{"angle":0,"axis":"y","origin":[10.2615,11.06425,8.2115]},"faces":{"north":{"uv":[5,9,5.5,12.5],"texture":"#1"},"east":{"uv":[7,9,7.5,12.5],"texture":"#1"},"south":{"uv":[5,9,5.5,12.5],"texture":"#1"},"west":{"uv":[7,9,7.5,12.5],"texture":"#1"},"up":{"uv":[9.5,6.5,9,6],"rotation":90,"texture":"#1"},"down":{"uv":[7.5,9,7,9.5],"rotation":270,"texture":"#1"}}},{"from":[12.28075,10.191,5.89092],"to":[12.57323,11.9417,6.09983],"rotation":{"angle":0,"axis":"y","origin":[15.9115,11.06425,2.6115]},"faces":{"north":{"uv":[5,9,5.5,12.5],"texture":"#1"},"east":{"uv":[7,9,7.5,12.5],"texture":"#1"},"south":{"uv":[5,9,5.5,12.5],"texture":"#1"},"west":{"uv":[7,9,7.5,12.5],"texture":"#1"},"up":{"uv":[9.5,6.5,9,6],"rotation":90,"texture":"#1"},"down":{"uv":[7.5,9,7,9.5],"rotation":270,"texture":"#1"}}},{"from":[12.94754,10.191,6.39913],"to":[13.15645,11.9417,6.69162],"rotation":{"angle":0,"axis":"y","origin":[13.05199,11.06635,6.54537]},"faces":{"north":{"uv":[7,9,7.5,12.5],"texture":"#1"},"east":{"uv":[5,9,5.5,12.5],"texture":"#1"},"south":{"uv":[7,9,7.5,12.5],"texture":"#1"},"west":{"uv":[5,9,5.5,12.5],"texture":"#1"},"up":{"uv":[9.5,6.5,9,6],"rotation":180,"texture":"#1"},"down":{"uv":[7.5,9,7,9.5],"rotation":180,"texture":"#1"}}},{"from":[12.94754,10.191,9.22413],"to":[13.15645,11.9417,9.51661],"rotation":{"angle":0,"axis":"y","origin":[13.05199,11.06635,9.37037]},"faces":{"north":{"uv":[7,9,7.5,12.5],"texture":"#1"},"east":{"uv":[5,9,5.5,12.5],"texture":"#1"},"south":{"uv":[7,9,7.5,12.5],"texture":"#1"},"west":{"uv":[5,9,5.5,12.5],"texture":"#1"},"up":{"uv":[9.5,6.5,9,6],"rotation":180,"texture":"#1"},"down":{"uv":[7.5,9,7,9.5],"rotation":180,"texture":"#1"}}},{"from":[2.84754,10.191,10.64913],"to":[3.05645,11.9417,10.94161],"rotation":{"angle":0,"axis":"y","origin":[2.95199,11.06635,10.79537]},"faces":{"north":{"uv":[7,9,7.5,12.5],"texture":"#1"},"east":{"uv":[5,9,5.5,12.5],"texture":"#1"},"south":{"uv":[7,9,7.5,12.5],"texture":"#1"},"west":{"uv":[5,9,5.5,12.5],"texture":"#1"},"up":{"uv":[9.5,6.5,9,6],"rotation":180,"texture":"#1"},"down":{"uv":[7.5,9,7,9.5],"rotation":180,"texture":"#1"}}},{"from":[2.84754,10.191,7.82413],"to":[3.05645,11.9417,8.11661],"rotation":{"angle":0,"axis":"y","origin":[2.95199,11.06635,7.97037]},"faces":{"north":{"uv":[7,9,7.5,12.5],"texture":"#1"},"east":{"uv":[5,9,5.5,12.5],"texture":"#1"},"south":{"uv":[7,9,7.5,12.5],"texture":"#1"},"west":{"uv":[5,9,5.5,12.5],"texture":"#1"},"up":{"uv":[9.5,6.5,9,6],"rotation":180,"texture":"#1"},"down":{"uv":[7.5,9,7,9.5],"rotation":180,"texture":"#1"}}},{"from":[9.43075,10.191,5.89092],"to":[9.72323,11.9417,6.09983],"rotation":{"angle":0,"axis":"y","origin":[13.0615,11.06425,2.6115]},"faces":{"north":{"uv":[5,9,5.5,12.5],"texture":"#1"},"east":{"uv":[7,9,7.5,12.5],"texture":"#1"},"south":{"uv":[5,9,5.5,12.5],"texture":"#1"},"west":{"uv":[7,9,7.5,12.5],"texture":"#1"},"up":{"uv":[9.5,6.5,9,6],"rotation":90,"texture":"#1"},"down":{"uv":[7.5,9,7,9.5],"rotation":270,"texture":"#1"}}},{"from":[6.62203,11.6868,5.89092],"to":[6.91451,11.9375,6.09983],"rotation":{"angle":0,"axis":"y","origin":[7.4115,12.56425,2.6115]},"faces":{"north":{"uv":[3,6,3.5,6.5],"texture":"#1"},"east":{"uv":[6,0,6.5,0.5],"texture":"#1"},"south":{"uv":[6,1,6.5,1.5],"texture":"#1"},"west":{"uv":[2,6,2.5,6.5],"texture":"#1"},"up":{"uv":[6.5,5.5,6,5],"rotation":90,"texture":"#1"},"down":{"uv":[6.5,6,6,6.5],"rotation":270,"texture":"#1"}}},{"from":[3.78075,10.191,5.89092],"to":[4.07323,11.9417,6.09983],"rotation":{"angle":0,"axis":"y","origin":[7.4115,11.06425,2.6115]},"faces":{"north":{"uv":[5,9,5.5,12.5],"texture":"#1"},"east":{"uv":[7,9,7.5,12.5],"texture":"#1"},"south":{"uv":[5,9,5.5,12.5],"texture":"#1"},"west":{"uv":[7,9,7.5,12.5],"texture":"#1"},"up":{"uv":[9.5,6.5,9,6],"rotation":90,"texture":"#1"},"down":{"uv":[7.5,9,7,9.5],"rotation":270,"texture":"#1"}}},{"from":[5.20139,7.95979,5.12717],"to":[5.49387,8.16871,5.37787],"rotation":{"angle":0,"axis":"y","origin":[8,8.43676,8.8]},"faces":{"north":{"uv":[8,0,8.5,0.5],"texture":"#1"},"east":{"uv":[7,6,7.5,6.5],"texture":"#1"},"south":{"uv":[7,7,7.5,7.5],"texture":"#1"},"west":{"uv":[0,8,0.5,8.5],"texture":"#1"},"up":{"uv":[1.5,8.5,1,8],"rotation":90,"texture":"#1"},"down":{"uv":[8.5,1,8,1.5],"rotation":270,"texture":"#1"}}},{"from":[2.8824,7.43173,5.83749],"to":[4.97158,8.691,6.17176],"rotation":{"angle":0,"axis":"y","origin":[8,8.43676,8.8]},"faces":{"north":{"uv":[3,0,5.5,1.5],"texture":"#1"},"east":{"uv":[8,8,8.5,8.5],"texture":"#1"},"south":{"uv":[3,0,5.5,1.5],"texture":"#1"},"west":{"uv":[0,9,0.5,9.5],"texture":"#1"},"up":{"uv":[2.5,5.5,2,3],"rotation":90,"texture":"#1"},"down":{"uv":[3.5,3,3,5.5],"rotation":270,"texture":"#1"}}},{"from":[5.20139,7.95979,12.22213],"to":[5.49387,8.16871,12.47283],"rotation":{"angle":0,"axis":"y","origin":[8,8.43676,8.8]},"faces":{"north":{"uv":[8,0,8.5,0.5],"texture":"#1"},"east":{"uv":[7,6,7.5,6.5],"texture":"#1"},"south":{"uv":[7,7,7.5,7.5],"texture":"#1"},"west":{"uv":[0,8,0.5,8.5],"texture":"#1"},"up":{"uv":[1.5,8.5,1,8],"rotation":90,"texture":"#1"},"down":{"uv":[8.5,1,8,1.5],"rotation":270,"texture":"#1"}}},{"from":[10.89689,7.95979,12.22213],"to":[11.18938,8.16871,12.47283],"rotation":{"angle":0,"axis":"y","origin":[8,8.43676,8.8]},"faces":{"north":{"uv":[8,0,8.5,0.5],"texture":"#1"},"east":{"uv":[7,6,7.5,6.5],"texture":"#1"},"south":{"uv":[7,7,7.5,7.5],"texture":"#1"},"west":{"uv":[0,8,0.5,8.5],"texture":"#1"},"up":{"uv":[1.5,8.5,1,8],"rotation":90,"texture":"#1"},"down":{"uv":[8.5,1,8,1.5],"rotation":270,"texture":"#1"}}},{"from":[10.89689,7.95979,5.12717],"to":[11.18938,8.16871,5.37787],"rotation":{"angle":0,"axis":"y","origin":[8,8.43676,8.8]},"faces":{"north":{"uv":[8,0,8.5,0.5],"texture":"#1"},"east":{"uv":[7,6,7.5,6.5],"texture":"#1"},"south":{"uv":[7,7,7.5,7.5],"texture":"#1"},"west":{"uv":[0,8,0.5,8.5],"texture":"#1"},"up":{"uv":[1.5,8.5,1,8],"rotation":90,"texture":"#1"},"down":{"uv":[8.5,1,8,1.5],"rotation":270,"texture":"#1"}}},{"from":[2.06145,7.95979,9.24638],"to":[2.31215,8.16871,9.53886],"rotation":{"angle":0,"axis":"y","origin":[8,8.43676,8.8]},"faces":{"north":{"uv":[7,6,7.5,6.5],"texture":"#1"},"east":{"uv":[7,7,7.5,7.5],"texture":"#1"},"south":{"uv":[0,8,0.5,8.5],"texture":"#1"},"west":{"uv":[8,0,8.5,0.5],"texture":"#1"},"up":{"uv":[1.5,8.5,1,8],"texture":"#1"},"down":{"uv":[8.5,1,8,1.5],"texture":"#1"}}},{"from":[3.78075,7.191,11.49092],"to":[4.07323,8.9417,11.69983],"rotation":{"angle":0,"axis":"y","origin":[8,8.43676,8.8]},"faces":{"north":{"uv":[5,9,5.5,12.5],"texture":"#1"},"east":{"uv":[7,9,7.5,12.5],"texture":"#1"},"south":{"uv":[5,9,5.5,12.5],"texture":"#1"},"west":{"uv":[7,9,7.5,12.5],"texture":"#1"},"up":{"uv":[9.5,6.5,9,6],"rotation":90,"texture":"#1"},"down":{"uv":[7.5,9,7,9.5],"rotation":270,"texture":"#1"}}},{"from":[9.43075,7.191,11.49092],"to":[9.72323,8.9417,11.69983],"rotation":{"angle":0,"axis":"y","origin":[8,8.43676,8.8]},"faces":{"north":{"uv":[5,9,5.5,12.5],"texture":"#1"},"east":{"uv":[7,9,7.5,12.5],"texture":"#1"},"south":{"uv":[5,9,5.5,12.5],"texture":"#1"},"west":{"uv":[7,9,7.5,12.5],"texture":"#1"},"up":{"uv":[9.5,6.5,9,6],"rotation":90,"texture":"#1"},"down":{"uv":[7.5,9,7,9.5],"rotation":270,"texture":"#1"}}},{"from":[12.28075,7.191,11.49092],"to":[12.57323,8.9417,11.69983],"rotation":{"angle":0,"axis":"y","origin":[8,8.43676,8.8]},"faces":{"north":{"uv":[5,9,5.5,12.5],"texture":"#1"},"east":{"uv":[7,9,7.5,12.5],"texture":"#1"},"south":{"uv":[5,9,5.5,12.5],"texture":"#1"},"west":{"uv":[7,9,7.5,12.5],"texture":"#1"},"up":{"uv":[9.5,6.5,9,6],"rotation":90,"texture":"#1"},"down":{"uv":[7.5,9,7,9.5],"rotation":270,"texture":"#1"}}},{"from":[12.28075,7.191,5.89092],"to":[12.57323,8.9417,6.09983],"rotation":{"angle":0,"axis":"y","origin":[8,8.43676,8.8]},"faces":{"north":{"uv":[5,9,5.5,12.5],"texture":"#1"},"east":{"uv":[7,9,7.5,12.5],"texture":"#1"},"south":{"uv":[5,9,5.5,12.5],"texture":"#1"},"west":{"uv":[7,9,7.5,12.5],"texture":"#1"},"up":{"uv":[9.5,6.5,9,6],"rotation":90,"texture":"#1"},"down":{"uv":[7.5,9,7,9.5],"rotation":270,"texture":"#1"}}},{"from":[9.43075,7.191,5.89092],"to":[9.72323,8.9417,6.09983],"rotation":{"angle":0,"axis":"y","origin":[8,8.43676,8.8]},"faces":{"north":{"uv":[5,9,5.5,12.5],"texture":"#1"},"east":{"uv":[7,9,7.5,12.5],"texture":"#1"},"south":{"uv":[5,9,5.5,12.5],"texture":"#1"},"west":{"uv":[7,9,7.5,12.5],"texture":"#1"},"up":{"uv":[9.5,6.5,9,6],"rotation":90,"texture":"#1"},"down":{"uv":[7.5,9,7,9.5],"rotation":270,"texture":"#1"}}},{"from":[6.62203,8.6868,5.89092],"to":[6.91451,8.9375,6.09983],"rotation":{"angle":0,"axis":"y","origin":[8,8.43676,8.8]},"faces":{"north":{"uv":[3,6,3.5,6.5],"texture":"#1"},"east":{"uv":[6,0,6.5,0.5],"texture":"#1"},"south":{"uv":[6,1,6.5,1.5],"texture":"#1"},"west":{"uv":[2,6,2.5,6.5],"texture":"#1"},"up":{"uv":[6.5,5.5,6,5],"rotation":90,"texture":"#1"},"down":{"uv":[6.5,6,6,6.5],"rotation":270,"texture":"#1"}}},{"from":[3.78075,7.191,5.89092],"to":[4.07323,8.9417,6.09983],"rotation":{"angle":0,"axis":"y","origin":[8,8.43676,8.8]},"faces":{"north":{"uv":[5,9,5.5,12.5],"texture":"#1"},"east":{"uv":[7,9,7.5,12.5],"texture":"#1"},"south":{"uv":[5,9,5.5,12.5],"texture":"#1"},"west":{"uv":[7,9,7.5,12.5],"texture":"#1"},"up":{"uv":[9.5,6.5,9,6],"rotation":90,"texture":"#1"},"down":{"uv":[7.5,9,7,9.5],"rotation":270,"texture":"#1"}}},{"from":[6.63075,7.191,11.49092],"to":[6.92323,8.9417,11.69983],"rotation":{"angle":0,"axis":"y","origin":[8,8.43676,8.8]},"faces":{"north":{"uv":[5,9,5.5,12.5],"texture":"#1"},"east":{"uv":[7,9,7.5,12.5],"texture":"#1"},"south":{"uv":[5,9,5.5,12.5],"texture":"#1"},"west":{"uv":[7,9,7.5,12.5],"texture":"#1"},"up":{"uv":[9.5,6.5,9,6],"rotation":90,"texture":"#1"},"down":{"uv":[7.5,9,7,9.5],"rotation":270,"texture":"#1"}}},{"from":[13.68785,7.95979,7.82574],"to":[13.93855,8.16871,8.11822],"rotation":{"angle":0,"axis":"y","origin":[8,8.43676,8.8]},"faces":{"north":{"uv":[6,0,6.5,0.5],"rotation":90,"texture":"#1"},"east":{"uv":[6.5,6,6,6.5],"rotation":270,"texture":"#1"},"south":{"uv":[2,6,2.5,6.5],"rotation":270,"texture":"#1"},"west":{"uv":[6.5,5.5,6,5],"rotation":270,"texture":"#1"},"up":{"uv":[6,1,6.5,1.5],"rotation":270,"texture":"#1"},"down":{"uv":[3,6,3.5,6.5],"rotation":270,"texture":"#1"}}},{"from":[12.94754,7.191,6.39913],"to":[13.15645,8.9417,6.69162],"rotation":{"angle":0,"axis":"y","origin":[8,8.43676,8.8]},"faces":{"north":{"uv":[7,9,7.5,12.5],"texture":"#1"},"east":{"uv":[5,9,5.5,12.5],"texture":"#1"},"south":{"uv":[7,9,7.5,12.5],"texture":"#1"},"west":{"uv":[5,9,5.5,12.5],"texture":"#1"},"up":{"uv":[9.5,6.5,9,6],"rotation":180,"texture":"#1"},"down":{"uv":[7.5,9,7,9.5],"rotation":180,"texture":"#1"}}},{"from":[2.84754,7.191,7.82413],"to":[3.05645,8.9417,8.11661],"rotation":{"angle":0,"axis":"y","origin":[8,8.43676,8.8]},"faces":{"north":{"uv":[7,9,7.5,12.5],"texture":"#1"},"east":{"uv":[5,9,5.5,12.5],"texture":"#1"},"south":{"uv":[7,9,7.5,12.5],"texture":"#1"},"west":{"uv":[5,9,5.5,12.5],"texture":"#1"},"up":{"uv":[9.5,6.5,9,6],"rotation":180,"texture":"#1"},"down":{"uv":[7.5,9,7,9.5],"rotation":180,"texture":"#1"}}},{"from":[2.84754,7.191,10.64913],"to":[3.05645,8.9417,10.94161],"rotation":{"angle":0,"axis":"y","origin":[8,8.43676,8.8]},"faces":{"north":{"uv":[7,9,7.5,12.5],"texture":"#1"},"east":{"uv":[5,9,5.5,12.5],"texture":"#1"},"south":{"uv":[7,9,7.5,12.5],"texture":"#1"},"west":{"uv":[5,9,5.5,12.5],"texture":"#1"},"up":{"uv":[9.5,6.5,9,6],"rotation":180,"texture":"#1"},"down":{"uv":[7.5,9,7,9.5],"rotation":180,"texture":"#1"}}},{"from":[5.8824,7.43173,5.83749],"to":[7.97158,8.691,6.17176],"rotation":{"angle":0,"axis":"y","origin":[8,8.43676,8.8]},"faces":{"north":{"uv":[3,0,5.5,1.5],"texture":"#1"},"east":{"uv":[8,8,8.5,8.5],"texture":"#1"},"south":{"uv":[3,0,5.5,1.5],"texture":"#1"},"west":{"uv":[0,9,0.5,9.5],"texture":"#1"},"up":{"uv":[2.5,5.5,2,3],"rotation":90,"texture":"#1"},"down":{"uv":[3.5,3,3,5.5],"rotation":270,"texture":"#1"}}},{"from":[8.5824,7.43173,5.83749],"to":[10.67158,8.691,6.17176],"rotation":{"angle":0,"axis":"y","origin":[8,8.43676,8.8]},"faces":{"north":{"uv":[3,0,5.5,1.5],"texture":"#1"},"east":{"uv":[8,8,8.5,8.5],"texture":"#1"},"south":{"uv":[3,0,5.5,1.5],"texture":"#1"},"west":{"uv":[0,9,0.5,9.5],"texture":"#1"},"up":{"uv":[2.5,5.5,2,3],"rotation":90,"texture":"#1"},"down":{"uv":[3.5,3,3,5.5],"rotation":270,"texture":"#1"}}},{"from":[5.8824,7.43173,11.43749],"to":[7.97158,8.691,11.77176],"rotation":{"angle":0,"axis":"y","origin":[8,8.43676,8.8]},"faces":{"north":{"uv":[3,0,5.5,1.5],"texture":"#1"},"east":{"uv":[8,8,8.5,8.5],"texture":"#1"},"south":{"uv":[3,0,5.5,1.5],"texture":"#1"},"west":{"uv":[0,9,0.5,9.5],"texture":"#1"},"up":{"uv":[2.5,5.5,2,3],"rotation":90,"texture":"#1"},"down":{"uv":[3.5,3,3,5.5],"rotation":270,"texture":"#1"}}},{"from":[2.8824,7.43173,11.43749],"to":[4.97158,8.691,11.77176],"rotation":{"angle":0,"axis":"y","origin":[8,8.43676,8.8]},"faces":{"north":{"uv":[3,0,5.5,1.5],"texture":"#1"},"east":{"uv":[8,8,8.5,8.5],"texture":"#1"},"south":{"uv":[3,0,5.5,1.5],"texture":"#1"},"west":{"uv":[0,9,0.5,9.5],"texture":"#1"},"up":{"uv":[2.5,5.5,2,3],"rotation":90,"texture":"#1"},"down":{"uv":[3.5,3,3,5.5],"rotation":270,"texture":"#1"}}},{"from":[9.9824,7.89423,5.37499],"to":[12.07158,8.2285,6.63426],"rotation":{"angle":0,"axis":"y","origin":[8,8.43676,8.8]},"faces":{"north":{"uv":[2.5,5.5,2,3],"rotation":90,"texture":"#1"},"east":{"uv":[8,8,8.5,8.5],"rotation":270,"texture":"#1"},"south":{"uv":[2.5,5.5,2,3],"rotation":90,"texture":"#1"},"west":{"uv":[0,9,0.5,9.5],"rotation":90,"texture":"#1"},"up":{"uv":[3,0,5.5,1.5],"rotation":180,"texture":"#1"},"down":{"uv":[3,0,5.5,1.5],"texture":"#1"}}},{"from":[7.1574,7.89423,5.37499],"to":[9.24658,8.2285,6.63426],"rotation":{"angle":0,"axis":"y","origin":[8,8.43676,8.8]},"faces":{"north":{"uv":[2.5,5.5,2,3],"rotation":90,"texture":"#1"},"east":{"uv":[8,8,8.5,8.5],"rotation":270,"texture":"#1"},"south":{"uv":[2.5,5.5,2,3],"rotation":90,"texture":"#1"},"west":{"uv":[0,9,0.5,9.5],"rotation":90,"texture":"#1"},"up":{"uv":[3,0,5.5,1.5],"rotation":180,"texture":"#1"},"down":{"uv":[3,0,5.5,1.5],"texture":"#1"}}},{"from":[4.3074,7.89423,5.37499],"to":[6.39658,8.2285,6.63426],"rotation":{"angle":0,"axis":"y","origin":[8,8.43676,8.8]},"faces":{"north":{"uv":[2.5,5.5,2,3],"rotation":90,"texture":"#1"},"east":{"uv":[8,8,8.5,8.5],"rotation":270,"texture":"#1"},"south":{"uv":[2.5,5.5,2,3],"rotation":90,"texture":"#1"},"west":{"uv":[0,9,0.5,9.5],"rotation":90,"texture":"#1"},"up":{"uv":[3,0,5.5,1.5],"rotation":180,"texture":"#1"},"down":{"uv":[3,0,5.5,1.5],"texture":"#1"}}},{"from":[8.5824,7.43173,11.43749],"to":[10.67158,8.691,11.77176],"rotation":{"angle":0,"axis":"y","origin":[8,8.43676,8.8]},"faces":{"north":{"uv":[3,0,5.5,1.5],"texture":"#1"},"east":{"uv":[8,8,8.5,8.5],"texture":"#1"},"south":{"uv":[3,0,5.5,1.5],"texture":"#1"},"west":{"uv":[0,9,0.5,9.5],"texture":"#1"},"up":{"uv":[2.5,5.5,2,3],"rotation":90,"texture":"#1"},"down":{"uv":[3.5,3,3,5.5],"rotation":270,"texture":"#1"}}},{"from":[11.3824,7.43173,11.43749],"to":[13.47158,8.691,11.77176],"rotation":{"angle":0,"axis":"y","origin":[8,8.43676,8.8]},"faces":{"north":{"uv":[3,0,5.5,1.5],"texture":"#1"},"east":{"uv":[8,8,8.5,8.5],"texture":"#1"},"south":{"uv":[3,0,5.5,1.5],"texture":"#1"},"west":{"uv":[0,9,0.5,9.5],"texture":"#1"},"up":{"uv":[2.5,5.5,2,3],"rotation":90,"texture":"#1"},"down":{"uv":[3.5,3,3,5.5],"rotation":270,"texture":"#1"}}},{"from":[9.9824,7.89423,10.97499],"to":[12.07158,8.2285,12.23426],"rotation":{"angle":0,"axis":"y","origin":[8,8.43676,8.8]},"faces":{"north":{"uv":[2.5,5.5,2,3],"rotation":90,"texture":"#1"},"east":{"uv":[8,8,8.5,8.5],"rotation":270,"texture":"#1"},"south":{"uv":[2.5,5.5,2,3],"rotation":90,"texture":"#1"},"west":{"uv":[0,9,0.5,9.5],"rotation":90,"texture":"#1"},"up":{"uv":[3,0,5.5,1.5],"rotation":180,"texture":"#1"},"down":{"uv":[3,0,5.5,1.5],"texture":"#1"}}},{"from":[7.1574,7.89423,10.97499],"to":[9.24658,8.2285,12.23426],"rotation":{"angle":0,"axis":"y","origin":[8,8.43676,8.8]},"faces":{"north":{"uv":[2.5,5.5,2,3],"rotation":90,"texture":"#1"},"east":{"uv":[8,8,8.5,8.5],"rotation":270,"texture":"#1"},"south":{"uv":[2.5,5.5,2,3],"rotation":90,"texture":"#1"},"west":{"uv":[0,9,0.5,9.5],"rotation":90,"texture":"#1"},"up":{"uv":[3,0,5.5,1.5],"rotation":180,"texture":"#1"},"down":{"uv":[3,0,5.5,1.5],"texture":"#1"}}},{"from":[4.3074,7.89423,10.97499],"to":[6.39658,8.2285,12.23426],"rotation":{"angle":0,"axis":"y","origin":[8,8.43676,8.8]},"faces":{"north":{"uv":[2.5,5.5,2,3],"rotation":90,"texture":"#1"},"east":{"uv":[8,8,8.5,8.5],"rotation":270,"texture":"#1"},"south":{"uv":[2.5,5.5,2,3],"rotation":90,"texture":"#1"},"west":{"uv":[0,9,0.5,9.5],"rotation":90,"texture":"#1"},"up":{"uv":[3,0,5.5,1.5],"rotation":180,"texture":"#1"},"down":{"uv":[3,0,5.5,1.5],"texture":"#1"}}},{"from":[2.29735,7.89423,8.31003],"to":[3.55663,8.2285,10.39922],"rotation":{"angle":0,"axis":"y","origin":[8,8.43676,8.8]},"faces":{"north":{"uv":[8,8,8.5,8.5],"rotation":90,"texture":"#1"},"east":{"uv":[2.5,5.5,2,3],"rotation":270,"texture":"#1"},"south":{"uv":[2,3,2.5,3.5],"rotation":270,"texture":"#1"},"west":{"uv":[2.5,5.5,2,3],"rotation":270,"texture":"#1"},"up":{"uv":[3,0,5.5,1.5],"rotation":270,"texture":"#1"},"down":{"uv":[3,0,5.5,1.5],"rotation":270,"texture":"#1"}}},{"from":[2.29735,7.89423,5.51003],"to":[3.55663,8.2285,7.59921],"rotation":{"angle":0,"axis":"y","origin":[8,8.43676,8.8]},"faces":{"north":{"uv":[8,8,8.5,8.5],"rotation":90,"texture":"#1"},"east":{"uv":[2.5,5.5,2,3],"rotation":270,"texture":"#1"},"south":{"uv":[2,3,2.5,3.5],"rotation":270,"texture":"#1"},"west":{"uv":[2.5,5.5,2,3],"rotation":270,"texture":"#1"},"up":{"uv":[3,0,5.5,1.5],"rotation":270,"texture":"#1"},"down":{"uv":[3,0,5.5,1.5],"rotation":270,"texture":"#1"}}},{"from":[12.42235,7.89423,9.76003],"to":[13.68162,8.2285,11.84921],"rotation":{"angle":0,"axis":"y","origin":[8,8.43676,8.8]},"faces":{"north":{"uv":[8,8,8.5,8.5],"rotation":90,"texture":"#1"},"east":{"uv":[2.5,5.5,2,3],"rotation":270,"texture":"#1"},"south":{"uv":[2,3,2.5,3.5],"rotation":270,"texture":"#1"},"west":{"uv":[2.5,5.5,2,3],"rotation":270,"texture":"#1"},"up":{"uv":[3,0,5.5,1.5],"rotation":270,"texture":"#1"},"down":{"uv":[3,0,5.5,1.5],"rotation":270,"texture":"#1"}}},{"from":[12.42235,7.89423,6.96004],"to":[13.68162,8.2285,9.04921],"rotation":{"angle":0,"axis":"y","origin":[8,8.43676,8.8]},"faces":{"north":{"uv":[8,8,8.5,8.5],"rotation":90,"texture":"#1"},"east":{"uv":[2.5,5.5,2,3],"rotation":270,"texture":"#1"},"south":{"uv":[2,3,2.5,3.5],"rotation":270,"texture":"#1"},"west":{"uv":[2.5,5.5,2,3],"rotation":270,"texture":"#1"},"up":{"uv":[3,0,5.5,1.5],"rotation":270,"texture":"#1"},"down":{"uv":[3,0,5.5,1.5],"rotation":270,"texture":"#1"}}},{"from":[12.94754,7.191,9.22413],"to":[13.15645,8.9417,9.51661],"rotation":{"angle":0,"axis":"y","origin":[8,8.43676,8.8]},"faces":{"north":{"uv":[7,9,7.5,12.5],"texture":"#1"},"east":{"uv":[5,9,5.5,12.5],"texture":"#1"},"south":{"uv":[7,9,7.5,12.5],"texture":"#1"},"west":{"uv":[5,9,5.5,12.5],"texture":"#1"},"up":{"uv":[9.5,6.5,9,6],"rotation":180,"texture":"#1"},"down":{"uv":[7.5,9,7,9.5],"rotation":180,"texture":"#1"}}},{"from":[12.88485,7.43173,5.48504],"to":[13.21912,8.691,7.57421],"rotation":{"angle":0,"axis":"y","origin":[8,8.43676,8.8]},"faces":{"north":{"uv":[8,8,8.5,8.5],"texture":"#1"},"east":{"uv":[3,0,5.5,1.5],"texture":"#1"},"south":{"uv":[2,3,2.5,3.5],"texture":"#1"},"west":{"uv":[3,0,5.5,1.5],"texture":"#1"},"up":{"uv":[2.5,5.5,2,3],"texture":"#1"},"down":{"uv":[2.5,5.5,2,3],"texture":"#1"}}},{"from":[12.88485,7.43173,8.36003],"to":[13.21912,8.691,10.44921],"rotation":{"angle":0,"axis":"y","origin":[8,8.43676,8.8]},"faces":{"north":{"uv":[8,8,8.5,8.5],"texture":"#1"},"east":{"uv":[3,0,5.5,1.5],"texture":"#1"},"south":{"uv":[2,3,2.5,3.5],"texture":"#1"},"west":{"uv":[3,0,5.5,1.5],"texture":"#1"},"up":{"uv":[2.5,5.5,2,3],"texture":"#1"},"down":{"uv":[2.5,5.5,2,3],"texture":"#1"}}},{"from":[11.3824,7.43173,5.83749],"to":[13.47158,8.691,6.17176],"rotation":{"angle":0,"axis":"y","origin":[8,8.43676,8.8]},"faces":{"north":{"uv":[3,0,5.5,1.5],"texture":"#1"},"east":{"uv":[8,8,8.5,8.5],"texture":"#1"},"south":{"uv":[3,0,5.5,1.5],"texture":"#1"},"west":{"uv":[0,9,0.5,9.5],"texture":"#1"},"up":{"uv":[2.5,5.5,2,3],"rotation":90,"texture":"#1"},"down":{"uv":[3.5,3,3,5.5],"rotation":270,"texture":"#1"}}},{"from":[2.78485,7.43173,6.88504],"to":[3.11912,8.691,8.97421],"rotation":{"angle":0,"axis":"y","origin":[8,8.43676,8.8]},"faces":{"north":{"uv":[8,8,8.5,8.5],"texture":"#1"},"east":{"uv":[3,0,5.5,1.5],"texture":"#1"},"south":{"uv":[2,3,2.5,3.5],"texture":"#1"},"west":{"uv":[3,0,5.5,1.5],"texture":"#1"},"up":{"uv":[2.5,5.5,2,3],"texture":"#1"},"down":{"uv":[2.5,5.5,2,3],"texture":"#1"}}},{"from":[2.78485,7.43173,9.76004],"to":[3.11912,8.691,11.84921],"rotation":{"angle":0,"axis":"y","origin":[8,8.43676,8.8]},"faces":{"north":{"uv":[8,8,8.5,8.5],"texture":"#1"},"east":{"uv":[3,0,5.5,1.5],"texture":"#1"},"south":{"uv":[2,3,2.5,3.5],"texture":"#1"},"west":{"uv":[3,0,5.5,1.5],"texture":"#1"},"up":{"uv":[2.5,5.5,2,3],"texture":"#1"},"down":{"uv":[2.5,5.5,2,3],"texture":"#1"}}},{"from":[5.02737,2.38609,9.00322],"to":[5.2179,3.10387,10.19405],"rotation":{"angle":0,"axis":"y","origin":[8,2.95895,8.456]},"faces":{"north":{"uv":[8,8,8.5,8.5],"texture":"#1"},"east":{"uv":[3,0,5.5,1.5],"texture":"#1"},"south":{"uv":[2,3,2.5,3.5],"texture":"#1"},"west":{"uv":[3,0,5.5,1.5],"texture":"#1"},"up":{"uv":[2.5,5.5,2,3],"texture":"#1"},"down":{"uv":[2.5,5.5,2,3],"texture":"#1"}}},{"from":[5.02737,2.38609,7.36447],"to":[5.2179,3.10387,8.5553],"rotation":{"angle":0,"axis":"y","origin":[8,2.95895,8.456]},"faces":{"north":{"uv":[8,8,8.5,8.5],"texture":"#1"},"east":{"uv":[3,0,5.5,1.5],"texture":"#1"},"south":{"uv":[2,3,2.5,3.5],"texture":"#1"},"west":{"uv":[3,0,5.5,1.5],"texture":"#1"},"up":{"uv":[2.5,5.5,2,3],"texture":"#1"},"down":{"uv":[2.5,5.5,2,3],"texture":"#1"}}},{"from":[9.92797,2.38609,6.76737],"to":[11.1188,3.10387,6.9579],"rotation":{"angle":0,"axis":"y","origin":[8,2.95895,8.456]},"faces":{"north":{"uv":[3,0,5.5,1.5],"texture":"#1"},"east":{"uv":[8,8,8.5,8.5],"texture":"#1"},"south":{"uv":[3,0,5.5,1.5],"texture":"#1"},"west":{"uv":[0,9,0.5,9.5],"texture":"#1"},"up":{"uv":[2.5,5.5,2,3],"rotation":90,"texture":"#1"},"down":{"uv":[3.5,3,3,5.5],"rotation":270,"texture":"#1"}}},{"from":[10.78437,2.38609,8.20522],"to":[10.9749,3.10387,9.39605],"rotation":{"angle":0,"axis":"y","origin":[8,2.95895,8.456]},"faces":{"north":{"uv":[8,8,8.5,8.5],"texture":"#1"},"east":{"uv":[3,0,5.5,1.5],"texture":"#1"},"south":{"uv":[2,3,2.5,3.5],"texture":"#1"},"west":{"uv":[3,0,5.5,1.5],"texture":"#1"},"up":{"uv":[2.5,5.5,2,3],"texture":"#1"},"down":{"uv":[2.5,5.5,2,3],"texture":"#1"}}},{"from":[10.78437,2.38609,6.56647],"to":[10.9749,3.10387,7.7573],"rotation":{"angle":0,"axis":"y","origin":[8,2.95895,8.456]},"faces":{"north":{"uv":[8,8,8.5,8.5],"texture":"#1"},"east":{"uv":[3,0,5.5,1.5],"texture":"#1"},"south":{"uv":[2,3,2.5,3.5],"texture":"#1"},"west":{"uv":[3,0,5.5,1.5],"texture":"#1"},"up":{"uv":[2.5,5.5,2,3],"texture":"#1"},"down":{"uv":[2.5,5.5,2,3],"texture":"#1"}}},{"from":[10.82009,2.24887,8.69776],"to":[10.93917,3.24677,8.86447],"rotation":{"angle":0,"axis":"y","origin":[8,2.95895,8.456]},"faces":{"north":{"uv":[7,9,7.5,12.5],"texture":"#1"},"east":{"uv":[5,9,5.5,12.5],"texture":"#1"},"south":{"uv":[7,9,7.5,12.5],"texture":"#1"},"west":{"uv":[5,9,5.5,12.5],"texture":"#1"},"up":{"uv":[9.5,6.5,9,6],"rotation":180,"texture":"#1"},"down":{"uv":[7.5,9,7,9.5],"rotation":180,"texture":"#1"}}},{"from":[10.82009,2.24887,10.24776],"to":[10.93917,3.24677,10.41447],"rotation":{"angle":0,"axis":"y","origin":[8,2.95895,10.006]},"faces":{"north":{"uv":[7,9,7.5,12.5],"texture":"#1"},"east":{"uv":[5,9,5.5,12.5],"texture":"#1"},"south":{"uv":[7,9,7.5,12.5],"texture":"#1"},"west":{"uv":[5,9,5.5,12.5],"texture":"#1"},"up":{"uv":[9.5,6.5,9,6],"rotation":180,"texture":"#1"},"down":{"uv":[7.5,9,7,9.5],"rotation":180,"texture":"#1"}}},{"from":[10.78437,2.38609,9.75522],"to":[10.9749,3.10387,10.94605],"rotation":{"angle":0,"axis":"y","origin":[8,2.95895,10.006]},"faces":{"north":{"uv":[8,8,8.5,8.5],"texture":"#1"},"east":{"uv":[3,0,5.5,1.5],"texture":"#1"},"south":{"uv":[2,3,2.5,3.5],"texture":"#1"},"west":{"uv":[3,0,5.5,1.5],"texture":"#1"},"up":{"uv":[2.5,5.5,2,3],"texture":"#1"},"down":{"uv":[2.5,5.5,2,3],"texture":"#1"}}},{"from":[10.52074,2.64971,7.40722],"to":[11.23853,2.84025,8.59805],"rotation":{"angle":0,"axis":"y","origin":[8,2.95895,8.456]},"faces":{"north":{"uv":[8,8,8.5,8.5],"rotation":90,"texture":"#1"},"east":{"uv":[2.5,5.5,2,3],"rotation":270,"texture":"#1"},"south":{"uv":[2,3,2.5,3.5],"rotation":270,"texture":"#1"},"west":{"uv":[2.5,5.5,2,3],"rotation":270,"texture":"#1"},"up":{"uv":[3,0,5.5,1.5],"rotation":270,"texture":"#1"},"down":{"uv":[3,0,5.5,1.5],"rotation":270,"texture":"#1"}}},{"from":[10.52074,2.64971,9.00322],"to":[11.23853,2.84025,10.19405],"rotation":{"angle":0,"axis":"y","origin":[8,2.95895,8.456]},"faces":{"north":{"uv":[8,8,8.5,8.5],"rotation":90,"texture":"#1"},"east":{"uv":[2.5,5.5,2,3],"rotation":270,"texture":"#1"},"south":{"uv":[2,3,2.5,3.5],"rotation":270,"texture":"#1"},"west":{"uv":[2.5,5.5,2,3],"rotation":270,"texture":"#1"},"up":{"uv":[3,0,5.5,1.5],"rotation":270,"texture":"#1"},"down":{"uv":[3,0,5.5,1.5],"rotation":270,"texture":"#1"}}},{"from":[4.74949,2.64971,6.58072],"to":[5.46728,2.84025,7.77155],"rotation":{"angle":0,"axis":"y","origin":[8,2.95895,8.456]},"faces":{"north":{"uv":[8,8,8.5,8.5],"rotation":90,"texture":"#1"},"east":{"uv":[2.5,5.5,2,3],"rotation":270,"texture":"#1"},"south":{"uv":[2,3,2.5,3.5],"rotation":270,"texture":"#1"},"west":{"uv":[2.5,5.5,2,3],"rotation":270,"texture":"#1"},"up":{"uv":[3,0,5.5,1.5],"rotation":270,"texture":"#1"},"down":{"uv":[3,0,5.5,1.5],"rotation":270,"texture":"#1"}}},{"from":[4.74949,2.64971,8.17672],"to":[5.46728,2.84025,9.36755],"rotation":{"angle":0,"axis":"y","origin":[8,2.95895,8.456]},"faces":{"north":{"uv":[8,8,8.5,8.5],"rotation":90,"texture":"#1"},"east":{"uv":[2.5,5.5,2,3],"rotation":270,"texture":"#1"},"south":{"uv":[2,3,2.5,3.5],"rotation":270,"texture":"#1"},"west":{"uv":[2.5,5.5,2,3],"rotation":270,"texture":"#1"},"up":{"uv":[3,0,5.5,1.5],"rotation":270,"texture":"#1"},"down":{"uv":[3,0,5.5,1.5],"rotation":270,"texture":"#1"}}},{"from":[5.89522,2.64971,10.69574],"to":[7.08605,2.84025,11.41353],"rotation":{"angle":0,"axis":"y","origin":[8,2.95895,9.456]},"faces":{"north":{"uv":[2.5,5.5,2,3],"rotation":90,"texture":"#1"},"east":{"uv":[8,8,8.5,8.5],"rotation":270,"texture":"#1"},"south":{"uv":[2.5,5.5,2,3],"rotation":90,"texture":"#1"},"west":{"uv":[0,9,0.5,9.5],"rotation":90,"texture":"#1"},"up":{"uv":[3,0,5.5,1.5],"rotation":180,"texture":"#1"},"down":{"uv":[3,0,5.5,1.5],"texture":"#1"}}},{"from":[7.51972,2.64971,10.69574],"to":[8.71055,2.84025,11.41353],"rotation":{"angle":0,"axis":"y","origin":[8,2.95895,9.456]},"faces":{"north":{"uv":[2.5,5.5,2,3],"rotation":90,"texture":"#1"},"east":{"uv":[8,8,8.5,8.5],"rotation":270,"texture":"#1"},"south":{"uv":[2.5,5.5,2,3],"rotation":90,"texture":"#1"},"west":{"uv":[0,9,0.5,9.5],"rotation":90,"texture":"#1"},"up":{"uv":[3,0,5.5,1.5],"rotation":180,"texture":"#1"},"down":{"uv":[3,0,5.5,1.5],"texture":"#1"}}},{"from":[9.12997,2.64971,10.69574],"to":[10.3208,2.84025,11.41353],"rotation":{"angle":0,"axis":"y","origin":[8,2.95895,9.456]},"faces":{"north":{"uv":[2.5,5.5,2,3],"rotation":90,"texture":"#1"},"east":{"uv":[8,8,8.5,8.5],"rotation":270,"texture":"#1"},"south":{"uv":[2.5,5.5,2,3],"rotation":90,"texture":"#1"},"west":{"uv":[0,9,0.5,9.5],"rotation":90,"texture":"#1"},"up":{"uv":[3,0,5.5,1.5],"rotation":180,"texture":"#1"},"down":{"uv":[3,0,5.5,1.5],"texture":"#1"}}},{"from":[9.92797,2.38609,10.95937],"to":[11.1188,3.10387,11.1499],"rotation":{"angle":0,"axis":"y","origin":[8,2.95895,9.456]},"faces":{"north":{"uv":[3,0,5.5,1.5],"texture":"#1"},"east":{"uv":[8,8,8.5,8.5],"texture":"#1"},"south":{"uv":[3,0,5.5,1.5],"texture":"#1"},"west":{"uv":[0,9,0.5,9.5],"texture":"#1"},"up":{"uv":[2.5,5.5,2,3],"rotation":90,"texture":"#1"},"down":{"uv":[3.5,3,3,5.5],"rotation":270,"texture":"#1"}}},{"from":[8.33197,2.38609,10.95937],"to":[9.5228,3.10387,11.1499],"rotation":{"angle":0,"axis":"y","origin":[8,2.95895,9.456]},"faces":{"north":{"uv":[3,0,5.5,1.5],"texture":"#1"},"east":{"uv":[8,8,8.5,8.5],"texture":"#1"},"south":{"uv":[3,0,5.5,1.5],"texture":"#1"},"west":{"uv":[0,9,0.5,9.5],"texture":"#1"},"up":{"uv":[2.5,5.5,2,3],"rotation":90,"texture":"#1"},"down":{"uv":[3.5,3,3,5.5],"rotation":270,"texture":"#1"}}},{"from":[5.89522,2.64971,6.50374],"to":[7.08605,2.84025,7.22153],"rotation":{"angle":0,"axis":"y","origin":[8,2.95895,8.456]},"faces":{"north":{"uv":[2.5,5.5,2,3],"rotation":90,"texture":"#1"},"east":{"uv":[8,8,8.5,8.5],"rotation":270,"texture":"#1"},"south":{"uv":[2.5,5.5,2,3],"rotation":90,"texture":"#1"},"west":{"uv":[0,9,0.5,9.5],"rotation":90,"texture":"#1"},"up":{"uv":[3,0,5.5,1.5],"rotation":180,"texture":"#1"},"down":{"uv":[3,0,5.5,1.5],"texture":"#1"}}},{"from":[7.51972,2.64971,6.50374],"to":[8.71055,2.84025,7.22153],"rotation":{"angle":0,"axis":"y","origin":[8,2.95895,8.456]},"faces":{"north":{"uv":[2.5,5.5,2,3],"rotation":90,"texture":"#1"},"east":{"uv":[8,8,8.5,8.5],"rotation":270,"texture":"#1"},"south":{"uv":[2.5,5.5,2,3],"rotation":90,"texture":"#1"},"west":{"uv":[0,9,0.5,9.5],"rotation":90,"texture":"#1"},"up":{"uv":[3,0,5.5,1.5],"rotation":180,"texture":"#1"},"down":{"uv":[3,0,5.5,1.5],"texture":"#1"}}},{"from":[9.12997,2.64971,6.50374],"to":[10.3208,2.84025,7.22153],"rotation":{"angle":0,"axis":"y","origin":[8,2.95895,8.456]},"faces":{"north":{"uv":[2.5,5.5,2,3],"rotation":90,"texture":"#1"},"east":{"uv":[8,8,8.5,8.5],"rotation":270,"texture":"#1"},"south":{"uv":[2.5,5.5,2,3],"rotation":90,"texture":"#1"},"west":{"uv":[0,9,0.5,9.5],"rotation":90,"texture":"#1"},"up":{"uv":[3,0,5.5,1.5],"rotation":180,"texture":"#1"},"down":{"uv":[3,0,5.5,1.5],"texture":"#1"}}},{"from":[5.08297,2.38609,10.95937],"to":[6.2738,3.10387,11.1499],"rotation":{"angle":0,"axis":"y","origin":[8,2.95895,9.456]},"faces":{"north":{"uv":[3,0,5.5,1.5],"texture":"#1"},"east":{"uv":[8,8,8.5,8.5],"texture":"#1"},"south":{"uv":[3,0,5.5,1.5],"texture":"#1"},"west":{"uv":[0,9,0.5,9.5],"texture":"#1"},"up":{"uv":[2.5,5.5,2,3],"rotation":90,"texture":"#1"},"down":{"uv":[3.5,3,3,5.5],"rotation":270,"texture":"#1"}}},{"from":[6.79297,2.38609,10.95937],"to":[7.9838,3.10387,11.1499],"rotation":{"angle":0,"axis":"y","origin":[8,2.95895,9.456]},"faces":{"north":{"uv":[3,0,5.5,1.5],"texture":"#1"},"east":{"uv":[8,8,8.5,8.5],"texture":"#1"},"south":{"uv":[3,0,5.5,1.5],"texture":"#1"},"west":{"uv":[0,9,0.5,9.5],"texture":"#1"},"up":{"uv":[2.5,5.5,2,3],"rotation":90,"texture":"#1"},"down":{"uv":[3.5,3,3,5.5],"rotation":270,"texture":"#1"}}},{"from":[8.33197,2.38609,6.76737],"to":[9.5228,3.10387,6.9579],"rotation":{"angle":0,"axis":"y","origin":[8,2.95895,8.456]},"faces":{"north":{"uv":[3,0,5.5,1.5],"texture":"#1"},"east":{"uv":[8,8,8.5,8.5],"texture":"#1"},"south":{"uv":[3,0,5.5,1.5],"texture":"#1"},"west":{"uv":[0,9,0.5,9.5],"texture":"#1"},"up":{"uv":[2.5,5.5,2,3],"rotation":90,"texture":"#1"},"down":{"uv":[3.5,3,3,5.5],"rotation":270,"texture":"#1"}}},{"from":[6.79297,2.38609,6.76737],"to":[7.9838,3.10387,6.9579],"rotation":{"angle":0,"axis":"y","origin":[8,2.95895,8.456]},"faces":{"north":{"uv":[3,0,5.5,1.5],"texture":"#1"},"east":{"uv":[8,8,8.5,8.5],"texture":"#1"},"south":{"uv":[3,0,5.5,1.5],"texture":"#1"},"west":{"uv":[0,9,0.5,9.5],"texture":"#1"},"up":{"uv":[2.5,5.5,2,3],"rotation":90,"texture":"#1"},"down":{"uv":[3.5,3,3,5.5],"rotation":270,"texture":"#1"}}},{"from":[5.06309,2.24887,9.51001],"to":[5.18217,3.24677,9.67672],"rotation":{"angle":0,"axis":"y","origin":[8,2.95895,8.456]},"faces":{"north":{"uv":[7,9,7.5,12.5],"texture":"#1"},"east":{"uv":[5,9,5.5,12.5],"texture":"#1"},"south":{"uv":[7,9,7.5,12.5],"texture":"#1"},"west":{"uv":[5,9,5.5,12.5],"texture":"#1"},"up":{"uv":[9.5,6.5,9,6],"rotation":180,"texture":"#1"},"down":{"uv":[7.5,9,7,9.5],"rotation":180,"texture":"#1"}}},{"from":[5.06309,2.24887,7.89976],"to":[5.18217,3.24677,8.06647],"rotation":{"angle":0,"axis":"y","origin":[8,2.95895,8.456]},"faces":{"north":{"uv":[7,9,7.5,12.5],"texture":"#1"},"east":{"uv":[5,9,5.5,12.5],"texture":"#1"},"south":{"uv":[7,9,7.5,12.5],"texture":"#1"},"west":{"uv":[5,9,5.5,12.5],"texture":"#1"},"up":{"uv":[9.5,6.5,9,6],"rotation":180,"texture":"#1"},"down":{"uv":[7.5,9,7,9.5],"rotation":180,"texture":"#1"}}},{"from":[10.82009,2.24887,7.08751],"to":[10.93917,3.24677,7.25422],"rotation":{"angle":0,"axis":"y","origin":[8,2.95895,8.456]},"faces":{"north":{"uv":[7,9,7.5,12.5],"texture":"#1"},"east":{"uv":[5,9,5.5,12.5],"texture":"#1"},"south":{"uv":[7,9,7.5,12.5],"texture":"#1"},"west":{"uv":[5,9,5.5,12.5],"texture":"#1"},"up":{"uv":[9.5,6.5,9,6],"rotation":180,"texture":"#1"},"down":{"uv":[7.5,9,7,9.5],"rotation":180,"texture":"#1"}}},{"from":[11.24207,2.68708,7.90067],"to":[11.38497,2.80616,8.06739],"rotation":{"angle":0,"axis":"y","origin":[8,2.95895,8.456]},"faces":{"north":{"uv":[6,0,6.5,0.5],"rotation":90,"texture":"#1"},"east":{"uv":[6.5,6,6,6.5],"rotation":270,"texture":"#1"},"south":{"uv":[2,6,2.5,6.5],"rotation":270,"texture":"#1"},"west":{"uv":[6.5,5.5,6,5],"rotation":270,"texture":"#1"},"up":{"uv":[6,1,6.5,1.5],"rotation":270,"texture":"#1"},"down":{"uv":[3,6,3.5,6.5],"rotation":270,"texture":"#1"}}},{"from":[7.21953,2.24887,10.98982],"to":[7.38624,3.24677,11.1089],"rotation":{"angle":0,"axis":"y","origin":[8,2.95895,9.456]},"faces":{"north":{"uv":[5,9,5.5,12.5],"texture":"#1"},"east":{"uv":[7,9,7.5,12.5],"texture":"#1"},"south":{"uv":[5,9,5.5,12.5],"texture":"#1"},"west":{"uv":[7,9,7.5,12.5],"texture":"#1"},"up":{"uv":[9.5,6.5,9,6],"rotation":90,"texture":"#1"},"down":{"uv":[7.5,9,7,9.5],"rotation":270,"texture":"#1"}}},{"from":[5.59503,2.24887,6.79782],"to":[5.76174,3.24677,6.9169],"rotation":{"angle":0,"axis":"y","origin":[8,2.95895,8.456]},"faces":{"north":{"uv":[5,9,5.5,12.5],"texture":"#1"},"east":{"uv":[7,9,7.5,12.5],"texture":"#1"},"south":{"uv":[5,9,5.5,12.5],"texture":"#1"},"west":{"uv":[7,9,7.5,12.5],"texture":"#1"},"up":{"uv":[9.5,6.5,9,6],"rotation":90,"texture":"#1"},"down":{"uv":[7.5,9,7,9.5],"rotation":270,"texture":"#1"}}},{"from":[7.21456,3.10148,6.79782],"to":[7.38127,3.24438,6.9169],"rotation":{"angle":0,"axis":"y","origin":[8,2.95895,8.456]},"faces":{"north":{"uv":[3,6,3.5,6.5],"texture":"#1"},"east":{"uv":[6,0,6.5,0.5],"texture":"#1"},"south":{"uv":[6,1,6.5,1.5],"texture":"#1"},"west":{"uv":[2,6,2.5,6.5],"texture":"#1"},"up":{"uv":[6.5,5.5,6,5],"rotation":90,"texture":"#1"},"down":{"uv":[6.5,6,6,6.5],"rotation":270,"texture":"#1"}}},{"from":[8.81553,2.24887,6.79782],"to":[8.98224,3.24677,6.9169],"rotation":{"angle":0,"axis":"y","origin":[8,2.95895,8.456]},"faces":{"north":{"uv":[5,9,5.5,12.5],"texture":"#1"},"east":{"uv":[7,9,7.5,12.5],"texture":"#1"},"south":{"uv":[5,9,5.5,12.5],"texture":"#1"},"west":{"uv":[7,9,7.5,12.5],"texture":"#1"},"up":{"uv":[9.5,6.5,9,6],"rotation":90,"texture":"#1"},"down":{"uv":[7.5,9,7,9.5],"rotation":270,"texture":"#1"}}},{"from":[10.44003,2.24887,6.79782],"to":[10.60674,3.24677,6.9169],"rotation":{"angle":0,"axis":"y","origin":[8,2.95895,8.456]},"faces":{"north":{"uv":[5,9,5.5,12.5],"texture":"#1"},"east":{"uv":[7,9,7.5,12.5],"texture":"#1"},"south":{"uv":[5,9,5.5,12.5],"texture":"#1"},"west":{"uv":[7,9,7.5,12.5],"texture":"#1"},"up":{"uv":[9.5,6.5,9,6],"rotation":90,"texture":"#1"},"down":{"uv":[7.5,9,7,9.5],"rotation":270,"texture":"#1"}}},{"from":[10.44003,2.24887,10.98982],"to":[10.60674,3.24677,11.1089],"rotation":{"angle":0,"axis":"y","origin":[8,2.95895,9.456]},"faces":{"north":{"uv":[5,9,5.5,12.5],"texture":"#1"},"east":{"uv":[7,9,7.5,12.5],"texture":"#1"},"south":{"uv":[5,9,5.5,12.5],"texture":"#1"},"west":{"uv":[7,9,7.5,12.5],"texture":"#1"},"up":{"uv":[9.5,6.5,9,6],"rotation":90,"texture":"#1"},"down":{"uv":[7.5,9,7,9.5],"rotation":270,"texture":"#1"}}},{"from":[8.81553,2.24887,10.98982],"to":[8.98224,3.24677,11.1089],"rotation":{"angle":0,"axis":"y","origin":[8,2.95895,9.456]},"faces":{"north":{"uv":[5,9,5.5,12.5],"texture":"#1"},"east":{"uv":[7,9,7.5,12.5],"texture":"#1"},"south":{"uv":[5,9,5.5,12.5],"texture":"#1"},"west":{"uv":[7,9,7.5,12.5],"texture":"#1"},"up":{"uv":[9.5,6.5,9,6],"rotation":90,"texture":"#1"},"down":{"uv":[7.5,9,7,9.5],"rotation":270,"texture":"#1"}}},{"from":[5.59503,2.24887,10.98982],"to":[5.76174,3.24677,11.1089],"rotation":{"angle":0,"axis":"y","origin":[8,2.95895,9.456]},"faces":{"north":{"uv":[5,9,5.5,12.5],"texture":"#1"},"east":{"uv":[7,9,7.5,12.5],"texture":"#1"},"south":{"uv":[5,9,5.5,12.5],"texture":"#1"},"west":{"uv":[7,9,7.5,12.5],"texture":"#1"},"up":{"uv":[9.5,6.5,9,6],"rotation":90,"texture":"#1"},"down":{"uv":[7.5,9,7,9.5],"rotation":270,"texture":"#1"}}},{"from":[4.61503,2.68708,8.71044],"to":[4.75793,2.80616,8.87715],"rotation":{"angle":0,"axis":"y","origin":[8,2.95895,8.456]},"faces":{"north":{"uv":[7,6,7.5,6.5],"texture":"#1"},"east":{"uv":[7,7,7.5,7.5],"texture":"#1"},"south":{"uv":[0,8,0.5,8.5],"texture":"#1"},"west":{"uv":[8,0,8.5,0.5],"texture":"#1"},"up":{"uv":[1.5,8.5,1,8],"texture":"#1"},"down":{"uv":[8.5,1,8,1.5],"texture":"#1"}}},{"from":[4.61503,2.68708,10.51044],"to":[4.75793,2.80616,10.67715],"rotation":{"angle":0,"axis":"y","origin":[8,2.95895,10.256]},"faces":{"north":{"uv":[7,6,7.5,6.5],"texture":"#1"},"east":{"uv":[7,7,7.5,7.5],"texture":"#1"},"south":{"uv":[0,8,0.5,8.5],"texture":"#1"},"west":{"uv":[8,0,8.5,0.5],"texture":"#1"},"up":{"uv":[1.5,8.5,1,8],"texture":"#1"},"down":{"uv":[8.5,1,8,1.5],"texture":"#1"}}},{"from":[4.74949,2.64971,9.97672],"to":[5.46728,2.84025,11.16755],"rotation":{"angle":0,"axis":"y","origin":[8,2.95895,10.256]},"faces":{"north":{"uv":[8,8,8.5,8.5],"rotation":90,"texture":"#1"},"east":{"uv":[2.5,5.5,2,3],"rotation":270,"texture":"#1"},"south":{"uv":[2,3,2.5,3.5],"rotation":270,"texture":"#1"},"west":{"uv":[2.5,5.5,2,3],"rotation":270,"texture":"#1"},"up":{"uv":[3,0,5.5,1.5],"rotation":270,"texture":"#1"},"down":{"uv":[3,0,5.5,1.5],"rotation":270,"texture":"#1"}}},{"from":[9.65123,2.68708,6.36249],"to":[9.81795,2.80616,6.50539],"rotation":{"angle":0,"axis":"y","origin":[8,2.95895,8.456]},"faces":{"north":{"uv":[8,0,8.5,0.5],"texture":"#1"},"east":{"uv":[7,6,7.5,6.5],"texture":"#1"},"south":{"uv":[7,7,7.5,7.5],"texture":"#1"},"west":{"uv":[0,8,0.5,8.5],"texture":"#1"},"up":{"uv":[1.5,8.5,1,8],"rotation":90,"texture":"#1"},"down":{"uv":[8.5,1,8,1.5],"rotation":270,"texture":"#1"}}},{"from":[9.65123,2.68708,11.40661],"to":[9.81795,2.80616,11.54951],"rotation":{"angle":0,"axis":"y","origin":[8,2.95895,9.456]},"faces":{"north":{"uv":[8,0,8.5,0.5],"texture":"#1"},"east":{"uv":[7,6,7.5,6.5],"texture":"#1"},"south":{"uv":[7,7,7.5,7.5],"texture":"#1"},"west":{"uv":[0,8,0.5,8.5],"texture":"#1"},"up":{"uv":[1.5,8.5,1,8],"rotation":90,"texture":"#1"},"down":{"uv":[8.5,1,8,1.5],"rotation":270,"texture":"#1"}}},{"from":[6.40479,2.68708,11.40661],"to":[6.57151,2.80616,11.54951],"rotation":{"angle":0,"axis":"y","origin":[8,2.95895,9.456]},"faces":{"north":{"uv":[8,0,8.5,0.5],"texture":"#1"},"east":{"uv":[7,6,7.5,6.5],"texture":"#1"},"south":{"uv":[7,7,7.5,7.5],"texture":"#1"},"west":{"uv":[0,8,0.5,8.5],"texture":"#1"},"up":{"uv":[1.5,8.5,1,8],"rotation":90,"texture":"#1"},"down":{"uv":[8.5,1,8,1.5],"rotation":270,"texture":"#1"}}},{"from":[5.08297,2.38609,6.76737],"to":[6.2738,3.10387,6.9579],"rotation":{"angle":0,"axis":"y","origin":[8,2.95895,8.456]},"faces":{"north":{"uv":[3,0,5.5,1.5],"texture":"#1"},"east":{"uv":[8,8,8.5,8.5],"texture":"#1"},"south":{"uv":[3,0,5.5,1.5],"texture":"#1"},"west":{"uv":[0,9,0.5,9.5],"texture":"#1"},"up":{"uv":[2.5,5.5,2,3],"rotation":90,"texture":"#1"},"down":{"uv":[3.5,3,3,5.5],"rotation":270,"texture":"#1"}}},{"from":[6.40479,2.68708,6.36249],"to":[6.57151,2.80616,6.50539],"rotation":{"angle":0,"axis":"y","origin":[8,2.95895,8.456]},"faces":{"north":{"uv":[8,0,8.5,0.5],"texture":"#1"},"east":{"uv":[7,6,7.5,6.5],"texture":"#1"},"south":{"uv":[7,7,7.5,7.5],"texture":"#1"},"west":{"uv":[0,8,0.5,8.5],"texture":"#1"},"up":{"uv":[1.5,8.5,1,8],"rotation":90,"texture":"#1"},"down":{"uv":[8.5,1,8,1.5],"rotation":270,"texture":"#1"}}},{"from":[6.40479,0.58708,6.36249],"to":[6.57151,0.70616,6.50539],"rotation":{"angle":0,"axis":"y","origin":[8,0.85895,8.456]},"faces":{"north":{"uv":[8,0,8.5,0.5],"texture":"#1"},"east":{"uv":[7,6,7.5,6.5],"texture":"#1"},"south":{"uv":[7,7,7.5,7.5],"texture":"#1"},"west":{"uv":[0,8,0.5,8.5],"texture":"#1"},"up":{"uv":[1.5,8.5,1,8],"rotation":90,"texture":"#1"},"down":{"uv":[8.5,1,8,1.5],"rotation":270,"texture":"#1"}}},{"from":[5.08297,0.28609,6.76737],"to":[6.2738,1.00387,6.9579],"rotation":{"angle":0,"axis":"y","origin":[8,0.85895,8.456]},"faces":{"north":{"uv":[3,0,5.5,1.5],"texture":"#1"},"east":{"uv":[8,8,8.5,8.5],"texture":"#1"},"south":{"uv":[3,0,5.5,1.5],"texture":"#1"},"west":{"uv":[0,9,0.5,9.5],"texture":"#1"},"up":{"uv":[2.5,5.5,2,3],"rotation":90,"texture":"#1"},"down":{"uv":[3.5,3,3,5.5],"rotation":270,"texture":"#1"}}},{"from":[6.40479,0.58708,11.40661],"to":[6.57151,0.70616,11.54951],"rotation":{"angle":0,"axis":"y","origin":[8,0.85895,9.456]},"faces":{"north":{"uv":[8,0,8.5,0.5],"texture":"#1"},"east":{"uv":[7,6,7.5,6.5],"texture":"#1"},"south":{"uv":[7,7,7.5,7.5],"texture":"#1"},"west":{"uv":[0,8,0.5,8.5],"texture":"#1"},"up":{"uv":[1.5,8.5,1,8],"rotation":90,"texture":"#1"},"down":{"uv":[8.5,1,8,1.5],"rotation":270,"texture":"#1"}}},{"from":[9.65123,0.58708,11.40661],"to":[9.81795,0.70616,11.54951],"rotation":{"angle":0,"axis":"y","origin":[8,0.85895,9.456]},"faces":{"north":{"uv":[8,0,8.5,0.5],"texture":"#1"},"east":{"uv":[7,6,7.5,6.5],"texture":"#1"},"south":{"uv":[7,7,7.5,7.5],"texture":"#1"},"west":{"uv":[0,8,0.5,8.5],"texture":"#1"},"up":{"uv":[1.5,8.5,1,8],"rotation":90,"texture":"#1"},"down":{"uv":[8.5,1,8,1.5],"rotation":270,"texture":"#1"}}},{"from":[9.65123,0.58708,6.36249],"to":[9.81795,0.70616,6.50539],"rotation":{"angle":0,"axis":"y","origin":[8,0.85895,8.456]},"faces":{"north":{"uv":[8,0,8.5,0.5],"texture":"#1"},"east":{"uv":[7,6,7.5,6.5],"texture":"#1"},"south":{"uv":[7,7,7.5,7.5],"texture":"#1"},"west":{"uv":[0,8,0.5,8.5],"texture":"#1"},"up":{"uv":[1.5,8.5,1,8],"rotation":90,"texture":"#1"},"down":{"uv":[8.5,1,8,1.5],"rotation":270,"texture":"#1"}}},{"from":[4.61503,0.58708,8.71044],"to":[4.75793,0.70616,8.87715],"rotation":{"angle":0,"axis":"y","origin":[8,0.85895,8.456]},"faces":{"north":{"uv":[7,6,7.5,6.5],"texture":"#1"},"east":{"uv":[7,7,7.5,7.5],"texture":"#1"},"south":{"uv":[0,8,0.5,8.5],"texture":"#1"},"west":{"uv":[8,0,8.5,0.5],"texture":"#1"},"up":{"uv":[1.5,8.5,1,8],"texture":"#1"},"down":{"uv":[8.5,1,8,1.5],"texture":"#1"}}},{"from":[5.59503,0.14887,10.98982],"to":[5.76174,1.14677,11.1089],"rotation":{"angle":0,"axis":"y","origin":[8,0.85895,9.456]},"faces":{"north":{"uv":[5,9,5.5,12.5],"texture":"#1"},"east":{"uv":[7,9,7.5,12.5],"texture":"#1"},"south":{"uv":[5,9,5.5,12.5],"texture":"#1"},"west":{"uv":[7,9,7.5,12.5],"texture":"#1"},"up":{"uv":[9.5,6.5,9,6],"rotation":90,"texture":"#1"},"down":{"uv":[7.5,9,7,9.5],"rotation":270,"texture":"#1"}}},{"from":[8.81553,0.14887,10.98982],"to":[8.98224,1.14677,11.1089],"rotation":{"angle":0,"axis":"y","origin":[8,0.85895,9.456]},"faces":{"north":{"uv":[5,9,5.5,12.5],"texture":"#1"},"east":{"uv":[7,9,7.5,12.5],"texture":"#1"},"south":{"uv":[5,9,5.5,12.5],"texture":"#1"},"west":{"uv":[7,9,7.5,12.5],"texture":"#1"},"up":{"uv":[9.5,6.5,9,6],"rotation":90,"texture":"#1"},"down":{"uv":[7.5,9,7,9.5],"rotation":270,"texture":"#1"}}},{"from":[10.44003,0.14887,10.98982],"to":[10.60674,1.14677,11.1089],"rotation":{"angle":0,"axis":"y","origin":[8,0.85895,9.456]},"faces":{"north":{"uv":[5,9,5.5,12.5],"texture":"#1"},"east":{"uv":[7,9,7.5,12.5],"texture":"#1"},"south":{"uv":[5,9,5.5,12.5],"texture":"#1"},"west":{"uv":[7,9,7.5,12.5],"texture":"#1"},"up":{"uv":[9.5,6.5,9,6],"rotation":90,"texture":"#1"},"down":{"uv":[7.5,9,7,9.5],"rotation":270,"texture":"#1"}}},{"from":[10.44003,0.14887,6.79782],"to":[10.60674,1.14677,6.9169],"rotation":{"angle":0,"axis":"y","origin":[8,0.85895,8.456]},"faces":{"north":{"uv":[5,9,5.5,12.5],"texture":"#1"},"east":{"uv":[7,9,7.5,12.5],"texture":"#1"},"south":{"uv":[5,9,5.5,12.5],"texture":"#1"},"west":{"uv":[7,9,7.5,12.5],"texture":"#1"},"up":{"uv":[9.5,6.5,9,6],"rotation":90,"texture":"#1"},"down":{"uv":[7.5,9,7,9.5],"rotation":270,"texture":"#1"}}},{"from":[8.81553,0.14887,6.79782],"to":[8.98224,1.14677,6.9169],"rotation":{"angle":0,"axis":"y","origin":[8,0.85895,8.456]},"faces":{"north":{"uv":[5,9,5.5,12.5],"texture":"#1"},"east":{"uv":[7,9,7.5,12.5],"texture":"#1"},"south":{"uv":[5,9,5.5,12.5],"texture":"#1"},"west":{"uv":[7,9,7.5,12.5],"texture":"#1"},"up":{"uv":[9.5,6.5,9,6],"rotation":90,"texture":"#1"},"down":{"uv":[7.5,9,7,9.5],"rotation":270,"texture":"#1"}}},{"from":[7.21456,1.00148,6.79782],"to":[7.38127,1.14437,6.9169],"rotation":{"angle":0,"axis":"y","origin":[8,0.85895,8.456]},"faces":{"north":{"uv":[3,6,3.5,6.5],"texture":"#1"},"east":{"uv":[6,0,6.5,0.5],"texture":"#1"},"south":{"uv":[6,1,6.5,1.5],"texture":"#1"},"west":{"uv":[2,6,2.5,6.5],"texture":"#1"},"up":{"uv":[6.5,5.5,6,5],"rotation":90,"texture":"#1"},"down":{"uv":[6.5,6,6,6.5],"rotation":270,"texture":"#1"}}},{"from":[5.59503,0.14887,6.79782],"to":[5.76174,1.14677,6.9169],"rotation":{"angle":0,"axis":"y","origin":[8,0.85895,8.456]},"faces":{"north":{"uv":[5,9,5.5,12.5],"texture":"#1"},"east":{"uv":[7,9,7.5,12.5],"texture":"#1"},"south":{"uv":[5,9,5.5,12.5],"texture":"#1"},"west":{"uv":[7,9,7.5,12.5],"texture":"#1"},"up":{"uv":[9.5,6.5,9,6],"rotation":90,"texture":"#1"},"down":{"uv":[7.5,9,7,9.5],"rotation":270,"texture":"#1"}}},{"from":[7.21953,0.14887,10.98982],"to":[7.38624,1.14677,11.1089],"rotation":{"angle":0,"axis":"y","origin":[8,0.85895,9.456]},"faces":{"north":{"uv":[5,9,5.5,12.5],"texture":"#1"},"east":{"uv":[7,9,7.5,12.5],"texture":"#1"},"south":{"uv":[5,9,5.5,12.5],"texture":"#1"},"west":{"uv":[7,9,7.5,12.5],"texture":"#1"},"up":{"uv":[9.5,6.5,9,6],"rotation":90,"texture":"#1"},"down":{"uv":[7.5,9,7,9.5],"rotation":270,"texture":"#1"}}},{"from":[11.24207,0.58708,7.90067],"to":[11.38497,0.70616,8.06739],"rotation":{"angle":0,"axis":"y","origin":[8,0.85895,8.456]},"faces":{"north":{"uv":[6,0,6.5,0.5],"rotation":90,"texture":"#1"},"east":{"uv":[6.5,6,6,6.5],"rotation":270,"texture":"#1"},"south":{"uv":[2,6,2.5,6.5],"rotation":270,"texture":"#1"},"west":{"uv":[6.5,5.5,6,5],"rotation":270,"texture":"#1"},"up":{"uv":[6,1,6.5,1.5],"rotation":270,"texture":"#1"},"down":{"uv":[3,6,3.5,6.5],"rotation":270,"texture":"#1"}}},{"from":[10.82009,0.14887,7.08751],"to":[10.93917,1.14677,7.25422],"rotation":{"angle":0,"axis":"y","origin":[8,0.85895,8.456]},"faces":{"north":{"uv":[7,9,7.5,12.5],"texture":"#1"},"east":{"uv":[5,9,5.5,12.5],"texture":"#1"},"south":{"uv":[7,9,7.5,12.5],"texture":"#1"},"west":{"uv":[5,9,5.5,12.5],"texture":"#1"},"up":{"uv":[9.5,6.5,9,6],"rotation":180,"texture":"#1"},"down":{"uv":[7.5,9,7,9.5],"rotation":180,"texture":"#1"}}},{"from":[5.06309,0.14887,7.89976],"to":[5.18217,1.14677,8.06647],"rotation":{"angle":0,"axis":"y","origin":[8,0.85895,8.456]},"faces":{"north":{"uv":[7,9,7.5,12.5],"texture":"#1"},"east":{"uv":[5,9,5.5,12.5],"texture":"#1"},"south":{"uv":[7,9,7.5,12.5],"texture":"#1"},"west":{"uv":[5,9,5.5,12.5],"texture":"#1"},"up":{"uv":[9.5,6.5,9,6],"rotation":180,"texture":"#1"},"down":{"uv":[7.5,9,7,9.5],"rotation":180,"texture":"#1"}}},{"from":[5.06309,0.14887,9.51001],"to":[5.18217,1.14677,9.67672],"rotation":{"angle":0,"axis":"y","origin":[8,0.85895,8.456]},"faces":{"north":{"uv":[7,9,7.5,12.5],"texture":"#1"},"east":{"uv":[5,9,5.5,12.5],"texture":"#1"},"south":{"uv":[7,9,7.5,12.5],"texture":"#1"},"west":{"uv":[5,9,5.5,12.5],"texture":"#1"},"up":{"uv":[9.5,6.5,9,6],"rotation":180,"texture":"#1"},"down":{"uv":[7.5,9,7,9.5],"rotation":180,"texture":"#1"}}},{"from":[6.79297,0.28609,6.76737],"to":[7.9838,1.00387,6.9579],"rotation":{"angle":0,"axis":"y","origin":[8,0.85895,8.456]},"faces":{"north":{"uv":[3,0,5.5,1.5],"texture":"#1"},"east":{"uv":[8,8,8.5,8.5],"texture":"#1"},"south":{"uv":[3,0,5.5,1.5],"texture":"#1"},"west":{"uv":[0,9,0.5,9.5],"texture":"#1"},"up":{"uv":[2.5,5.5,2,3],"rotation":90,"texture":"#1"},"down":{"uv":[3.5,3,3,5.5],"rotation":270,"texture":"#1"}}},{"from":[8.33197,0.28609,6.76737],"to":[9.5228,1.00387,6.9579],"rotation":{"angle":0,"axis":"y","origin":[8,0.85895,8.456]},"faces":{"north":{"uv":[3,0,5.5,1.5],"texture":"#1"},"east":{"uv":[8,8,8.5,8.5],"texture":"#1"},"south":{"uv":[3,0,5.5,1.5],"texture":"#1"},"west":{"uv":[0,9,0.5,9.5],"texture":"#1"},"up":{"uv":[2.5,5.5,2,3],"rotation":90,"texture":"#1"},"down":{"uv":[3.5,3,3,5.5],"rotation":270,"texture":"#1"}}},{"from":[6.79297,0.28609,10.95937],"to":[7.9838,1.00387,11.1499],"rotation":{"angle":0,"axis":"y","origin":[8,0.85895,9.456]},"faces":{"north":{"uv":[3,0,5.5,1.5],"texture":"#1"},"east":{"uv":[8,8,8.5,8.5],"texture":"#1"},"south":{"uv":[3,0,5.5,1.5],"texture":"#1"},"west":{"uv":[0,9,0.5,9.5],"texture":"#1"},"up":{"uv":[2.5,5.5,2,3],"rotation":90,"texture":"#1"},"down":{"uv":[3.5,3,3,5.5],"rotation":270,"texture":"#1"}}},{"from":[5.08297,0.28609,10.95937],"to":[6.2738,1.00387,11.1499],"rotation":{"angle":0,"axis":"y","origin":[8,0.85895,9.456]},"faces":{"north":{"uv":[3,0,5.5,1.5],"texture":"#1"},"east":{"uv":[8,8,8.5,8.5],"texture":"#1"},"south":{"uv":[3,0,5.5,1.5],"texture":"#1"},"west":{"uv":[0,9,0.5,9.5],"texture":"#1"},"up":{"uv":[2.5,5.5,2,3],"rotation":90,"texture":"#1"},"down":{"uv":[3.5,3,3,5.5],"rotation":270,"texture":"#1"}}},{"from":[9.12997,0.54971,6.50374],"to":[10.3208,0.74025,7.22153],"rotation":{"angle":0,"axis":"y","origin":[8,0.85895,8.456]},"faces":{"north":{"uv":[2.5,5.5,2,3],"rotation":90,"texture":"#1"},"east":{"uv":[8,8,8.5,8.5],"rotation":270,"texture":"#1"},"south":{"uv":[2.5,5.5,2,3],"rotation":90,"texture":"#1"},"west":{"uv":[0,9,0.5,9.5],"rotation":90,"texture":"#1"},"up":{"uv":[3,0,5.5,1.5],"rotation":180,"texture":"#1"},"down":{"uv":[3,0,5.5,1.5],"texture":"#1"}}},{"from":[7.51972,0.54971,6.50374],"to":[8.71055,0.74025,7.22153],"rotation":{"angle":0,"axis":"y","origin":[8,0.85895,8.456]},"faces":{"north":{"uv":[2.5,5.5,2,3],"rotation":90,"texture":"#1"},"east":{"uv":[8,8,8.5,8.5],"rotation":270,"texture":"#1"},"south":{"uv":[2.5,5.5,2,3],"rotation":90,"texture":"#1"},"west":{"uv":[0,9,0.5,9.5],"rotation":90,"texture":"#1"},"up":{"uv":[3,0,5.5,1.5],"rotation":180,"texture":"#1"},"down":{"uv":[3,0,5.5,1.5],"texture":"#1"}}},{"from":[5.89522,0.54971,6.50374],"to":[7.08605,0.74025,7.22153],"rotation":{"angle":0,"axis":"y","origin":[8,0.85895,8.456]},"faces":{"north":{"uv":[2.5,5.5,2,3],"rotation":90,"texture":"#1"},"east":{"uv":[8,8,8.5,8.5],"rotation":270,"texture":"#1"},"south":{"uv":[2.5,5.5,2,3],"rotation":90,"texture":"#1"},"west":{"uv":[0,9,0.5,9.5],"rotation":90,"texture":"#1"},"up":{"uv":[3,0,5.5,1.5],"rotation":180,"texture":"#1"},"down":{"uv":[3,0,5.5,1.5],"texture":"#1"}}},{"from":[8.33197,0.28609,10.95937],"to":[9.5228,1.00387,11.1499],"rotation":{"angle":0,"axis":"y","origin":[8,0.85895,9.456]},"faces":{"north":{"uv":[3,0,5.5,1.5],"texture":"#1"},"east":{"uv":[8,8,8.5,8.5],"texture":"#1"},"south":{"uv":[3,0,5.5,1.5],"texture":"#1"},"west":{"uv":[0,9,0.5,9.5],"texture":"#1"},"up":{"uv":[2.5,5.5,2,3],"rotation":90,"texture":"#1"},"down":{"uv":[3.5,3,3,5.5],"rotation":270,"texture":"#1"}}},{"from":[9.92797,0.28609,10.95937],"to":[11.1188,1.00387,11.1499],"rotation":{"angle":0,"axis":"y","origin":[8,0.85895,9.456]},"faces":{"north":{"uv":[3,0,5.5,1.5],"texture":"#1"},"east":{"uv":[8,8,8.5,8.5],"texture":"#1"},"south":{"uv":[3,0,5.5,1.5],"texture":"#1"},"west":{"uv":[0,9,0.5,9.5],"texture":"#1"},"up":{"uv":[2.5,5.5,2,3],"rotation":90,"texture":"#1"},"down":{"uv":[3.5,3,3,5.5],"rotation":270,"texture":"#1"}}},{"from":[9.12997,0.54971,10.69574],"to":[10.3208,0.74025,11.41353],"rotation":{"angle":0,"axis":"y","origin":[8,0.85895,9.456]},"faces":{"north":{"uv":[2.5,5.5,2,3],"rotation":90,"texture":"#1"},"east":{"uv":[8,8,8.5,8.5],"rotation":270,"texture":"#1"},"south":{"uv":[2.5,5.5,2,3],"rotation":90,"texture":"#1"},"west":{"uv":[0,9,0.5,9.5],"rotation":90,"texture":"#1"},"up":{"uv":[3,0,5.5,1.5],"rotation":180,"texture":"#1"},"down":{"uv":[3,0,5.5,1.5],"texture":"#1"}}},{"from":[7.51972,0.54971,10.69574],"to":[8.71055,0.74025,11.41353],"rotation":{"angle":0,"axis":"y","origin":[8,0.85895,9.456]},"faces":{"north":{"uv":[2.5,5.5,2,3],"rotation":90,"texture":"#1"},"east":{"uv":[8,8,8.5,8.5],"rotation":270,"texture":"#1"},"south":{"uv":[2.5,5.5,2,3],"rotation":90,"texture":"#1"},"west":{"uv":[0,9,0.5,9.5],"rotation":90,"texture":"#1"},"up":{"uv":[3,0,5.5,1.5],"rotation":180,"texture":"#1"},"down":{"uv":[3,0,5.5,1.5],"texture":"#1"}}},{"from":[5.89522,0.54971,10.69574],"to":[7.08605,0.74025,11.41353],"rotation":{"angle":0,"axis":"y","origin":[8,0.85895,9.456]},"faces":{"north":{"uv":[2.5,5.5,2,3],"rotation":90,"texture":"#1"},"east":{"uv":[8,8,8.5,8.5],"rotation":270,"texture":"#1"},"south":{"uv":[2.5,5.5,2,3],"rotation":90,"texture":"#1"},"west":{"uv":[0,9,0.5,9.5],"rotation":90,"texture":"#1"},"up":{"uv":[3,0,5.5,1.5],"rotation":180,"texture":"#1"},"down":{"uv":[3,0,5.5,1.5],"texture":"#1"}}},{"from":[4.74949,0.54971,8.17672],"to":[5.46728,0.74025,9.36755],"rotation":{"angle":0,"axis":"y","origin":[8,0.85895,8.456]},"faces":{"north":{"uv":[8,8,8.5,8.5],"rotation":90,"texture":"#1"},"east":{"uv":[2.5,5.5,2,3],"rotation":270,"texture":"#1"},"south":{"uv":[2,3,2.5,3.5],"rotation":270,"texture":"#1"},"west":{"uv":[2.5,5.5,2,3],"rotation":270,"texture":"#1"},"up":{"uv":[3,0,5.5,1.5],"rotation":270,"texture":"#1"},"down":{"uv":[3,0,5.5,1.5],"rotation":270,"texture":"#1"}}},{"from":[4.74949,0.54971,6.58072],"to":[5.46728,0.74025,7.77155],"rotation":{"angle":0,"axis":"y","origin":[8,0.85895,8.456]},"faces":{"north":{"uv":[8,8,8.5,8.5],"rotation":90,"texture":"#1"},"east":{"uv":[2.5,5.5,2,3],"rotation":270,"texture":"#1"},"south":{"uv":[2,3,2.5,3.5],"rotation":270,"texture":"#1"},"west":{"uv":[2.5,5.5,2,3],"rotation":270,"texture":"#1"},"up":{"uv":[3,0,5.5,1.5],"rotation":270,"texture":"#1"},"down":{"uv":[3,0,5.5,1.5],"rotation":270,"texture":"#1"}}},{"from":[10.52074,0.54971,9.00322],"to":[11.23853,0.74025,10.19405],"rotation":{"angle":0,"axis":"y","origin":[8,0.85895,8.456]},"faces":{"north":{"uv":[8,8,8.5,8.5],"rotation":90,"texture":"#1"},"east":{"uv":[2.5,5.5,2,3],"rotation":270,"texture":"#1"},"south":{"uv":[2,3,2.5,3.5],"rotation":270,"texture":"#1"},"west":{"uv":[2.5,5.5,2,3],"rotation":270,"texture":"#1"},"up":{"uv":[3,0,5.5,1.5],"rotation":270,"texture":"#1"},"down":{"uv":[3,0,5.5,1.5],"rotation":270,"texture":"#1"}}},{"from":[10.52074,0.54971,7.40722],"to":[11.23853,0.74025,8.59805],"rotation":{"angle":0,"axis":"y","origin":[8,0.85895,8.456]},"faces":{"north":{"uv":[8,8,8.5,8.5],"rotation":90,"texture":"#1"},"east":{"uv":[2.5,5.5,2,3],"rotation":270,"texture":"#1"},"south":{"uv":[2,3,2.5,3.5],"rotation":270,"texture":"#1"},"west":{"uv":[2.5,5.5,2,3],"rotation":270,"texture":"#1"},"up":{"uv":[3,0,5.5,1.5],"rotation":270,"texture":"#1"},"down":{"uv":[3,0,5.5,1.5],"rotation":270,"texture":"#1"}}},{"from":[10.82009,0.14887,8.69776],"to":[10.93917,1.14677,8.86447],"rotation":{"angle":0,"axis":"y","origin":[8,0.85895,8.456]},"faces":{"north":{"uv":[7,9,7.5,12.5],"texture":"#1"},"east":{"uv":[5,9,5.5,12.5],"texture":"#1"},"south":{"uv":[7,9,7.5,12.5],"texture":"#1"},"west":{"uv":[5,9,5.5,12.5],"texture":"#1"},"up":{"uv":[9.5,6.5,9,6],"rotation":180,"texture":"#1"},"down":{"uv":[7.5,9,7,9.5],"rotation":180,"texture":"#1"}}},{"from":[10.78437,0.28609,6.56647],"to":[10.9749,1.00387,7.7573],"rotation":{"angle":0,"axis":"y","origin":[8,0.85895,8.456]},"faces":{"north":{"uv":[8,8,8.5,8.5],"texture":"#1"},"east":{"uv":[3,0,5.5,1.5],"texture":"#1"},"south":{"uv":[2,3,2.5,3.5],"texture":"#1"},"west":{"uv":[3,0,5.5,1.5],"texture":"#1"},"up":{"uv":[2.5,5.5,2,3],"texture":"#1"},"down":{"uv":[2.5,5.5,2,3],"texture":"#1"}}},{"from":[10.78437,0.28609,8.20522],"to":[10.9749,1.00387,9.39605],"rotation":{"angle":0,"axis":"y","origin":[8,0.85895,8.456]},"faces":{"north":{"uv":[8,8,8.5,8.5],"texture":"#1"},"east":{"uv":[3,0,5.5,1.5],"texture":"#1"},"south":{"uv":[2,3,2.5,3.5],"texture":"#1"},"west":{"uv":[3,0,5.5,1.5],"texture":"#1"},"up":{"uv":[2.5,5.5,2,3],"texture":"#1"},"down":{"uv":[2.5,5.5,2,3],"texture":"#1"}}},{"from":[9.92797,0.28609,6.76737],"to":[11.1188,1.00387,6.9579],"rotation":{"angle":0,"axis":"y","origin":[8,0.85895,8.456]},"faces":{"north":{"uv":[3,0,5.5,1.5],"texture":"#1"},"east":{"uv":[8,8,8.5,8.5],"texture":"#1"},"south":{"uv":[3,0,5.5,1.5],"texture":"#1"},"west":{"uv":[0,9,0.5,9.5],"texture":"#1"},"up":{"uv":[2.5,5.5,2,3],"rotation":90,"texture":"#1"},"down":{"uv":[3.5,3,3,5.5],"rotation":270,"texture":"#1"}}},{"from":[5.02737,0.28609,7.36447],"to":[5.2179,1.00387,8.5553],"rotation":{"angle":0,"axis":"y","origin":[8,0.85895,8.456]},"faces":{"north":{"uv":[8,8,8.5,8.5],"texture":"#1"},"east":{"uv":[3,0,5.5,1.5],"texture":"#1"},"south":{"uv":[2,3,2.5,3.5],"texture":"#1"},"west":{"uv":[3,0,5.5,1.5],"texture":"#1"},"up":{"uv":[2.5,5.5,2,3],"texture":"#1"},"down":{"uv":[2.5,5.5,2,3],"texture":"#1"}}},{"from":[5.02737,0.28609,9.00322],"to":[5.2179,1.00387,10.19405],"rotation":{"angle":0,"axis":"y","origin":[8,0.85895,8.456]},"faces":{"north":{"uv":[8,8,8.5,8.5],"texture":"#1"},"east":{"uv":[3,0,5.5,1.5],"texture":"#1"},"south":{"uv":[2,3,2.5,3.5],"texture":"#1"},"west":{"uv":[3,0,5.5,1.5],"texture":"#1"},"up":{"uv":[2.5,5.5,2,3],"texture":"#1"},"down":{"uv":[2.5,5.5,2,3],"texture":"#1"}}},{"from":[10.78437,0.28609,9.75522],"to":[10.9749,1.00387,10.94605],"rotation":{"angle":0,"axis":"y","origin":[8,0.85895,10.006]},"faces":{"north":{"uv":[8,8,8.5,8.5],"texture":"#1"},"east":{"uv":[3,0,5.5,1.5],"texture":"#1"},"south":{"uv":[2,3,2.5,3.5],"texture":"#1"},"west":{"uv":[3,0,5.5,1.5],"texture":"#1"},"up":{"uv":[2.5,5.5,2,3],"texture":"#1"},"down":{"uv":[2.5,5.5,2,3],"texture":"#1"}}},{"from":[10.82009,0.14887,10.24776],"to":[10.93917,1.14677,10.41447],"rotation":{"angle":0,"axis":"y","origin":[8,0.85895,10.006]},"faces":{"north":{"uv":[7,9,7.5,12.5],"texture":"#1"},"east":{"uv":[5,9,5.5,12.5],"texture":"#1"},"south":{"uv":[7,9,7.5,12.5],"texture":"#1"},"west":{"uv":[5,9,5.5,12.5],"texture":"#1"},"up":{"uv":[9.5,6.5,9,6],"rotation":180,"texture":"#1"},"down":{"uv":[7.5,9,7,9.5],"rotation":180,"texture":"#1"}}},{"from":[4.74949,0.54971,9.97672],"to":[5.46728,0.74025,11.16755],"rotation":{"angle":0,"axis":"y","origin":[8,0.85895,10.256]},"faces":{"north":{"uv":[8,8,8.5,8.5],"rotation":90,"texture":"#1"},"east":{"uv":[2.5,5.5,2,3],"rotation":270,"texture":"#1"},"south":{"uv":[2,3,2.5,3.5],"rotation":270,"texture":"#1"},"west":{"uv":[2.5,5.5,2,3],"rotation":270,"texture":"#1"},"up":{"uv":[3,0,5.5,1.5],"rotation":270,"texture":"#1"},"down":{"uv":[3,0,5.5,1.5],"rotation":270,"texture":"#1"}}},{"from":[4.61503,0.58708,10.51044],"to":[4.75793,0.70616,10.67715],"rotation":{"angle":0,"axis":"y","origin":[8,0.85895,10.256]},"faces":{"north":{"uv":[7,6,7.5,6.5],"texture":"#1"},"east":{"uv":[7,7,7.5,7.5],"texture":"#1"},"south":{"uv":[0,8,0.5,8.5],"texture":"#1"},"west":{"uv":[8,0,8.5,0.5],"texture":"#1"},"up":{"uv":[1.5,8.5,1,8],"texture":"#1"},"down":{"uv":[8.5,1,8,1.5],"texture":"#1"}}},{"from":[2,6,5.5],"to":[14,15,5.5],"rotation":{"angle":0,"axis":"y","origin":[8,10.5,8.75]},"faces":{"north":{"uv":[4.375,0.125,11.75,11.75],"rotation":90,"texture":"#2"},"east":{"uv":[0,0,0,19],"texture":"#2"},"south":{"uv":[11.75,0.125,4.375,11.75],"rotation":270,"texture":"#2"},"west":{"uv":[0,0,0,19],"texture":"#2"},"up":{"uv":[0,0,31,0],"texture":"#2"},"down":{"uv":[0,0,31,0],"texture":"#2"}}},{"from":[13.5,8,5],"to":[13.5,13,13],"rotation":{"angle":0,"axis":"y","origin":[8,10.5,8.75]},"faces":{"north":{"uv":[0,0,0,19],"texture":"#2"},"east":{"uv":[4.375,0.125,11.75,11.75],"rotation":90,"texture":"#2"},"south":{"uv":[0,0,0,19],"texture":"#2"},"west":{"uv":[11.75,0.125,4.375,11.75],"rotation":270,"texture":"#2"},"up":{"uv":[0,0,31,0],"rotation":90,"texture":"#2"},"down":{"uv":[0,0,31,0],"rotation":270,"texture":"#2"}}},{"from":[2.5,8,5],"to":[2.5,13,13],"rotation":{"angle":0,"axis":"y","origin":[8,10.5,8.75]},"faces":{"north":{"uv":[0,0,0,19],"texture":"#2"},"east":{"uv":[11.75,11.75,4.375,0.125],"rotation":270,"texture":"#2"},"south":{"uv":[0,0,0,19],"texture":"#2"},"west":{"uv":[4.375,11.75,11.75,0.125],"rotation":90,"texture":"#2"},"up":{"uv":[0,0,31,0],"rotation":90,"texture":"#2"},"down":{"uv":[0,0,31,0],"rotation":270,"texture":"#2"}}},{"from":[2,6,12],"to":[14,15,12],"rotation":{"angle":0,"axis":"y","origin":[8,10.5,8.75]},"faces":{"north":{"uv":[11.75,11.75,4.375,0.125],"rotation":270,"texture":"#2"},"east":{"uv":[0,0,0,19],"texture":"#2"},"south":{"uv":[4.375,11.75,11.75,0.125],"rotation":90,"texture":"#2"},"west":{"uv":[0,0,0,19],"texture":"#2"},"up":{"uv":[0,0,31,0],"texture":"#2"},"down":{"uv":[0,0,31,0],"texture":"#2"}}},{"from":[4.64,-1.14,6.85],"to":[11.36,4.9,6.85],"rotation":{"angle":0,"axis":"y","origin":[8,1.38,8.67]},"faces":{"north":{"uv":[4.375,0.125,11.75,11.75],"rotation":90,"texture":"#2"},"east":{"uv":[0,0,0,19],"texture":"#2"},"south":{"uv":[11.75,0.125,4.375,11.75],"rotation":270,"texture":"#2"},"west":{"uv":[0,0,0,19],"texture":"#2"},"up":{"uv":[0,0,31,0],"texture":"#2"},"down":{"uv":[0,0,31,0],"texture":"#2"}}},{"from":[4.64,-1.14,10.99],"to":[11.36,4.9,10.99],"rotation":{"angle":0,"axis":"y","origin":[8,1.38,9.17]},"faces":{"north":{"uv":[11.75,11.75,4.375,0.125],"rotation":270,"texture":"#2"},"east":{"uv":[0,0,0,19],"texture":"#2"},"south":{"uv":[4.375,11.75,11.75,0.125],"rotation":90,"texture":"#2"},"west":{"uv":[0,0,0,19],"texture":"#2"},"up":{"uv":[0,0,31,0],"texture":"#2"},"down":{"uv":[0,0,31,0],"texture":"#2"}}},{"from":[11.33,-0.02,6.82],"to":[11.33,3.78,11.3],"rotation":{"angle":0,"axis":"y","origin":[8.25,1.38,8.92]},"faces":{"north":{"uv":[0,0,0,19],"texture":"#2"},"east":{"uv":[4.375,0.125,11.75,11.75],"rotation":90,"texture":"#2"},"south":{"uv":[0,0,0,19],"texture":"#2"},"west":{"uv":[11.75,0.125,4.375,11.75],"rotation":270,"texture":"#2"},"up":{"uv":[0,0,31,0],"rotation":90,"texture":"#2"},"down":{"uv":[0,0,31,0],"rotation":270,"texture":"#2"}}},{"from":[4.67,-0.02,6.82],"to":[4.67,3.78,11.3],"rotation":{"angle":0,"axis":"y","origin":[7.75,1.38,8.92]},"faces":{"north":{"uv":[0,0,0,19],"texture":"#2"},"east":{"uv":[11.75,11.75,4.375,0.125],"rotation":270,"texture":"#2"},"south":{"uv":[0,0,0,19],"texture":"#2"},"west":{"uv":[4.375,11.75,11.75,0.125],"rotation":90,"texture":"#2"},"up":{"uv":[0,0,31,0],"rotation":90,"texture":"#2"},"down":{"uv":[0,0,31,0],"rotation":270,"texture":"#2"}}}],"display":{"thirdperson_righthand":{"scale":[0,0,0]},"head":{"translation":[0,-19.25,-4],"scale":[4,4,4]}}}