{"credit":"Naruto RPG","texture_size":[64,64],"textures":{"0":"uzumaki:item/uzumaki_cadenas","1":"uzumaki:item/uzumaki_aura","particle":"uzumaki:item/uzumaki_cadenas"},"elements":[{"from":[3.825,19.6,4.7],"to":[7.125,21.5,5.3],"rotation":{"angle":0,"axis":"y","origin":[-2.375,19.5,4.5]},"faces":{"north":{"uv":[7.625,4.25,7,4.625],"texture":"#0"},"east":{"uv":[7.125,7.25,7,7.625],"texture":"#0"},"south":{"uv":[7.625,4.25,7,4.625],"texture":"#0"},"west":{"uv":[7.125,7.25,7,7.625],"texture":"#0"},"up":{"uv":[7,4.875,7.625,4.75],"texture":"#0"},"down":{"uv":[7,5,7.625,5.125],"texture":"#0"}}},{"from":[-0.8,19.6,4.7],"to":[2.5,21.5,5.3],"rotation":{"angle":0,"axis":"y","origin":[-7,19.5,4.5]},"faces":{"north":{"uv":[7.625,4.25,7,4.625],"texture":"#0"},"east":{"uv":[7.125,7.25,7,7.625],"texture":"#0"},"south":{"uv":[7.625,4.25,7,4.625],"texture":"#0"},"west":{"uv":[7.125,7.25,7,7.625],"texture":"#0"},"up":{"uv":[7,4.875,7.625,4.75],"texture":"#0"},"down":{"uv":[7,5,7.625,5.125],"texture":"#0"}}},{"from":[1.6,20.25,4.05],"to":[4.9,20.85,5.95],"rotation":{"angle":0,"axis":"y","origin":[3.25,20.55,5]},"faces":{"north":{"uv":[7,4.875,7.625,4.75],"rotation":180,"texture":"#0"},"east":{"uv":[7.125,7.25,7,7.625],"rotation":90,"texture":"#0"},"south":{"uv":[7,5,7.625,5.125],"texture":"#0"},"west":{"uv":[7.125,7.25,7,7.625],"rotation":270,"texture":"#0"},"up":{"uv":[7.625,4.25,7,4.625],"texture":"#0"},"down":{"uv":[7.625,4.25,7,4.625],"rotation":180,"texture":"#0"}}},{"from":[6.475,20.25,4.05],"to":[9.775,20.85,5.95],"rotation":{"angle":0,"axis":"y","origin":[8.125,20.55,5]},"faces":{"north":{"uv":[7,4.875,7.625,4.75],"rotation":180,"texture":"#0"},"east":{"uv":[7.125,7.25,7,7.625],"rotation":90,"texture":"#0"},"south":{"uv":[7,5,7.625,5.125],"texture":"#0"},"west":{"uv":[7.125,7.25,7,7.625],"rotation":270,"texture":"#0"},"up":{"uv":[7.625,4.25,7,4.625],"texture":"#0"},"down":{"uv":[7.625,4.25,7,4.625],"rotation":180,"texture":"#0"}}},{"from":[8.7,19.6,4.7],"to":[12,21.5,5.3],"rotation":{"angle":0,"axis":"y","origin":[2.5,19.5,4.5]},"faces":{"north":{"uv":[7.625,4.25,7,4.625],"texture":"#0"},"east":{"uv":[7.125,7.25,7,7.625],"texture":"#0"},"south":{"uv":[7.625,4.25,7,4.625],"texture":"#0"},"west":{"uv":[7.125,7.25,7,7.625],"texture":"#0"},"up":{"uv":[7,4.875,7.625,4.75],"texture":"#0"},"down":{"uv":[7,5,7.625,5.125],"texture":"#0"}}},{"from":[13.575,19.6,4.7],"to":[16.875,21.5,5.3],"rotation":{"angle":0,"axis":"y","origin":[7.375,19.5,4.5]},"faces":{"north":{"uv":[7.625,4.25,7,4.625],"texture":"#0"},"east":{"uv":[7.125,7.25,7,7.625],"texture":"#0"},"south":{"uv":[7.625,4.25,7,4.625],"texture":"#0"},"west":{"uv":[7.125,7.25,7,7.625],"texture":"#0"},"up":{"uv":[7,4.875,7.625,4.75],"texture":"#0"},"down":{"uv":[7,5,7.625,5.125],"texture":"#0"}}},{"from":[11.35,20.25,4.05],"to":[14.65,20.85,5.95],"rotation":{"angle":0,"axis":"y","origin":[13,20.55,5]},"faces":{"north":{"uv":[7,4.875,7.625,4.75],"rotation":180,"texture":"#0"},"east":{"uv":[7.125,7.25,7,7.625],"rotation":90,"texture":"#0"},"south":{"uv":[7,5,7.625,5.125],"texture":"#0"},"west":{"uv":[7.125,7.25,7,7.625],"rotation":270,"texture":"#0"},"up":{"uv":[7.625,4.25,7,4.625],"texture":"#0"},"down":{"uv":[7.625,4.25,7,4.625],"rotation":180,"texture":"#0"}}},{"from":[-2.60887,20.25,5.38639],"to":[0.69113,20.85,7.28639],"rotation":{"angle":22.5,"axis":"y","origin":[-1.95,20.55,6.9]},"faces":{"north":{"uv":[7,4.875,7.625,4.75],"rotation":180,"texture":"#0"},"east":{"uv":[7.125,7.25,7,7.625],"rotation":90,"texture":"#0"},"south":{"uv":[7,5,7.625,5.125],"texture":"#0"},"west":{"uv":[7.125,7.25,7,7.625],"rotation":270,"texture":"#0"},"up":{"uv":[7.625,4.25,7,4.625],"texture":"#0"},"down":{"uv":[7.625,4.25,7,4.625],"rotation":180,"texture":"#0"}}},{"from":[-2.95,19.6,6.15],"to":[-2.35,21.5,9.45],"rotation":{"angle":0,"axis":"y","origin":[-1.95,20.55,6.9]},"faces":{"north":{"uv":[7.125,7.25,7,7.625],"texture":"#0"},"east":{"uv":[7.625,4.25,7,4.625],"texture":"#0"},"south":{"uv":[7.125,7.25,7,7.625],"texture":"#0"},"west":{"uv":[7.625,4.25,7,4.625],"texture":"#0"},"up":{"uv":[7,4.875,7.625,4.75],"rotation":270,"texture":"#0"},"down":{"uv":[7,5,7.625,5.125],"rotation":90,"texture":"#0"}}},{"from":[18.35,19.6,6.15],"to":[18.95,21.5,9.45],"rotation":{"angle":0,"axis":"y","origin":[17.95,20.55,6.9]},"faces":{"north":{"uv":[7,7.25,7.125,7.625],"texture":"#0"},"east":{"uv":[7,4.25,7.625,4.625],"texture":"#0"},"south":{"uv":[7,7.25,7.125,7.625],"texture":"#0"},"west":{"uv":[7,4.25,7.625,4.625],"texture":"#0"},"up":{"uv":[7,4.75,7.625,4.875],"rotation":270,"texture":"#0"},"down":{"uv":[7,5.125,7.625,5],"rotation":90,"texture":"#0"}}},{"from":[15.30887,20.25,5.38639],"to":[18.60887,20.85,7.28639],"rotation":{"angle":-22.5,"axis":"y","origin":[17.95,20.55,6.9]},"faces":{"north":{"uv":[7.625,4.875,7,4.75],"rotation":180,"texture":"#0"},"east":{"uv":[7.125,7.625,7,7.25],"rotation":270,"texture":"#0"},"south":{"uv":[7.625,5,7,5.125],"texture":"#0"},"west":{"uv":[7.125,7.625,7,7.25],"rotation":90,"texture":"#0"},"up":{"uv":[7,4.25,7.625,4.625],"texture":"#0"},"down":{"uv":[7,4.25,7.625,4.625],"rotation":180,"texture":"#0"}}},{"from":[11.35,20.25,10.05],"to":[14.65,20.85,11.95],"rotation":{"angle":0,"axis":"y","origin":[13,20.55,11]},"faces":{"north":{"uv":[7.625,5,7,5.125],"texture":"#0"},"east":{"uv":[7.125,7.625,7,7.25],"rotation":90,"texture":"#0"},"south":{"uv":[7.625,4.875,7,4.75],"rotation":180,"texture":"#0"},"west":{"uv":[7.125,7.625,7,7.25],"rotation":270,"texture":"#0"},"up":{"uv":[7.625,4.625,7,4.25],"texture":"#0"},"down":{"uv":[7.625,4.625,7,4.25],"rotation":180,"texture":"#0"}}},{"from":[13.575,19.6,10.7],"to":[16.875,21.5,11.3],"rotation":{"angle":0,"axis":"y","origin":[7.375,19.5,11.5]},"faces":{"north":{"uv":[7,4.25,7.625,4.625],"texture":"#0"},"east":{"uv":[7,7.25,7.125,7.625],"texture":"#0"},"south":{"uv":[7,4.25,7.625,4.625],"texture":"#0"},"west":{"uv":[7,7.25,7.125,7.625],"texture":"#0"},"up":{"uv":[7,4.75,7.625,4.875],"texture":"#0"},"down":{"uv":[7,5.125,7.625,5],"texture":"#0"}}},{"from":[8.7,19.6,10.7],"to":[12,21.5,11.3],"rotation":{"angle":0,"axis":"y","origin":[2.5,19.5,11.5]},"faces":{"north":{"uv":[7,4.25,7.625,4.625],"texture":"#0"},"east":{"uv":[7,7.25,7.125,7.625],"texture":"#0"},"south":{"uv":[7,4.25,7.625,4.625],"texture":"#0"},"west":{"uv":[7,7.25,7.125,7.625],"texture":"#0"},"up":{"uv":[7,4.75,7.625,4.875],"texture":"#0"},"down":{"uv":[7,5.125,7.625,5],"texture":"#0"}}},{"from":[6.475,20.25,10.05],"to":[9.775,20.85,11.95],"rotation":{"angle":0,"axis":"y","origin":[8.125,20.55,11]},"faces":{"north":{"uv":[7.625,5,7,5.125],"texture":"#0"},"east":{"uv":[7.125,7.625,7,7.25],"rotation":90,"texture":"#0"},"south":{"uv":[7.625,4.875,7,4.75],"rotation":180,"texture":"#0"},"west":{"uv":[7.125,7.625,7,7.25],"rotation":270,"texture":"#0"},"up":{"uv":[7.625,4.625,7,4.25],"texture":"#0"},"down":{"uv":[7.625,4.625,7,4.25],"rotation":180,"texture":"#0"}}},{"from":[1.6,20.25,10.05],"to":[4.9,20.85,11.95],"rotation":{"angle":0,"axis":"y","origin":[3.25,20.55,11]},"faces":{"north":{"uv":[7.625,5,7,5.125],"texture":"#0"},"east":{"uv":[7.125,7.625,7,7.25],"rotation":90,"texture":"#0"},"south":{"uv":[7.625,4.875,7,4.75],"rotation":180,"texture":"#0"},"west":{"uv":[7.125,7.625,7,7.25],"rotation":270,"texture":"#0"},"up":{"uv":[7.625,4.625,7,4.25],"texture":"#0"},"down":{"uv":[7.625,4.625,7,4.25],"rotation":180,"texture":"#0"}}},{"from":[-0.8,19.6,10.7],"to":[2.5,21.5,11.3],"rotation":{"angle":0,"axis":"y","origin":[-7,19.5,11.5]},"faces":{"north":{"uv":[7,4.25,7.625,4.625],"texture":"#0"},"east":{"uv":[7,7.25,7.125,7.625],"texture":"#0"},"south":{"uv":[7,4.25,7.625,4.625],"texture":"#0"},"west":{"uv":[7,7.25,7.125,7.625],"texture":"#0"},"up":{"uv":[7,4.75,7.625,4.875],"texture":"#0"},"down":{"uv":[7,5.125,7.625,5],"texture":"#0"}}},{"from":[3.825,19.6,10.7],"to":[7.125,21.5,11.3],"rotation":{"angle":0,"axis":"y","origin":[-2.375,19.5,11.5]},"faces":{"north":{"uv":[7,4.25,7.625,4.625],"texture":"#0"},"east":{"uv":[7,7.25,7.125,7.625],"texture":"#0"},"south":{"uv":[7,4.25,7.625,4.625],"texture":"#0"},"west":{"uv":[7,7.25,7.125,7.625],"texture":"#0"},"up":{"uv":[7,4.75,7.625,4.875],"texture":"#0"},"down":{"uv":[7,5.125,7.625,5],"texture":"#0"}}},{"from":[15.30887,20.25,8.71361],"to":[18.60887,20.85,10.61361],"rotation":{"angle":22.5,"axis":"y","origin":[17.95,20.55,9.1]},"faces":{"north":{"uv":[7,5,7.625,5.125],"texture":"#0"},"east":{"uv":[7.125,7.25,7,7.625],"rotation":270,"texture":"#0"},"south":{"uv":[7,4.875,7.625,4.75],"rotation":180,"texture":"#0"},"west":{"uv":[7.125,7.25,7,7.625],"rotation":90,"texture":"#0"},"up":{"uv":[7,4.625,7.625,4.25],"texture":"#0"},"down":{"uv":[7,4.625,7.625,4.25],"rotation":180,"texture":"#0"}}},{"from":[-2.60887,20.25,8.71361],"to":[0.69113,20.85,10.61361],"rotation":{"angle":-22.5,"axis":"y","origin":[-1.95,20.55,9.1]},"faces":{"north":{"uv":[7.625,5,7,5.125],"texture":"#0"},"east":{"uv":[7.125,7.625,7,7.25],"rotation":90,"texture":"#0"},"south":{"uv":[7.625,4.875,7,4.75],"rotation":180,"texture":"#0"},"west":{"uv":[7.125,7.625,7,7.25],"rotation":270,"texture":"#0"},"up":{"uv":[7.625,4.625,7,4.25],"texture":"#0"},"down":{"uv":[7.625,4.625,7,4.25],"rotation":180,"texture":"#0"}}},{"from":[3.825,15.6,4.7],"to":[7.125,17.5,5.3],"rotation":{"angle":0,"axis":"y","origin":[-2.375,15.5,4.5]},"faces":{"north":{"uv":[7.625,4.25,7,4.625],"texture":"#0"},"east":{"uv":[7.125,7.25,7,7.625],"texture":"#0"},"south":{"uv":[7.625,4.25,7,4.625],"texture":"#0"},"west":{"uv":[7.125,7.25,7,7.625],"texture":"#0"},"up":{"uv":[7,4.875,7.625,4.75],"texture":"#0"},"down":{"uv":[7,5,7.625,5.125],"texture":"#0"}}},{"from":[-0.8,15.6,4.7],"to":[2.5,17.5,5.3],"rotation":{"angle":0,"axis":"y","origin":[-7,15.5,4.5]},"faces":{"north":{"uv":[7.625,4.25,7,4.625],"texture":"#0"},"east":{"uv":[7.125,7.25,7,7.625],"texture":"#0"},"south":{"uv":[7.625,4.25,7,4.625],"texture":"#0"},"west":{"uv":[7.125,7.25,7,7.625],"texture":"#0"},"up":{"uv":[7,4.875,7.625,4.75],"texture":"#0"},"down":{"uv":[7,5,7.625,5.125],"texture":"#0"}}},{"from":[1.6,16.25,4.05],"to":[4.9,16.85,5.95],"rotation":{"angle":0,"axis":"y","origin":[3.25,16.55,5]},"faces":{"north":{"uv":[7,4.875,7.625,4.75],"rotation":180,"texture":"#0"},"east":{"uv":[7.125,7.25,7,7.625],"rotation":90,"texture":"#0"},"south":{"uv":[7,5,7.625,5.125],"texture":"#0"},"west":{"uv":[7.125,7.25,7,7.625],"rotation":270,"texture":"#0"},"up":{"uv":[7.625,4.25,7,4.625],"texture":"#0"},"down":{"uv":[7.625,4.25,7,4.625],"rotation":180,"texture":"#0"}}},{"from":[6.475,16.25,4.05],"to":[9.775,16.85,5.95],"rotation":{"angle":0,"axis":"y","origin":[8.125,16.55,5]},"faces":{"north":{"uv":[7,4.875,7.625,4.75],"rotation":180,"texture":"#0"},"east":{"uv":[7.125,7.25,7,7.625],"rotation":90,"texture":"#0"},"south":{"uv":[7,5,7.625,5.125],"texture":"#0"},"west":{"uv":[7.125,7.25,7,7.625],"rotation":270,"texture":"#0"},"up":{"uv":[7.625,4.25,7,4.625],"texture":"#0"},"down":{"uv":[7.625,4.25,7,4.625],"rotation":180,"texture":"#0"}}},{"from":[8.7,15.6,4.7],"to":[12,17.5,5.3],"rotation":{"angle":0,"axis":"y","origin":[2.5,15.5,4.5]},"faces":{"north":{"uv":[7.625,4.25,7,4.625],"texture":"#0"},"east":{"uv":[7.125,7.25,7,7.625],"texture":"#0"},"south":{"uv":[7.625,4.25,7,4.625],"texture":"#0"},"west":{"uv":[7.125,7.25,7,7.625],"texture":"#0"},"up":{"uv":[7,4.875,7.625,4.75],"texture":"#0"},"down":{"uv":[7,5,7.625,5.125],"texture":"#0"}}},{"from":[13.575,15.6,4.7],"to":[16.875,17.5,5.3],"rotation":{"angle":0,"axis":"y","origin":[7.375,15.5,4.5]},"faces":{"north":{"uv":[7.625,4.25,7,4.625],"texture":"#0"},"east":{"uv":[7.125,7.25,7,7.625],"texture":"#0"},"south":{"uv":[7.625,4.25,7,4.625],"texture":"#0"},"west":{"uv":[7.125,7.25,7,7.625],"texture":"#0"},"up":{"uv":[7,4.875,7.625,4.75],"texture":"#0"},"down":{"uv":[7,5,7.625,5.125],"texture":"#0"}}},{"from":[11.35,16.25,4.05],"to":[14.65,16.85,5.95],"rotation":{"angle":0,"axis":"y","origin":[13,16.55,5]},"faces":{"north":{"uv":[7,4.875,7.625,4.75],"rotation":180,"texture":"#0"},"east":{"uv":[7.125,7.25,7,7.625],"rotation":90,"texture":"#0"},"south":{"uv":[7,5,7.625,5.125],"texture":"#0"},"west":{"uv":[7.125,7.25,7,7.625],"rotation":270,"texture":"#0"},"up":{"uv":[7.625,4.25,7,4.625],"texture":"#0"},"down":{"uv":[7.625,4.25,7,4.625],"rotation":180,"texture":"#0"}}},{"from":[-2.60887,16.25,5.38639],"to":[0.69113,16.85,7.28639],"rotation":{"angle":22.5,"axis":"y","origin":[-1.95,16.55,6.9]},"faces":{"north":{"uv":[7,4.875,7.625,4.75],"rotation":180,"texture":"#0"},"east":{"uv":[7.125,7.25,7,7.625],"rotation":90,"texture":"#0"},"south":{"uv":[7,5,7.625,5.125],"texture":"#0"},"west":{"uv":[7.125,7.25,7,7.625],"rotation":270,"texture":"#0"},"up":{"uv":[7.625,4.25,7,4.625],"texture":"#0"},"down":{"uv":[7.625,4.25,7,4.625],"rotation":180,"texture":"#0"}}},{"from":[-2.95,15.6,6.15],"to":[-2.35,17.5,9.45],"rotation":{"angle":0,"axis":"y","origin":[-1.95,16.55,6.9]},"faces":{"north":{"uv":[7.125,7.25,7,7.625],"texture":"#0"},"east":{"uv":[7.625,4.25,7,4.625],"texture":"#0"},"south":{"uv":[7.125,7.25,7,7.625],"texture":"#0"},"west":{"uv":[7.625,4.25,7,4.625],"texture":"#0"},"up":{"uv":[7,4.875,7.625,4.75],"rotation":270,"texture":"#0"},"down":{"uv":[7,5,7.625,5.125],"rotation":90,"texture":"#0"}}},{"from":[18.35,15.6,6.15],"to":[18.95,17.5,9.45],"rotation":{"angle":0,"axis":"y","origin":[17.95,16.55,6.9]},"faces":{"north":{"uv":[7,7.25,7.125,7.625],"texture":"#0"},"east":{"uv":[7,4.25,7.625,4.625],"texture":"#0"},"south":{"uv":[7,7.25,7.125,7.625],"texture":"#0"},"west":{"uv":[7,4.25,7.625,4.625],"texture":"#0"},"up":{"uv":[7,4.75,7.625,4.875],"rotation":270,"texture":"#0"},"down":{"uv":[7,5.125,7.625,5],"rotation":90,"texture":"#0"}}},{"from":[15.30887,16.25,5.38639],"to":[18.60887,16.85,7.28639],"rotation":{"angle":-22.5,"axis":"y","origin":[17.95,16.55,6.9]},"faces":{"north":{"uv":[7.625,4.875,7,4.75],"rotation":180,"texture":"#0"},"east":{"uv":[7.125,7.625,7,7.25],"rotation":270,"texture":"#0"},"south":{"uv":[7.625,5,7,5.125],"texture":"#0"},"west":{"uv":[7.125,7.625,7,7.25],"rotation":90,"texture":"#0"},"up":{"uv":[7,4.25,7.625,4.625],"texture":"#0"},"down":{"uv":[7,4.25,7.625,4.625],"rotation":180,"texture":"#0"}}},{"from":[11.35,16.25,10.05],"to":[14.65,16.85,11.95],"rotation":{"angle":0,"axis":"y","origin":[13,16.55,11]},"faces":{"north":{"uv":[7.625,5,7,5.125],"texture":"#0"},"east":{"uv":[7.125,7.625,7,7.25],"rotation":90,"texture":"#0"},"south":{"uv":[7.625,4.875,7,4.75],"rotation":180,"texture":"#0"},"west":{"uv":[7.125,7.625,7,7.25],"rotation":270,"texture":"#0"},"up":{"uv":[7.625,4.625,7,4.25],"texture":"#0"},"down":{"uv":[7.625,4.625,7,4.25],"rotation":180,"texture":"#0"}}},{"from":[13.575,15.6,10.7],"to":[16.875,17.5,11.3],"rotation":{"angle":0,"axis":"y","origin":[7.375,15.5,11.5]},"faces":{"north":{"uv":[7,4.25,7.625,4.625],"texture":"#0"},"east":{"uv":[7,7.25,7.125,7.625],"texture":"#0"},"south":{"uv":[7,4.25,7.625,4.625],"texture":"#0"},"west":{"uv":[7,7.25,7.125,7.625],"texture":"#0"},"up":{"uv":[7,4.75,7.625,4.875],"texture":"#0"},"down":{"uv":[7,5.125,7.625,5],"texture":"#0"}}},{"from":[8.7,15.6,10.7],"to":[12,17.5,11.3],"rotation":{"angle":0,"axis":"y","origin":[2.5,15.5,11.5]},"faces":{"north":{"uv":[7,4.25,7.625,4.625],"texture":"#0"},"east":{"uv":[7,7.25,7.125,7.625],"texture":"#0"},"south":{"uv":[7,4.25,7.625,4.625],"texture":"#0"},"west":{"uv":[7,7.25,7.125,7.625],"texture":"#0"},"up":{"uv":[7,4.75,7.625,4.875],"texture":"#0"},"down":{"uv":[7,5.125,7.625,5],"texture":"#0"}}},{"from":[6.475,16.25,10.05],"to":[9.775,16.85,11.95],"rotation":{"angle":0,"axis":"y","origin":[8.125,16.55,11]},"faces":{"north":{"uv":[7.625,5,7,5.125],"texture":"#0"},"east":{"uv":[7.125,7.625,7,7.25],"rotation":90,"texture":"#0"},"south":{"uv":[7.625,4.875,7,4.75],"rotation":180,"texture":"#0"},"west":{"uv":[7.125,7.625,7,7.25],"rotation":270,"texture":"#0"},"up":{"uv":[7.625,4.625,7,4.25],"texture":"#0"},"down":{"uv":[7.625,4.625,7,4.25],"rotation":180,"texture":"#0"}}},{"from":[1.6,16.25,10.05],"to":[4.9,16.85,11.95],"rotation":{"angle":0,"axis":"y","origin":[3.25,16.55,11]},"faces":{"north":{"uv":[7.625,5,7,5.125],"texture":"#0"},"east":{"uv":[7.125,7.625,7,7.25],"rotation":90,"texture":"#0"},"south":{"uv":[7.625,4.875,7,4.75],"rotation":180,"texture":"#0"},"west":{"uv":[7.125,7.625,7,7.25],"rotation":270,"texture":"#0"},"up":{"uv":[7.625,4.625,7,4.25],"texture":"#0"},"down":{"uv":[7.625,4.625,7,4.25],"rotation":180,"texture":"#0"}}},{"from":[-0.8,15.6,10.7],"to":[2.5,17.5,11.3],"rotation":{"angle":0,"axis":"y","origin":[-7,15.5,11.5]},"faces":{"north":{"uv":[7,4.25,7.625,4.625],"texture":"#0"},"east":{"uv":[7,7.25,7.125,7.625],"texture":"#0"},"south":{"uv":[7,4.25,7.625,4.625],"texture":"#0"},"west":{"uv":[7,7.25,7.125,7.625],"texture":"#0"},"up":{"uv":[7,4.75,7.625,4.875],"texture":"#0"},"down":{"uv":[7,5.125,7.625,5],"texture":"#0"}}},{"from":[3.825,15.6,10.7],"to":[7.125,17.5,11.3],"rotation":{"angle":0,"axis":"y","origin":[-2.375,15.5,11.5]},"faces":{"north":{"uv":[7,4.25,7.625,4.625],"texture":"#0"},"east":{"uv":[7,7.25,7.125,7.625],"texture":"#0"},"south":{"uv":[7,4.25,7.625,4.625],"texture":"#0"},"west":{"uv":[7,7.25,7.125,7.625],"texture":"#0"},"up":{"uv":[7,4.75,7.625,4.875],"texture":"#0"},"down":{"uv":[7,5.125,7.625,5],"texture":"#0"}}},{"from":[15.30887,16.25,8.71361],"to":[18.60887,16.85,10.61361],"rotation":{"angle":22.5,"axis":"y","origin":[17.95,16.55,9.1]},"faces":{"north":{"uv":[7,5,7.625,5.125],"texture":"#0"},"east":{"uv":[7.125,7.25,7,7.625],"rotation":270,"texture":"#0"},"south":{"uv":[7,4.875,7.625,4.75],"rotation":180,"texture":"#0"},"west":{"uv":[7.125,7.25,7,7.625],"rotation":90,"texture":"#0"},"up":{"uv":[7,4.625,7.625,4.25],"texture":"#0"},"down":{"uv":[7,4.625,7.625,4.25],"rotation":180,"texture":"#0"}}},{"from":[-2.60887,16.25,8.71361],"to":[0.69113,16.85,10.61361],"rotation":{"angle":-22.5,"axis":"y","origin":[-1.95,16.55,9.1]},"faces":{"north":{"uv":[7.625,5,7,5.125],"texture":"#0"},"east":{"uv":[7.125,7.625,7,7.25],"rotation":90,"texture":"#0"},"south":{"uv":[7.625,4.875,7,4.75],"rotation":180,"texture":"#0"},"west":{"uv":[7.125,7.625,7,7.25],"rotation":270,"texture":"#0"},"up":{"uv":[7.625,4.625,7,4.25],"texture":"#0"},"down":{"uv":[7.625,4.625,7,4.25],"rotation":180,"texture":"#0"}}},{"from":[-6,10,4],"to":[25,29,4],"rotation":{"angle":0,"axis":"y","origin":[9.5,19.5,4]},"faces":{"north":{"uv":[1.75,0,14,12.125],"rotation":90,"texture":"#1"},"east":{"uv":[0,0,0,4.75],"texture":"#1"},"south":{"uv":[14,12.125,1.75,0],"rotation":90,"texture":"#1"},"west":{"uv":[0,0,0,4.75],"texture":"#1"},"up":{"uv":[0,0,7.75,0],"texture":"#1"},"down":{"uv":[0,0,7.75,0],"texture":"#1"}}},{"from":[-6,10,12],"to":[25,29,12],"rotation":{"angle":0,"axis":"y","origin":[9.5,19.5,12]},"faces":{"north":{"uv":[14,0,1.75,12.125],"rotation":90,"texture":"#1"},"east":{"uv":[0,0,0,4.75],"texture":"#1"},"south":{"uv":[1.75,12.125,14,0],"rotation":90,"texture":"#1"},"west":{"uv":[0,0,0,4.75],"texture":"#1"},"up":{"uv":[0,0,7.75,0],"texture":"#1"},"down":{"uv":[0,0,7.75,0],"texture":"#1"}}},{"from":[-3.5,10,3.5],"to":[-3.5,29,12.5],"rotation":{"angle":0,"axis":"y","origin":[-3.5,19.5,16]},"faces":{"north":{"uv":[0,0,0,4.75],"texture":"#1"},"east":{"uv":[14,0,1.75,12.125],"rotation":90,"texture":"#1"},"south":{"uv":[0,0,0,4.75],"texture":"#1"},"west":{"uv":[1.75,12.125,14,0],"rotation":90,"texture":"#1"},"up":{"uv":[0,0,7.75,0],"rotation":90,"texture":"#1"},"down":{"uv":[0,0,7.75,0],"rotation":270,"texture":"#1"}}},{"from":[19.5,10,3.5],"to":[19.5,29,12.5],"rotation":{"angle":0,"axis":"y","origin":[19.5,19.5,16]},"faces":{"north":{"uv":[0,0,0,4.75],"texture":"#1"},"east":{"uv":[1.75,0,14,12.125],"rotation":90,"texture":"#1"},"south":{"uv":[0,0,0,4.75],"texture":"#1"},"west":{"uv":[14,12.125,1.75,0],"rotation":90,"texture":"#1"},"up":{"uv":[0,0,7.75,0],"rotation":90,"texture":"#1"},"down":{"uv":[0,0,7.75,0],"rotation":270,"texture":"#1"}}}],"display":{"head":{"rotation":[0,180,0],"translation":[0,-30,0],"scale":[1.46,1.46,1.46]}}}