{"credit":"Naruto RPG","textures":{"1":"uzumaki:item/uzumaki_cadenas_diamantina"},"elements":[{"from":[18.05,14.51396,-0.86396],"to":[18.75,14.91396,-0.46396],"rotation":{"angle":0,"axis":"y","origin":[14.1487,5,5.26963]},"faces":{"north":{"uv":[5.75,6,5,6.5],"texture":"#1"},"east":{"uv":[7.5,6,7,6.5],"texture":"#1"},"south":{"uv":[6.75,4,6,4.5],"texture":"#1"},"west":{"uv":[7.5,7,7,7.5],"texture":"#1"},"up":{"uv":[6,5.5,6.75,5],"rotation":180,"texture":"#1"},"down":{"uv":[6,6,6.75,6.5],"rotation":180,"texture":"#1"}}},{"from":[10.11053,14.75042,-4.75],"to":[10.41053,15.05042,-3.75],"rotation":{"angle":-45,"axis":"z","origin":[14.1487,5,5.51963]},"faces":{"north":{"uv":[0,8.5,0.25,8],"texture":"#1"},"east":{"uv":[0,8.5,0.25,8],"texture":"#1"},"south":{"uv":[0,8.5,0.25,8],"texture":"#1"},"west":{"uv":[0,8.5,0.25,8],"texture":"#1"},"up":{"uv":[0,8.5,0.25,8],"texture":"#1"},"down":{"uv":[0,8.5,0.25,8],"texture":"#1"}}},{"from":[9.71053,14.35042,-2.55],"to":[10.81053,15.45042,-1.05],"rotation":{"angle":-45,"axis":"z","origin":[14.1487,5,5.51963]},"faces":{"north":{"uv":[0.5,1,0,1.5],"texture":"#1"},"east":{"uv":[1.5,1,0,1.5],"texture":"#1"},"south":{"uv":[0.5,1,0,2],"texture":"#1"},"west":{"uv":[1.5,1,0,1.5],"texture":"#1"},"up":{"uv":[0,3.5,0.5,2],"texture":"#1"},"down":{"uv":[0,3.5,0.5,2],"texture":"#1"}}},{"from":[18.05,14.4,-3.75],"to":[18.75,15.1,-0.55],"rotation":{"angle":0,"axis":"y","origin":[14.1487,5,5.51963]},"faces":{"north":{"uv":[6.475,3,6,3.4875],"texture":"#1"},"east":{"uv":[5.5,5,5,5.95],"texture":"#1"},"south":{"uv":[4.5,6,4,6.5],"texture":"#1"},"west":{"uv":[5.5,5,5,5.95],"texture":"#1"},"up":{"uv":[6,5.5,6.5,5],"texture":"#1"},"down":{"uv":[6,6,6.25,6.5],"texture":"#1"}}},{"from":[10.11053,-5.05042,-4.75],"to":[10.41053,-4.75042,-3.75],"rotation":{"angle":45,"axis":"z","origin":[14.1487,5,5.51963]},"faces":{"north":{"uv":[0,8,0.25,8.5],"texture":"#1"},"east":{"uv":[0,8,0.25,8.5],"texture":"#1"},"south":{"uv":[0,8,0.25,8.5],"texture":"#1"},"west":{"uv":[0,8,0.25,8.5],"texture":"#1"},"up":{"uv":[0,8,0.25,8.5],"texture":"#1"},"down":{"uv":[0,8,0.25,8.5],"texture":"#1"}}},{"from":[9.71053,-5.45042,-2.55],"to":[10.81053,-4.35042,-1.05],"rotation":{"angle":45,"axis":"z","origin":[14.1487,5,5.51963]},"faces":{"north":{"uv":[0.5,1.5,0,1],"texture":"#1"},"east":{"uv":[1.5,1.5,0,1],"texture":"#1"},"south":{"uv":[0.5,2,0,1],"texture":"#1"},"west":{"uv":[1.5,1.5,0,1],"texture":"#1"},"up":{"uv":[0,2,0.5,3.5],"texture":"#1"},"down":{"uv":[0,2,0.5,3.5],"texture":"#1"}}},{"from":[18.05,-5.1,-3.75],"to":[18.75,-4.4,-0.55],"rotation":{"angle":0,"axis":"y","origin":[14.1487,5,5.51963]},"faces":{"north":{"uv":[6.475,3.4875,6,3],"texture":"#1"},"east":{"uv":[5.5,5.95,5,5],"texture":"#1"},"south":{"uv":[4.5,6.5,4,6],"texture":"#1"},"west":{"uv":[5.5,5.95,5,5],"texture":"#1"},"up":{"uv":[6,6.5,6.25,6],"texture":"#1"},"down":{"uv":[6,5,6.5,5.5],"texture":"#1"}}},{"from":[5.58947,14.75042,-4.75],"to":[5.88947,15.05042,-3.75],"rotation":{"angle":45,"axis":"z","origin":[1.8513,5,5.51963]},"faces":{"north":{"uv":[0.25,8.5,0,8],"texture":"#1"},"east":{"uv":[0.25,8.5,0,8],"texture":"#1"},"south":{"uv":[0.25,8.5,0,8],"texture":"#1"},"west":{"uv":[0.25,8.5,0,8],"texture":"#1"},"up":{"uv":[0.25,8.5,0,8],"texture":"#1"},"down":{"uv":[0.25,8.5,0,8],"texture":"#1"}}},{"from":[5.18947,14.35042,-2.55],"to":[6.28947,15.45042,-1.05],"rotation":{"angle":45,"axis":"z","origin":[1.8513,5,5.51963]},"faces":{"north":{"uv":[0,1,0.5,1.5],"texture":"#1"},"east":{"uv":[0,1,1.5,1.5],"texture":"#1"},"south":{"uv":[0,1,0.5,2],"texture":"#1"},"west":{"uv":[0,1,1.5,1.5],"texture":"#1"},"up":{"uv":[0.5,3.5,0,2],"texture":"#1"},"down":{"uv":[0.5,3.5,0,2],"texture":"#1"}}},{"from":[-2.75,14.4,-3.75],"to":[-2.05,15.1,-0.55],"rotation":{"angle":0,"axis":"y","origin":[1.8513,5,5.51963]},"faces":{"north":{"uv":[6,3,6.475,3.4875],"texture":"#1"},"east":{"uv":[5,5,5.5,5.95],"texture":"#1"},"south":{"uv":[4,6,4.5,6.5],"texture":"#1"},"west":{"uv":[5,5,5.5,5.95],"texture":"#1"},"up":{"uv":[6.5,5.5,6,5],"texture":"#1"},"down":{"uv":[6.25,6,6,6.5],"texture":"#1"}}},{"from":[-2.75,-5.1,-3.75],"to":[-2.05,-4.4,-0.55],"rotation":{"angle":0,"axis":"y","origin":[1.8513,5,5.51963]},"faces":{"north":{"uv":[6,3.4875,6.475,3],"texture":"#1"},"east":{"uv":[5,5.95,5.5,5],"texture":"#1"},"south":{"uv":[4,6.5,4.5,6],"texture":"#1"},"west":{"uv":[5,5.95,5.5,5],"texture":"#1"},"up":{"uv":[6.25,6.5,6,6],"texture":"#1"},"down":{"uv":[6.5,5,6,5.5],"texture":"#1"}}},{"from":[5.18947,-5.45042,-2.55],"to":[6.28947,-4.35042,-1.05],"rotation":{"angle":-45,"axis":"z","origin":[1.8513,5,5.51963]},"faces":{"north":{"uv":[0,1.5,0.5,1],"texture":"#1"},"east":{"uv":[0,1.5,1.5,1],"texture":"#1"},"south":{"uv":[0,2,0.5,1],"texture":"#1"},"west":{"uv":[0,1.5,1.5,1],"texture":"#1"},"up":{"uv":[0.5,2,0,3.5],"texture":"#1"},"down":{"uv":[0.5,2,0,3.5],"texture":"#1"}}},{"from":[5.58947,-5.05042,-4.75],"to":[5.88947,-4.75042,-3.75],"rotation":{"angle":-45,"axis":"z","origin":[1.8513,5,5.51963]},"faces":{"north":{"uv":[0.25,8,0,8.5],"texture":"#1"},"east":{"uv":[0.25,8,0,8.5],"texture":"#1"},"south":{"uv":[0.25,8,0,8.5],"texture":"#1"},"west":{"uv":[0.25,8,0,8.5],"texture":"#1"},"up":{"uv":[0.25,8,0,8.5],"texture":"#1"},"down":{"uv":[0.25,8,0,8.5],"texture":"#1"}}},{"from":[19.15222,14.56289,3.60664],"to":[19.45033,14.81131,3.95443],"rotation":{"angle":0,"axis":"y","origin":[14.1487,5,5.26963]},"faces":{"north":{"uv":[6,0,6.5,0.5],"rotation":90,"texture":"#1"},"east":{"uv":[6.5,6,6,6.5],"rotation":270,"texture":"#1"},"south":{"uv":[2,6,2.5,6.5],"rotation":270,"texture":"#1"},"west":{"uv":[6.5,5.5,6,5],"rotation":270,"texture":"#1"},"up":{"uv":[6,1,6.5,1.5],"rotation":270,"texture":"#1"},"down":{"uv":[3,6,3.5,6.5],"rotation":270,"texture":"#1"}}},{"from":[17.64742,14.48493,2.57723],"to":[19.14482,14.88241,5.06147],"rotation":{"angle":0,"axis":"y","origin":[14.1487,5,5.26963]},"faces":{"north":{"uv":[8,8,8.5,8.5],"rotation":90,"texture":"#1"},"east":{"uv":[2.5,5.5,2,3],"rotation":270,"texture":"#1"},"south":{"uv":[2,3,2.5,3.5],"rotation":270,"texture":"#1"},"west":{"uv":[2.5,5.5,2,3],"rotation":270,"texture":"#1"},"up":{"uv":[3,0,5.5,1.5],"rotation":270,"texture":"#1"},"down":{"uv":[3,0,5.5,1.5],"rotation":270,"texture":"#1"}}},{"from":[19.15222,13.90893,2.57269],"to":[19.45033,14.15736,2.92048],"rotation":{"angle":45,"axis":"x","origin":[14.1487,5,5.26963]},"faces":{"north":{"uv":[6,0,6.5,0.5],"rotation":90,"texture":"#1"},"east":{"uv":[6.5,6,6,6.5],"rotation":270,"texture":"#1"},"south":{"uv":[2,6,2.5,6.5],"rotation":270,"texture":"#1"},"west":{"uv":[6.5,5.5,6,5],"rotation":270,"texture":"#1"},"up":{"uv":[6,1,6.5,1.5],"rotation":270,"texture":"#1"},"down":{"uv":[3,6,3.5,6.5],"rotation":270,"texture":"#1"}}},{"from":[17.64742,13.83097,1.54328],"to":[19.14482,14.22845,4.02753],"rotation":{"angle":45,"axis":"x","origin":[14.1487,5,5.26963]},"faces":{"north":{"uv":[8,8,8.5,8.5],"rotation":90,"texture":"#1"},"east":{"uv":[2.5,5.5,2,3],"rotation":270,"texture":"#1"},"south":{"uv":[2,3,2.5,3.5],"rotation":270,"texture":"#1"},"west":{"uv":[2.5,5.5,2,3],"rotation":270,"texture":"#1"},"up":{"uv":[3,0,5.5,1.5],"rotation":270,"texture":"#1"},"down":{"uv":[3,0,5.5,1.5],"rotation":270,"texture":"#1"}}},{"from":[19.15222,14.68675,5.61325],"to":[19.45033,14.93518,5.96104],"rotation":{"angle":45,"axis":"x","origin":[14.1487,5,5.26963]},"faces":{"north":{"uv":[6,0,6.5,0.5],"rotation":90,"texture":"#1"},"east":{"uv":[6.5,6,6,6.5],"rotation":270,"texture":"#1"},"south":{"uv":[2,6,2.5,6.5],"rotation":270,"texture":"#1"},"west":{"uv":[6.5,5.5,6,5],"rotation":270,"texture":"#1"},"up":{"uv":[6,1,6.5,1.5],"rotation":270,"texture":"#1"},"down":{"uv":[3,6,3.5,6.5],"rotation":270,"texture":"#1"}}},{"from":[17.64742,14.60879,4.58384],"to":[19.14482,15.00627,7.06809],"rotation":{"angle":45,"axis":"x","origin":[14.1487,5,5.26963]},"faces":{"north":{"uv":[8,8,8.5,8.5],"rotation":90,"texture":"#1"},"east":{"uv":[2.5,5.5,2,3],"rotation":270,"texture":"#1"},"south":{"uv":[2,3,2.5,3.5],"rotation":270,"texture":"#1"},"west":{"uv":[2.5,5.5,2,3],"rotation":270,"texture":"#1"},"up":{"uv":[3,0,5.5,1.5],"rotation":270,"texture":"#1"},"down":{"uv":[3,0,5.5,1.5],"rotation":270,"texture":"#1"}}},{"from":[19.15222,14.56289,0.20664],"to":[19.45033,14.81131,0.55443],"rotation":{"angle":0,"axis":"y","origin":[14.1487,5,5.26963]},"faces":{"north":{"uv":[6,0,6.5,0.5],"rotation":90,"texture":"#1"},"east":{"uv":[6.5,6,6,6.5],"rotation":270,"texture":"#1"},"south":{"uv":[2,6,2.5,6.5],"rotation":270,"texture":"#1"},"west":{"uv":[6.5,5.5,6,5],"rotation":270,"texture":"#1"},"up":{"uv":[6,1,6.5,1.5],"rotation":270,"texture":"#1"},"down":{"uv":[3,6,3.5,6.5],"rotation":270,"texture":"#1"}}},{"from":[17.64742,14.48493,-0.82277],"to":[19.14482,14.88241,1.66147],"rotation":{"angle":0,"axis":"y","origin":[14.1487,5,5.26963]},"faces":{"north":{"uv":[8,8,8.5,8.5],"rotation":90,"texture":"#1"},"east":{"uv":[2.5,5.5,2,3],"rotation":270,"texture":"#1"},"south":{"uv":[2,3,2.5,3.5],"rotation":270,"texture":"#1"},"west":{"uv":[2.5,5.5,2,3],"rotation":270,"texture":"#1"},"up":{"uv":[3,0,5.5,1.5],"rotation":270,"texture":"#1"},"down":{"uv":[3,0,5.5,1.5],"rotation":270,"texture":"#1"}}},{"from":[18.19738,13.93497,0.82331],"to":[18.59486,15.43237,3.30755],"rotation":{"angle":0,"axis":"y","origin":[14.1487,5,5.26963]},"faces":{"north":{"uv":[8,8,8.5,8.5],"texture":"#1"},"east":{"uv":[3,0,5.5,1.5],"texture":"#1"},"south":{"uv":[2,3,2.5,3.5],"texture":"#1"},"west":{"uv":[3,0,5.5,1.5],"texture":"#1"},"up":{"uv":[2.5,5.5,2,3],"texture":"#1"},"down":{"uv":[2.5,5.5,2,3],"texture":"#1"}}},{"from":[8.29742,6.08493,11.77723],"to":[9.79482,6.48241,14.26147],"rotation":{"angle":0,"axis":"y","origin":[14.1487,5,5.26963]},"faces":{"north":{"uv":[8,8,8.5,8.5],"rotation":90,"texture":"#1"},"east":{"uv":[2.5,5.5,2,3],"rotation":270,"texture":"#1"},"south":{"uv":[2,3,2.5,3.5],"rotation":270,"texture":"#1"},"west":{"uv":[2.5,5.5,2,3],"rotation":270,"texture":"#1"},"up":{"uv":[3,0,5.5,1.5],"rotation":270,"texture":"#1"},"down":{"uv":[3,0,5.5,1.5],"rotation":270,"texture":"#1"}}},{"from":[8.84738,5.53497,10.02331],"to":[9.24486,7.03237,12.50755],"rotation":{"angle":0,"axis":"y","origin":[14.1487,5,5.26963]},"faces":{"north":{"uv":[8,8,8.5,8.5],"texture":"#1"},"east":{"uv":[3,0,5.5,1.5],"texture":"#1"},"south":{"uv":[2,3,2.5,3.5],"texture":"#1"},"west":{"uv":[3,0,5.5,1.5],"texture":"#1"},"up":{"uv":[2.5,5.5,2,3],"texture":"#1"},"down":{"uv":[2.5,5.5,2,3],"texture":"#1"}}},{"from":[18.19738,13.93497,4.24197],"to":[18.59486,15.43237,6.72621],"rotation":{"angle":0,"axis":"y","origin":[14.1487,5,5.26963]},"faces":{"north":{"uv":[8,8,8.5,8.5],"texture":"#1"},"east":{"uv":[3,0,5.5,1.5],"texture":"#1"},"south":{"uv":[2,3,2.5,3.5],"texture":"#1"},"west":{"uv":[3,0,5.5,1.5],"texture":"#1"},"up":{"uv":[2.5,5.5,2,3],"texture":"#1"},"down":{"uv":[2.5,5.5,2,3],"texture":"#1"}}},{"from":[17.64742,14.48493,5.90671],"to":[19.14482,14.88241,8.39095],"rotation":{"angle":0,"axis":"y","origin":[14.1487,5,5.26963]},"faces":{"north":{"uv":[8,8,8.5,8.5],"rotation":90,"texture":"#1"},"east":{"uv":[2.5,5.5,2,3],"rotation":270,"texture":"#1"},"south":{"uv":[2,3,2.5,3.5],"rotation":270,"texture":"#1"},"west":{"uv":[2.5,5.5,2,3],"rotation":270,"texture":"#1"},"up":{"uv":[3,0,5.5,1.5],"rotation":270,"texture":"#1"},"down":{"uv":[3,0,5.5,1.5],"rotation":270,"texture":"#1"}}},{"from":[18.27191,13.64872,1.91026],"to":[18.52033,15.73048,2.25805],"rotation":{"angle":0,"axis":"y","origin":[14.1487,5,5.26963]},"faces":{"north":{"uv":[7,9,7.5,12.5],"texture":"#1"},"east":{"uv":[5,9,5.5,12.5],"texture":"#1"},"south":{"uv":[7,9,7.5,12.5],"texture":"#1"},"west":{"uv":[5,9,5.5,12.5],"texture":"#1"},"up":{"uv":[9.5,6.5,9,6],"rotation":180,"texture":"#1"},"down":{"uv":[7.5,9,7,9.5],"rotation":180,"texture":"#1"}}},{"from":[8.92191,5.24872,11.06026],"to":[9.17033,7.33048,11.40805],"rotation":{"angle":0,"axis":"y","origin":[14.1487,5,5.26963]},"faces":{"north":{"uv":[7,9,7.5,12.5],"texture":"#1"},"east":{"uv":[5,9,5.5,12.5],"texture":"#1"},"south":{"uv":[7,9,7.5,12.5],"texture":"#1"},"west":{"uv":[5,9,5.5,12.5],"texture":"#1"},"up":{"uv":[9.5,6.5,9,6],"rotation":180,"texture":"#1"},"down":{"uv":[7.5,9,7,9.5],"rotation":180,"texture":"#1"}}},{"from":[12.45659,5.24872,14.82558],"to":[12.80438,7.33048,15.074],"rotation":{"angle":0,"axis":"y","origin":[14.1487,5,5.26963]},"faces":{"north":{"uv":[5,9,5.5,12.5],"texture":"#1"},"east":{"uv":[7,9,7.5,12.5],"texture":"#1"},"south":{"uv":[5,9,5.5,12.5],"texture":"#1"},"west":{"uv":[7,9,7.5,12.5],"texture":"#1"},"up":{"uv":[9.5,6.5,9,6],"rotation":90,"texture":"#1"},"down":{"uv":[7.5,9,7,9.5],"rotation":270,"texture":"#1"}}},{"from":[11.41964,5.53497,14.75105],"to":[13.90388,7.03237,15.14853],"rotation":{"angle":0,"axis":"y","origin":[14.1487,5,5.26963]},"faces":{"north":{"uv":[3,0,5.5,1.5],"texture":"#1"},"east":{"uv":[2,3,2.5,3.5],"texture":"#1"},"south":{"uv":[3,0,5.5,1.5],"texture":"#1"},"west":{"uv":[8,8,8.5,8.5],"texture":"#1"},"up":{"uv":[2.5,5.5,2,3],"rotation":270,"texture":"#1"},"down":{"uv":[2.5,5.5,2,3],"rotation":90,"texture":"#1"}}},{"from":[16.15906,5.53497,14.56927],"to":[18.6433,7.03237,14.96675],"rotation":{"angle":-45,"axis":"y","origin":[14.1487,5,5.26963]},"faces":{"north":{"uv":[3,0,5.5,1.5],"texture":"#1"},"east":{"uv":[2,3,2.5,3.5],"texture":"#1"},"south":{"uv":[3,0,5.5,1.5],"texture":"#1"},"west":{"uv":[8,8,8.5,8.5],"texture":"#1"},"up":{"uv":[2.5,5.5,2,3],"rotation":270,"texture":"#1"},"down":{"uv":[2.5,5.5,2,3],"rotation":90,"texture":"#1"}}},{"from":[17.19601,5.24872,14.6438],"to":[17.5438,7.33048,14.89222],"rotation":{"angle":-45,"axis":"y","origin":[14.1487,5,5.26963]},"faces":{"north":{"uv":[5,9,5.5,12.5],"texture":"#1"},"east":{"uv":[7,9,7.5,12.5],"texture":"#1"},"south":{"uv":[5,9,5.5,12.5],"texture":"#1"},"west":{"uv":[7,9,7.5,12.5],"texture":"#1"},"up":{"uv":[9.5,6.5,9,6],"rotation":90,"texture":"#1"},"down":{"uv":[7.5,9,7,9.5],"rotation":270,"texture":"#1"}}},{"from":[16.98845,5.43938,14.82558],"to":[17.33624,7.52114,15.074],"rotation":{"angle":45,"axis":"z","origin":[14.1487,5,5.26963]},"faces":{"north":{"uv":[5,9,5.5,12.5],"texture":"#1"},"east":{"uv":[7,9,7.5,12.5],"texture":"#1"},"south":{"uv":[5,9,5.5,12.5],"texture":"#1"},"west":{"uv":[7,9,7.5,12.5],"texture":"#1"},"up":{"uv":[9.5,6.5,9,6],"rotation":90,"texture":"#1"},"down":{"uv":[7.5,9,7,9.5],"rotation":270,"texture":"#1"}}},{"from":[15.9515,5.72563,14.75105],"to":[18.43574,7.22303,15.14853],"rotation":{"angle":45,"axis":"z","origin":[14.1487,5,5.26963]},"faces":{"north":{"uv":[3,0,5.5,1.5],"texture":"#1"},"east":{"uv":[2,3,2.5,3.5],"texture":"#1"},"south":{"uv":[3,0,5.5,1.5],"texture":"#1"},"west":{"uv":[8,8,8.5,8.5],"texture":"#1"},"up":{"uv":[2.5,5.5,2,3],"rotation":270,"texture":"#1"},"down":{"uv":[2.5,5.5,2,3],"rotation":90,"texture":"#1"}}},{"from":[19.32191,3.95446,14.02558],"to":[19.66969,6.03621,14.274],"rotation":{"angle":45,"axis":"z","origin":[14.1487,5,5.26963]},"faces":{"north":{"uv":[5,9,5.5,12.5],"texture":"#1"},"east":{"uv":[7,9,7.5,12.5],"texture":"#1"},"south":{"uv":[5,9,5.5,12.5],"texture":"#1"},"west":{"uv":[7,9,7.5,12.5],"texture":"#1"},"up":{"uv":[9.5,6.5,9,6],"rotation":90,"texture":"#1"},"down":{"uv":[7.5,9,7,9.5],"rotation":270,"texture":"#1"}}},{"from":[18.28495,4.24071,13.95105],"to":[20.76919,5.73811,14.34853],"rotation":{"angle":45,"axis":"z","origin":[14.1487,5,5.26963]},"faces":{"north":{"uv":[3,0,5.5,1.5],"texture":"#1"},"east":{"uv":[2,3,2.5,3.5],"texture":"#1"},"south":{"uv":[3,0,5.5,1.5],"texture":"#1"},"west":{"uv":[8,8,8.5,8.5],"texture":"#1"},"up":{"uv":[2.5,5.5,2,3],"rotation":270,"texture":"#1"},"down":{"uv":[2.5,5.5,2,3],"rotation":90,"texture":"#1"}}},{"from":[7.95524,6.16539,12.83526],"to":[10.037,6.4138,13.18305],"rotation":{"angle":0,"axis":"y","origin":[14.1487,5,5.26963]},"faces":{"north":{"uv":[7,9,7.5,12.5],"rotation":90,"texture":"#1"},"east":{"uv":[7.5,9,7,9.5],"rotation":90,"texture":"#1"},"south":{"uv":[7,9,7.5,12.5],"rotation":270,"texture":"#1"},"west":{"uv":[9.5,6.5,9,6],"rotation":90,"texture":"#1"},"up":{"uv":[5,9,5.5,12.5],"rotation":270,"texture":"#1"},"down":{"uv":[5,9,5.5,12.5],"rotation":270,"texture":"#1"}}},{"from":[9.7841,6.08493,14.24055],"to":[12.26834,6.48241,15.73795],"rotation":{"angle":0,"axis":"y","origin":[14.1487,5,5.26963]},"faces":{"north":{"uv":[2.5,5.5,2,3],"rotation":270,"texture":"#1"},"east":{"uv":[2,3,2.5,3.5],"rotation":270,"texture":"#1"},"south":{"uv":[2.5,5.5,2,3],"rotation":270,"texture":"#1"},"west":{"uv":[8,8,8.5,8.5],"rotation":90,"texture":"#1"},"up":{"uv":[3,0,5.5,1.5],"rotation":180,"texture":"#1"},"down":{"uv":[3,0,5.5,1.5],"texture":"#1"}}},{"from":[10.84213,6.16539,13.99837],"to":[11.18992,6.4138,16.08013],"rotation":{"angle":0,"axis":"y","origin":[14.1487,5,5.26963]},"faces":{"north":{"uv":[7.5,9,7,9.5],"rotation":90,"texture":"#1"},"east":{"uv":[7,9,7.5,12.5],"rotation":270,"texture":"#1"},"south":{"uv":[9.5,6.5,9,6],"rotation":90,"texture":"#1"},"west":{"uv":[7,9,7.5,12.5],"rotation":90,"texture":"#1"},"up":{"uv":[5,9,5.5,12.5],"rotation":180,"texture":"#1"},"down":{"uv":[5,9,5.5,12.5],"texture":"#1"}}},{"from":[14.19087,6.25791,14.24055],"to":[16.67511,6.65539,15.73795],"rotation":{"angle":45,"axis":"z","origin":[14.1487,5,5.26963]},"faces":{"north":{"uv":[2.5,5.5,2,3],"rotation":270,"texture":"#1"},"east":{"uv":[2,3,2.5,3.5],"rotation":270,"texture":"#1"},"south":{"uv":[2.5,5.5,2,3],"rotation":270,"texture":"#1"},"west":{"uv":[8,8,8.5,8.5],"rotation":90,"texture":"#1"},"up":{"uv":[3,0,5.5,1.5],"rotation":180,"texture":"#1"},"down":{"uv":[3,0,5.5,1.5],"texture":"#1"}}},{"from":[15.2489,6.33837,13.99837],"to":[15.59669,6.58679,16.08013],"rotation":{"angle":45,"axis":"z","origin":[14.1487,5,5.26963]},"faces":{"north":{"uv":[7.5,9,7,9.5],"rotation":90,"texture":"#1"},"east":{"uv":[7,9,7.5,12.5],"rotation":270,"texture":"#1"},"south":{"uv":[9.5,6.5,9,6],"rotation":90,"texture":"#1"},"west":{"uv":[7,9,7.5,12.5],"rotation":90,"texture":"#1"},"up":{"uv":[5,9,5.5,12.5],"rotation":180,"texture":"#1"},"down":{"uv":[5,9,5.5,12.5],"texture":"#1"}}},{"from":[9.16336,8.31539,12.52127],"to":[9.51115,8.5638,14.60303],"rotation":{"angle":45,"axis":"y","origin":[14.1487,5,5.26963]},"faces":{"north":{"uv":[7.5,9,7,9.5],"rotation":90,"texture":"#1"},"east":{"uv":[7,9,7.5,12.5],"rotation":270,"texture":"#1"},"south":{"uv":[9.5,6.5,9,6],"rotation":90,"texture":"#1"},"west":{"uv":[7,9,7.5,12.5],"rotation":90,"texture":"#1"},"up":{"uv":[5,9,5.5,12.5],"rotation":180,"texture":"#1"},"down":{"uv":[5,9,5.5,12.5],"texture":"#1"}}},{"from":[8.10533,8.23493,12.76345],"to":[10.58957,8.63241,14.26085],"rotation":{"angle":45,"axis":"y","origin":[14.1487,5,5.26963]},"faces":{"north":{"uv":[2.5,5.5,2,3],"rotation":270,"texture":"#1"},"east":{"uv":[2,3,2.5,3.5],"rotation":270,"texture":"#1"},"south":{"uv":[2.5,5.5,2,3],"rotation":270,"texture":"#1"},"west":{"uv":[8,8,8.5,8.5],"rotation":90,"texture":"#1"},"up":{"uv":[3,0,5.5,1.5],"rotation":180,"texture":"#1"},"down":{"uv":[3,0,5.5,1.5],"texture":"#1"}}},{"from":[18.27191,13.64872,5.26947],"to":[18.52033,15.73048,5.61726],"rotation":{"angle":0,"axis":"y","origin":[14.1487,5,5.26963]},"faces":{"north":{"uv":[7,9,7.5,12.5],"texture":"#1"},"east":{"uv":[5,9,5.5,12.5],"texture":"#1"},"south":{"uv":[7,9,7.5,12.5],"texture":"#1"},"west":{"uv":[5,9,5.5,12.5],"texture":"#1"},"up":{"uv":[9.5,6.5,9,6],"rotation":180,"texture":"#1"},"down":{"uv":[7.5,9,7,9.5],"rotation":180,"texture":"#1"}}},{"from":[18.27191,11.24872,11.06947],"to":[18.52033,13.33048,11.41726],"rotation":{"angle":0,"axis":"y","origin":[14.1487,5,5.26963]},"faces":{"north":{"uv":[7,9,7.5,12.5],"texture":"#1"},"east":{"uv":[5,9,5.5,12.5],"texture":"#1"},"south":{"uv":[7,9,7.5,12.5],"texture":"#1"},"west":{"uv":[5,9,5.5,12.5],"texture":"#1"},"up":{"uv":[9.5,6.5,9,6],"rotation":180,"texture":"#1"},"down":{"uv":[7.5,9,7,9.5],"rotation":180,"texture":"#1"}}},{"from":[18.19738,11.53497,10.04197],"to":[18.59486,13.03237,12.52621],"rotation":{"angle":0,"axis":"y","origin":[14.1487,5,5.26963]},"faces":{"north":{"uv":[8,8,8.5,8.5],"texture":"#1"},"east":{"uv":[3,0,5.5,1.5],"texture":"#1"},"south":{"uv":[2,3,2.5,3.5],"texture":"#1"},"west":{"uv":[3,0,5.5,1.5],"texture":"#1"},"up":{"uv":[2.5,5.5,2,3],"texture":"#1"},"down":{"uv":[2.5,5.5,2,3],"texture":"#1"}}},{"from":[18.19738,13.98812,6.31929],"to":[18.59486,15.48552,8.80354],"rotation":{"angle":45,"axis":"x","origin":[14.1487,5,5.26963]},"faces":{"north":{"uv":[8,8,8.5,8.5],"texture":"#1"},"east":{"uv":[3,0,5.5,1.5],"texture":"#1"},"south":{"uv":[2,3,2.5,3.5],"texture":"#1"},"west":{"uv":[3,0,5.5,1.5],"texture":"#1"},"up":{"uv":[2.5,5.5,2,3],"texture":"#1"},"down":{"uv":[2.5,5.5,2,3],"texture":"#1"}}},{"from":[18.27191,13.70187,7.34679],"to":[18.52033,15.78363,7.69458],"rotation":{"angle":45,"axis":"x","origin":[14.1487,5,5.26963]},"faces":{"north":{"uv":[7,9,7.5,12.5],"texture":"#1"},"east":{"uv":[5,9,5.5,12.5],"texture":"#1"},"south":{"uv":[7,9,7.5,12.5],"texture":"#1"},"west":{"uv":[5,9,5.5,12.5],"texture":"#1"},"up":{"uv":[9.5,6.5,9,6],"rotation":180,"texture":"#1"},"down":{"uv":[7.5,9,7,9.5],"rotation":180,"texture":"#1"}}},{"from":[18.27191,12.94173,0.89445],"to":[18.52033,15.02349,1.24223],"rotation":{"angle":45,"axis":"x","origin":[14.1487,5,5.26963]},"faces":{"north":{"uv":[7,9,7.5,12.5],"texture":"#1"},"east":{"uv":[5,9,5.5,12.5],"texture":"#1"},"south":{"uv":[7,9,7.5,12.5],"texture":"#1"},"west":{"uv":[5,9,5.5,12.5],"texture":"#1"},"up":{"uv":[9.5,6.5,9,6],"rotation":180,"texture":"#1"},"down":{"uv":[7.5,9,7,9.5],"rotation":180,"texture":"#1"}}},{"from":[18.19738,13.22798,-0.13306],"to":[18.59486,14.72538,2.35119],"rotation":{"angle":45,"axis":"x","origin":[14.1487,5,5.26963]},"faces":{"north":{"uv":[8,8,8.5,8.5],"texture":"#1"},"east":{"uv":[3,0,5.5,1.5],"texture":"#1"},"south":{"uv":[2,3,2.5,3.5],"texture":"#1"},"west":{"uv":[3,0,5.5,1.5],"texture":"#1"},"up":{"uv":[2.5,5.5,2,3],"texture":"#1"},"down":{"uv":[2.5,5.5,2,3],"texture":"#1"}}},{"from":[-2.75,14.51396,-0.86396],"to":[-2.05,14.91396,-0.46396],"rotation":{"angle":0,"axis":"y","origin":[1.8513,5,5.26963]},"faces":{"north":{"uv":[5,6,5.75,6.5],"texture":"#1"},"east":{"uv":[7,7,7.5,7.5],"texture":"#1"},"south":{"uv":[6,4,6.75,4.5],"texture":"#1"},"west":{"uv":[7,6,7.5,6.5],"texture":"#1"},"up":{"uv":[6.75,5.5,6,5],"rotation":180,"texture":"#1"},"down":{"uv":[6.75,6,6,6.5],"rotation":180,"texture":"#1"}}},{"from":[-3.45033,14.56289,3.60664],"to":[-3.15222,14.81131,3.95443],"rotation":{"angle":0,"axis":"y","origin":[1.8513,5,5.26963]},"faces":{"north":{"uv":[6,0.5,6.5,0],"rotation":90,"texture":"#1"},"east":{"uv":[6.5,5,6,5.5],"rotation":270,"texture":"#1"},"south":{"uv":[2,6.5,2.5,6],"rotation":270,"texture":"#1"},"west":{"uv":[6.5,6.5,6,6],"rotation":270,"texture":"#1"},"up":{"uv":[6,1.5,6.5,1],"rotation":270,"texture":"#1"},"down":{"uv":[3,6.5,3.5,6],"rotation":270,"texture":"#1"}}},{"from":[-3.14482,14.48493,2.57723],"to":[-1.64742,14.88241,5.06147],"rotation":{"angle":0,"axis":"y","origin":[1.8513,5,5.26963]},"faces":{"north":{"uv":[8,8.5,8.5,8],"rotation":90,"texture":"#1"},"east":{"uv":[2.5,3,2,5.5],"rotation":270,"texture":"#1"},"south":{"uv":[2,3.5,2.5,3],"rotation":270,"texture":"#1"},"west":{"uv":[2.5,3,2,5.5],"rotation":270,"texture":"#1"},"up":{"uv":[3,1.5,5.5,0],"rotation":270,"texture":"#1"},"down":{"uv":[3,1.5,5.5,0],"rotation":270,"texture":"#1"}}},{"from":[-3.45033,13.90893,2.57269],"to":[-3.15222,14.15736,2.92048],"rotation":{"angle":45,"axis":"x","origin":[1.8513,5,5.26963]},"faces":{"north":{"uv":[6,0.5,6.5,0],"rotation":90,"texture":"#1"},"east":{"uv":[6.5,5,6,5.5],"rotation":270,"texture":"#1"},"south":{"uv":[2,6.5,2.5,6],"rotation":270,"texture":"#1"},"west":{"uv":[6.5,6.5,6,6],"rotation":270,"texture":"#1"},"up":{"uv":[6,1.5,6.5,1],"rotation":270,"texture":"#1"},"down":{"uv":[3,6.5,3.5,6],"rotation":270,"texture":"#1"}}},{"from":[-3.14482,13.83097,1.54328],"to":[-1.64742,14.22845,4.02753],"rotation":{"angle":45,"axis":"x","origin":[1.8513,5,5.26963]},"faces":{"north":{"uv":[8,8.5,8.5,8],"rotation":90,"texture":"#1"},"east":{"uv":[2.5,3,2,5.5],"rotation":270,"texture":"#1"},"south":{"uv":[2,3.5,2.5,3],"rotation":270,"texture":"#1"},"west":{"uv":[2.5,3,2,5.5],"rotation":270,"texture":"#1"},"up":{"uv":[3,1.5,5.5,0],"rotation":270,"texture":"#1"},"down":{"uv":[3,1.5,5.5,0],"rotation":270,"texture":"#1"}}},{"from":[-3.45033,14.68675,5.61325],"to":[-3.15222,14.93518,5.96104],"rotation":{"angle":45,"axis":"x","origin":[1.8513,5,5.26963]},"faces":{"north":{"uv":[6,0.5,6.5,0],"rotation":90,"texture":"#1"},"east":{"uv":[6.5,5,6,5.5],"rotation":270,"texture":"#1"},"south":{"uv":[2,6.5,2.5,6],"rotation":270,"texture":"#1"},"west":{"uv":[6.5,6.5,6,6],"rotation":270,"texture":"#1"},"up":{"uv":[6,1.5,6.5,1],"rotation":270,"texture":"#1"},"down":{"uv":[3,6.5,3.5,6],"rotation":270,"texture":"#1"}}},{"from":[-3.14482,14.60879,4.58384],"to":[-1.64742,15.00627,7.06809],"rotation":{"angle":45,"axis":"x","origin":[1.8513,5,5.26963]},"faces":{"north":{"uv":[8,8.5,8.5,8],"rotation":90,"texture":"#1"},"east":{"uv":[2.5,3,2,5.5],"rotation":270,"texture":"#1"},"south":{"uv":[2,3.5,2.5,3],"rotation":270,"texture":"#1"},"west":{"uv":[2.5,3,2,5.5],"rotation":270,"texture":"#1"},"up":{"uv":[3,1.5,5.5,0],"rotation":270,"texture":"#1"},"down":{"uv":[3,1.5,5.5,0],"rotation":270,"texture":"#1"}}},{"from":[-3.45033,14.56289,0.20664],"to":[-3.15222,14.81131,0.55443],"rotation":{"angle":0,"axis":"y","origin":[1.8513,5,5.26963]},"faces":{"north":{"uv":[6,0.5,6.5,0],"rotation":90,"texture":"#1"},"east":{"uv":[6.5,5,6,5.5],"rotation":270,"texture":"#1"},"south":{"uv":[2,6.5,2.5,6],"rotation":270,"texture":"#1"},"west":{"uv":[6.5,6.5,6,6],"rotation":270,"texture":"#1"},"up":{"uv":[6,1.5,6.5,1],"rotation":270,"texture":"#1"},"down":{"uv":[3,6.5,3.5,6],"rotation":270,"texture":"#1"}}},{"from":[-3.14482,14.48493,-0.82277],"to":[-1.64742,14.88241,1.66147],"rotation":{"angle":0,"axis":"y","origin":[1.8513,5,5.26963]},"faces":{"north":{"uv":[8,8.5,8.5,8],"rotation":90,"texture":"#1"},"east":{"uv":[2.5,3,2,5.5],"rotation":270,"texture":"#1"},"south":{"uv":[2,3.5,2.5,3],"rotation":270,"texture":"#1"},"west":{"uv":[2.5,3,2,5.5],"rotation":270,"texture":"#1"},"up":{"uv":[3,1.5,5.5,0],"rotation":270,"texture":"#1"},"down":{"uv":[3,1.5,5.5,0],"rotation":270,"texture":"#1"}}},{"from":[-2.59486,13.93497,0.82331],"to":[-2.19738,15.43237,3.30755],"rotation":{"angle":0,"axis":"y","origin":[1.8513,5,5.26963]},"faces":{"north":{"uv":[8.5,8,8,8.5],"texture":"#1"},"east":{"uv":[5.5,0,3,1.5],"texture":"#1"},"south":{"uv":[2.5,3,2,3.5],"texture":"#1"},"west":{"uv":[5.5,0,3,1.5],"texture":"#1"},"up":{"uv":[2,5.5,2.5,3],"texture":"#1"},"down":{"uv":[2,5.5,2.5,3],"texture":"#1"}}},{"from":[6.20518,6.08493,11.77723],"to":[7.70258,6.48241,14.26147],"rotation":{"angle":0,"axis":"y","origin":[1.8513,5,5.26963]},"faces":{"north":{"uv":[8,8.5,8.5,8],"rotation":90,"texture":"#1"},"east":{"uv":[2.5,3,2,5.5],"rotation":270,"texture":"#1"},"south":{"uv":[2,3.5,2.5,3],"rotation":270,"texture":"#1"},"west":{"uv":[2.5,3,2,5.5],"rotation":270,"texture":"#1"},"up":{"uv":[3,1.5,5.5,0],"rotation":270,"texture":"#1"},"down":{"uv":[3,1.5,5.5,0],"rotation":270,"texture":"#1"}}},{"from":[6.75514,5.53497,10.02331],"to":[7.15262,7.03237,12.50755],"rotation":{"angle":0,"axis":"y","origin":[1.8513,5,5.26963]},"faces":{"north":{"uv":[8.5,8,8,8.5],"texture":"#1"},"east":{"uv":[5.5,0,3,1.5],"texture":"#1"},"south":{"uv":[2.5,3,2,3.5],"texture":"#1"},"west":{"uv":[5.5,0,3,1.5],"texture":"#1"},"up":{"uv":[2,5.5,2.5,3],"texture":"#1"},"down":{"uv":[2,5.5,2.5,3],"texture":"#1"}}},{"from":[-2.59486,13.93497,4.24197],"to":[-2.19738,15.43237,6.72621],"rotation":{"angle":0,"axis":"y","origin":[1.8513,5,5.26963]},"faces":{"north":{"uv":[8.5,8,8,8.5],"texture":"#1"},"east":{"uv":[5.5,0,3,1.5],"texture":"#1"},"south":{"uv":[2.5,3,2,3.5],"texture":"#1"},"west":{"uv":[5.5,0,3,1.5],"texture":"#1"},"up":{"uv":[2,5.5,2.5,3],"texture":"#1"},"down":{"uv":[2,5.5,2.5,3],"texture":"#1"}}},{"from":[-3.14482,14.48493,5.90671],"to":[-1.64742,14.88241,8.39095],"rotation":{"angle":0,"axis":"y","origin":[1.8513,5,5.26963]},"faces":{"north":{"uv":[8,8.5,8.5,8],"rotation":90,"texture":"#1"},"east":{"uv":[2.5,3,2,5.5],"rotation":270,"texture":"#1"},"south":{"uv":[2,3.5,2.5,3],"rotation":270,"texture":"#1"},"west":{"uv":[2.5,3,2,5.5],"rotation":270,"texture":"#1"},"up":{"uv":[3,1.5,5.5,0],"rotation":270,"texture":"#1"},"down":{"uv":[3,1.5,5.5,0],"rotation":270,"texture":"#1"}}},{"from":[-2.52033,13.64872,1.91026],"to":[-2.27191,15.73048,2.25805],"rotation":{"angle":0,"axis":"y","origin":[1.8513,5,5.26963]},"faces":{"north":{"uv":[7.5,9,7,12.5],"texture":"#1"},"east":{"uv":[5.5,9,5,12.5],"texture":"#1"},"south":{"uv":[7.5,9,7,12.5],"texture":"#1"},"west":{"uv":[5.5,9,5,12.5],"texture":"#1"},"up":{"uv":[9,6.5,9.5,6],"rotation":180,"texture":"#1"},"down":{"uv":[7,9,7.5,9.5],"rotation":180,"texture":"#1"}}},{"from":[6.82967,5.24872,11.06026],"to":[7.07809,7.33048,11.40805],"rotation":{"angle":0,"axis":"y","origin":[1.8513,5,5.26963]},"faces":{"north":{"uv":[7.5,9,7,12.5],"texture":"#1"},"east":{"uv":[5.5,9,5,12.5],"texture":"#1"},"south":{"uv":[7.5,9,7,12.5],"texture":"#1"},"west":{"uv":[5.5,9,5,12.5],"texture":"#1"},"up":{"uv":[9,6.5,9.5,6],"rotation":180,"texture":"#1"},"down":{"uv":[7,9,7.5,9.5],"rotation":180,"texture":"#1"}}},{"from":[3.19562,5.24872,14.82558],"to":[3.54341,7.33048,15.074],"rotation":{"angle":0,"axis":"y","origin":[1.8513,5,5.26963]},"faces":{"north":{"uv":[5.5,9,5,12.5],"texture":"#1"},"east":{"uv":[7.5,9,7,12.5],"texture":"#1"},"south":{"uv":[5.5,9,5,12.5],"texture":"#1"},"west":{"uv":[7.5,9,7,12.5],"texture":"#1"},"up":{"uv":[9.5,6,9,6.5],"rotation":90,"texture":"#1"},"down":{"uv":[7.5,9.5,7,9],"rotation":270,"texture":"#1"}}},{"from":[2.09612,5.53497,14.75105],"to":[4.58036,7.03237,15.14853],"rotation":{"angle":0,"axis":"y","origin":[1.8513,5,5.26963]},"faces":{"north":{"uv":[5.5,0,3,1.5],"texture":"#1"},"east":{"uv":[8.5,8,8,8.5],"texture":"#1"},"south":{"uv":[5.5,0,3,1.5],"texture":"#1"},"west":{"uv":[2.5,3,2,3.5],"texture":"#1"},"up":{"uv":[2.5,3,2,5.5],"rotation":270,"texture":"#1"},"down":{"uv":[2.5,3,2,5.5],"rotation":90,"texture":"#1"}}},{"from":[-2.6433,5.53497,14.56927],"to":[-0.15906,7.03237,14.96675],"rotation":{"angle":45,"axis":"y","origin":[1.8513,5,5.26963]},"faces":{"north":{"uv":[5.5,0,3,1.5],"texture":"#1"},"east":{"uv":[8.5,8,8,8.5],"texture":"#1"},"south":{"uv":[5.5,0,3,1.5],"texture":"#1"},"west":{"uv":[2.5,3,2,3.5],"texture":"#1"},"up":{"uv":[2.5,3,2,5.5],"rotation":270,"texture":"#1"},"down":{"uv":[2.5,3,2,5.5],"rotation":90,"texture":"#1"}}},{"from":[-1.5438,5.24872,14.6438],"to":[-1.19601,7.33048,14.89222],"rotation":{"angle":45,"axis":"y","origin":[1.8513,5,5.26963]},"faces":{"north":{"uv":[5.5,9,5,12.5],"texture":"#1"},"east":{"uv":[7.5,9,7,12.5],"texture":"#1"},"south":{"uv":[5.5,9,5,12.5],"texture":"#1"},"west":{"uv":[7.5,9,7,12.5],"texture":"#1"},"up":{"uv":[9.5,6,9,6.5],"rotation":90,"texture":"#1"},"down":{"uv":[7.5,9.5,7,9],"rotation":270,"texture":"#1"}}},{"from":[-1.33624,5.43938,14.82558],"to":[-0.98845,7.52114,15.074],"rotation":{"angle":-45,"axis":"z","origin":[1.8513,5,5.26963]},"faces":{"north":{"uv":[5.5,9,5,12.5],"texture":"#1"},"east":{"uv":[7.5,9,7,12.5],"texture":"#1"},"south":{"uv":[5.5,9,5,12.5],"texture":"#1"},"west":{"uv":[7.5,9,7,12.5],"texture":"#1"},"up":{"uv":[9.5,6,9,6.5],"rotation":90,"texture":"#1"},"down":{"uv":[7.5,9.5,7,9],"rotation":270,"texture":"#1"}}},{"from":[-2.43574,5.72563,14.75105],"to":[0.0485,7.22303,15.14853],"rotation":{"angle":-45,"axis":"z","origin":[1.8513,5,5.26963]},"faces":{"north":{"uv":[5.5,0,3,1.5],"texture":"#1"},"east":{"uv":[8.5,8,8,8.5],"texture":"#1"},"south":{"uv":[5.5,0,3,1.5],"texture":"#1"},"west":{"uv":[2.5,3,2,3.5],"texture":"#1"},"up":{"uv":[2.5,3,2,5.5],"rotation":270,"texture":"#1"},"down":{"uv":[2.5,3,2,5.5],"rotation":90,"texture":"#1"}}},{"from":[-3.66969,3.95446,14.02558],"to":[-3.32191,6.03621,14.274],"rotation":{"angle":-45,"axis":"z","origin":[1.8513,5,5.26963]},"faces":{"north":{"uv":[5.5,9,5,12.5],"texture":"#1"},"east":{"uv":[7.5,9,7,12.5],"texture":"#1"},"south":{"uv":[5.5,9,5,12.5],"texture":"#1"},"west":{"uv":[7.5,9,7,12.5],"texture":"#1"},"up":{"uv":[9.5,6,9,6.5],"rotation":90,"texture":"#1"},"down":{"uv":[7.5,9.5,7,9],"rotation":270,"texture":"#1"}}},{"from":[-4.76919,4.24071,13.95105],"to":[-2.28495,5.73811,14.34853],"rotation":{"angle":-45,"axis":"z","origin":[1.8513,5,5.26963]},"faces":{"north":{"uv":[5.5,0,3,1.5],"texture":"#1"},"east":{"uv":[8.5,8,8,8.5],"texture":"#1"},"south":{"uv":[5.5,0,3,1.5],"texture":"#1"},"west":{"uv":[2.5,3,2,3.5],"texture":"#1"},"up":{"uv":[2.5,3,2,5.5],"rotation":270,"texture":"#1"},"down":{"uv":[2.5,3,2,5.5],"rotation":90,"texture":"#1"}}},{"from":[5.963,6.16539,12.83526],"to":[8.04476,6.4138,13.18305],"rotation":{"angle":0,"axis":"y","origin":[1.8513,5,5.26963]},"faces":{"north":{"uv":[7,12.5,7.5,9],"rotation":90,"texture":"#1"},"east":{"uv":[9.5,6,9,6.5],"rotation":90,"texture":"#1"},"south":{"uv":[7,12.5,7.5,9],"rotation":270,"texture":"#1"},"west":{"uv":[7.5,9.5,7,9],"rotation":90,"texture":"#1"},"up":{"uv":[5,12.5,5.5,9],"rotation":270,"texture":"#1"},"down":{"uv":[5,12.5,5.5,9],"rotation":270,"texture":"#1"}}},{"from":[3.73166,6.08493,14.24055],"to":[6.2159,6.48241,15.73795],"rotation":{"angle":0,"axis":"y","origin":[1.8513,5,5.26963]},"faces":{"north":{"uv":[2.5,3,2,5.5],"rotation":270,"texture":"#1"},"east":{"uv":[8,8.5,8.5,8],"rotation":90,"texture":"#1"},"south":{"uv":[2.5,3,2,5.5],"rotation":270,"texture":"#1"},"west":{"uv":[2,3.5,2.5,3],"rotation":270,"texture":"#1"},"up":{"uv":[5.5,0,3,1.5],"rotation":180,"texture":"#1"},"down":{"uv":[5.5,0,3,1.5],"texture":"#1"}}},{"from":[4.81008,6.16539,13.99837],"to":[5.15787,6.4138,16.08013],"rotation":{"angle":0,"axis":"y","origin":[1.8513,5,5.26963]},"faces":{"north":{"uv":[7.5,9.5,7,9],"rotation":90,"texture":"#1"},"east":{"uv":[7,12.5,7.5,9],"rotation":90,"texture":"#1"},"south":{"uv":[9.5,6,9,6.5],"rotation":90,"texture":"#1"},"west":{"uv":[7,12.5,7.5,9],"rotation":270,"texture":"#1"},"up":{"uv":[5.5,9,5,12.5],"rotation":180,"texture":"#1"},"down":{"uv":[5.5,9,5,12.5],"texture":"#1"}}},{"from":[-0.67511,6.25791,14.24055],"to":[1.80913,6.65539,15.73795],"rotation":{"angle":-45,"axis":"z","origin":[1.8513,5,5.26963]},"faces":{"north":{"uv":[2.5,3,2,5.5],"rotation":270,"texture":"#1"},"east":{"uv":[8,8.5,8.5,8],"rotation":90,"texture":"#1"},"south":{"uv":[2.5,3,2,5.5],"rotation":270,"texture":"#1"},"west":{"uv":[2,3.5,2.5,3],"rotation":270,"texture":"#1"},"up":{"uv":[5.5,0,3,1.5],"rotation":180,"texture":"#1"},"down":{"uv":[5.5,0,3,1.5],"texture":"#1"}}},{"from":[0.40331,6.33837,13.99837],"to":[0.7511,6.58679,16.08013],"rotation":{"angle":-45,"axis":"z","origin":[1.8513,5,5.26963]},"faces":{"north":{"uv":[7.5,9.5,7,9],"rotation":90,"texture":"#1"},"east":{"uv":[7,12.5,7.5,9],"rotation":90,"texture":"#1"},"south":{"uv":[9.5,6,9,6.5],"rotation":90,"texture":"#1"},"west":{"uv":[7,12.5,7.5,9],"rotation":270,"texture":"#1"},"up":{"uv":[5.5,9,5,12.5],"rotation":180,"texture":"#1"},"down":{"uv":[5.5,9,5,12.5],"texture":"#1"}}},{"from":[6.48885,8.31539,12.52127],"to":[6.83664,8.5638,14.60303],"rotation":{"angle":-45,"axis":"y","origin":[1.8513,5,5.26963]},"faces":{"north":{"uv":[7.5,9.5,7,9],"rotation":90,"texture":"#1"},"east":{"uv":[7,12.5,7.5,9],"rotation":90,"texture":"#1"},"south":{"uv":[9.5,6,9,6.5],"rotation":90,"texture":"#1"},"west":{"uv":[7,12.5,7.5,9],"rotation":270,"texture":"#1"},"up":{"uv":[5.5,9,5,12.5],"rotation":180,"texture":"#1"},"down":{"uv":[5.5,9,5,12.5],"texture":"#1"}}},{"from":[5.41043,8.23493,12.76345],"to":[7.89467,8.63241,14.26085],"rotation":{"angle":-45,"axis":"y","origin":[1.8513,5,5.26963]},"faces":{"north":{"uv":[2.5,3,2,5.5],"rotation":270,"texture":"#1"},"east":{"uv":[8,8.5,8.5,8],"rotation":90,"texture":"#1"},"south":{"uv":[2.5,3,2,5.5],"rotation":270,"texture":"#1"},"west":{"uv":[2,3.5,2.5,3],"rotation":270,"texture":"#1"},"up":{"uv":[5.5,0,3,1.5],"rotation":180,"texture":"#1"},"down":{"uv":[5.5,0,3,1.5],"texture":"#1"}}},{"from":[-2.52033,13.64872,5.26947],"to":[-2.27191,15.73048,5.61726],"rotation":{"angle":0,"axis":"y","origin":[1.8513,5,5.26963]},"faces":{"north":{"uv":[7.5,9,7,12.5],"texture":"#1"},"east":{"uv":[5.5,9,5,12.5],"texture":"#1"},"south":{"uv":[7.5,9,7,12.5],"texture":"#1"},"west":{"uv":[5.5,9,5,12.5],"texture":"#1"},"up":{"uv":[9,6.5,9.5,6],"rotation":180,"texture":"#1"},"down":{"uv":[7,9,7.5,9.5],"rotation":180,"texture":"#1"}}},{"from":[-2.52033,11.24872,11.06947],"to":[-2.27191,13.33048,11.41726],"rotation":{"angle":0,"axis":"y","origin":[1.8513,5,5.26963]},"faces":{"north":{"uv":[7.5,9,7,12.5],"texture":"#1"},"east":{"uv":[5.5,9,5,12.5],"texture":"#1"},"south":{"uv":[7.5,9,7,12.5],"texture":"#1"},"west":{"uv":[5.5,9,5,12.5],"texture":"#1"},"up":{"uv":[9,6.5,9.5,6],"rotation":180,"texture":"#1"},"down":{"uv":[7,9,7.5,9.5],"rotation":180,"texture":"#1"}}},{"from":[-2.59486,11.53497,10.04197],"to":[-2.19738,13.03237,12.52621],"rotation":{"angle":0,"axis":"y","origin":[1.8513,5,5.26963]},"faces":{"north":{"uv":[8.5,8,8,8.5],"texture":"#1"},"east":{"uv":[5.5,0,3,1.5],"texture":"#1"},"south":{"uv":[2.5,3,2,3.5],"texture":"#1"},"west":{"uv":[5.5,0,3,1.5],"texture":"#1"},"up":{"uv":[2,5.5,2.5,3],"texture":"#1"},"down":{"uv":[2,5.5,2.5,3],"texture":"#1"}}},{"from":[-2.59486,13.98812,6.31929],"to":[-2.19738,15.48552,8.80354],"rotation":{"angle":45,"axis":"x","origin":[1.8513,5,5.26963]},"faces":{"north":{"uv":[8.5,8,8,8.5],"texture":"#1"},"east":{"uv":[5.5,0,3,1.5],"texture":"#1"},"south":{"uv":[2.5,3,2,3.5],"texture":"#1"},"west":{"uv":[5.5,0,3,1.5],"texture":"#1"},"up":{"uv":[2,5.5,2.5,3],"texture":"#1"},"down":{"uv":[2,5.5,2.5,3],"texture":"#1"}}},{"from":[-2.52033,13.70187,7.34679],"to":[-2.27191,15.78363,7.69458],"rotation":{"angle":45,"axis":"x","origin":[1.8513,5,5.26963]},"faces":{"north":{"uv":[7.5,9,7,12.5],"texture":"#1"},"east":{"uv":[5.5,9,5,12.5],"texture":"#1"},"south":{"uv":[7.5,9,7,12.5],"texture":"#1"},"west":{"uv":[5.5,9,5,12.5],"texture":"#1"},"up":{"uv":[9,6.5,9.5,6],"rotation":180,"texture":"#1"},"down":{"uv":[7,9,7.5,9.5],"rotation":180,"texture":"#1"}}},{"from":[-2.52033,12.94173,0.89445],"to":[-2.27191,15.02349,1.24223],"rotation":{"angle":45,"axis":"x","origin":[1.8513,5,5.26963]},"faces":{"north":{"uv":[7.5,9,7,12.5],"texture":"#1"},"east":{"uv":[5.5,9,5,12.5],"texture":"#1"},"south":{"uv":[7.5,9,7,12.5],"texture":"#1"},"west":{"uv":[5.5,9,5,12.5],"texture":"#1"},"up":{"uv":[9,6.5,9.5,6],"rotation":180,"texture":"#1"},"down":{"uv":[7,9,7.5,9.5],"rotation":180,"texture":"#1"}}},{"from":[-2.59486,13.22798,-0.13306],"to":[-2.19738,14.72538,2.35119],"rotation":{"angle":45,"axis":"x","origin":[1.8513,5,5.26963]},"faces":{"north":{"uv":[8.5,8,8,8.5],"texture":"#1"},"east":{"uv":[5.5,0,3,1.5],"texture":"#1"},"south":{"uv":[2.5,3,2,3.5],"texture":"#1"},"west":{"uv":[5.5,0,3,1.5],"texture":"#1"},"up":{"uv":[2,5.5,2.5,3],"texture":"#1"},"down":{"uv":[2,5.5,2.5,3],"texture":"#1"}}},{"from":[18.05,-4.91396,-0.86396],"to":[18.75,-4.51396,-0.46396],"rotation":{"angle":0,"axis":"y","origin":[14.1487,5,5.26963]},"faces":{"north":{"uv":[5.75,6.5,5,6],"texture":"#1"},"east":{"uv":[7.5,6.5,7,6],"texture":"#1"},"south":{"uv":[6.75,4.5,6,4],"texture":"#1"},"west":{"uv":[7.5,7.5,7,7],"texture":"#1"},"up":{"uv":[6,6.5,6.75,6],"rotation":180,"texture":"#1"},"down":{"uv":[6,5,6.75,5.5],"rotation":180,"texture":"#1"}}},{"from":[19.15222,-4.81131,3.60664],"to":[19.45033,-4.56289,3.95443],"rotation":{"angle":0,"axis":"y","origin":[14.1487,5,5.26963]},"faces":{"north":{"uv":[6.5,0,6,0.5],"rotation":90,"texture":"#1"},"east":{"uv":[6,6,6.5,6.5],"rotation":270,"texture":"#1"},"south":{"uv":[2.5,6,2,6.5],"rotation":270,"texture":"#1"},"west":{"uv":[6,5.5,6.5,5],"rotation":270,"texture":"#1"},"up":{"uv":[3.5,6,3,6.5],"rotation":270,"texture":"#1"},"down":{"uv":[6.5,1,6,1.5],"rotation":270,"texture":"#1"}}},{"from":[17.64742,-4.88241,2.57723],"to":[19.14482,-4.48493,5.06147],"rotation":{"angle":0,"axis":"y","origin":[14.1487,5,5.26963]},"faces":{"north":{"uv":[8.5,8,8,8.5],"rotation":90,"texture":"#1"},"east":{"uv":[2,5.5,2.5,3],"rotation":270,"texture":"#1"},"south":{"uv":[2.5,3,2,3.5],"rotation":270,"texture":"#1"},"west":{"uv":[2,5.5,2.5,3],"rotation":270,"texture":"#1"},"up":{"uv":[5.5,0,3,1.5],"rotation":270,"texture":"#1"},"down":{"uv":[5.5,0,3,1.5],"rotation":270,"texture":"#1"}}},{"from":[19.15222,-4.15736,2.57269],"to":[19.45033,-3.90893,2.92048],"rotation":{"angle":-45,"axis":"x","origin":[14.1487,5,5.26963]},"faces":{"north":{"uv":[6.5,0,6,0.5],"rotation":90,"texture":"#1"},"east":{"uv":[6,6,6.5,6.5],"rotation":270,"texture":"#1"},"south":{"uv":[2.5,6,2,6.5],"rotation":270,"texture":"#1"},"west":{"uv":[6,5.5,6.5,5],"rotation":270,"texture":"#1"},"up":{"uv":[3.5,6,3,6.5],"rotation":270,"texture":"#1"},"down":{"uv":[6.5,1,6,1.5],"rotation":270,"texture":"#1"}}},{"from":[17.64742,-4.22845,1.54328],"to":[19.14482,-3.83097,4.02753],"rotation":{"angle":-45,"axis":"x","origin":[14.1487,5,5.26963]},"faces":{"north":{"uv":[8.5,8,8,8.5],"rotation":90,"texture":"#1"},"east":{"uv":[2,5.5,2.5,3],"rotation":270,"texture":"#1"},"south":{"uv":[2.5,3,2,3.5],"rotation":270,"texture":"#1"},"west":{"uv":[2,5.5,2.5,3],"rotation":270,"texture":"#1"},"up":{"uv":[5.5,0,3,1.5],"rotation":270,"texture":"#1"},"down":{"uv":[5.5,0,3,1.5],"rotation":270,"texture":"#1"}}},{"from":[19.15222,-4.93518,5.61325],"to":[19.45033,-4.68675,5.96104],"rotation":{"angle":-45,"axis":"x","origin":[14.1487,5,5.26963]},"faces":{"north":{"uv":[6.5,0,6,0.5],"rotation":90,"texture":"#1"},"east":{"uv":[6,6,6.5,6.5],"rotation":270,"texture":"#1"},"south":{"uv":[2.5,6,2,6.5],"rotation":270,"texture":"#1"},"west":{"uv":[6,5.5,6.5,5],"rotation":270,"texture":"#1"},"up":{"uv":[3.5,6,3,6.5],"rotation":270,"texture":"#1"},"down":{"uv":[6.5,1,6,1.5],"rotation":270,"texture":"#1"}}},{"from":[17.64742,-5.00627,4.58384],"to":[19.14482,-4.60879,7.06809],"rotation":{"angle":-45,"axis":"x","origin":[14.1487,5,5.26963]},"faces":{"north":{"uv":[8.5,8,8,8.5],"rotation":90,"texture":"#1"},"east":{"uv":[2,5.5,2.5,3],"rotation":270,"texture":"#1"},"south":{"uv":[2.5,3,2,3.5],"rotation":270,"texture":"#1"},"west":{"uv":[2,5.5,2.5,3],"rotation":270,"texture":"#1"},"up":{"uv":[5.5,0,3,1.5],"rotation":270,"texture":"#1"},"down":{"uv":[5.5,0,3,1.5],"rotation":270,"texture":"#1"}}},{"from":[19.15222,-4.81131,0.20664],"to":[19.45033,-4.56289,0.55443],"rotation":{"angle":0,"axis":"y","origin":[14.1487,5,5.26963]},"faces":{"north":{"uv":[6.5,0,6,0.5],"rotation":90,"texture":"#1"},"east":{"uv":[6,6,6.5,6.5],"rotation":270,"texture":"#1"},"south":{"uv":[2.5,6,2,6.5],"rotation":270,"texture":"#1"},"west":{"uv":[6,5.5,6.5,5],"rotation":270,"texture":"#1"},"up":{"uv":[3.5,6,3,6.5],"rotation":270,"texture":"#1"},"down":{"uv":[6.5,1,6,1.5],"rotation":270,"texture":"#1"}}},{"from":[17.64742,-4.88241,-0.82277],"to":[19.14482,-4.48493,1.66147],"rotation":{"angle":0,"axis":"y","origin":[14.1487,5,5.26963]},"faces":{"north":{"uv":[8.5,8,8,8.5],"rotation":90,"texture":"#1"},"east":{"uv":[2,5.5,2.5,3],"rotation":270,"texture":"#1"},"south":{"uv":[2.5,3,2,3.5],"rotation":270,"texture":"#1"},"west":{"uv":[2,5.5,2.5,3],"rotation":270,"texture":"#1"},"up":{"uv":[5.5,0,3,1.5],"rotation":270,"texture":"#1"},"down":{"uv":[5.5,0,3,1.5],"rotation":270,"texture":"#1"}}},{"from":[18.19738,-5.43237,0.82331],"to":[18.59486,-3.93497,3.30755],"rotation":{"angle":0,"axis":"y","origin":[14.1487,5,5.26963]},"faces":{"north":{"uv":[8,8.5,8.5,8],"texture":"#1"},"east":{"uv":[3,1.5,5.5,0],"texture":"#1"},"south":{"uv":[2,3.5,2.5,3],"texture":"#1"},"west":{"uv":[3,1.5,5.5,0],"texture":"#1"},"up":{"uv":[2.5,3,2,5.5],"texture":"#1"},"down":{"uv":[2.5,3,2,5.5],"texture":"#1"}}},{"from":[8.29742,3.51759,11.77723],"to":[9.79482,3.91507,14.26147],"rotation":{"angle":0,"axis":"y","origin":[14.1487,5,5.26963]},"faces":{"north":{"uv":[8.5,8,8,8.5],"rotation":90,"texture":"#1"},"east":{"uv":[2,5.5,2.5,3],"rotation":270,"texture":"#1"},"south":{"uv":[2.5,3,2,3.5],"rotation":270,"texture":"#1"},"west":{"uv":[2,5.5,2.5,3],"rotation":270,"texture":"#1"},"up":{"uv":[5.5,0,3,1.5],"rotation":270,"texture":"#1"},"down":{"uv":[5.5,0,3,1.5],"rotation":270,"texture":"#1"}}},{"from":[8.84738,2.96763,10.02331],"to":[9.24486,4.46503,12.50755],"rotation":{"angle":0,"axis":"y","origin":[14.1487,5,5.26963]},"faces":{"north":{"uv":[8,8.5,8.5,8],"texture":"#1"},"east":{"uv":[3,1.5,5.5,0],"texture":"#1"},"south":{"uv":[2,3.5,2.5,3],"texture":"#1"},"west":{"uv":[3,1.5,5.5,0],"texture":"#1"},"up":{"uv":[2.5,3,2,5.5],"texture":"#1"},"down":{"uv":[2.5,3,2,5.5],"texture":"#1"}}},{"from":[18.19738,-5.43237,4.24197],"to":[18.59486,-3.93497,6.72621],"rotation":{"angle":0,"axis":"y","origin":[14.1487,5,5.26963]},"faces":{"north":{"uv":[8,8.5,8.5,8],"texture":"#1"},"east":{"uv":[3,1.5,5.5,0],"texture":"#1"},"south":{"uv":[2,3.5,2.5,3],"texture":"#1"},"west":{"uv":[3,1.5,5.5,0],"texture":"#1"},"up":{"uv":[2.5,3,2,5.5],"texture":"#1"},"down":{"uv":[2.5,3,2,5.5],"texture":"#1"}}},{"from":[17.64742,-4.88241,5.90671],"to":[19.14482,-4.48493,8.39095],"rotation":{"angle":0,"axis":"y","origin":[14.1487,5,5.26963]},"faces":{"north":{"uv":[8.5,8,8,8.5],"rotation":90,"texture":"#1"},"east":{"uv":[2,5.5,2.5,3],"rotation":270,"texture":"#1"},"south":{"uv":[2.5,3,2,3.5],"rotation":270,"texture":"#1"},"west":{"uv":[2,5.5,2.5,3],"rotation":270,"texture":"#1"},"up":{"uv":[5.5,0,3,1.5],"rotation":270,"texture":"#1"},"down":{"uv":[5.5,0,3,1.5],"rotation":270,"texture":"#1"}}},{"from":[18.27191,-5.73048,1.91026],"to":[18.52033,-3.64872,2.25805],"rotation":{"angle":0,"axis":"y","origin":[14.1487,5,5.26963]},"faces":{"north":{"uv":[7,12.5,7.5,9],"texture":"#1"},"east":{"uv":[5,12.5,5.5,9],"texture":"#1"},"south":{"uv":[7,12.5,7.5,9],"texture":"#1"},"west":{"uv":[5,12.5,5.5,9],"texture":"#1"},"up":{"uv":[7.5,9.5,7,9],"rotation":180,"texture":"#1"},"down":{"uv":[9.5,6,9,6.5],"rotation":180,"texture":"#1"}}},{"from":[8.92191,2.66952,11.06026],"to":[9.17033,4.75128,11.40805],"rotation":{"angle":0,"axis":"y","origin":[14.1487,5,5.26963]},"faces":{"north":{"uv":[7,12.5,7.5,9],"texture":"#1"},"east":{"uv":[5,12.5,5.5,9],"texture":"#1"},"south":{"uv":[7,12.5,7.5,9],"texture":"#1"},"west":{"uv":[5,12.5,5.5,9],"texture":"#1"},"up":{"uv":[7.5,9.5,7,9],"rotation":180,"texture":"#1"},"down":{"uv":[9.5,6,9,6.5],"rotation":180,"texture":"#1"}}},{"from":[12.45659,2.66952,14.82558],"to":[12.80438,4.75128,15.074],"rotation":{"angle":0,"axis":"y","origin":[14.1487,5,5.26963]},"faces":{"north":{"uv":[5,12.5,5.5,9],"texture":"#1"},"east":{"uv":[7,12.5,7.5,9],"texture":"#1"},"south":{"uv":[5,12.5,5.5,9],"texture":"#1"},"west":{"uv":[7,12.5,7.5,9],"texture":"#1"},"up":{"uv":[7,9,7.5,9.5],"rotation":270,"texture":"#1"},"down":{"uv":[9,6.5,9.5,6],"rotation":90,"texture":"#1"}}},{"from":[11.41964,2.96763,14.75105],"to":[13.90388,4.46503,15.14853],"rotation":{"angle":0,"axis":"y","origin":[14.1487,5,5.26963]},"faces":{"north":{"uv":[3,1.5,5.5,0],"texture":"#1"},"east":{"uv":[2,3.5,2.5,3],"texture":"#1"},"south":{"uv":[3,1.5,5.5,0],"texture":"#1"},"west":{"uv":[8,8.5,8.5,8],"texture":"#1"},"up":{"uv":[2,5.5,2.5,3],"rotation":90,"texture":"#1"},"down":{"uv":[2,5.5,2.5,3],"rotation":270,"texture":"#1"}}},{"from":[16.15906,2.96763,14.56927],"to":[18.6433,4.46503,14.96675],"rotation":{"angle":-45,"axis":"y","origin":[14.1487,5,5.26963]},"faces":{"north":{"uv":[3,1.5,5.5,0],"texture":"#1"},"east":{"uv":[2,3.5,2.5,3],"texture":"#1"},"south":{"uv":[3,1.5,5.5,0],"texture":"#1"},"west":{"uv":[8,8.5,8.5,8],"texture":"#1"},"up":{"uv":[2,5.5,2.5,3],"rotation":90,"texture":"#1"},"down":{"uv":[2,5.5,2.5,3],"rotation":270,"texture":"#1"}}},{"from":[17.19601,2.66952,14.6438],"to":[17.5438,4.75128,14.89222],"rotation":{"angle":-45,"axis":"y","origin":[14.1487,5,5.26963]},"faces":{"north":{"uv":[5,12.5,5.5,9],"texture":"#1"},"east":{"uv":[7,12.5,7.5,9],"texture":"#1"},"south":{"uv":[5,12.5,5.5,9],"texture":"#1"},"west":{"uv":[7,12.5,7.5,9],"texture":"#1"},"up":{"uv":[7,9,7.5,9.5],"rotation":270,"texture":"#1"},"down":{"uv":[9,6.5,9.5,6],"rotation":90,"texture":"#1"}}},{"from":[16.98845,2.47886,14.82558],"to":[17.33624,4.56062,15.074],"rotation":{"angle":-45,"axis":"z","origin":[14.1487,5,5.26963]},"faces":{"north":{"uv":[5,12.5,5.5,9],"texture":"#1"},"east":{"uv":[7,12.5,7.5,9],"texture":"#1"},"south":{"uv":[5,12.5,5.5,9],"texture":"#1"},"west":{"uv":[7,12.5,7.5,9],"texture":"#1"},"up":{"uv":[7,9,7.5,9.5],"rotation":270,"texture":"#1"},"down":{"uv":[9,6.5,9.5,6],"rotation":90,"texture":"#1"}}},{"from":[15.9515,2.77697,14.75105],"to":[18.43574,4.27437,15.14853],"rotation":{"angle":-45,"axis":"z","origin":[14.1487,5,5.26963]},"faces":{"north":{"uv":[3,1.5,5.5,0],"texture":"#1"},"east":{"uv":[2,3.5,2.5,3],"texture":"#1"},"south":{"uv":[3,1.5,5.5,0],"texture":"#1"},"west":{"uv":[8,8.5,8.5,8],"texture":"#1"},"up":{"uv":[2,5.5,2.5,3],"rotation":90,"texture":"#1"},"down":{"uv":[2,5.5,2.5,3],"rotation":270,"texture":"#1"}}},{"from":[19.32191,3.96379,14.02558],"to":[19.66969,6.04554,14.274],"rotation":{"angle":-45,"axis":"z","origin":[14.1487,5,5.26963]},"faces":{"north":{"uv":[5,12.5,5.5,9],"texture":"#1"},"east":{"uv":[7,12.5,7.5,9],"texture":"#1"},"south":{"uv":[5,12.5,5.5,9],"texture":"#1"},"west":{"uv":[7,12.5,7.5,9],"texture":"#1"},"up":{"uv":[7,9,7.5,9.5],"rotation":270,"texture":"#1"},"down":{"uv":[9,6.5,9.5,6],"rotation":90,"texture":"#1"}}},{"from":[18.28495,4.26189,13.95105],"to":[20.76919,5.75929,14.34853],"rotation":{"angle":-45,"axis":"z","origin":[14.1487,5,5.26963]},"faces":{"north":{"uv":[3,1.5,5.5,0],"texture":"#1"},"east":{"uv":[2,3.5,2.5,3],"texture":"#1"},"south":{"uv":[3,1.5,5.5,0],"texture":"#1"},"west":{"uv":[8,8.5,8.5,8],"texture":"#1"},"up":{"uv":[2,5.5,2.5,3],"rotation":90,"texture":"#1"},"down":{"uv":[2,5.5,2.5,3],"rotation":270,"texture":"#1"}}},{"from":[7.95524,3.5862,12.83526],"to":[10.037,3.83461,13.18305],"rotation":{"angle":0,"axis":"y","origin":[14.1487,5,5.26963]},"faces":{"north":{"uv":[7.5,9,7,12.5],"rotation":90,"texture":"#1"},"east":{"uv":[7,9,7.5,9.5],"rotation":90,"texture":"#1"},"south":{"uv":[7.5,9,7,12.5],"rotation":270,"texture":"#1"},"west":{"uv":[9,6.5,9.5,6],"rotation":90,"texture":"#1"},"up":{"uv":[5.5,9,5,12.5],"rotation":270,"texture":"#1"},"down":{"uv":[5.5,9,5,12.5],"rotation":270,"texture":"#1"}}},{"from":[9.7841,3.51759,14.24055],"to":[12.26834,3.91507,15.73795],"rotation":{"angle":0,"axis":"y","origin":[14.1487,5,5.26963]},"faces":{"north":{"uv":[2,5.5,2.5,3],"rotation":270,"texture":"#1"},"east":{"uv":[2.5,3,2,3.5],"rotation":270,"texture":"#1"},"south":{"uv":[2,5.5,2.5,3],"rotation":270,"texture":"#1"},"west":{"uv":[8.5,8,8,8.5],"rotation":90,"texture":"#1"},"up":{"uv":[3,1.5,5.5,0],"texture":"#1"},"down":{"uv":[3,1.5,5.5,0],"rotation":180,"texture":"#1"}}},{"from":[10.84213,3.5862,13.99837],"to":[11.18992,3.83461,16.08013],"rotation":{"angle":0,"axis":"y","origin":[14.1487,5,5.26963]},"faces":{"north":{"uv":[7,9,7.5,9.5],"rotation":90,"texture":"#1"},"east":{"uv":[7.5,9,7,12.5],"rotation":270,"texture":"#1"},"south":{"uv":[9,6.5,9.5,6],"rotation":90,"texture":"#1"},"west":{"uv":[7.5,9,7,12.5],"rotation":90,"texture":"#1"},"up":{"uv":[5,12.5,5.5,9],"texture":"#1"},"down":{"uv":[5,12.5,5.5,9],"rotation":180,"texture":"#1"}}},{"from":[14.19087,3.34461,14.24055],"to":[16.67511,3.74209,15.73795],"rotation":{"angle":-45,"axis":"z","origin":[14.1487,5,5.26963]},"faces":{"north":{"uv":[2,5.5,2.5,3],"rotation":270,"texture":"#1"},"east":{"uv":[2.5,3,2,3.5],"rotation":270,"texture":"#1"},"south":{"uv":[2,5.5,2.5,3],"rotation":270,"texture":"#1"},"west":{"uv":[8.5,8,8,8.5],"rotation":90,"texture":"#1"},"up":{"uv":[3,1.5,5.5,0],"texture":"#1"},"down":{"uv":[3,1.5,5.5,0],"rotation":180,"texture":"#1"}}},{"from":[15.2489,3.41321,13.99837],"to":[15.59669,3.66163,16.08013],"rotation":{"angle":-45,"axis":"z","origin":[14.1487,5,5.26963]},"faces":{"north":{"uv":[7,9,7.5,9.5],"rotation":90,"texture":"#1"},"east":{"uv":[7.5,9,7,12.5],"rotation":270,"texture":"#1"},"south":{"uv":[9,6.5,9.5,6],"rotation":90,"texture":"#1"},"west":{"uv":[7.5,9,7,12.5],"rotation":90,"texture":"#1"},"up":{"uv":[5,12.5,5.5,9],"texture":"#1"},"down":{"uv":[5,12.5,5.5,9],"rotation":180,"texture":"#1"}}},{"from":[9.16336,1.4362,12.52127],"to":[9.51115,1.68461,14.60303],"rotation":{"angle":45,"axis":"y","origin":[14.1487,5,5.26963]},"faces":{"north":{"uv":[7,9,7.5,9.5],"rotation":90,"texture":"#1"},"east":{"uv":[7.5,9,7,12.5],"rotation":270,"texture":"#1"},"south":{"uv":[9,6.5,9.5,6],"rotation":90,"texture":"#1"},"west":{"uv":[7.5,9,7,12.5],"rotation":90,"texture":"#1"},"up":{"uv":[5,12.5,5.5,9],"texture":"#1"},"down":{"uv":[5,12.5,5.5,9],"rotation":180,"texture":"#1"}}},{"from":[8.10533,1.36759,12.76345],"to":[10.58957,1.76507,14.26085],"rotation":{"angle":45,"axis":"y","origin":[14.1487,5,5.26963]},"faces":{"north":{"uv":[2,5.5,2.5,3],"rotation":270,"texture":"#1"},"east":{"uv":[2.5,3,2,3.5],"rotation":270,"texture":"#1"},"south":{"uv":[2,5.5,2.5,3],"rotation":270,"texture":"#1"},"west":{"uv":[8.5,8,8,8.5],"rotation":90,"texture":"#1"},"up":{"uv":[3,1.5,5.5,0],"texture":"#1"},"down":{"uv":[3,1.5,5.5,0],"rotation":180,"texture":"#1"}}},{"from":[18.27191,-5.73048,5.26947],"to":[18.52033,-3.64872,5.61726],"rotation":{"angle":0,"axis":"y","origin":[14.1487,5,5.26963]},"faces":{"north":{"uv":[7,12.5,7.5,9],"texture":"#1"},"east":{"uv":[5,12.5,5.5,9],"texture":"#1"},"south":{"uv":[7,12.5,7.5,9],"texture":"#1"},"west":{"uv":[5,12.5,5.5,9],"texture":"#1"},"up":{"uv":[7.5,9.5,7,9],"rotation":180,"texture":"#1"},"down":{"uv":[9.5,6,9,6.5],"rotation":180,"texture":"#1"}}},{"from":[18.27191,-3.33048,11.06947],"to":[18.52033,-1.24872,11.41726],"rotation":{"angle":0,"axis":"y","origin":[14.1487,5,5.26963]},"faces":{"north":{"uv":[7,12.5,7.5,9],"texture":"#1"},"east":{"uv":[5,12.5,5.5,9],"texture":"#1"},"south":{"uv":[7,12.5,7.5,9],"texture":"#1"},"west":{"uv":[5,12.5,5.5,9],"texture":"#1"},"up":{"uv":[7.5,9.5,7,9],"rotation":180,"texture":"#1"},"down":{"uv":[9.5,6,9,6.5],"rotation":180,"texture":"#1"}}},{"from":[18.19738,-3.03237,10.04197],"to":[18.59486,-1.53497,12.52621],"rotation":{"angle":0,"axis":"y","origin":[14.1487,5,5.26963]},"faces":{"north":{"uv":[8,8.5,8.5,8],"texture":"#1"},"east":{"uv":[3,1.5,5.5,0],"texture":"#1"},"south":{"uv":[2,3.5,2.5,3],"texture":"#1"},"west":{"uv":[3,1.5,5.5,0],"texture":"#1"},"up":{"uv":[2.5,3,2,5.5],"texture":"#1"},"down":{"uv":[2.5,3,2,5.5],"texture":"#1"}}},{"from":[18.19738,-5.48552,6.31929],"to":[18.59486,-3.98812,8.80354],"rotation":{"angle":-45,"axis":"x","origin":[14.1487,5,5.26963]},"faces":{"north":{"uv":[8,8.5,8.5,8],"texture":"#1"},"east":{"uv":[3,1.5,5.5,0],"texture":"#1"},"south":{"uv":[2,3.5,2.5,3],"texture":"#1"},"west":{"uv":[3,1.5,5.5,0],"texture":"#1"},"up":{"uv":[2.5,3,2,5.5],"texture":"#1"},"down":{"uv":[2.5,3,2,5.5],"texture":"#1"}}},{"from":[18.27191,-5.78363,7.34679],"to":[18.52033,-3.70187,7.69458],"rotation":{"angle":-45,"axis":"x","origin":[14.1487,5,5.26963]},"faces":{"north":{"uv":[7,12.5,7.5,9],"texture":"#1"},"east":{"uv":[5,12.5,5.5,9],"texture":"#1"},"south":{"uv":[7,12.5,7.5,9],"texture":"#1"},"west":{"uv":[5,12.5,5.5,9],"texture":"#1"},"up":{"uv":[7.5,9.5,7,9],"rotation":180,"texture":"#1"},"down":{"uv":[9.5,6,9,6.5],"rotation":180,"texture":"#1"}}},{"from":[18.27191,-5.02349,0.89445],"to":[18.52033,-2.94173,1.24223],"rotation":{"angle":-45,"axis":"x","origin":[14.1487,5,5.26963]},"faces":{"north":{"uv":[7,12.5,7.5,9],"texture":"#1"},"east":{"uv":[5,12.5,5.5,9],"texture":"#1"},"south":{"uv":[7,12.5,7.5,9],"texture":"#1"},"west":{"uv":[5,12.5,5.5,9],"texture":"#1"},"up":{"uv":[7.5,9.5,7,9],"rotation":180,"texture":"#1"},"down":{"uv":[9.5,6,9,6.5],"rotation":180,"texture":"#1"}}},{"from":[18.19738,-4.72538,-0.13306],"to":[18.59486,-3.22798,2.35119],"rotation":{"angle":-45,"axis":"x","origin":[14.1487,5,5.26963]},"faces":{"north":{"uv":[8,8.5,8.5,8],"texture":"#1"},"east":{"uv":[3,1.5,5.5,0],"texture":"#1"},"south":{"uv":[2,3.5,2.5,3],"texture":"#1"},"west":{"uv":[3,1.5,5.5,0],"texture":"#1"},"up":{"uv":[2.5,3,2,5.5],"texture":"#1"},"down":{"uv":[2.5,3,2,5.5],"texture":"#1"}}},{"from":[-2.75,-4.91396,-0.86396],"to":[-2.05,-4.51396,-0.46396],"rotation":{"angle":0,"axis":"y","origin":[1.8513,5,5.26963]},"faces":{"north":{"uv":[5,6.5,5.75,6],"texture":"#1"},"east":{"uv":[7,7.5,7.5,7],"texture":"#1"},"south":{"uv":[6,4.5,6.75,4],"texture":"#1"},"west":{"uv":[7,6.5,7.5,6],"texture":"#1"},"up":{"uv":[6.75,6.5,6,6],"rotation":180,"texture":"#1"},"down":{"uv":[6.75,5,6,5.5],"rotation":180,"texture":"#1"}}},{"from":[-3.45033,-4.81131,3.60664],"to":[-3.15222,-4.56289,3.95443],"rotation":{"angle":0,"axis":"y","origin":[1.8513,5,5.26963]},"faces":{"north":{"uv":[6.5,0.5,6,0],"rotation":90,"texture":"#1"},"east":{"uv":[6,5,6.5,5.5],"rotation":270,"texture":"#1"},"south":{"uv":[2.5,6.5,2,6],"rotation":270,"texture":"#1"},"west":{"uv":[6,6.5,6.5,6],"rotation":270,"texture":"#1"},"up":{"uv":[3.5,6.5,3,6],"rotation":270,"texture":"#1"},"down":{"uv":[6.5,1.5,6,1],"rotation":270,"texture":"#1"}}},{"from":[-3.14482,-4.88241,2.57723],"to":[-1.64742,-4.48493,5.06147],"rotation":{"angle":0,"axis":"y","origin":[1.8513,5,5.26963]},"faces":{"north":{"uv":[8.5,8.5,8,8],"rotation":90,"texture":"#1"},"east":{"uv":[2,3,2.5,5.5],"rotation":270,"texture":"#1"},"south":{"uv":[2.5,3.5,2,3],"rotation":270,"texture":"#1"},"west":{"uv":[2,3,2.5,5.5],"rotation":270,"texture":"#1"},"up":{"uv":[5.5,1.5,3,0],"rotation":270,"texture":"#1"},"down":{"uv":[5.5,1.5,3,0],"rotation":270,"texture":"#1"}}},{"from":[-3.45033,-4.15736,2.57269],"to":[-3.15222,-3.90893,2.92048],"rotation":{"angle":-45,"axis":"x","origin":[1.8513,5,5.26963]},"faces":{"north":{"uv":[6.5,0.5,6,0],"rotation":90,"texture":"#1"},"east":{"uv":[6,5,6.5,5.5],"rotation":270,"texture":"#1"},"south":{"uv":[2.5,6.5,2,6],"rotation":270,"texture":"#1"},"west":{"uv":[6,6.5,6.5,6],"rotation":270,"texture":"#1"},"up":{"uv":[3.5,6.5,3,6],"rotation":270,"texture":"#1"},"down":{"uv":[6.5,1.5,6,1],"rotation":270,"texture":"#1"}}},{"from":[-3.14482,-4.22845,1.54328],"to":[-1.64742,-3.83097,4.02753],"rotation":{"angle":-45,"axis":"x","origin":[1.8513,5,5.26963]},"faces":{"north":{"uv":[8.5,8.5,8,8],"rotation":90,"texture":"#1"},"east":{"uv":[2,3,2.5,5.5],"rotation":270,"texture":"#1"},"south":{"uv":[2.5,3.5,2,3],"rotation":270,"texture":"#1"},"west":{"uv":[2,3,2.5,5.5],"rotation":270,"texture":"#1"},"up":{"uv":[5.5,1.5,3,0],"rotation":270,"texture":"#1"},"down":{"uv":[5.5,1.5,3,0],"rotation":270,"texture":"#1"}}},{"from":[-3.45033,-4.93518,5.61325],"to":[-3.15222,-4.68675,5.96104],"rotation":{"angle":-45,"axis":"x","origin":[1.8513,5,5.26963]},"faces":{"north":{"uv":[6.5,0.5,6,0],"rotation":90,"texture":"#1"},"east":{"uv":[6,5,6.5,5.5],"rotation":270,"texture":"#1"},"south":{"uv":[2.5,6.5,2,6],"rotation":270,"texture":"#1"},"west":{"uv":[6,6.5,6.5,6],"rotation":270,"texture":"#1"},"up":{"uv":[3.5,6.5,3,6],"rotation":270,"texture":"#1"},"down":{"uv":[6.5,1.5,6,1],"rotation":270,"texture":"#1"}}},{"from":[-3.14482,-5.00627,4.58384],"to":[-1.64742,-4.60879,7.06809],"rotation":{"angle":-45,"axis":"x","origin":[1.8513,5,5.26963]},"faces":{"north":{"uv":[8.5,8.5,8,8],"rotation":90,"texture":"#1"},"east":{"uv":[2,3,2.5,5.5],"rotation":270,"texture":"#1"},"south":{"uv":[2.5,3.5,2,3],"rotation":270,"texture":"#1"},"west":{"uv":[2,3,2.5,5.5],"rotation":270,"texture":"#1"},"up":{"uv":[5.5,1.5,3,0],"rotation":270,"texture":"#1"},"down":{"uv":[5.5,1.5,3,0],"rotation":270,"texture":"#1"}}},{"from":[-3.45033,-4.81131,0.20664],"to":[-3.15222,-4.56289,0.55443],"rotation":{"angle":0,"axis":"y","origin":[1.8513,5,5.26963]},"faces":{"north":{"uv":[6.5,0.5,6,0],"rotation":90,"texture":"#1"},"east":{"uv":[6,5,6.5,5.5],"rotation":270,"texture":"#1"},"south":{"uv":[2.5,6.5,2,6],"rotation":270,"texture":"#1"},"west":{"uv":[6,6.5,6.5,6],"rotation":270,"texture":"#1"},"up":{"uv":[3.5,6.5,3,6],"rotation":270,"texture":"#1"},"down":{"uv":[6.5,1.5,6,1],"rotation":270,"texture":"#1"}}},{"from":[-3.14482,-4.88241,-0.82277],"to":[-1.64742,-4.48493,1.66147],"rotation":{"angle":0,"axis":"y","origin":[1.8513,5,5.26963]},"faces":{"north":{"uv":[8.5,8.5,8,8],"rotation":90,"texture":"#1"},"east":{"uv":[2,3,2.5,5.5],"rotation":270,"texture":"#1"},"south":{"uv":[2.5,3.5,2,3],"rotation":270,"texture":"#1"},"west":{"uv":[2,3,2.5,5.5],"rotation":270,"texture":"#1"},"up":{"uv":[5.5,1.5,3,0],"rotation":270,"texture":"#1"},"down":{"uv":[5.5,1.5,3,0],"rotation":270,"texture":"#1"}}},{"from":[-2.59486,-5.43237,0.82331],"to":[-2.19738,-3.93497,3.30755],"rotation":{"angle":0,"axis":"y","origin":[1.8513,5,5.26963]},"faces":{"north":{"uv":[8.5,8.5,8,8],"texture":"#1"},"east":{"uv":[5.5,1.5,3,0],"texture":"#1"},"south":{"uv":[2.5,3.5,2,3],"texture":"#1"},"west":{"uv":[5.5,1.5,3,0],"texture":"#1"},"up":{"uv":[2,3,2.5,5.5],"texture":"#1"},"down":{"uv":[2,3,2.5,5.5],"texture":"#1"}}},{"from":[6.20518,3.51759,11.77723],"to":[7.70258,3.91507,14.26147],"rotation":{"angle":0,"axis":"y","origin":[1.8513,5,5.26963]},"faces":{"north":{"uv":[8.5,8.5,8,8],"rotation":90,"texture":"#1"},"east":{"uv":[2,3,2.5,5.5],"rotation":270,"texture":"#1"},"south":{"uv":[2.5,3.5,2,3],"rotation":270,"texture":"#1"},"west":{"uv":[2,3,2.5,5.5],"rotation":270,"texture":"#1"},"up":{"uv":[5.5,1.5,3,0],"rotation":270,"texture":"#1"},"down":{"uv":[5.5,1.5,3,0],"rotation":270,"texture":"#1"}}},{"from":[6.75514,2.96763,10.02331],"to":[7.15262,4.46503,12.50755],"rotation":{"angle":0,"axis":"y","origin":[1.8513,5,5.26963]},"faces":{"north":{"uv":[8.5,8.5,8,8],"texture":"#1"},"east":{"uv":[5.5,1.5,3,0],"texture":"#1"},"south":{"uv":[2.5,3.5,2,3],"texture":"#1"},"west":{"uv":[5.5,1.5,3,0],"texture":"#1"},"up":{"uv":[2,3,2.5,5.5],"texture":"#1"},"down":{"uv":[2,3,2.5,5.5],"texture":"#1"}}},{"from":[-2.59486,-5.43237,4.24197],"to":[-2.19738,-3.93497,6.72621],"rotation":{"angle":0,"axis":"y","origin":[1.8513,5,5.26963]},"faces":{"north":{"uv":[8.5,8.5,8,8],"texture":"#1"},"east":{"uv":[5.5,1.5,3,0],"texture":"#1"},"south":{"uv":[2.5,3.5,2,3],"texture":"#1"},"west":{"uv":[5.5,1.5,3,0],"texture":"#1"},"up":{"uv":[2,3,2.5,5.5],"texture":"#1"},"down":{"uv":[2,3,2.5,5.5],"texture":"#1"}}},{"from":[-3.14482,-4.88241,5.90671],"to":[-1.64742,-4.48493,8.39095],"rotation":{"angle":0,"axis":"y","origin":[1.8513,5,5.26963]},"faces":{"north":{"uv":[8.5,8.5,8,8],"rotation":90,"texture":"#1"},"east":{"uv":[2,3,2.5,5.5],"rotation":270,"texture":"#1"},"south":{"uv":[2.5,3.5,2,3],"rotation":270,"texture":"#1"},"west":{"uv":[2,3,2.5,5.5],"rotation":270,"texture":"#1"},"up":{"uv":[5.5,1.5,3,0],"rotation":270,"texture":"#1"},"down":{"uv":[5.5,1.5,3,0],"rotation":270,"texture":"#1"}}},{"from":[-2.52033,-5.73048,1.91026],"to":[-2.27191,-3.64872,2.25805],"rotation":{"angle":0,"axis":"y","origin":[1.8513,5,5.26963]},"faces":{"north":{"uv":[7.5,12.5,7,9],"texture":"#1"},"east":{"uv":[5.5,12.5,5,9],"texture":"#1"},"south":{"uv":[7.5,12.5,7,9],"texture":"#1"},"west":{"uv":[5.5,12.5,5,9],"texture":"#1"},"up":{"uv":[7,9.5,7.5,9],"rotation":180,"texture":"#1"},"down":{"uv":[9,6,9.5,6.5],"rotation":180,"texture":"#1"}}},{"from":[6.82967,2.66952,11.06026],"to":[7.07809,4.75128,11.40805],"rotation":{"angle":0,"axis":"y","origin":[1.8513,5,5.26963]},"faces":{"north":{"uv":[7.5,12.5,7,9],"texture":"#1"},"east":{"uv":[5.5,12.5,5,9],"texture":"#1"},"south":{"uv":[7.5,12.5,7,9],"texture":"#1"},"west":{"uv":[5.5,12.5,5,9],"texture":"#1"},"up":{"uv":[7,9.5,7.5,9],"rotation":180,"texture":"#1"},"down":{"uv":[9,6,9.5,6.5],"rotation":180,"texture":"#1"}}},{"from":[3.19562,2.66952,14.82558],"to":[3.54341,4.75128,15.074],"rotation":{"angle":0,"axis":"y","origin":[1.8513,5,5.26963]},"faces":{"north":{"uv":[5.5,12.5,5,9],"texture":"#1"},"east":{"uv":[7.5,12.5,7,9],"texture":"#1"},"south":{"uv":[5.5,12.5,5,9],"texture":"#1"},"west":{"uv":[7.5,12.5,7,9],"texture":"#1"},"up":{"uv":[7,9.5,7.5,9],"rotation":270,"texture":"#1"},"down":{"uv":[9,6,9.5,6.5],"rotation":90,"texture":"#1"}}},{"from":[2.09612,2.96763,14.75105],"to":[4.58036,4.46503,15.14853],"rotation":{"angle":0,"axis":"y","origin":[1.8513,5,5.26963]},"faces":{"north":{"uv":[5.5,1.5,3,0],"texture":"#1"},"east":{"uv":[8.5,8.5,8,8],"texture":"#1"},"south":{"uv":[5.5,1.5,3,0],"texture":"#1"},"west":{"uv":[2.5,3.5,2,3],"texture":"#1"},"up":{"uv":[2,3,2.5,5.5],"rotation":90,"texture":"#1"},"down":{"uv":[2,3,2.5,5.5],"rotation":270,"texture":"#1"}}},{"from":[-2.6433,2.96763,14.56927],"to":[-0.15906,4.46503,14.96675],"rotation":{"angle":45,"axis":"y","origin":[1.8513,5,5.26963]},"faces":{"north":{"uv":[5.5,1.5,3,0],"texture":"#1"},"east":{"uv":[8.5,8.5,8,8],"texture":"#1"},"south":{"uv":[5.5,1.5,3,0],"texture":"#1"},"west":{"uv":[2.5,3.5,2,3],"texture":"#1"},"up":{"uv":[2,3,2.5,5.5],"rotation":90,"texture":"#1"},"down":{"uv":[2,3,2.5,5.5],"rotation":270,"texture":"#1"}}},{"from":[-1.5438,2.66952,14.6438],"to":[-1.19601,4.75128,14.89222],"rotation":{"angle":45,"axis":"y","origin":[1.8513,5,5.26963]},"faces":{"north":{"uv":[5.5,12.5,5,9],"texture":"#1"},"east":{"uv":[7.5,12.5,7,9],"texture":"#1"},"south":{"uv":[5.5,12.5,5,9],"texture":"#1"},"west":{"uv":[7.5,12.5,7,9],"texture":"#1"},"up":{"uv":[7,9.5,7.5,9],"rotation":270,"texture":"#1"},"down":{"uv":[9,6,9.5,6.5],"rotation":90,"texture":"#1"}}},{"from":[-1.33624,2.47886,14.82558],"to":[-0.98845,4.56062,15.074],"rotation":{"angle":45,"axis":"z","origin":[1.8513,5,5.26963]},"faces":{"north":{"uv":[5.5,12.5,5,9],"texture":"#1"},"east":{"uv":[7.5,12.5,7,9],"texture":"#1"},"south":{"uv":[5.5,12.5,5,9],"texture":"#1"},"west":{"uv":[7.5,12.5,7,9],"texture":"#1"},"up":{"uv":[7,9.5,7.5,9],"rotation":270,"texture":"#1"},"down":{"uv":[9,6,9.5,6.5],"rotation":90,"texture":"#1"}}},{"from":[-2.43574,2.77697,14.75105],"to":[0.0485,4.27437,15.14853],"rotation":{"angle":45,"axis":"z","origin":[1.8513,5,5.26963]},"faces":{"north":{"uv":[5.5,1.5,3,0],"texture":"#1"},"east":{"uv":[8.5,8.5,8,8],"texture":"#1"},"south":{"uv":[5.5,1.5,3,0],"texture":"#1"},"west":{"uv":[2.5,3.5,2,3],"texture":"#1"},"up":{"uv":[2,3,2.5,5.5],"rotation":90,"texture":"#1"},"down":{"uv":[2,3,2.5,5.5],"rotation":270,"texture":"#1"}}},{"from":[-3.66969,3.96379,14.02558],"to":[-3.32191,6.04554,14.274],"rotation":{"angle":45,"axis":"z","origin":[1.8513,5,5.26963]},"faces":{"north":{"uv":[5.5,12.5,5,9],"texture":"#1"},"east":{"uv":[7.5,12.5,7,9],"texture":"#1"},"south":{"uv":[5.5,12.5,5,9],"texture":"#1"},"west":{"uv":[7.5,12.5,7,9],"texture":"#1"},"up":{"uv":[7,9.5,7.5,9],"rotation":270,"texture":"#1"},"down":{"uv":[9,6,9.5,6.5],"rotation":90,"texture":"#1"}}},{"from":[-4.76919,4.26189,13.95105],"to":[-2.28495,5.75929,14.34853],"rotation":{"angle":45,"axis":"z","origin":[1.8513,5,5.26963]},"faces":{"north":{"uv":[5.5,1.5,3,0],"texture":"#1"},"east":{"uv":[8.5,8.5,8,8],"texture":"#1"},"south":{"uv":[5.5,1.5,3,0],"texture":"#1"},"west":{"uv":[2.5,3.5,2,3],"texture":"#1"},"up":{"uv":[2,3,2.5,5.5],"rotation":90,"texture":"#1"},"down":{"uv":[2,3,2.5,5.5],"rotation":270,"texture":"#1"}}},{"from":[5.963,3.5862,12.83526],"to":[8.04476,3.83461,13.18305],"rotation":{"angle":0,"axis":"y","origin":[1.8513,5,5.26963]},"faces":{"north":{"uv":[7.5,12.5,7,9],"rotation":90,"texture":"#1"},"east":{"uv":[9,6,9.5,6.5],"rotation":90,"texture":"#1"},"south":{"uv":[7.5,12.5,7,9],"rotation":270,"texture":"#1"},"west":{"uv":[7,9.5,7.5,9],"rotation":90,"texture":"#1"},"up":{"uv":[5.5,12.5,5,9],"rotation":270,"texture":"#1"},"down":{"uv":[5.5,12.5,5,9],"rotation":270,"texture":"#1"}}},{"from":[3.73166,3.51759,14.24055],"to":[6.2159,3.91507,15.73795],"rotation":{"angle":0,"axis":"y","origin":[1.8513,5,5.26963]},"faces":{"north":{"uv":[2,3,2.5,5.5],"rotation":270,"texture":"#1"},"east":{"uv":[8.5,8.5,8,8],"rotation":90,"texture":"#1"},"south":{"uv":[2,3,2.5,5.5],"rotation":270,"texture":"#1"},"west":{"uv":[2.5,3.5,2,3],"rotation":270,"texture":"#1"},"up":{"uv":[5.5,1.5,3,0],"texture":"#1"},"down":{"uv":[5.5,1.5,3,0],"rotation":180,"texture":"#1"}}},{"from":[4.81008,3.5862,13.99837],"to":[5.15787,3.83461,16.08013],"rotation":{"angle":0,"axis":"y","origin":[1.8513,5,5.26963]},"faces":{"north":{"uv":[7,9.5,7.5,9],"rotation":90,"texture":"#1"},"east":{"uv":[7.5,12.5,7,9],"rotation":90,"texture":"#1"},"south":{"uv":[9,6,9.5,6.5],"rotation":90,"texture":"#1"},"west":{"uv":[7.5,12.5,7,9],"rotation":270,"texture":"#1"},"up":{"uv":[5.5,12.5,5,9],"texture":"#1"},"down":{"uv":[5.5,12.5,5,9],"rotation":180,"texture":"#1"}}},{"from":[-0.67511,3.34461,14.24055],"to":[1.80913,3.74209,15.73795],"rotation":{"angle":45,"axis":"z","origin":[1.8513,5,5.26963]},"faces":{"north":{"uv":[2,3,2.5,5.5],"rotation":270,"texture":"#1"},"east":{"uv":[8.5,8.5,8,8],"rotation":90,"texture":"#1"},"south":{"uv":[2,3,2.5,5.5],"rotation":270,"texture":"#1"},"west":{"uv":[2.5,3.5,2,3],"rotation":270,"texture":"#1"},"up":{"uv":[5.5,1.5,3,0],"texture":"#1"},"down":{"uv":[5.5,1.5,3,0],"rotation":180,"texture":"#1"}}},{"from":[0.40331,3.41321,13.99837],"to":[0.7511,3.66163,16.08013],"rotation":{"angle":45,"axis":"z","origin":[1.8513,5,5.26963]},"faces":{"north":{"uv":[7,9.5,7.5,9],"rotation":90,"texture":"#1"},"east":{"uv":[7.5,12.5,7,9],"rotation":90,"texture":"#1"},"south":{"uv":[9,6,9.5,6.5],"rotation":90,"texture":"#1"},"west":{"uv":[7.5,12.5,7,9],"rotation":270,"texture":"#1"},"up":{"uv":[5.5,12.5,5,9],"texture":"#1"},"down":{"uv":[5.5,12.5,5,9],"rotation":180,"texture":"#1"}}},{"from":[6.48885,1.4362,12.52127],"to":[6.83664,1.68461,14.60303],"rotation":{"angle":-45,"axis":"y","origin":[1.8513,5,5.26963]},"faces":{"north":{"uv":[7,9.5,7.5,9],"rotation":90,"texture":"#1"},"east":{"uv":[7.5,12.5,7,9],"rotation":90,"texture":"#1"},"south":{"uv":[9,6,9.5,6.5],"rotation":90,"texture":"#1"},"west":{"uv":[7.5,12.5,7,9],"rotation":270,"texture":"#1"},"up":{"uv":[5.5,12.5,5,9],"texture":"#1"},"down":{"uv":[5.5,12.5,5,9],"rotation":180,"texture":"#1"}}},{"from":[5.41043,1.36759,12.76345],"to":[7.89467,1.76507,14.26085],"rotation":{"angle":-45,"axis":"y","origin":[1.8513,5,5.26963]},"faces":{"north":{"uv":[2,3,2.5,5.5],"rotation":270,"texture":"#1"},"east":{"uv":[8.5,8.5,8,8],"rotation":90,"texture":"#1"},"south":{"uv":[2,3,2.5,5.5],"rotation":270,"texture":"#1"},"west":{"uv":[2.5,3.5,2,3],"rotation":270,"texture":"#1"},"up":{"uv":[5.5,1.5,3,0],"texture":"#1"},"down":{"uv":[5.5,1.5,3,0],"rotation":180,"texture":"#1"}}},{"from":[-2.52033,-5.73048,5.26947],"to":[-2.27191,-3.64872,5.61726],"rotation":{"angle":0,"axis":"y","origin":[1.8513,5,5.26963]},"faces":{"north":{"uv":[7.5,12.5,7,9],"texture":"#1"},"east":{"uv":[5.5,12.5,5,9],"texture":"#1"},"south":{"uv":[7.5,12.5,7,9],"texture":"#1"},"west":{"uv":[5.5,12.5,5,9],"texture":"#1"},"up":{"uv":[7,9.5,7.5,9],"rotation":180,"texture":"#1"},"down":{"uv":[9,6,9.5,6.5],"rotation":180,"texture":"#1"}}},{"from":[-2.52033,-3.33048,11.06947],"to":[-2.27191,-1.24872,11.41726],"rotation":{"angle":0,"axis":"y","origin":[1.8513,5,5.26963]},"faces":{"north":{"uv":[7.5,12.5,7,9],"texture":"#1"},"east":{"uv":[5.5,12.5,5,9],"texture":"#1"},"south":{"uv":[7.5,12.5,7,9],"texture":"#1"},"west":{"uv":[5.5,12.5,5,9],"texture":"#1"},"up":{"uv":[7,9.5,7.5,9],"rotation":180,"texture":"#1"},"down":{"uv":[9,6,9.5,6.5],"rotation":180,"texture":"#1"}}},{"from":[-2.59486,-3.03237,10.04197],"to":[-2.19738,-1.53497,12.52621],"rotation":{"angle":0,"axis":"y","origin":[1.8513,5,5.26963]},"faces":{"north":{"uv":[8.5,8.5,8,8],"texture":"#1"},"east":{"uv":[5.5,1.5,3,0],"texture":"#1"},"south":{"uv":[2.5,3.5,2,3],"texture":"#1"},"west":{"uv":[5.5,1.5,3,0],"texture":"#1"},"up":{"uv":[2,3,2.5,5.5],"texture":"#1"},"down":{"uv":[2,3,2.5,5.5],"texture":"#1"}}},{"from":[-2.59486,-5.48552,6.31929],"to":[-2.19738,-3.98812,8.80354],"rotation":{"angle":-45,"axis":"x","origin":[1.8513,5,5.26963]},"faces":{"north":{"uv":[8.5,8.5,8,8],"texture":"#1"},"east":{"uv":[5.5,1.5,3,0],"texture":"#1"},"south":{"uv":[2.5,3.5,2,3],"texture":"#1"},"west":{"uv":[5.5,1.5,3,0],"texture":"#1"},"up":{"uv":[2,3,2.5,5.5],"texture":"#1"},"down":{"uv":[2,3,2.5,5.5],"texture":"#1"}}},{"from":[-2.52033,-5.78363,7.34679],"to":[-2.27191,-3.70187,7.69458],"rotation":{"angle":-45,"axis":"x","origin":[1.8513,5,5.26963]},"faces":{"north":{"uv":[7.5,12.5,7,9],"texture":"#1"},"east":{"uv":[5.5,12.5,5,9],"texture":"#1"},"south":{"uv":[7.5,12.5,7,9],"texture":"#1"},"west":{"uv":[5.5,12.5,5,9],"texture":"#1"},"up":{"uv":[7,9.5,7.5,9],"rotation":180,"texture":"#1"},"down":{"uv":[9,6,9.5,6.5],"rotation":180,"texture":"#1"}}},{"from":[-2.52033,-5.02349,0.89445],"to":[-2.27191,-2.94173,1.24223],"rotation":{"angle":-45,"axis":"x","origin":[1.8513,5,5.26963]},"faces":{"north":{"uv":[7.5,12.5,7,9],"texture":"#1"},"east":{"uv":[5.5,12.5,5,9],"texture":"#1"},"south":{"uv":[7.5,12.5,7,9],"texture":"#1"},"west":{"uv":[5.5,12.5,5,9],"texture":"#1"},"up":{"uv":[7,9.5,7.5,9],"rotation":180,"texture":"#1"},"down":{"uv":[9,6,9.5,6.5],"rotation":180,"texture":"#1"}}},{"from":[-2.59486,-4.72538,-0.13306],"to":[-2.19738,-3.22798,2.35119],"rotation":{"angle":-45,"axis":"x","origin":[1.8513,5,5.26963]},"faces":{"north":{"uv":[8.5,8.5,8,8],"texture":"#1"},"east":{"uv":[5.5,1.5,3,0],"texture":"#1"},"south":{"uv":[2.5,3.5,2,3],"texture":"#1"},"west":{"uv":[5.5,1.5,3,0],"texture":"#1"},"up":{"uv":[2,3,2.5,5.5],"texture":"#1"},"down":{"uv":[2,3,2.5,5.5],"texture":"#1"}}}],"display":{"thirdperson_righthand":{"scale":[0,0,0]},"head":{"translation":[0,-48.75,-4.25],"scale":[2.72,2.72,2.72]}}}