{"credit":"Naruto RPG","texture_size":[64,64],"textures":{"2":"uzumaki:item/uzumaki_portal"},"elements":[{"from":[-16,1,-16],"to":[32,1,32],"rotation":{"angle":-22.5,"axis":"z","origin":[7.5,1,8.5]},"faces":{"north":{"uv":[0,0,6.25,0],"texture":"#2"},"east":{"uv":[0,0,6.25,0],"texture":"#2"},"south":{"uv":[0,0,6.25,0],"texture":"#2"},"west":{"uv":[0,0,6.25,0],"texture":"#2"},"up":{"uv":[16,0,0,16],"texture":"#2"},"down":{"uv":[16,0,0,16],"texture":"#2"}}},{"from":[-16,1,-16],"to":[32,1,32],"rotation":{"angle":22.5,"axis":"z","origin":[7.5,1,8.5]},"faces":{"north":{"uv":[0,0,6.25,0],"texture":"#2"},"east":{"uv":[0,0,6.25,0],"texture":"#2"},"south":{"uv":[0,0,6.25,0],"texture":"#2"},"west":{"uv":[0,0,6.25,0],"texture":"#2"},"up":{"uv":[16,0,0,16],"texture":"#2"},"down":{"uv":[16,0,0,16],"texture":"#2"}}}],"display":{"head":{"rotation":[90,0,-180],"translation":[-0.75,-7.75,-58],"scale":[3,3,3]}}}