{"credit":"Naruto RPG","texture_size":[64,64],"textures":{"2":"uzumaki:item/uzumaki_portal_diamantina"},"elements":[{"from":[-7.5,5.5,-4],"to":[-7.5,30.5,21],"rotation":{"angle":-22.5,"axis":"z","origin":[-7.5,18,8.5]},"faces":{"north":{"uv":[0,0,6.25,0],"rotation":90,"texture":"#2"},"east":{"uv":[0,0,16,16],"rotation":270,"texture":"#2"},"south":{"uv":[0,0,6.25,0],"rotation":270,"texture":"#2"},"west":{"uv":[16,0,0,16],"rotation":270,"texture":"#2"},"up":{"uv":[0,0,6.25,0],"rotation":270,"texture":"#2"},"down":{"uv":[0,0,6.25,0],"rotation":270,"texture":"#2"}}},{"from":[-7.5,5.5,-4],"to":[-7.5,30.5,21],"rotation":{"angle":22.5,"axis":"z","origin":[-7.5,18,8.5]},"faces":{"north":{"uv":[0,0,6.25,0],"rotation":90,"texture":"#2"},"east":{"uv":[0,0,16,16],"rotation":270,"texture":"#2"},"south":{"uv":[0,0,6.25,0],"rotation":270,"texture":"#2"},"west":{"uv":[16,0,0,16],"rotation":270,"texture":"#2"},"up":{"uv":[0,0,6.25,0],"rotation":270,"texture":"#2"},"down":{"uv":[0,0,6.25,0],"rotation":270,"texture":"#2"}}},{"from":[22.5,5.5,-4],"to":[22.5,30.5,21],"rotation":{"angle":-22.5,"axis":"z","origin":[22.5,18,8.5]},"faces":{"north":{"uv":[0,0,6.25,0],"rotation":90,"texture":"#2"},"east":{"uv":[16,0,0,16],"rotation":270,"texture":"#2"},"south":{"uv":[0,0,6.25,0],"rotation":270,"texture":"#2"},"west":{"uv":[0,0,16,16],"rotation":270,"texture":"#2"},"up":{"uv":[0,0,6.25,0],"rotation":270,"texture":"#2"},"down":{"uv":[0,0,6.25,0],"rotation":270,"texture":"#2"}}},{"from":[22.5,5.5,-4],"to":[22.5,30.5,21],"rotation":{"angle":22.5,"axis":"z","origin":[22.5,18,8.5]},"faces":{"north":{"uv":[0,0,6.25,0],"rotation":90,"texture":"#2"},"east":{"uv":[16,0,0,16],"rotation":270,"texture":"#2"},"south":{"uv":[0,0,6.25,0],"rotation":270,"texture":"#2"},"west":{"uv":[0,0,16,16],"rotation":270,"texture":"#2"},"up":{"uv":[0,0,6.25,0],"rotation":270,"texture":"#2"},"down":{"uv":[0,0,6.25,0],"rotation":270,"texture":"#2"}}},{"from":[-5,5.5,-3.5],"to":[20,30.5,-3.5],"rotation":{"angle":-22.5,"axis":"x","origin":[7.5,18,-3.5]},"faces":{"north":{"uv":[16,0,0,16],"rotation":270,"texture":"#2"},"east":{"uv":[0,0,6.25,0],"rotation":270,"texture":"#2"},"south":{"uv":[0,0,16,16],"rotation":270,"texture":"#2"},"west":{"uv":[0,0,6.25,0],"rotation":90,"texture":"#2"},"up":{"uv":[0,0,6.25,0],"rotation":180,"texture":"#2"},"down":{"uv":[0,0,6.25,0],"texture":"#2"}}},{"from":[-5,5.5,-3.5],"to":[20,30.5,-3.5],"rotation":{"angle":22.5,"axis":"x","origin":[7.5,18,-3.5]},"faces":{"north":{"uv":[16,0,0,16],"rotation":270,"texture":"#2"},"east":{"uv":[0,0,6.25,0],"rotation":270,"texture":"#2"},"south":{"uv":[0,0,16,16],"rotation":270,"texture":"#2"},"west":{"uv":[0,0,6.25,0],"rotation":90,"texture":"#2"},"up":{"uv":[0,0,6.25,0],"rotation":180,"texture":"#2"},"down":{"uv":[0,0,6.25,0],"texture":"#2"}}},{"from":[-5,5.5,19.5],"to":[20,30.5,19.5],"rotation":{"angle":-22.5,"axis":"x","origin":[7.5,18,19.5]},"faces":{"north":{"uv":[0,16,16,0],"rotation":270,"texture":"#2"},"east":{"uv":[0,0,6.25,0],"rotation":270,"texture":"#2"},"south":{"uv":[16,16,0,0],"rotation":270,"texture":"#2"},"west":{"uv":[0,0,6.25,0],"rotation":90,"texture":"#2"},"up":{"uv":[0,0,6.25,0],"rotation":180,"texture":"#2"},"down":{"uv":[0,0,6.25,0],"texture":"#2"}}},{"from":[-5,5.5,19.5],"to":[20,30.5,19.5],"rotation":{"angle":22.5,"axis":"x","origin":[7.5,18,19.5]},"faces":{"north":{"uv":[0,16,16,0],"rotation":270,"texture":"#2"},"east":{"uv":[0,0,6.25,0],"rotation":270,"texture":"#2"},"south":{"uv":[16,16,0,0],"rotation":270,"texture":"#2"},"west":{"uv":[0,0,6.25,0],"rotation":90,"texture":"#2"},"up":{"uv":[0,0,6.25,0],"rotation":180,"texture":"#2"},"down":{"uv":[0,0,6.25,0],"texture":"#2"}}}],"display":{"head":{"rotation":[0,0,-180],"translation":[-1,2.25,-1],"scale":[1.5,1.5,1.5]}}}