{"credit":"Naruto RPG","texture_size":[64,64],"textures":{"0":"uzumaki:item/uzumaki_cadenas","1":"uzumaki:item/uzumaki_aura","particle":"uzumaki:item/uzumaki_cadenas"},"elements":[{"from":[7.35,15.6,-11.85],"to":[7.95,17.5,-8.55],"rotation":{"angle":0,"axis":"y","origin":[6.95,16.55,-11.1]},"faces":{"north":{"uv":[7,7.25,7.125,7.625],"texture":"#0"},"east":{"uv":[7,4.25,7.625,4.625],"texture":"#0"},"south":{"uv":[7,7.25,7.125,7.625],"texture":"#0"},"west":{"uv":[7,4.25,7.625,4.625],"texture":"#0"},"up":{"uv":[7,4.75,7.625,4.875],"rotation":270,"texture":"#0"},"down":{"uv":[7,5.125,7.625,5],"rotation":90,"texture":"#0"}}},{"from":[7.35,15.6,-15.85],"to":[7.95,17.5,-12.55],"rotation":{"angle":0,"axis":"y","origin":[6.95,16.55,-15.1]},"faces":{"north":{"uv":[7,7.25,7.125,7.625],"texture":"#0"},"east":{"uv":[7,4.25,7.625,4.625],"texture":"#0"},"south":{"uv":[7,7.25,7.125,7.625],"texture":"#0"},"west":{"uv":[7,4.25,7.625,4.625],"texture":"#0"},"up":{"uv":[7,4.75,7.625,4.875],"rotation":270,"texture":"#0"},"down":{"uv":[7,5.125,7.625,5],"rotation":90,"texture":"#0"}}},{"from":[6.56361,16.25,-13.74113],"to":[8.46361,16.85,-10.44113],"rotation":{"angle":0,"axis":"y","origin":[6.95,16.55,-11.1]},"faces":{"north":{"uv":[7.125,7.625,7,7.25],"rotation":90,"texture":"#0"},"east":{"uv":[7.625,4.875,7,4.75],"rotation":180,"texture":"#0"},"south":{"uv":[7.125,7.625,7,7.25],"rotation":270,"texture":"#0"},"west":{"uv":[7.625,5,7,5.125],"texture":"#0"},"up":{"uv":[7,4.25,7.625,4.625],"rotation":90,"texture":"#0"},"down":{"uv":[7,4.25,7.625,4.625],"rotation":90,"texture":"#0"}}},{"from":[7.35,15.6,-7.85],"to":[7.95,17.5,-4.55],"rotation":{"angle":0,"axis":"y","origin":[6.95,16.55,-7.1]},"faces":{"north":{"uv":[7,7.25,7.125,7.625],"texture":"#0"},"east":{"uv":[7,4.25,7.625,4.625],"texture":"#0"},"south":{"uv":[7,7.25,7.125,7.625],"texture":"#0"},"west":{"uv":[7,4.25,7.625,4.625],"texture":"#0"},"up":{"uv":[7,4.75,7.625,4.875],"rotation":270,"texture":"#0"},"down":{"uv":[7,5.125,7.625,5],"rotation":90,"texture":"#0"}}},{"from":[6.56361,16.25,-9.74113],"to":[8.46361,16.85,-6.44113],"rotation":{"angle":0,"axis":"y","origin":[6.95,16.55,-7.1]},"faces":{"north":{"uv":[7.125,7.625,7,7.25],"rotation":90,"texture":"#0"},"east":{"uv":[7.625,4.875,7,4.75],"rotation":180,"texture":"#0"},"south":{"uv":[7.125,7.625,7,7.25],"rotation":270,"texture":"#0"},"west":{"uv":[7.625,5,7,5.125],"texture":"#0"},"up":{"uv":[7,4.25,7.625,4.625],"rotation":90,"texture":"#0"},"down":{"uv":[7,4.25,7.625,4.625],"rotation":90,"texture":"#0"}}},{"from":[6.56361,16.25,-5.74113],"to":[8.46361,16.85,-2.44113],"rotation":{"angle":0,"axis":"y","origin":[6.95,16.55,-3.1]},"faces":{"north":{"uv":[7.125,7.625,7,7.25],"rotation":90,"texture":"#0"},"east":{"uv":[7.625,4.875,7,4.75],"rotation":180,"texture":"#0"},"south":{"uv":[7.125,7.625,7,7.25],"rotation":270,"texture":"#0"},"west":{"uv":[7.625,5,7,5.125],"texture":"#0"},"up":{"uv":[7,4.25,7.625,4.625],"rotation":90,"texture":"#0"},"down":{"uv":[7,4.25,7.625,4.625],"rotation":90,"texture":"#0"}}},{"from":[7.35,15.6,-3.85],"to":[7.95,17.5,-0.55],"rotation":{"angle":0,"axis":"y","origin":[6.95,16.55,-3.1]},"faces":{"north":{"uv":[7,7.25,7.125,7.625],"texture":"#0"},"east":{"uv":[7,4.25,7.625,4.625],"texture":"#0"},"south":{"uv":[7,7.25,7.125,7.625],"texture":"#0"},"west":{"uv":[7,4.25,7.625,4.625],"texture":"#0"},"up":{"uv":[7,4.75,7.625,4.875],"rotation":270,"texture":"#0"},"down":{"uv":[7,5.125,7.625,5],"rotation":90,"texture":"#0"}}},{"from":[6.56361,16.25,-1.74113],"to":[8.46361,16.85,1.55887],"rotation":{"angle":0,"axis":"y","origin":[6.95,16.55,0.9]},"faces":{"north":{"uv":[7.125,7.625,7,7.25],"rotation":90,"texture":"#0"},"east":{"uv":[7.625,4.875,7,4.75],"rotation":180,"texture":"#0"},"south":{"uv":[7.125,7.625,7,7.25],"rotation":270,"texture":"#0"},"west":{"uv":[7.625,5,7,5.125],"texture":"#0"},"up":{"uv":[7,4.25,7.625,4.625],"rotation":90,"texture":"#0"},"down":{"uv":[7,4.25,7.625,4.625],"rotation":90,"texture":"#0"}}},{"from":[7.35,15.6,0.15],"to":[7.95,17.5,3.45],"rotation":{"angle":0,"axis":"y","origin":[6.95,16.55,0.9]},"faces":{"north":{"uv":[7,7.25,7.125,7.625],"texture":"#0"},"east":{"uv":[7,4.25,7.625,4.625],"texture":"#0"},"south":{"uv":[7,7.25,7.125,7.625],"texture":"#0"},"west":{"uv":[7,4.25,7.625,4.625],"texture":"#0"},"up":{"uv":[7,4.75,7.625,4.875],"rotation":270,"texture":"#0"},"down":{"uv":[7,5.125,7.625,5],"rotation":90,"texture":"#0"}}},{"from":[6.56361,16.25,2.25887],"to":[8.46361,16.85,5.55887],"rotation":{"angle":0,"axis":"y","origin":[6.95,16.55,4.9]},"faces":{"north":{"uv":[7.125,7.625,7,7.25],"rotation":90,"texture":"#0"},"east":{"uv":[7.625,4.875,7,4.75],"rotation":180,"texture":"#0"},"south":{"uv":[7.125,7.625,7,7.25],"rotation":270,"texture":"#0"},"west":{"uv":[7.625,5,7,5.125],"texture":"#0"},"up":{"uv":[7,4.25,7.625,4.625],"rotation":90,"texture":"#0"},"down":{"uv":[7,4.25,7.625,4.625],"rotation":90,"texture":"#0"}}},{"from":[7.35,15.6,4.15],"to":[7.95,17.5,7.45],"rotation":{"angle":0,"axis":"y","origin":[6.95,16.55,4.9]},"faces":{"north":{"uv":[7,7.25,7.125,7.625],"texture":"#0"},"east":{"uv":[7,4.25,7.625,4.625],"texture":"#0"},"south":{"uv":[7,7.25,7.125,7.625],"texture":"#0"},"west":{"uv":[7,4.25,7.625,4.625],"texture":"#0"},"up":{"uv":[7,4.75,7.625,4.875],"rotation":270,"texture":"#0"},"down":{"uv":[7,5.125,7.625,5],"rotation":90,"texture":"#0"}}},{"from":[6.56361,16.25,6.25887],"to":[8.46361,16.85,9.55887],"rotation":{"angle":0,"axis":"y","origin":[6.95,16.55,8.9]},"faces":{"north":{"uv":[7.125,7.625,7,7.25],"rotation":90,"texture":"#0"},"east":{"uv":[7.625,4.875,7,4.75],"rotation":180,"texture":"#0"},"south":{"uv":[7.125,7.625,7,7.25],"rotation":270,"texture":"#0"},"west":{"uv":[7.625,5,7,5.125],"texture":"#0"},"up":{"uv":[7,4.25,7.625,4.625],"rotation":90,"texture":"#0"},"down":{"uv":[7,4.25,7.625,4.625],"rotation":90,"texture":"#0"}}},{"from":[7.35,15.6,8.15],"to":[7.95,17.5,11.45],"rotation":{"angle":0,"axis":"y","origin":[6.95,16.55,8.9]},"faces":{"north":{"uv":[7,7.25,7.125,7.625],"texture":"#0"},"east":{"uv":[7,4.25,7.625,4.625],"texture":"#0"},"south":{"uv":[7,7.25,7.125,7.625],"texture":"#0"},"west":{"uv":[7,4.25,7.625,4.625],"texture":"#0"},"up":{"uv":[7,4.75,7.625,4.875],"rotation":270,"texture":"#0"},"down":{"uv":[7,5.125,7.625,5],"rotation":90,"texture":"#0"}}},{"from":[7.35,15.6,12.15],"to":[7.95,17.5,15.45],"rotation":{"angle":0,"axis":"y","origin":[6.95,16.55,12.9]},"faces":{"north":{"uv":[7,7.25,7.125,7.625],"texture":"#0"},"east":{"uv":[7,4.25,7.625,4.625],"texture":"#0"},"south":{"uv":[7,7.25,7.125,7.625],"texture":"#0"},"west":{"uv":[7,4.25,7.625,4.625],"texture":"#0"},"up":{"uv":[7,4.75,7.625,4.875],"rotation":270,"texture":"#0"},"down":{"uv":[7,5.125,7.625,5],"rotation":90,"texture":"#0"}}},{"from":[6.56361,16.25,10.25887],"to":[8.46361,16.85,13.55887],"rotation":{"angle":0,"axis":"y","origin":[6.95,16.55,12.9]},"faces":{"north":{"uv":[7.125,7.625,7,7.25],"rotation":90,"texture":"#0"},"east":{"uv":[7.625,4.875,7,4.75],"rotation":180,"texture":"#0"},"south":{"uv":[7.125,7.625,7,7.25],"rotation":270,"texture":"#0"},"west":{"uv":[7.625,5,7,5.125],"texture":"#0"},"up":{"uv":[7,4.25,7.625,4.625],"rotation":90,"texture":"#0"},"down":{"uv":[7,4.25,7.625,4.625],"rotation":90,"texture":"#0"}}},{"from":[7.35,15.6,16.15],"to":[7.95,17.5,19.45],"rotation":{"angle":0,"axis":"y","origin":[6.95,16.55,16.9]},"faces":{"north":{"uv":[7,7.25,7.125,7.625],"texture":"#0"},"east":{"uv":[7,4.25,7.625,4.625],"texture":"#0"},"south":{"uv":[7,7.25,7.125,7.625],"texture":"#0"},"west":{"uv":[7,4.25,7.625,4.625],"texture":"#0"},"up":{"uv":[7,4.75,7.625,4.875],"rotation":270,"texture":"#0"},"down":{"uv":[7,5.125,7.625,5],"rotation":90,"texture":"#0"}}},{"from":[6.56361,16.25,14.25887],"to":[8.46361,16.85,17.55887],"rotation":{"angle":0,"axis":"y","origin":[6.95,16.55,16.9]},"faces":{"north":{"uv":[7.125,7.625,7,7.25],"rotation":90,"texture":"#0"},"east":{"uv":[7.625,4.875,7,4.75],"rotation":180,"texture":"#0"},"south":{"uv":[7.125,7.625,7,7.25],"rotation":270,"texture":"#0"},"west":{"uv":[7.625,5,7,5.125],"texture":"#0"},"up":{"uv":[7,4.25,7.625,4.625],"rotation":90,"texture":"#0"},"down":{"uv":[7,4.25,7.625,4.625],"rotation":90,"texture":"#0"}}},{"from":[7.35,15.6,20.15],"to":[7.95,17.5,23.45],"rotation":{"angle":0,"axis":"y","origin":[6.95,16.55,20.9]},"faces":{"north":{"uv":[7,7.25,7.125,7.625],"texture":"#0"},"east":{"uv":[7,4.25,7.625,4.625],"texture":"#0"},"south":{"uv":[7,7.25,7.125,7.625],"texture":"#0"},"west":{"uv":[7,4.25,7.625,4.625],"texture":"#0"},"up":{"uv":[7,4.75,7.625,4.875],"rotation":270,"texture":"#0"},"down":{"uv":[7,5.125,7.625,5],"rotation":90,"texture":"#0"}}},{"from":[6.56361,16.25,18.25887],"to":[8.46361,16.85,21.55887],"rotation":{"angle":0,"axis":"y","origin":[6.95,16.55,20.9]},"faces":{"north":{"uv":[7.125,7.625,7,7.25],"rotation":90,"texture":"#0"},"east":{"uv":[7.625,4.875,7,4.75],"rotation":180,"texture":"#0"},"south":{"uv":[7.125,7.625,7,7.25],"rotation":270,"texture":"#0"},"west":{"uv":[7.625,5,7,5.125],"texture":"#0"},"up":{"uv":[7,4.25,7.625,4.625],"rotation":90,"texture":"#0"},"down":{"uv":[7,4.25,7.625,4.625],"rotation":90,"texture":"#0"}}},{"from":[6.56361,16.25,22.25887],"to":[8.46361,16.85,25.55887],"rotation":{"angle":0,"axis":"y","origin":[6.95,16.55,24.9]},"faces":{"north":{"uv":[7.125,7.625,7,7.25],"rotation":90,"texture":"#0"},"east":{"uv":[7.625,4.875,7,4.75],"rotation":180,"texture":"#0"},"south":{"uv":[7.125,7.625,7,7.25],"rotation":270,"texture":"#0"},"west":{"uv":[7.625,5,7,5.125],"texture":"#0"},"up":{"uv":[7,4.25,7.625,4.625],"rotation":90,"texture":"#0"},"down":{"uv":[7,4.25,7.625,4.625],"rotation":90,"texture":"#0"}}},{"from":[7.5,7.9,-16],"to":[7.5,23.9,32],"rotation":{"angle":0,"axis":"y","origin":[7.5,17.4,0]},"faces":{"north":{"uv":[0,0,0,4.75],"texture":"#1"},"east":{"uv":[14,0.375,1.75,11.375],"rotation":90,"texture":"#1"},"south":{"uv":[0,0,0,4.75],"texture":"#1"},"west":{"uv":[14,11.375,1.75,0.375],"rotation":90,"texture":"#1"},"up":{"uv":[0,0,7.75,0],"rotation":90,"texture":"#1"},"down":{"uv":[0,0,7.75,0],"rotation":270,"texture":"#1"}}},{"from":[6.6375,15.694,27.548],"to":[8.1945,17.251,29.63],"rotation":{"angle":0,"axis":"y","origin":[7.416,16.4725,28.28525]},"faces":{"north":{"uv":[1.125,1.5,1,1.625],"texture":"#0"},"east":{"uv":[1.5,1.25,1.25,1.4875],"texture":"#0"},"south":{"uv":[0.75,0.625,0.5,0.875],"texture":"#0"},"west":{"uv":[1.5,1.25,1.25,1.4875],"texture":"#0"},"up":{"uv":[1.75,1.25,1.5,1.375],"texture":"#0"},"down":{"uv":[1.75,1.75,1.5,1.5],"texture":"#0"}}},{"from":[6.3355,15.39201,24.303],"to":[8.4965,17.55301,27.568],"rotation":{"angle":45,"axis":"z","origin":[7.416,16.4725,27.28525]},"faces":{"north":{"uv":[0.375,0.375,0.125,0.625],"texture":"#0"},"east":{"uv":[0.375,0.25,0,0.5],"texture":"#0"},"south":{"uv":[0.375,0.375,0.125,0.625],"texture":"#0"},"west":{"uv":[0.375,0.25,0,0.5],"texture":"#0"},"up":{"uv":[4,3.75,3.625,4.125],"texture":"#0"},"down":{"uv":[0.75,0.5,0.375,0.875],"texture":"#0"}}},{"from":[7.1895,16.24601,29.38],"to":[7.6425,16.69901,31.89],"rotation":{"angle":45,"axis":"z","origin":[7.416,16.4725,28.28525]},"faces":{"north":{"uv":[0,2.125,0.0625,2],"texture":"#0"},"east":{"uv":[0,2.125,0.0625,2],"texture":"#0"},"south":{"uv":[0,2.125,0.0625,2],"texture":"#0"},"west":{"uv":[0,2.125,0.0625,2],"texture":"#0"},"up":{"uv":[0.0625,2,0,2.125],"texture":"#0"},"down":{"uv":[0.0625,2,0,2.125],"texture":"#0"}}}],"display":{"head":{"rotation":[0,180,0],"translation":[-0.75,-59,-30.75],"scale":[2,2,2]}}}