{"parent":"minecraft:item/handheld","textures":{"layer0":"minecraft:item/golden_sword"},"overrides":[{"predicate":{"custom_model_data":10028},"model":"armas:item/armas_kunai"},{"predicate":{"custom_model_data":10029},"model":"armas:item/armas_shuriken"},{"predicate":{"custom_model_data":10031},"model":"armas:item/armas_senbon"},{"predicate":{"custom_model_data":10032},"model":"items_jutsus:item/pergamino_shirogane_2"},{"predicate":{"custom_model_data":10041},"model":"armas:item/armas_katana"},{"predicate":{"custom_model_data":10042},"model":"armas:item/armas_garrote"},{"predicate":{"custom_model_data":10043},"model":"armas:item/armas_sai"},{"predicate":{"custom_model_data":10044},"model":"armas:item/armas_nunchakus"},{"predicate":{"custom_model_data":10045},"model":"armas:item/armas_cadenas"},{"predicate":{"custom_model_data":10047},"model":"armas:item/armas_guadanadoble"},{"predicate":{"custom_model_data":10048},"model":"armas:item/armas_kusarigama"},{"predicate":{"custom_model_data":10049},"model":"armas:item/armas_kunaicadena"},{"predicate":{"custom_model_data":10050},"model":"armas:item/armas_wakizashi"},{"predicate":{"custom_model_data":10052},"model":"armas:item/armas_katanaatraccion"},{"predicate":{"custom_model_data":10054},"model":"armas:item/armas_katanarayo"},{"predicate":{"custom_model_data":10055},"model":"armas:item/armas_katanafuego"},{"predicate":{"custom_model_data":10056},"model":"armas:item/armas_katanaviento"},{"predicate":{"custom_model_data":10057},"model":"armas:item/armas_katanaagua"},{"predicate":{"custom_model_data":10058},"model":"armas:item/armas_katanatierra"},{"predicate":{"custom_model_data":10059},"model":"armas:item/armas_grancuchilla"},{"predicate":{"custom_model_data":10060},"model":"armas:item/armas_mazofragmentado"},{"predicate":{"custom_model_data":10061},"model":"armas:item/armas_katanatajo"},{"predicate":{"custom_model_data":10062},"model":"armas:item/armas_katana"},{"predicate":{"custom_model_data":10063},"model":"armas:item/armas_sai"},{"predicate":{"custom_model_data":10064},"model":"armas:item/armas_bastonbo"},{"predicate":{"custom_model_data":10065},"model":"armas:item/armas_kunaicadena"},{"predicate":{"custom_model_data":10066},"model":"armas:item/armas_guadanadoble"},{"predicate":{"custom_model_data":10067},"model":"armas:item/armas_kusarigama"},{"predicate":{"custom_model_data":10068},"model":"armas:item/armas_grancuchilla"},{"predicate":{"custom_model_data":10069},"model":"armas:item/armas_mazofragmentado"},{"predicate":{"custom_model_data":10070},"model":"armas:item/armas_nunchakus"},{"predicate":{"custom_model_data":10071},"model":"armas:item/armas_wakizashi"},{"predicate":{"custom_model_data":10072},"model":"armas:item/armas_katanatajo"},{"predicate":{"custom_model_data":10073},"model":"armas:item/armas_katanaatraccion"},{"predicate":{"custom_model_data":10074},"model":"armas:item/armas_bastonbo"},{"predicate":{"custom_model_data":10075},"model":"armas:item/armas_katanarayo"},{"predicate":{"custom_model_data":10076},"model":"armas:item/armas_katanafuego"},{"predicate":{"custom_model_data":10077},"model":"armas:item/armas_katanaviento"},{"predicate":{"custom_model_data":10078},"model":"armas:item/armas_katanatierra"},{"predicate":{"custom_model_data":10079},"model":"armas:item/armas_katanaagua"},{"predicate":{"custom_model_data":10082},"model":"armas:item/armas_katana"},{"predicate":{"custom_model_data":10083},"model":"armas:item/armas_katana"},{"predicate":{"custom_model_data":10084},"model":"armas:item/armas_katana"},{"predicate":{"custom_model_data":10085},"model":"armas:item/armas_katana"},{"predicate":{"custom_model_data":10086},"model":"armas:item/armas_katana"},{"predicate":{"custom_model_data":10087},"model":"armas:item/armas_katanarayo"},{"predicate":{"custom_model_data":10088},"model":"armas:item/armas_katanarayo"},{"predicate":{"custom_model_data":10089},"model":"armas:item/armas_katanafuego"},{"predicate":{"custom_model_data":10090},"model":"armas:item/armas_katanafuego"},{"predicate":{"custom_model_data":10091},"model":"armas:item/armas_katanaviento"},{"predicate":{"custom_model_data":10092},"model":"armas:item/armas_katanaviento"},{"predicate":{"custom_model_data":10093},"model":"armas:item/armas_katanaagua"},{"predicate":{"custom_model_data":10094},"model":"armas:item/armas_katana"},{"predicate":{"custom_model_data":10095},"model":"armas:item/armas_samehada_2"},{"predicate":{"custom_model_data":10096},"model":"armas:item/armas_gunbai"},{"predicate":{"custom_model_data":10097},"model":"armas:item/armas_yata"},{"predicate":{"custom_model_data":10099},"model":"armas:item/armas_katana_sasukekid"},{"predicate":{"custom_model_data":10100},"model":"armas:item/armas_katana_sakurakid"},{"predicate":{"custom_model_data":10101},"model":"armas:item/armas_katana_narutokid"},{"predicate":{"custom_model_data":10102},"model":"armas:item/armas_mazokotetsu"},{"predicate":{"custom_model_data":10103},"model":"armas:item/armas_katanatierra"},{"predicate":{"custom_model_data":10104},"model":"armas:item/armas_katanaagua"},{"predicate":{"custom_model_data":10106},"model":"armas:item/armas_tantocolmilloblanco"},{"predicate":{"custom_model_data":10107},"model":"armas:item/armas_hachadesert"},{"predicate":{"custom_model_data":10108},"model":"armas:item/armas_naginatadorada"},{"predicate":{"custom_model_data":10109},"model":"armas:item/armas_garrasriptide"},{"predicate":{"custom_model_data":10110},"model":"armas:item/armas_granhachacarbonizada"},{"predicate":{"custom_model_data":10111},"model":"armas:item/armas_totsuka"},{"predicate":{"custom_model_data":10112},"model":"item/golden_sword"}]}