{"parent":"item/generated","textures":{"layer0":"item/leather_boots","layer1":"item/leather_boots_overlay"},"overrides":[{"predicate":{"custom_model_data":10000},"model":"trajes:ia_auto_gen/sakurag_boots"},{"predicate":{"custom_model_data":10001},"model":"trajes:ia_auto_gen/sakurakid_boots"},{"predicate":{"custom_model_data":10002},"model":"trajes:ia_auto_gen/sasukekid_boots"},{"predicate":{"custom_model_data":10003},"model":"trajes:ia_auto_gen/narutokid_boots"},{"predicate":{"custom_model_data":10005},"model":"trajes:ia_auto_gen/hoja_boots"},{"predicate":{"custom_model_data":10006},"model":"trajes:ia_auto_gen/roca_boots"},{"predicate":{"custom_model_data":10007},"model":"trajes:ia_auto_gen/nube_boots"},{"predicate":{"custom_model_data":10008},"model":"trajes:ia_auto_gen/arena_boots"},{"predicate":{"custom_model_data":10009},"model":"trajes:ia_auto_gen/narutog_boots"},{"predicate":{"custom_model_data":10010},"model":"trajes:ia_auto_gen/sasukeg_boots"},{"predicate":{"custom_model_data":10012},"model":"trajes:ia_auto_gen/kankurog_boots"},{"predicate":{"custom_model_data":10013},"model":"trajes:ia_auto_gen/tobirama_boots"},{"predicate":{"custom_model_data":10014},"model":"trajes:ia_auto_gen/playa_boots"},{"predicate":{"custom_model_data":10015},"model":"trajes:ia_auto_gen/hinatag_boots"},{"predicate":{"custom_model_data":10016},"model":"trajes:ia_auto_gen/shinog_boots"},{"predicate":{"custom_model_data":10017},"model":"trajes:ia_auto_gen/kibag_boots"},{"predicate":{"custom_model_data":10018},"model":"trajes:ia_auto_gen/inog_boots"},{"predicate":{"custom_model_data":10019},"model":"trajes:ia_auto_gen/choujig_boots"},{"predicate":{"custom_model_data":10020},"model":"trajes:ia_auto_gen/shikamarug_boots"},{"predicate":{"custom_model_data":10021},"model":"trajes:ia_auto_gen/tenteng_boots"},{"predicate":{"custom_model_data":10022},"model":"trajes:ia_auto_gen/rockleeg_boots"},{"predicate":{"custom_model_data":10023},"model":"trajes:ia_auto_gen/nejig_boots"},{"predicate":{"custom_model_data":10024},"model":"trajes:ia_auto_gen/temarig_boots"},{"predicate":{"custom_model_data":10025},"model":"trajes:ia_auto_gen/gaarag_boots"},{"predicate":{"custom_model_data":10026},"model":"trajes:ia_auto_gen/niebla_boots"},{"predicate":{"custom_model_data":10027},"model":"trajes:ia_auto_gen/kakashikid_boots"},{"predicate":{"custom_model_data":10028},"model":"trajes:ia_auto_gen/haku_boots"},{"predicate":{"custom_model_data":10029},"model":"item/leather_boots"}]}