{"parent":"minecraft:item/generated","textures":{"layer0":"minecraft:item/paper"},"overrides":[{"predicate":{"custom_model_data":10044},"model":"_iainternal:ia_auto_gen/icon_left_blue"},{"predicate":{"custom_model_data":10045},"model":"_iainternal:ia_auto_gen/icon_right_blue"},{"predicate":{"custom_model_data":10046},"model":"_iainternal:ia_auto_gen/icon_search"},{"predicate":{"custom_model_data":10047},"model":"_iainternal:ia_auto_gen/icon_cancel"},{"predicate":{"custom_model_data":10048},"model":"_iainternal:ia_auto_gen/icon_arrow_chest"},{"predicate":{"custom_model_data":10049},"model":"_iainternal:ia_auto_gen/icon_back_orange"},{"predicate":{"custom_model_data":10050},"model":"_iainternal:ia_auto_gen/icon_next_orange"},{"predicate":{"custom_model_data":10057},"model":"items_jutsus:item/pergamino_fuego"},{"predicate":{"custom_model_data":10079},"model":"items_jutsus:item/pergamino_agua"},{"predicate":{"custom_model_data":10089},"model":"items_jutsus:item/pergamino_rayo"},{"predicate":{"custom_model_data":10093},"model":"items_jutsus:item/pergamino_rayo"},{"predicate":{"custom_model_data":10096},"model":"items_jutsus:item/pergamino_rayo"},{"predicate":{"custom_model_data":10097},"model":"items_jutsus:item/pergamino_viento"},{"predicate":{"custom_model_data":10098},"model":"items_jutsus:item/pergamino_viento"},{"predicate":{"custom_model_data":10099},"model":"items_jutsus:item/pergamino_viento"},{"predicate":{"custom_model_data":10104},"model":"items_jutsus:item/pergamino_viento"},{"predicate":{"custom_model_data":10105},"model":"items_jutsus:item/pergamino_viento"},{"predicate":{"custom_model_data":10108},"model":"items_jutsus:item/pergamino_tierra"},{"predicate":{"custom_model_data":10109},"model":"items_jutsus:item/pergamino_tierra"},{"predicate":{"custom_model_data":10110},"model":"items_jutsus:item/pergamino_tierra"},{"predicate":{"custom_model_data":10111},"model":"items_jutsus:item/pergamino_agua"},{"predicate":{"custom_model_data":10112},"model":"items_jutsus:item/pergamino_agua"},{"predicate":{"custom_model_data":10117},"model":"items_jutsus:item/pergamino_agua"},{"predicate":{"custom_model_data":10118},"model":"items_jutsus:item/pergamino_agua"},{"predicate":{"custom_model_data":10119},"model":"items_jutsus:item/pergamino_agua"},{"predicate":{"custom_model_data":10120},"model":"items_jutsus:item/pergamino_agua"},{"predicate":{"custom_model_data":10121},"model":"items_jutsus:item/pergamino_agua"},{"predicate":{"custom_model_data":10122},"model":"items_jutsus:item/pergamino_agua"},{"predicate":{"custom_model_data":10123},"model":"items_jutsus:item/pergamino_agua"},{"predicate":{"custom_model_data":10124},"model":"items_jutsus:item/pergamino_fuego"},{"predicate":{"custom_model_data":10125},"model":"items_jutsus:item/pergamino_fuego"},{"predicate":{"custom_model_data":10126},"model":"items_jutsus:item/pergamino_fuego"},{"predicate":{"custom_model_data":10127},"model":"items_jutsus:item/pergamino_fuego"},{"predicate":{"custom_model_data":10128},"model":"items_jutsus:item/pergamino_fuego"},{"predicate":{"custom_model_data":10129},"model":"items_jutsus:item/pergamino_fuego"},{"predicate":{"custom_model_data":10130},"model":"items_jutsus:item/pergamino_fuego"},{"predicate":{"custom_model_data":10131},"model":"items_jutsus:item/pergamino_fuego"},{"predicate":{"custom_model_data":10132},"model":"items_jutsus:item/pergamino_fuego"},{"predicate":{"custom_model_data":10133},"model":"items_jutsus:item/pergamino_fuego"},{"predicate":{"custom_model_data":10134},"model":"items_jutsus:item/pergamino_tierra"},{"predicate":{"custom_model_data":10135},"model":"items_jutsus:item/pergamino_tierra"},{"predicate":{"custom_model_data":10136},"model":"items_jutsus:item/pergamino_tierra"},{"predicate":{"custom_model_data":10137},"model":"items_jutsus:item/pergamino_tierra"},{"predicate":{"custom_model_data":10138},"model":"items_jutsus:item/pergamino_tierra"},{"predicate":{"custom_model_data":10139},"model":"items_jutsus:item/pergamino_tierra"},{"predicate":{"custom_model_data":10140},"model":"items_jutsus:item/pergamino_tierra"},{"predicate":{"custom_model_data":10141},"model":"items_jutsus:item/pergamino_tierra"},{"predicate":{"custom_model_data":10142},"model":"items_jutsus:item/pergamino_tierra"},{"predicate":{"custom_model_data":10143},"model":"items_jutsus:item/pergamino_tierra"},{"predicate":{"custom_model_data":10144},"model":"items_jutsus:item/pergamino_tierra"},{"predicate":{"custom_model_data":10145},"model":"items_jutsus:item/pergamino_rayo"},{"predicate":{"custom_model_data":10146},"model":"items_jutsus:item/pergamino_rayo"},{"predicate":{"custom_model_data":10147},"model":"items_jutsus:item/pergamino_rayo"},{"predicate":{"custom_model_data":10148},"model":"items_jutsus:item/pergamino_rayo"},{"predicate":{"custom_model_data":10149},"model":"items_jutsus:item/pergamino_rayo"},{"predicate":{"custom_model_data":10150},"model":"items_jutsus:item/pergamino_rayo"},{"predicate":{"custom_model_data":10151},"model":"items_jutsus:item/pergamino_viento"},{"predicate":{"custom_model_data":10152},"model":"items_jutsus:item/pergamino_viento"},{"predicate":{"custom_model_data":10153},"model":"items_jutsus:item/pergamino_viento"},{"predicate":{"custom_model_data":10154},"model":"items_jutsus:item/pergamino_viento"},{"predicate":{"custom_model_data":10155},"model":"items_jutsus:item/pergamino_viento"},{"predicate":{"custom_model_data":10156},"model":"items_jutsus:item/pergamino_viento"},{"predicate":{"custom_model_data":10158},"model":"items_jutsus:item/pergamino_fuego"},{"predicate":{"custom_model_data":10159},"model":"items_jutsus:item/pergamino_rayo"},{"predicate":{"custom_model_data":10160},"model":"items_jutsus:item/pergamino_sharingan_1"},{"predicate":{"custom_model_data":10161},"model":"items_jutsus:item/pergamino_sharingan_2"},{"predicate":{"custom_model_data":10162},"model":"items_jutsus:item/pergamino_sharingan_3"},{"predicate":{"custom_model_data":10163},"model":"items_jutsus:item/pergamino_sharingan_2"},{"predicate":{"custom_model_data":10164},"model":"items_jutsus:item/pergamino_sharingan_3"},{"predicate":{"custom_model_data":10165},"model":"items_jutsus:item/pergamino_tsukuyomi"},{"predicate":{"custom_model_data":10166},"model":"items_jutsus:item/pergamino_tsukuyomi"},{"predicate":{"custom_model_data":10167},"model":"items_jutsus:item/pergamino_tsukuyomi"},{"predicate":{"custom_model_data":10168},"model":"items_jutsus:item/pergamino_tsukuyomi"},{"predicate":{"custom_model_data":10169},"model":"items_jutsus:item/pergamino_tsukuyomi"},{"predicate":{"custom_model_data":10170},"model":"items_jutsus:item/pergamino_tsukuyomi"},{"predicate":{"custom_model_data":10171},"model":"items_jutsus:item/pergamino_tsukuyomi"},{"predicate":{"custom_model_data":10172},"model":"items_jutsus:item/pergamino_tsukuyomi"},{"predicate":{"custom_model_data":10173},"model":"items_jutsus:item/pergamino_amaterasu"},{"predicate":{"custom_model_data":10174},"model":"items_jutsus:item/pergamino_amaterasu"},{"predicate":{"custom_model_data":10175},"model":"items_jutsus:item/pergamino_amaterasu"},{"predicate":{"custom_model_data":10176},"model":"items_jutsus:item/pergamino_susanoo_ataque"},{"predicate":{"custom_model_data":10177},"model":"items_jutsus:item/pergamino_susanoo_defensa"},{"predicate":{"custom_model_data":10178},"model":"items_jutsus:item/pergamino_susanoo_completo"},{"predicate":{"custom_model_data":10179},"model":"items_jutsus:item/pergamino_amaterasu"},{"predicate":{"custom_model_data":10180},"model":"items_jutsus:item/pergamino_kamui"},{"predicate":{"custom_model_data":10181},"model":"items_jutsus:item/pergamino_kamui"},{"predicate":{"custom_model_data":10182},"model":"items_jutsus:item/pergamino_kamui"},{"predicate":{"custom_model_data":10183},"model":"items_jutsus:item/pergamino_kamui"},{"predicate":{"custom_model_data":10184},"model":"items_jutsus:item/pergamino_kamui"},{"predicate":{"custom_model_data":10185},"model":"items_jutsus:item/pergamino_kamui"},{"predicate":{"custom_model_data":10186},"model":"items_jutsus:item/pergamino_kamui"},{"predicate":{"custom_model_data":10187},"model":"items_jutsus:item/pergamino_kamui"},{"predicate":{"custom_model_data":10188},"model":"items_jutsus:item/pergamino_kamui"},{"predicate":{"custom_model_data":10189},"model":"items_jutsus:item/pergamino_kamui"},{"predicate":{"custom_model_data":10193},"model":"items_jutsus:item/pergamino_hueso1"},{"predicate":{"custom_model_data":10194},"model":"items_jutsus:item/pergamino_hueso1"},{"predicate":{"custom_model_data":10195},"model":"items_jutsus:item/pergamino_hueso1"},{"predicate":{"custom_model_data":10196},"model":"items_jutsus:item/pergamino_hueso1"},{"predicate":{"custom_model_data":10197},"model":"items_jutsus:item/pergamino_hueso1"},{"predicate":{"custom_model_data":10198},"model":"items_jutsus:item/pergamino_hueso1"},{"predicate":{"custom_model_data":10199},"model":"items_jutsus:item/pergamino_hueso1"},{"predicate":{"custom_model_data":10200},"model":"items_jutsus:item/pergamino_hueso1"},{"predicate":{"custom_model_data":10201},"model":"items_jutsus:item/pergamino_hueso1"},{"predicate":{"custom_model_data":10202},"model":"items_jutsus:item/pergamino_hueso1"},{"predicate":{"custom_model_data":10203},"model":"items_jutsus:item/pergamino_hueso1"},{"predicate":{"custom_model_data":10204},"model":"items_jutsus:item/pergamino_hueso1"},{"predicate":{"custom_model_data":10205},"model":"items_jutsus:item/pergamino_hueso1"},{"predicate":{"custom_model_data":10206},"model":"items_jutsus:item/pergamino_hueso1"},{"predicate":{"custom_model_data":10207},"model":"items_jutsus:item/pergamino_hueso1"},{"predicate":{"custom_model_data":10208},"model":"items_jutsus:item/pergamino_hueso1"},{"predicate":{"custom_model_data":10211},"model":"items_jutsus:item/pergamino_parpadeante1"},{"predicate":{"custom_model_data":10212},"model":"items_jutsus:item/pergamino_parpadeante2"},{"predicate":{"custom_model_data":10213},"model":"personaje:item/slot_personaje_bloqueado"},{"predicate":{"custom_model_data":10214},"model":"personaje:item/slot_personaje_disponible"},{"predicate":{"custom_model_data":10215},"model":"personaje:item/slot_personaje"},{"predicate":{"custom_model_data":10216},"model":"personaje:item/slot_personaje_x"},{"predicate":{"custom_model_data":10217},"model":"personaje:item/slot_personaje_v"},{"predicate":{"custom_model_data":10218},"model":"personaje:item/slot_server_1"},{"predicate":{"custom_model_data":10219},"model":"personaje:item/slot_server_1_offline"},{"predicate":{"custom_model_data":10220},"model":"personaje:item/slot_server_2"},{"predicate":{"custom_model_data":10221},"model":"personaje:item/slot_server_2_offline"},{"predicate":{"custom_model_data":10222},"model":"personaje:item/slot_server_premium"},{"predicate":{"custom_model_data":10223},"model":"personaje:item/slot_server_premium_offline"},{"predicate":{"custom_model_data":10224},"model":"personaje:item/slot_server_premium_bloqueado"},{"predicate":{"custom_model_data":10225},"model":"personaje:item/slot_atributos_chakra"},{"predicate":{"custom_model_data":10226},"model":"personaje:item/slot_atributos_hp"},{"predicate":{"custom_model_data":10227},"model":"personaje:item/slot_atributos_con"},{"predicate":{"custom_model_data":10228},"model":"personaje:item/slot_atributos_dex"},{"predicate":{"custom_model_data":10229},"model":"personaje:item/slot_atributos_jut"},{"predicate":{"custom_model_data":10230},"model":"personaje:item/slot_atributos_atk"},{"predicate":{"custom_model_data":10231},"model":"personaje:item/slot_atributos_def"},{"predicate":{"custom_model_data":10234},"model":"items_jutsus:item/pergamino_golpe"},{"predicate":{"custom_model_data":10235},"model":"personaje:item/slot_kunai"},{"predicate":{"custom_model_data":10236},"model":"personaje:item/slot_kunai_desequipado"},{"predicate":{"custom_model_data":10237},"model":"personaje:item/slot_bombahumo"},{"predicate":{"custom_model_data":10238},"model":"personaje:item/slot_bombahumo_desequipado"},{"predicate":{"custom_model_data":10239},"model":"personaje:item/slot_bombavenenosa"},{"predicate":{"custom_model_data":10240},"model":"personaje:item/slot_bombavenenosa_desequipado"},{"predicate":{"custom_model_data":10241},"model":"personaje:item/slot_senbon"},{"predicate":{"custom_model_data":10242},"model":"personaje:item/slot_senbon_desequipado"},{"predicate":{"custom_model_data":10243},"model":"personaje:item/slot_shuriken"},{"predicate":{"custom_model_data":10244},"model":"personaje:item/slot_shuriken_desequipado"},{"predicate":{"custom_model_data":10245},"model":"personaje:item/slot_papelbomba"},{"predicate":{"custom_model_data":10246},"model":"personaje:item/slot_papelbomba_desequipado"},{"predicate":{"custom_model_data":10247},"model":"personaje:item/slot_kunaivenenoso"},{"predicate":{"custom_model_data":10248},"model":"personaje:item/slot_kunaivenenoso_desequipado"},{"predicate":{"custom_model_data":10249},"model":"personaje:item/slot_kunaibomba"},{"predicate":{"custom_model_data":10250},"model":"personaje:item/slot_kunaibomba_desequipado"},{"predicate":{"custom_model_data":10251},"model":"personaje:item/slot_kunaicuerda"},{"predicate":{"custom_model_data":10252},"model":"personaje:item/slot_kunaicuerda_desequipado"},{"predicate":{"custom_model_data":10253},"model":"personaje:item/slot_recargar"},{"predicate":{"custom_model_data":10254},"model":"items_jutsus:item/pergamino_uzumaki_cadenas"},{"predicate":{"custom_model_data":10255},"model":"items_jutsus:item/pergamino_uzumaki_restauracion"},{"predicate":{"custom_model_data":10256},"model":"items_jutsus:item/pergamino_uzumaki_restauracion"},{"predicate":{"custom_model_data":10257},"model":"items_jutsus:item/pergamino_uzumaki_cadenas"},{"predicate":{"custom_model_data":10258},"model":"items_jutsus:item/pergamino_uzumaki_cadenas"},{"predicate":{"custom_model_data":10259},"model":"items_jutsus:item/pergamino_uzumaki_cadenas"},{"predicate":{"custom_model_data":10260},"model":"items_jutsus:item/pergamino_uzumaki_rage"},{"predicate":{"custom_model_data":10261},"model":"items_jutsus:item/pergamino_uzumaki_cadenas"},{"predicate":{"custom_model_data":10262},"model":"items_jutsus:item/pergamino_uzumaki_barrera"},{"predicate":{"custom_model_data":10263},"model":"items_jutsus:item/pergamino_uzumaki_cadenas"},{"predicate":{"custom_model_data":10264},"model":"items_jutsus:item/pergamino_uzumaki_cadenas_diamantina"},{"predicate":{"custom_model_data":10265},"model":"items_jutsus:item/pergamino_uzumaki_todopoderoso"},{"predicate":{"custom_model_data":10266},"model":"items_jutsus:item/pergamino_uzumaki_liberacion"},{"predicate":{"custom_model_data":10267},"model":"items_jutsus:item/pergamino_uzumaki_restauracion"},{"predicate":{"custom_model_data":10268},"model":"items_jutsus:item/pergamino_uzumaki_restauracion"},{"predicate":{"custom_model_data":10269},"model":"items_jutsus:item/pergamino_uzumaki_granbarrera"},{"predicate":{"custom_model_data":10270},"model":"menu:ia_auto_gen/volver"},{"predicate":{"custom_model_data":10271},"model":"menu:ia_auto_gen/siguiente"},{"predicate":{"custom_model_data":10283},"model":"menu:ia_auto_gen/1"},{"predicate":{"custom_model_data":10284},"model":"menu:ia_auto_gen/2"},{"predicate":{"custom_model_data":10285},"model":"menu:ia_auto_gen/3"},{"predicate":{"custom_model_data":10286},"model":"menu:ia_auto_gen/boton_atuendos_especial"},{"predicate":{"custom_model_data":10287},"model":"menu:ia_auto_gen/boton_atuendos_especial_activo"},{"predicate":{"custom_model_data":10288},"model":"menu:ia_auto_gen/categoria_armas_especial"},{"predicate":{"custom_model_data":10289},"model":"menu:ia_auto_gen/categoria_armas_especial_activo"},{"predicate":{"custom_model_data":10290},"model":"menu:ia_auto_gen/categoria_mazos"},{"predicate":{"custom_model_data":10291},"model":"menu:ia_auto_gen/categoria_baculos"},{"predicate":{"custom_model_data":10292},"model":"menu:ia_auto_gen/categoria_lanzas"},{"predicate":{"custom_model_data":10293},"model":"menu:ia_auto_gen/categoria_guadanas"},{"predicate":{"custom_model_data":10294},"model":"menu:ia_auto_gen/categoria_herramientas"},{"predicate":{"custom_model_data":10295},"model":"menu:ia_auto_gen/categoria_manos"},{"predicate":{"custom_model_data":10296},"model":"menu:ia_auto_gen/categoria_cuchillas"},{"predicate":{"custom_model_data":10297},"model":"menu:ia_auto_gen/categoria_espadas"},{"predicate":{"custom_model_data":10298},"model":"menu:ia_auto_gen/categoria_espadones"},{"predicate":{"custom_model_data":10299},"model":"menu:ia_auto_gen/categoria_hachas"},{"predicate":{"custom_model_data":10300},"model":"menu:ia_auto_gen/categoria_mazos_activo"},{"predicate":{"custom_model_data":10301},"model":"menu:ia_auto_gen/categoria_baculos_activo"},{"predicate":{"custom_model_data":10302},"model":"menu:ia_auto_gen/categoria_lanzas_activo"},{"predicate":{"custom_model_data":10303},"model":"menu:ia_auto_gen/categoria_guadanias_activo"},{"predicate":{"custom_model_data":10304},"model":"menu:ia_auto_gen/categoria_herramientas_activo"},{"predicate":{"custom_model_data":10305},"model":"menu:ia_auto_gen/categoria_manos_activo"},{"predicate":{"custom_model_data":10306},"model":"menu:ia_auto_gen/categoria_cuchillas_activo"},{"predicate":{"custom_model_data":10307},"model":"menu:ia_auto_gen/categoria_espadas_activo"},{"predicate":{"custom_model_data":10308},"model":"menu:ia_auto_gen/categoria_espadones_activo"},{"predicate":{"custom_model_data":10309},"model":"menu:ia_auto_gen/categoria_hachas_activo"},{"predicate":{"custom_model_data":10310},"model":"menu:item/slot_atuendos_categoria_1"},{"predicate":{"custom_model_data":10311},"model":"menu:item/slot_atuendos_categoria_2"},{"predicate":{"custom_model_data":10312},"model":"menu:item/slot_atuendos_categoria_3"},{"predicate":{"custom_model_data":10313},"model":"menu:item/slot_atuendos_categoria_4"},{"predicate":{"custom_model_data":10314},"model":"menu:item/slot_atuendos_categoria_1_activo"},{"predicate":{"custom_model_data":10315},"model":"menu:item/slot_atuendos_categoria_2_activo"},{"predicate":{"custom_model_data":10316},"model":"menu:item/slot_atuendos_categoria_3_activo"},{"predicate":{"custom_model_data":10317},"model":"menu:item/slot_atuendos_categoria_4_activo"},{"predicate":{"custom_model_data":10318},"model":"menu:item/slot_atuendos_categoria_especial"},{"predicate":{"custom_model_data":10319},"model":"menu:item/slot_atuendos_categoria_especial_activo"},{"predicate":{"custom_model_data":10320},"model":"menu:item/slot_next"},{"predicate":{"custom_model_data":10321},"model":"menu:item/slot_prev"},{"predicate":{"custom_model_data":10322},"model":"menu:item/slot_salir"},{"predicate":{"custom_model_data":10323},"model":"personaje:item/slot_personaje_mas"},{"predicate":{"custom_model_data":10324},"model":"personaje:item/slot_personaje_all"},{"predicate":{"custom_model_data":10325},"model":"menu:item/slot_armas_categoria_especial"},{"predicate":{"custom_model_data":10326},"model":"menu:item/slot_armas_categoria_especial_activo"},{"predicate":{"custom_model_data":10327},"model":"menu:item/slot_armas_categoria_baculos"},{"predicate":{"custom_model_data":10328},"model":"menu:item/slot_armas_categoria_baculos_activo"},{"predicate":{"custom_model_data":10329},"model":"menu:item/slot_armas_categoria_cuchillas"},{"predicate":{"custom_model_data":10330},"model":"menu:item/slot_armas_categoria_cuchillas_activo"},{"predicate":{"custom_model_data":10331},"model":"menu:item/slot_armas_categoria_espadas"},{"predicate":{"custom_model_data":10332},"model":"menu:item/slot_armas_categoria_espadas_activo"},{"predicate":{"custom_model_data":10333},"model":"menu:item/slot_armas_categoria_espadones"},{"predicate":{"custom_model_data":10334},"model":"menu:item/slot_armas_categoria_espadones_activo"},{"predicate":{"custom_model_data":10335},"model":"menu:item/slot_armas_categoria_guadanas"},{"predicate":{"custom_model_data":10336},"model":"menu:item/slot_armas_categoria_guadanas_activo"},{"predicate":{"custom_model_data":10337},"model":"menu:item/slot_armas_categoria_hachas"},{"predicate":{"custom_model_data":10338},"model":"menu:item/slot_armas_categoria_hachas_activo"},{"predicate":{"custom_model_data":10339},"model":"menu:item/slot_armas_categoria_herramientas"},{"predicate":{"custom_model_data":10340},"model":"menu:item/slot_armas_categoria_herramientas_activo"},{"predicate":{"custom_model_data":10341},"model":"menu:item/slot_armas_categoria_lanzas"},{"predicate":{"custom_model_data":10342},"model":"menu:item/slot_armas_categoria_lanzas_activo"},{"predicate":{"custom_model_data":10343},"model":"menu:item/slot_armas_categoria_manos"},{"predicate":{"custom_model_data":10344},"model":"menu:item/slot_armas_categoria_manos_activo"},{"predicate":{"custom_model_data":10345},"model":"menu:item/slot_armas_categoria_mazos"},{"predicate":{"custom_model_data":10346},"model":"menu:item/slot_armas_categoria_mazos_activo"},{"predicate":{"custom_model_data":10347},"model":"items_jutsus:item/pergamino_byakugan"},{"predicate":{"custom_model_data":10348},"model":"items_jutsus:item/pergamino_byakugan"},{"predicate":{"custom_model_data":10349},"model":"items_jutsus:item/pergamino_punosuave"},{"predicate":{"custom_model_data":10350},"model":"items_jutsus:item/pergamino_punosuave"},{"predicate":{"custom_model_data":10351},"model":"items_jutsus:item/pergamino_punosuave"},{"predicate":{"custom_model_data":10352},"model":"items_jutsus:item/pergamino_8palmas"},{"predicate":{"custom_model_data":10353},"model":"items_jutsus:item/pergamino_8palmas"},{"predicate":{"custom_model_data":10354},"model":"items_jutsus:item/pergamino_8palmas"},{"predicate":{"custom_model_data":10355},"model":"items_jutsus:item/pergamino_8palmas"},{"predicate":{"custom_model_data":10356},"model":"items_jutsus:item/pergamino_punosuave"},{"predicate":{"custom_model_data":10357},"model":"items_jutsus:item/pergamino_punosuave"},{"predicate":{"custom_model_data":10358},"model":"items_jutsus:item/pergamino_punosuave"},{"predicate":{"custom_model_data":10359},"model":"items_jutsus:item/pergamino_punosuave"},{"predicate":{"custom_model_data":10360},"model":"items_jutsus:item/pergamino_rotacion"},{"predicate":{"custom_model_data":10361},"model":"items_jutsus:item/pergamino_rotacion"},{"predicate":{"custom_model_data":10362},"model":"items_jutsus:item/pergamino_tenseigan_transformacion"},{"predicate":{"custom_model_data":10363},"model":"items_jutsus:item/pergamino_gemelosleon"},{"predicate":{"custom_model_data":10364},"model":"items_jutsus:item/pergamino_tenseigan"},{"predicate":{"custom_model_data":10365},"model":"items_jutsus:item/pergamino_tenseigan"},{"predicate":{"custom_model_data":10366},"model":"items_jutsus:item/pergamino_explosivo_c1_murcielago"},{"predicate":{"custom_model_data":10367},"model":"items_jutsus:item/pergamino_explosivo_c1_insectos"},{"predicate":{"custom_model_data":10368},"model":"items_jutsus:item/pergamino_explosivo_c1_insectosterrestres"},{"predicate":{"custom_model_data":10369},"model":"items_jutsus:item/pergamino_explosivo_c1_bomba"},{"predicate":{"custom_model_data":10370},"model":"items_jutsus:item/pergamino_explosivo_c2_pajaro"},{"predicate":{"custom_model_data":10371},"model":"items_jutsus:item/pergamino_explosivo_c1_minas"},{"predicate":{"custom_model_data":10374},"model":"items_jutsus:item/pergamino_explosivo_c1_multiplesmurcielagos"},{"predicate":{"custom_model_data":10375},"model":"items_jutsus:item/pergamino_explosivo_c2_multiplespajaros"},{"predicate":{"custom_model_data":10376},"model":"items_jutsus:item/pergamino_explosivo_c2_grantrampa"},{"predicate":{"custom_model_data":10377},"model":"items_jutsus:item/pergamino_explosivo_c3_murcielago"},{"predicate":{"custom_model_data":10378},"model":"items_jutsus:item/pergamino_explosivo_c3_bomba"},{"predicate":{"custom_model_data":10379},"model":"items_jutsus:item/pergamino_explosivo_c3_minas"},{"predicate":{"custom_model_data":10380},"model":"items_jutsus:item/pergamino_explosivo_c4_muneco"},{"predicate":{"custom_model_data":10381},"model":"items_jutsus:item/pergamino_explosivo_c0_arte"},{"predicate":{"custom_model_data":10382},"model":"items_jutsus:item/pergamino_explosivo_c1_rastreoinsectos"},{"predicate":{"custom_model_data":10383},"model":"items_jutsus:item/pergamino_kamizuru_abeja"},{"predicate":{"custom_model_data":10384},"model":"items_jutsus:item/pergamino_kamizuru_sellomiel"},{"predicate":{"custom_model_data":10386},"model":"items_jutsus:item/pergamino_kamizuru_sellomiel"},{"predicate":{"custom_model_data":10387},"model":"items_jutsus:item/pergamino_kamizuru_granenjambreabejas"},{"predicate":{"custom_model_data":10388},"model":"items_jutsus:item/pergamino_kamizuru_modoinsectos"},{"predicate":{"custom_model_data":10389},"model":"items_jutsus:item/pergamino_kamizuru_granenjambreabejas"},{"predicate":{"custom_model_data":10390},"model":"items_jutsus:item/pergamino_kamizuru_panalexplosivo"},{"predicate":{"custom_model_data":10391},"model":"items_jutsus:item/pergamino_kamizuru_abejorro"},{"predicate":{"custom_model_data":10392},"model":"items_jutsus:item/pergamino_kamizuru_enjambreabejorros"},{"predicate":{"custom_model_data":10393},"model":"items_jutsus:item/pergamino_kamizuru_colmenaguardiana"},{"predicate":{"custom_model_data":10394},"model":"items_jutsus:item/pergamino_kamizuru_panalexplosivo"},{"predicate":{"custom_model_data":10395},"model":"items_jutsus:item/pergamino_kamizuru_panal"},{"predicate":{"custom_model_data":10396},"model":"items_jutsus:item/pergamino_kamizuru_modoinsectos2"},{"predicate":{"custom_model_data":10398},"model":"items_jutsus:item/pergamino_kamizuru_colmenaguardianaabejorros"},{"predicate":{"custom_model_data":10399},"model":"items_jutsus:item/pergamino_kamizuru_enjambrevenenoso"},{"predicate":{"custom_model_data":10400},"model":"items_jutsus:item/pergamino_kamizuru_rinkaichu"},{"predicate":{"custom_model_data":10401},"model":"items_jutsus:item/pergamino_kamizuru_rinkaichu"},{"predicate":{"custom_model_data":10402},"model":"items_jutsus:item/pergamino_kamizuru_enjambreabejorros"},{"predicate":{"custom_model_data":10403},"model":"crates2:key_lvl1"},{"predicate":{"custom_model_data":10404},"model":"crates2:crate_lvl1"},{"predicate":{"custom_model_data":10405},"model":"crates2:key_lvl2"},{"predicate":{"custom_model_data":10406},"model":"crates2:crate_lvl2"},{"predicate":{"custom_model_data":10407},"model":"crates2:key_lvl3"},{"predicate":{"custom_model_data":10408},"model":"crates2:crate_lvl3"},{"predicate":{"custom_model_data":10409},"model":"crates2:key_lvl4"},{"predicate":{"custom_model_data":10410},"model":"crates2:crate_lvl4"},{"predicate":{"custom_model_data":10411},"model":"crates2:crate_lvl1"},{"predicate":{"custom_model_data":10412},"model":"personaje:item/slot_clan_uchiha"},{"predicate":{"custom_model_data":10413},"model":"personaje:item/slot_clan_uzumaki"},{"predicate":{"custom_model_data":10414},"model":"personaje:item/slot_titulo"},{"predicate":{"custom_model_data":10415},"model":"personaje:item/slot_titulo_gris"},{"predicate":{"custom_model_data":10416},"model":"personaje:item/slot_titulo_nodisponible"},{"predicate":{"custom_model_data":10417},"model":"personaje:item/slot_titulo_comun"},{"predicate":{"custom_model_data":10418},"model":"personaje:item/slot_titulo_comun_activo"},{"predicate":{"custom_model_data":10419},"model":"personaje:item/slot_titulo_especial"},{"predicate":{"custom_model_data":10420},"model":"personaje:item/slot_titulo_especial_activo"},{"predicate":{"custom_model_data":10421},"model":"items_jutsus:item/pergamino_arena_ataque"},{"predicate":{"custom_model_data":10422},"model":"items_jutsus:item/pergamino_arena_sello"},{"predicate":{"custom_model_data":10423},"model":"items_jutsus:item/pergamino_arena_ataque2"},{"predicate":{"custom_model_data":10424},"model":"items_jutsus:item/pergamino_arena_misiles"},{"predicate":{"custom_model_data":10425},"model":"items_jutsus:item/pergamino_arena_estacas"},{"predicate":{"custom_model_data":10426},"model":"items_jutsus:item/pergamino_arena_brazo"},{"predicate":{"custom_model_data":10427},"model":"items_jutsus:item/pergamino_arena_agarre"},{"predicate":{"custom_model_data":10428},"model":"items_jutsus:item/pergamino_arena_cueva"},{"predicate":{"custom_model_data":10429},"model":"items_jutsus:item/pergamino_arena_cueva"},{"predicate":{"custom_model_data":10430},"model":"items_jutsus:item/pergamino_arena_granbrazo"},{"predicate":{"custom_model_data":10431},"model":"items_jutsus:item/pergamino_arena_multiplesestacas"},{"predicate":{"custom_model_data":10432},"model":"items_jutsus:item/pergamino_arena_lluvia"},{"predicate":{"custom_model_data":10433},"model":"items_jutsus:item/pergamino_arena_sellomultiple"},{"predicate":{"custom_model_data":10434},"model":"items_jutsus:item/pergamino_arena_proyectilestaca"},{"predicate":{"custom_model_data":10435},"model":"items_jutsus:item/pergamino_arena_defensa"},{"predicate":{"custom_model_data":10436},"model":"items_jutsus:item/pergamino_arena_defensa2"},{"predicate":{"custom_model_data":10437},"model":"items_jutsus:item/pergamino_arena_tsunami"},{"predicate":{"custom_model_data":10438},"model":"items_jutsus:item/pergamino_arena_ataud"},{"predicate":{"custom_model_data":10439},"model":"items_jutsus:item/pergamino_arena_piramideimperfecta"},{"predicate":{"custom_model_data":10440},"model":"items_jutsus:item/pergamino_arena_piramide"},{"predicate":{"custom_model_data":10441},"model":"item/paper"}]}