{"format_version":"1.21.6","credit":"Naruto RPG","texture_size":[64,64],"textures":{"1":"objetos:item/objetos_rareza_sabio_negra"},"elements":[{"from":[-2,2,3.87868],"to":[18,6,5.87868],"rotation":{"angle":0,"axis":"y","origin":[8,4,8]},"faces":{"north":{"uv":[4.5,4,9.5,5],"texture":"#1"},"east":{"uv":[12,2.25,12.5,3.25],"texture":"#1"},"west":{"uv":[3,12,3.5,13],"texture":"#1"},"up":{"uv":[5,9,0,8.5],"texture":"#1"},"down":{"uv":[5,9,0,9.5],"texture":"#1"}}},{"from":[-2,2.5,3.67157],"to":[18,5.5,5.67157],"rotation":{"angle":45,"axis":"x","origin":[8,4,8]},"faces":{"north":{"uv":[7,6,12,6.75],"texture":"#1"},"east":{"uv":[12,3.25,12.5,4],"texture":"#1"},"west":{"uv":[12,6,12.5,6.75],"texture":"#1"},"up":{"uv":[10,9.5,5,9],"texture":"#1"},"down":{"uv":[5,9.5,0,10],"texture":"#1"}}},{"from":[-2,2.5,3.67157],"to":[18,5.5,5.67157],"rotation":{"angle":-45,"axis":"x","origin":[8,4,8]},"faces":{"north":{"uv":[7,6.75,12,7.5],"texture":"#1"},"east":{"uv":[12,6.75,12.5,7.5],"texture":"#1"},"west":{"uv":[12,7.5,12.5,8.25],"texture":"#1"},"up":{"uv":[14.5,4.5,9.5,4],"texture":"#1"},"down":{"uv":[14.5,4.5,9.5,5],"texture":"#1"}}},{"from":[-2,2.5,10.32843],"to":[18,5.5,12.32843],"rotation":{"angle":45,"axis":"x","origin":[8,4,8]},"faces":{"north":{"uv":[7,7.5,12,8.25],"texture":"#1"},"east":{"uv":[12,10.75,12.5,11.5],"texture":"#1"},"south":{"uv":[0,7.75,5,8.5],"texture":"#1"},"west":{"uv":[4.5,12.25,5,13],"texture":"#1"},"up":{"uv":[10,10,5,9.5],"texture":"#1"},"down":{"uv":[14.5,5,9.5,5.5],"texture":"#1"}}},{"from":[-2,2,10.12132],"to":[18,6,12.12132],"rotation":{"angle":0,"axis":"y","origin":[8,4,8]},"faces":{"east":{"uv":[3.5,12,4,13],"texture":"#1"},"south":{"uv":[4.5,5,9.5,6],"texture":"#1"},"west":{"uv":[4,12,4.5,13],"texture":"#1"},"up":{"uv":[14.5,6,9.5,5.5],"texture":"#1"},"down":{"uv":[5,10,0,10.5],"texture":"#1"}}},{"from":[-2,2.5,10.32843],"to":[18,5.5,12.32843],"rotation":{"angle":-45,"axis":"x","origin":[8,4,8]},"faces":{"east":{"uv":[5,12.25,5.5,13],"texture":"#1"},"south":{"uv":[7,6,12,6.75],"texture":"#1"},"west":{"uv":[5.5,12.25,6,13],"texture":"#1"},"up":{"uv":[10,10.5,5,10],"texture":"#1"},"down":{"uv":[15,8.25,10,8.75],"texture":"#1"}}},{"from":[-2,6.12132,6],"to":[18,8.12132,10],"rotation":{"angle":0,"axis":"y","origin":[8,4,8]},"faces":{"north":{"uv":[10,8.75,15,9.25],"texture":"#1"},"east":{"uv":[0,7.25,1,7.75],"texture":"#1"},"south":{"uv":[10,9.25,15,9.75],"texture":"#1"},"west":{"uv":[1,7.25,2,7.75],"texture":"#1"},"up":{"uv":[10.5,1,5.5,0],"texture":"#1"},"down":{"uv":[10.5,1,5.5,2],"texture":"#1"}}},{"from":[-2,-0.12132,6],"to":[18,1.87868,10],"rotation":{"angle":0,"axis":"y","origin":[8,4,8]},"faces":{"north":{"uv":[10,9.75,15,10.25],"texture":"#1"},"east":{"uv":[2,7.25,3,7.75],"texture":"#1"},"south":{"uv":[10,10.25,15,10.75],"texture":"#1"},"west":{"uv":[3,7.25,4,7.75],"texture":"#1"},"up":{"uv":[10.5,3,5.5,2],"texture":"#1"},"down":{"uv":[10.5,3,5.5,4],"texture":"#1"}}},{"from":[13.9,1.9,11.14203],"to":[18.1,6,12.24203],"rotation":{"angle":0,"axis":"y","origin":[6,4,7.97929]},"faces":{"north":{"uv":[4.5,11.25,5.5,12.25],"texture":"#1"},"east":{"uv":[7.5,12.25,7.75,13.25],"texture":"#1"},"south":{"uv":[5.5,11.25,6.5,12.25],"texture":"#1"},"west":{"uv":[7.75,12.25,8,13.25],"texture":"#1"},"up":{"uv":[10,10.75,9,10.5],"texture":"#1"},"down":{"uv":[13.5,2.5,12.5,2.75],"texture":"#1"}}},{"from":[13.9,2.37071,11.31985],"to":[18.09,5.47071,12.41985],"rotation":{"angle":-45,"axis":"x","origin":[6,3.97071,7.95]},"faces":{"north":{"uv":[9.5,11.5,10.5,12.25],"texture":"#1"},"east":{"uv":[12.5,12.5,12.75,13.25],"texture":"#1"},"south":{"uv":[10.5,11.5,11.5,12.25],"texture":"#1"},"west":{"uv":[0,12.75,0.25,13.5],"texture":"#1"},"up":{"uv":[13.5,3,12.5,2.75],"texture":"#1"},"down":{"uv":[13.5,3,12.5,3.25],"texture":"#1"}}},{"from":[13.9,7.09203,5.95],"to":[18.1,8.19203,10.05],"rotation":{"angle":0,"axis":"y","origin":[6,3.92929,7.95]},"faces":{"north":{"uv":[12.5,3.25,13.5,3.5],"texture":"#1"},"east":{"uv":[12.5,3.5,13.5,3.75],"texture":"#1"},"south":{"uv":[12.5,3.75,13.5,4],"texture":"#1"},"west":{"uv":[6,12.5,7,12.75],"texture":"#1"},"up":{"uv":[7.5,12.25,6.5,11.25],"texture":"#1"},"down":{"uv":[8.5,11.25,7.5,12.25],"texture":"#1"}}},{"from":[13.9,2.37071,3.58015],"to":[18.09,5.47071,4.68015],"rotation":{"angle":45,"axis":"x","origin":[6,3.97071,8.05]},"faces":{"north":{"uv":[10.5,11.5,11.5,12.25],"texture":"#1"},"east":{"uv":[0.25,12.75,0.5,13.5],"texture":"#1"},"south":{"uv":[11.5,11.5,12.5,12.25],"texture":"#1"},"west":{"uv":[0,12.75,0.25,13.5],"texture":"#1"},"up":{"uv":[13.5,6.25,12.5,6],"texture":"#1"},"down":{"uv":[13.5,6.25,12.5,6.5],"texture":"#1"}}},{"from":[13.9,1.9,3.75797],"to":[18.1,6,4.85797],"rotation":{"angle":0,"axis":"y","origin":[6,4,8.02071]},"faces":{"north":{"uv":[5.5,11.25,6.5,12.25],"texture":"#1"},"east":{"uv":[8,12.25,8.25,13.25],"texture":"#1"},"south":{"uv":[0,11.5,1,12.5],"texture":"#1"},"west":{"uv":[7.75,12.25,8,13.25],"texture":"#1"},"up":{"uv":[13.5,6.75,12.5,6.5],"texture":"#1"},"down":{"uv":[13.5,6.75,12.5,7],"texture":"#1"}}},{"from":[13.9,-0.29203,5.95],"to":[18.1,0.80797,10.05],"rotation":{"angle":0,"axis":"y","origin":[6,3.97071,7.95]},"faces":{"north":{"uv":[12.5,7,13.5,7.25],"texture":"#1"},"east":{"uv":[12.5,7.25,13.5,7.5],"texture":"#1"},"south":{"uv":[12.5,7.5,13.5,7.75],"texture":"#1"},"west":{"uv":[12.5,7.75,13.5,8],"texture":"#1"},"up":{"uv":[2,12.5,1,11.5],"texture":"#1"},"down":{"uv":[3,11.5,2,12.5],"texture":"#1"}}},{"from":[13.9,2.4,11.39056],"to":[18.09,5.5,12.49056],"rotation":{"angle":45,"axis":"x","origin":[6,4,8.02071]},"faces":{"north":{"uv":[12,0,13,0.75],"texture":"#1"},"east":{"uv":[0.5,12.75,0.75,13.5],"texture":"#1"},"south":{"uv":[12,0.75,13,1.5],"texture":"#1"},"west":{"uv":[0.75,12.75,1,13.5],"texture":"#1"},"up":{"uv":[13.5,8.25,12.5,8],"texture":"#1"},"down":{"uv":[9.25,12.5,8.25,12.75],"texture":"#1"}}},{"from":[13.9,2.4,3.50944],"to":[18.09,5.5,4.60944],"rotation":{"angle":-45,"axis":"x","origin":[6,4,7.97929]},"faces":{"north":{"uv":[12,0.75,13,1.5],"texture":"#1"},"east":{"uv":[1,12.75,1.25,13.5],"texture":"#1"},"south":{"uv":[12,1.5,13,2.25],"texture":"#1"},"west":{"uv":[0.75,12.75,1,13.5],"texture":"#1"},"up":{"uv":[10.25,12.75,9.25,12.5],"texture":"#1"},"down":{"uv":[11.25,12.5,10.25,12.75],"texture":"#1"}}},{"from":[-2.1,1.9,11.14203],"to":[2.1,6,12.24203],"rotation":{"angle":0,"axis":"y","origin":[10,4,7.97929]},"faces":{"north":{"uv":[5.5,11.25,4.5,12.25],"texture":"#1"},"east":{"uv":[7.75,12.25,8,13.25],"texture":"#1"},"south":{"uv":[5.5,11.25,6.5,12.25],"texture":"#1"},"west":{"uv":[7.75,12.25,7.5,13.25],"texture":"#1"},"up":{"uv":[10,10.5,9,10.75],"texture":"#1"},"down":{"uv":[13.5,2.5,12.5,2.75],"texture":"#1"}}},{"from":[-2.09,2.37071,11.31985],"to":[2.1,5.47071,12.41985],"rotation":{"angle":-45,"axis":"x","origin":[10,3.97071,7.95]},"faces":{"north":{"uv":[10.5,11.5,9.5,12.25],"texture":"#1"},"east":{"uv":[0,12.75,0.25,13.5],"texture":"#1"},"south":{"uv":[10.5,11.5,11.5,12.25],"texture":"#1"},"west":{"uv":[12.75,12.5,12.5,13.25],"texture":"#1"},"up":{"uv":[13.5,2.75,12.5,3],"texture":"#1"},"down":{"uv":[13.5,3,12.5,3.25],"texture":"#1"}}},{"from":[-2.1,7.09203,5.95],"to":[2.1,8.19203,10.05],"rotation":{"angle":0,"axis":"y","origin":[10,3.92929,7.95]},"faces":{"north":{"uv":[13.5,3.25,12.5,3.5],"texture":"#1"},"east":{"uv":[7,12.5,6,12.75],"texture":"#1"},"south":{"uv":[13.5,3.75,12.5,4],"texture":"#1"},"west":{"uv":[13.5,3.5,12.5,3.75],"texture":"#1"},"up":{"uv":[7.5,11.25,6.5,12.25],"texture":"#1"},"down":{"uv":[8.5,11.25,7.5,12.25],"texture":"#1"}}},{"from":[-2.09,2.37071,3.58015],"to":[2.1,5.47071,4.68015],"rotation":{"angle":45,"axis":"x","origin":[10,3.97071,8.05]},"faces":{"north":{"uv":[11.5,11.5,10.5,12.25],"texture":"#1"},"east":{"uv":[0.25,12.75,0,13.5],"texture":"#1"},"south":{"uv":[12.5,11.5,11.5,12.25],"texture":"#1"},"west":{"uv":[0.5,12.75,0.25,13.5],"texture":"#1"},"up":{"uv":[13.5,6,12.5,6.25],"texture":"#1"},"down":{"uv":[13.5,6.25,12.5,6.5],"texture":"#1"}}},{"from":[-2.1,1.9,3.75797],"to":[2.1,6,4.85797],"rotation":{"angle":0,"axis":"y","origin":[10,4,8.02071]},"faces":{"north":{"uv":[6.5,11.25,5.5,12.25],"texture":"#1"},"east":{"uv":[8,12.25,7.75,13.25],"texture":"#1"},"south":{"uv":[1,11.5,0,12.5],"texture":"#1"},"west":{"uv":[8.25,12.25,8,13.25],"texture":"#1"},"up":{"uv":[13.5,6.5,12.5,6.75],"texture":"#1"},"down":{"uv":[13.5,6.75,12.5,7],"texture":"#1"}}},{"from":[-2.1,-0.29203,5.95],"to":[2.1,0.80797,10.05],"rotation":{"angle":0,"axis":"y","origin":[10,3.97071,7.95]},"faces":{"north":{"uv":[13.5,7,12.5,7.25],"texture":"#1"},"east":{"uv":[13.5,7.75,12.5,8],"texture":"#1"},"south":{"uv":[13.5,7.5,12.5,7.75],"texture":"#1"},"west":{"uv":[13.5,7.25,12.5,7.5],"texture":"#1"},"up":{"uv":[2,11.5,1,12.5],"texture":"#1"},"down":{"uv":[3,11.5,2,12.5],"texture":"#1"}}},{"from":[-2.09,2.4,11.39056],"to":[2.1,5.5,12.49056],"rotation":{"angle":45,"axis":"x","origin":[10,4,8.02071]},"faces":{"north":{"uv":[13,0,12,0.75],"texture":"#1"},"east":{"uv":[0.75,12.75,1,13.5],"texture":"#1"},"south":{"uv":[12,0.75,13,1.5],"texture":"#1"},"west":{"uv":[0.75,12.75,0.5,13.5],"texture":"#1"},"up":{"uv":[13.5,8,12.5,8.25],"texture":"#1"},"down":{"uv":[9.25,12.5,8.25,12.75],"texture":"#1"}}},{"from":[-2.09,2.4,3.50944],"to":[2.1,5.5,4.60944],"rotation":{"angle":-45,"axis":"x","origin":[10,4,7.97929]},"faces":{"north":{"uv":[13,0.75,12,1.5],"texture":"#1"},"east":{"uv":[1,12.75,0.75,13.5],"texture":"#1"},"south":{"uv":[13,1.5,12,2.25],"texture":"#1"},"west":{"uv":[1.25,12.75,1,13.5],"texture":"#1"},"up":{"uv":[10.25,12.5,9.25,12.75],"texture":"#1"},"down":{"uv":[11.25,12.5,10.25,12.75],"texture":"#1"}}},{"from":[4.9,1.9,11.14203],"to":[11.1,6,12.24203],"rotation":{"angle":0,"axis":"y","origin":[-2,4,7.97929]},"faces":{"north":{"uv":[0,6.25,1.5,7.25],"texture":"#1"},"east":{"uv":[7,12.5,7.25,13.5],"texture":"#1"},"south":{"uv":[1.5,6.25,3,7.25],"texture":"#1"},"west":{"uv":[7.25,12.5,7.5,13.5],"texture":"#1"},"up":{"uv":[6.5,8,5,7.75],"texture":"#1"},"down":{"uv":[6.5,8,5,8.25],"texture":"#1"}}},{"from":[4.9,2.37071,11.31985],"to":[11.1,5.47071,12.41985],"rotation":{"angle":-45,"axis":"x","origin":[-2,3.97071,7.95]},"faces":{"north":{"uv":[3,10.5,4.5,11.25],"texture":"#1"},"east":{"uv":[1.25,12.75,1.5,13.5],"texture":"#1"},"south":{"uv":[10.5,3,12,3.75],"texture":"#1"},"west":{"uv":[1.5,12.75,1.75,13.5],"texture":"#1"},"up":{"uv":[12,4,10.5,3.75],"texture":"#1"},"down":{"uv":[7.5,12.25,6,12.5],"texture":"#1"}}},{"from":[4.9,7.09203,5.95],"to":[11.1,8.19203,10.05],"rotation":{"angle":0,"axis":"y","origin":[-2,3.92929,7.95]},"faces":{"east":{"uv":[12.5,10.75,13.5,11],"texture":"#1"},"west":{"uv":[12.5,11,13.5,11.25],"texture":"#1"},"up":{"uv":[4.5,7.25,3,6.25],"texture":"#1"},"down":{"uv":[1.5,10.5,0,11.5],"texture":"#1"}}},{"from":[4.9,2.37071,3.58015],"to":[11.1,5.47071,4.68015],"rotation":{"angle":45,"axis":"x","origin":[-2,3.97071,8.05]},"faces":{"north":{"uv":[4.5,10.5,6,11.25],"texture":"#1"},"east":{"uv":[1.75,12.75,2,13.5],"texture":"#1"},"south":{"uv":[6,10.5,7.5,11.25],"texture":"#1"},"west":{"uv":[2,12.75,2.25,13.5],"texture":"#1"}}},{"from":[4.9,1.9,3.75797],"to":[11.1,6,4.85797],"rotation":{"angle":0,"axis":"y","origin":[-2,4,8.02071]},"faces":{"north":{"uv":[10.5,0,12,1],"texture":"#1"},"east":{"uv":[11.25,12.5,11.5,13.5],"texture":"#1"},"south":{"uv":[10.5,1,12,2],"texture":"#1"},"west":{"uv":[12.5,11.25,12.75,12.25],"texture":"#1"}}},{"from":[3,-1,3.75797],"to":[13,6,3.75797],"rotation":{"angle":22.5,"axis":"x","origin":[8,6,3.75797]},"faces":{"north":{"uv":[4.5,6,7,7.75],"texture":"#1"},"east":{"uv":[0,0,0,1.75],"texture":"#1"},"south":{"uv":[7,6,4.5,7.75],"texture":"#1"},"west":{"uv":[0,0,0,1.75],"texture":"#1"},"up":{"uv":[2.5,0,0,0],"texture":"#1"},"down":{"uv":[0,0,2.5,0],"texture":"#1"}}},{"from":[4.9,-0.29203,5.95],"to":[11.1,0.80797,10.05],"rotation":{"angle":0,"axis":"y","origin":[-2,3.97071,7.95]},"faces":{"east":{"uv":[11.5,12.5,12.5,12.75],"texture":"#1"},"south":{"uv":[9.5,12.25,11,12.5],"texture":"#1"},"west":{"uv":[12.5,12.25,13.5,12.5],"texture":"#1"},"up":{"uv":[3,11.5,1.5,10.5],"texture":"#1"},"down":{"uv":[12,2,10.5,3],"texture":"#1"}}},{"from":[4.9,2.4,11.39056],"to":[11.1,5.5,12.49056],"rotation":{"angle":45,"axis":"x","origin":[-2,4,8.02071]},"faces":{"north":{"uv":[7.5,10.5,9,11.25],"texture":"#1"},"east":{"uv":[2.25,12.75,2.5,13.5],"texture":"#1"},"south":{"uv":[9,10.75,10.5,11.5],"texture":"#1"},"west":{"uv":[2.5,12.75,2.75,13.5],"texture":"#1"},"up":{"uv":[12.5,12.5,11,12.25],"texture":"#1"},"down":{"uv":[1.5,12.5,0,12.75],"texture":"#1"}}},{"from":[4.9,2.4,3.50944],"to":[11.1,5.5,4.60944],"rotation":{"angle":-45,"axis":"x","origin":[-2,4,7.97929]},"faces":{"north":{"uv":[10.5,10.75,12,11.5],"texture":"#1"},"east":{"uv":[2.75,12.75,3,13.5],"texture":"#1"},"south":{"uv":[3,11.25,4.5,12],"texture":"#1"},"west":{"uv":[6,12.75,6.25,13.5],"texture":"#1"},"up":{"uv":[3,12.75,1.5,12.5],"texture":"#1"},"down":{"uv":[14,2.25,12.5,2.5],"texture":"#1"}}},{"from":[-3,2,6],"to":[19,6,10],"rotation":{"angle":-45,"axis":"x","origin":[8,4,8]},"faces":{"north":{"uv":[0,0,5.5,1],"texture":"#1"},"east":{"uv":[8.5,11.5,9.5,12.5],"texture":"#1"},"south":{"uv":[0,1,5.5,2],"texture":"#1"},"west":{"uv":[8.5,11.5,9.5,12.5],"texture":"#1"},"up":{"uv":[5.5,3,0,2],"texture":"#1"},"down":{"uv":[5.5,3,0,4],"texture":"#1"}}},{"from":[18.05,-0.5,3.5],"to":[18.05,8.5,12.5],"rotation":{"angle":0,"axis":"y","origin":[7,4,8]},"faces":{"north":{"uv":[0,0,0,2.25],"texture":"#1"},"east":{"uv":[3.125,13.125,5.375,15.375],"texture":"#1"},"south":{"uv":[0,0,0,2.25],"texture":"#1"},"up":{"uv":[0,0,0,2.25],"texture":"#1"},"down":{"uv":[0,0,0,2.25],"texture":"#1"}}},{"from":[-2.05,-0.5,3.5],"to":[-2.05,8.5,12.5],"rotation":{"angle":0,"axis":"y","origin":[9,4,8]},"faces":{"north":{"uv":[0,0,0,2.25],"texture":"#1"},"south":{"uv":[0,0,0,2.25],"texture":"#1"},"west":{"uv":[5.375,13.125,3.125,15.375],"texture":"#1"},"up":{"uv":[0,0,0,2.25],"texture":"#1"},"down":{"uv":[0,0,0,2.25],"texture":"#1"}}}],"gui_light":"front","display":{"thirdperson_righthand":{"rotation":[75,0,0],"translation":[0.25,1.75,2],"scale":[0.3,0.3,0.3]},"thirdperson_lefthand":{"rotation":[75,0,0],"translation":[0.25,1.75,2],"scale":[0.3,0.3,0.3]},"firstperson_righthand":{"rotation":[0,135,0],"translation":[0.75,4.5,0],"scale":[0.33164,0.33164,0.33164]},"firstperson_lefthand":{"rotation":[0,135,0],"translation":[0.75,4.5,0],"scale":[0.33164,0.33164,0.33164]},"ground":{"rotation":[-10.35,-8.06,75.34],"translation":[-1.5,13.25,-2],"scale":[0.7,0.7,0.7]},"gui":{"rotation":[30,135,0],"translation":[0,2.5,0],"scale":[0.7293,0.7293,0.7293]},"head":{"rotation":[0,-180,0],"translation":[0,-30.4,0],"scale":[0,0,0]},"fixed":{"rotation":[-31,0,0],"translation":[0,2.5,-6]}}}