{"format_version":"1.21.6","credit":"Naruto RPG","texture_size":[32,32],"textures":{"0":"objetos:item/objetos_key_sabio","particle":"objetos:item/objetos_key_sabio"},"elements":[{"from":[6.9,0,8],"to":[9.1,4,12],"rotation":{"angle":22.5,"axis":"x","origin":[8,2,12]},"faces":{"north":{"uv":[2,0,3,2],"texture":"#0"},"east":{"uv":[0,0,2,2],"texture":"#0"},"south":{"uv":[2,2,3,4],"texture":"#0"},"west":{"uv":[0,2,2,4],"texture":"#0"},"up":{"uv":[4,2,3,0],"texture":"#0"},"down":{"uv":[4,2,3,4],"texture":"#0"}}},{"from":[6.7,3,9],"to":[9.3,5,11],"rotation":{"angle":22.5,"axis":"x","origin":[8,2,12]},"faces":{"north":{"uv":[1,4,2.5,5],"texture":"#0"},"east":{"uv":[0,6,1,7],"texture":"#0"},"south":{"uv":[4,2,5.5,3],"texture":"#0"},"west":{"uv":[1,6,2,7],"texture":"#0"},"up":{"uv":[4,5,2.5,4],"texture":"#0"},"down":{"uv":[5.5,3,4,4],"texture":"#0"}}},{"from":[6.7,-1,9],"to":[9.3,1,11],"rotation":{"angle":22.5,"axis":"x","origin":[8,2,12]},"faces":{"north":{"uv":[4,4,5.5,5],"texture":"#0"},"east":{"uv":[2,6,3,7],"texture":"#0"},"south":{"uv":[5,0,6.5,1],"texture":"#0"},"west":{"uv":[3,6,4,7],"texture":"#0"},"up":{"uv":[2.5,6,1,5],"texture":"#0"},"down":{"uv":[6.5,1,5,2],"texture":"#0"}}},{"from":[7,1.2,3.4],"to":[9,3.2,4.4],"rotation":{"angle":-45,"axis":"z","origin":[8,2.2,6.4]},"faces":{"north":{"uv":[6,3,7,4],"texture":"#0"},"east":{"uv":[6.5,6.5,7,7.5],"texture":"#0"},"south":{"uv":[4,6,5,7],"texture":"#0"},"west":{"uv":[0,7,0.5,8],"texture":"#0"},"up":{"uv":[7.5,2,6.5,1.5],"texture":"#0"},"down":{"uv":[1.5,7,0.5,7.5],"texture":"#0"}}},{"from":[7,1,8],"to":[9,5,9],"rotation":{"angle":0,"axis":"y","origin":[8,2,7]},"faces":{"north":{"uv":[0,4,1,6],"texture":"#0"},"east":{"uv":[6,4,6.5,6],"texture":"#0"},"south":{"uv":[4,0,5,2],"texture":"#0"},"west":{"uv":[5,6,5.5,8],"texture":"#0"},"up":{"uv":[2.5,7.5,1.5,7],"texture":"#0"},"down":{"uv":[3.5,7,2.5,7.5],"texture":"#0"}}},{"from":[7.5,1.5,4],"to":[8.5,2.5,8],"rotation":{"angle":0,"axis":"y","origin":[8,2,7]},"faces":{"north":{"uv":[7,6.5,7.5,7],"texture":"#0"},"east":{"uv":[6,6,8,6.5],"texture":"#0"},"south":{"uv":[7,7,7.5,7.5],"texture":"#0"},"west":{"uv":[6.5,0,8.5,0.5],"texture":"#0"},"up":{"uv":[7,6,6.5,4],"texture":"#0"},"down":{"uv":[6.5,6.5,6,8.5],"texture":"#0"}}},{"from":[7.5,3.32843,3.41421],"to":[8.5,4.32843,8.41421],"rotation":{"angle":0,"axis":"y","origin":[8,3.82843,9.41421]},"faces":{"north":{"uv":[0.5,7.5,1,8],"texture":"#0"},"east":{"uv":[5.5,2,8,2.5],"texture":"#0"},"south":{"uv":[1,7.5,1.5,8],"texture":"#0"},"west":{"uv":[5.5,2.5,8,3],"texture":"#0"},"up":{"uv":[6,5.5,5.5,3],"texture":"#0"},"down":{"uv":[6,5.5,5.5,8],"texture":"#0"}}},{"from":[6.5,0.7,2.4],"to":[9.5,2.7,3.4],"rotation":{"angle":0,"axis":"y","origin":[0,0.2,9.4]},"faces":{"north":{"uv":[2.5,5,4,6],"texture":"#0"},"east":{"uv":[7,3,7.5,4],"texture":"#0"},"south":{"uv":[4,5,5.5,6],"texture":"#0"},"west":{"uv":[3.5,7,4,8],"texture":"#0"},"up":{"uv":[8,1,6.5,0.5],"texture":"#0"},"down":{"uv":[8,1,6.5,1.5],"texture":"#0"}}},{"from":[7.5,2.7,2.4],"to":[8.5,4.7,3.4],"rotation":{"angle":0,"axis":"y","origin":[0,0.2,9.4]},"faces":{"north":{"uv":[4,7,4.5,8],"texture":"#0"},"east":{"uv":[7,4,7.5,5],"texture":"#0"},"south":{"uv":[4.5,7,5,8],"texture":"#0"},"west":{"uv":[7,5,7.5,6],"texture":"#0"},"up":{"uv":[2,8,1.5,7.5],"texture":"#0"},"down":{"uv":[8,1.5,7.5,2],"texture":"#0"}}},{"from":[6.5,3.7,2.4],"to":[7.5,4.7,3.4],"rotation":{"angle":0,"axis":"y","origin":[0,0.2,9.4]},"faces":{"north":{"uv":[2,7.5,2.5,8],"texture":"#0"},"east":{"uv":[2.5,7.5,3,8],"texture":"#0"},"south":{"uv":[3,7.5,3.5,8],"texture":"#0"},"west":{"uv":[7.5,3,8,3.5],"texture":"#0"},"up":{"uv":[8,4,7.5,3.5],"texture":"#0"},"down":{"uv":[8,4,7.5,4.5],"texture":"#0"}}}],"gui_light":"front","display":{"thirdperson_righthand":{"rotation":[0,0,-180],"translation":[0.25,-3.75,-1],"scale":[0.7,0.7,0.7]},"thirdperson_lefthand":{"rotation":[0,0,-180],"translation":[0.25,-3.75,-1],"scale":[0.7,0.7,0.7]},"firstperson_righthand":{"rotation":[-17,0,-180],"translation":[2.5,-3.75,2]},"firstperson_lefthand":{"rotation":[-17,0,-180],"translation":[2.5,-3.75,2]},"ground":{"rotation":[-81.84,4.11,-177.94],"translation":[2.75,9.5,4.5],"scale":[0.8,0.8,1]},"gui":{"rotation":[-120,-56,-123.09],"translation":[2,6.25,0],"scale":[1.5,1.3,1.5]},"head":{"translation":[0,14.25,0],"scale":[0,0,0]},"fixed":{"rotation":[90,-45,-90],"translation":[6.25,-8.25,0],"scale":[2,2,2]}}}