{"credit":"Naruto RPG","texture_size":[64,64],"textures":{"1":"juugo:item/juugo_100"},"elements":[{"from":[2.618,18.904,7.844],"to":[6.128,22.18,15.176],"rotation":{"angle":-22.5,"axis":"y","origin":[4.373,20.542,12.68]},"faces":{"north":{"uv":[4.25,13.5,5.125,14.375],"texture":"#1"},"east":{"uv":[10.25,4.5,12.125,5.375],"texture":"#1"},"south":{"uv":[13.5,5.5,14.375,6.375],"texture":"#1"},"west":{"uv":[10.25,5.5,12.125,6.375],"texture":"#1"},"up":{"uv":[11.125,8.375,10.25,6.5],"texture":"#1"},"down":{"uv":[11.125,8.5,10.25,10.375],"texture":"#1"}}},{"from":[4.31374,19.372,7.77706],"to":[7.58974,21.712,12.61306],"rotation":{"angle":-45,"axis":"y","origin":[6.06874,20.542,10.42906]},"faces":{"north":{"uv":[14,2.75,14.875,3.375],"texture":"#1"},"east":{"uv":[13.25,9.75,14.5,10.375],"texture":"#1"},"south":{"uv":[5.25,14,6.125,14.625],"texture":"#1"},"west":{"uv":[13.25,10.5,14.5,11.125],"texture":"#1"},"up":{"uv":[5.125,13.5,4.25,12.25],"texture":"#1"},"down":{"uv":[13.125,7.75,12.25,9],"texture":"#1"}}},{"from":[3.33451,18.972,4.84391],"to":[7.17051,21.312,6.41991],"rotation":{"angle":-22.5,"axis":"y","origin":[4.75251,20.142,5.63191]},"faces":{"north":{"uv":[12.25,13.75,13.25,14.375],"texture":"#1"},"east":{"uv":[3.25,5,3.625,5.625],"texture":"#1"},"south":{"uv":[14,2,15,2.625],"texture":"#1"},"west":{"uv":[1.25,7,1.625,7.625],"texture":"#1"},"up":{"uv":[8.25,6.375,7.25,6],"texture":"#1"},"down":{"uv":[15,3.5,14,3.875],"texture":"#1"}}},{"from":[0.33451,18.972,5.63191],"to":[7.17051,23.312,5.63191],"rotation":{"angle":-22.5,"axis":"y","origin":[4.75251,20.142,5.63191]},"faces":{"north":{"uv":[10.25,2,12,3.125],"texture":"#1"},"east":{"uv":[0,0,0,1.125],"texture":"#1"},"south":{"uv":[10.25,3.25,12,4.375],"texture":"#1"},"west":{"uv":[0,0,0,1.125],"texture":"#1"},"up":{"uv":[1.75,0,0,0],"texture":"#1"},"down":{"uv":[1.75,0,0,0],"texture":"#1"}}},{"from":[3.33451,15.972,4.84391],"to":[7.17051,18.312,6.41991],"rotation":{"angle":-22.5,"axis":"y","origin":[4.75251,17.142,5.63191]},"faces":{"north":{"uv":[12.25,13.75,13.25,14.375],"texture":"#1"},"east":{"uv":[3.25,5,3.625,5.625],"texture":"#1"},"south":{"uv":[14,2,15,2.625],"texture":"#1"},"west":{"uv":[1.25,7,1.625,7.625],"texture":"#1"},"up":{"uv":[8.25,6.375,7.25,6],"texture":"#1"},"down":{"uv":[15,3.5,14,3.875],"texture":"#1"}}},{"from":[0.33451,15.972,5.63191],"to":[7.17051,20.312,5.63191],"rotation":{"angle":-22.5,"axis":"y","origin":[4.75251,17.142,5.63191]},"faces":{"north":{"uv":[10.25,2,12,3.125],"texture":"#1"},"east":{"uv":[0,0,0,1.125],"texture":"#1"},"south":{"uv":[10.25,3.25,12,4.375],"texture":"#1"},"west":{"uv":[0,0,0,1.125],"texture":"#1"},"up":{"uv":[1.75,0,0,0],"texture":"#1"},"down":{"uv":[1.75,0,0,0],"texture":"#1"}}},{"from":[3.33451,12.972,4.84391],"to":[7.17051,15.312,6.41991],"rotation":{"angle":-22.5,"axis":"y","origin":[4.75251,14.142,5.63191]},"faces":{"north":{"uv":[12.25,13.75,13.25,14.375],"texture":"#1"},"east":{"uv":[3.25,5,3.625,5.625],"texture":"#1"},"south":{"uv":[14,2,15,2.625],"texture":"#1"},"west":{"uv":[1.25,7,1.625,7.625],"texture":"#1"},"up":{"uv":[8.25,6.375,7.25,6],"texture":"#1"},"down":{"uv":[15,3.5,14,3.875],"texture":"#1"}}},{"from":[0.33451,12.972,5.63191],"to":[7.17051,17.312,5.63191],"rotation":{"angle":-22.5,"axis":"y","origin":[4.75251,14.142,5.63191]},"faces":{"north":{"uv":[10.25,2,12,3.125],"texture":"#1"},"east":{"uv":[0,0,0,1.125],"texture":"#1"},"south":{"uv":[10.25,3.25,12,4.375],"texture":"#1"},"west":{"uv":[0,0,0,1.125],"texture":"#1"},"up":{"uv":[1.75,0,0,0],"texture":"#1"},"down":{"uv":[1.75,0,0,0],"texture":"#1"}}},{"from":[8.82949,12.972,4.84391],"to":[12.66549,15.312,6.41991],"rotation":{"angle":22.5,"axis":"y","origin":[11.24749,14.142,5.63191]},"faces":{"north":{"uv":[13.25,13.75,12.25,14.375],"texture":"#1"},"east":{"uv":[1.625,7,1.25,7.625],"texture":"#1"},"south":{"uv":[15,2,14,2.625],"texture":"#1"},"west":{"uv":[3.625,5,3.25,5.625],"texture":"#1"},"up":{"uv":[7.25,6.375,8.25,6],"texture":"#1"},"down":{"uv":[14,3.5,15,3.875],"texture":"#1"}}},{"from":[8.82949,12.972,5.63191],"to":[15.66549,17.312,5.63191],"rotation":{"angle":22.5,"axis":"y","origin":[11.24749,14.142,5.63191]},"faces":{"north":{"uv":[12,2,10.25,3.125],"texture":"#1"},"east":{"uv":[0,0,0,1.125],"texture":"#1"},"south":{"uv":[12,3.25,10.25,4.375],"texture":"#1"},"west":{"uv":[0,0,0,1.125],"texture":"#1"},"up":{"uv":[0,0,1.75,0],"texture":"#1"},"down":{"uv":[0,0,1.75,0],"texture":"#1"}}},{"from":[8.82949,15.972,5.63191],"to":[15.66549,20.312,5.63191],"rotation":{"angle":22.5,"axis":"y","origin":[11.24749,17.142,5.63191]},"faces":{"north":{"uv":[12,2,10.25,3.125],"texture":"#1"},"east":{"uv":[0,0,0,1.125],"texture":"#1"},"south":{"uv":[12,3.25,10.25,4.375],"texture":"#1"},"west":{"uv":[0,0,0,1.125],"texture":"#1"},"up":{"uv":[0,0,1.75,0],"texture":"#1"},"down":{"uv":[0,0,1.75,0],"texture":"#1"}}},{"from":[8.82949,15.972,4.84391],"to":[12.66549,18.312,6.41991],"rotation":{"angle":22.5,"axis":"y","origin":[11.24749,17.142,5.63191]},"faces":{"north":{"uv":[13.25,13.75,12.25,14.375],"texture":"#1"},"east":{"uv":[1.625,7,1.25,7.625],"texture":"#1"},"south":{"uv":[15,2,14,2.625],"texture":"#1"},"west":{"uv":[3.625,5,3.25,5.625],"texture":"#1"},"up":{"uv":[7.25,6.375,8.25,6],"texture":"#1"},"down":{"uv":[14,3.5,15,3.875],"texture":"#1"}}},{"from":[8.82949,18.972,4.84391],"to":[12.66549,21.312,6.41991],"rotation":{"angle":22.5,"axis":"y","origin":[11.24749,20.142,5.63191]},"faces":{"north":{"uv":[13.25,13.75,12.25,14.375],"texture":"#1"},"east":{"uv":[1.625,7,1.25,7.625],"texture":"#1"},"south":{"uv":[15,2,14,2.625],"texture":"#1"},"west":{"uv":[3.625,5,3.25,5.625],"texture":"#1"},"up":{"uv":[7.25,6.375,8.25,6],"texture":"#1"},"down":{"uv":[14,3.5,15,3.875],"texture":"#1"}}},{"from":[8.82949,18.972,5.63191],"to":[15.66549,23.312,5.63191],"rotation":{"angle":22.5,"axis":"y","origin":[11.24749,20.142,5.63191]},"faces":{"north":{"uv":[12,2,10.25,3.125],"texture":"#1"},"east":{"uv":[0,0,0,1.125],"texture":"#1"},"south":{"uv":[12,3.25,10.25,4.375],"texture":"#1"},"west":{"uv":[0,0,0,1.125],"texture":"#1"},"up":{"uv":[0,0,1.75,0],"texture":"#1"},"down":{"uv":[0,0,1.75,0],"texture":"#1"}}},{"from":[9.872,18.904,7.844],"to":[13.382,22.18,15.176],"rotation":{"angle":22.5,"axis":"y","origin":[11.627,20.542,12.68]},"faces":{"north":{"uv":[13.5,6.5,14.375,7.375],"texture":"#1"},"east":{"uv":[10.25,10.5,12.125,11.375],"texture":"#1"},"south":{"uv":[13.25,13.5,14.125,14.375],"texture":"#1"},"west":{"uv":[1,11.25,2.875,12.125],"texture":"#1"},"up":{"uv":[12.125,8.375,11.25,6.5],"texture":"#1"},"down":{"uv":[12.125,8.5,11.25,10.375],"texture":"#1"}}},{"from":[8.41026,19.372,7.77706],"to":[11.68626,21.712,12.61306],"rotation":{"angle":45,"axis":"y","origin":[9.93126,20.542,10.42906]},"faces":{"north":{"uv":[8.25,14,9.125,14.625],"texture":"#1"},"east":{"uv":[13.25,11.25,14.5,11.875],"texture":"#1"},"south":{"uv":[9.25,14,10.125,14.625],"texture":"#1"},"west":{"uv":[13.25,12,14.5,12.625],"texture":"#1"},"up":{"uv":[13.125,10.25,12.25,9],"texture":"#1"},"down":{"uv":[13.125,10.25,12.25,11.5],"texture":"#1"}}},{"from":[9.872,13.904,7.844],"to":[13.382,17.18,15.176],"rotation":{"angle":22.5,"axis":"y","origin":[11.627,15.542,12.68]},"faces":{"north":{"uv":[10.25,13.75,11.125,14.625],"texture":"#1"},"east":{"uv":[12,3,13.875,3.875],"texture":"#1"},"south":{"uv":[11.25,13.75,12.125,14.625],"texture":"#1"},"west":{"uv":[12.25,0,14.125,0.875],"texture":"#1"},"up":{"uv":[1.875,14.125,1,12.25],"texture":"#1"},"down":{"uv":[2.875,12.25,2,14.125],"texture":"#1"}}},{"from":[8.41026,14.372,7.77706],"to":[11.68626,16.712,12.61306],"rotation":{"angle":45,"axis":"y","origin":[9.93126,15.542,10.42906]},"faces":{"north":{"uv":[14.25,0.75,15.125,1.375],"texture":"#1"},"east":{"uv":[13.5,4,14.75,4.625],"texture":"#1"},"south":{"uv":[1,14.25,1.875,14.875],"texture":"#1"},"west":{"uv":[13.5,4.75,14.75,5.375],"texture":"#1"},"up":{"uv":[12.125,13.75,11.25,12.5],"texture":"#1"},"down":{"uv":[6.125,12.75,5.25,14],"texture":"#1"}}},{"from":[2.618,13.904,7.844],"to":[6.128,17.18,15.176],"rotation":{"angle":-22.5,"axis":"y","origin":[4.373,15.542,12.68]},"faces":{"north":{"uv":[6.25,13.75,7.125,14.625],"texture":"#1"},"east":{"uv":[10.25,11.5,12.125,12.375],"texture":"#1"},"south":{"uv":[7.25,13.75,8.125,14.625],"texture":"#1"},"west":{"uv":[12,2,13.875,2.875],"texture":"#1"},"up":{"uv":[9.125,13.875,8.25,12],"texture":"#1"},"down":{"uv":[10.125,12,9.25,13.875],"texture":"#1"}}},{"from":[4.31374,14.372,7.77706],"to":[7.58974,16.712,12.61306],"rotation":{"angle":-45,"axis":"y","origin":[6.06874,15.542,10.42906]},"faces":{"north":{"uv":[0,14.25,0.875,14.875],"texture":"#1"},"east":{"uv":[13.25,12.75,14.5,13.375],"texture":"#1"},"south":{"uv":[14.25,0,15.125,0.625],"texture":"#1"},"west":{"uv":[3,13.5,4.25,14.125],"texture":"#1"},"up":{"uv":[13.125,12.75,12.25,11.5],"texture":"#1"},"down":{"uv":[11.125,12.5,10.25,13.75],"texture":"#1"}}},{"from":[3.4,11.2,5.7],"to":[8.1,23.6,10.3],"rotation":{"angle":0,"axis":"y","origin":[4,12,7]},"faces":{"north":{"uv":[2,5,3.125,8.125],"texture":"#1"},"east":{"uv":[6,0,7.125,3.125],"texture":"#1"},"south":{"uv":[3.25,6,4.375,9.125],"texture":"#1"},"west":{"uv":[6,3.25,7.125,6.375],"texture":"#1"},"up":{"uv":[4.125,13.375,3,12.25],"texture":"#1"},"down":{"uv":[13.375,4,12.25,5.125],"texture":"#1"}}},{"from":[7.9,11.2,5.7],"to":[12.6,23.6,10.3],"rotation":{"angle":0,"axis":"y","origin":[12,12,7]},"faces":{"north":{"uv":[4.5,6,5.625,9.125],"texture":"#1"},"east":{"uv":[5.75,6.5,6.875,9.625],"texture":"#1"},"south":{"uv":[0,7,1.125,10.125],"texture":"#1"},"west":{"uv":[7,6.5,8.125,9.625],"texture":"#1"},"up":{"uv":[13.375,6.375,12.25,5.25],"texture":"#1"},"down":{"uv":[13.375,6.5,12.25,7.625],"texture":"#1"}}}],"display":{"head":{"translation":[0,-69.25,0],"scale":[1.6,1.6,1.6]}}}