{"credit":"Naruto RPG","texture_size":[64,64],"textures":{"0":"explosivo:item/c0_arte","particle":"explosivo:item/c0_arte"},"elements":[{"from":[-0.15,23.8,5.9],"to":[4.05,23.8,10.1],"rotation":{"angle":0,"axis":"y","origin":[1.95,23.8,8]},"faces":{"north":{"uv":[0,0,1.1875,3],"rotation":270,"texture":"#0"},"east":{"uv":[4.5,6.3125,3.5,5.25],"rotation":90,"texture":"#0"},"south":{"uv":[0,0,1.125,3],"rotation":90,"texture":"#0"},"west":{"uv":[6.5,10,5.5,11.0625],"rotation":90,"texture":"#0"},"up":{"uv":[0.75,0,1.8125,1.875],"rotation":90,"texture":"#0"},"down":{"uv":[1.125,0,2.0625,3],"rotation":90,"texture":"#0"}}},{"from":[11.95,23.8,5.9],"to":[16.15,23.8,10.1],"rotation":{"angle":0,"axis":"y","origin":[14.05,23.8,8]},"faces":{"north":{"uv":[0,3,1.1875,0],"rotation":270,"texture":"#0"},"east":{"uv":[6.5,11.0625,5.5,10],"rotation":90,"texture":"#0"},"south":{"uv":[0,3,1.125,0],"rotation":90,"texture":"#0"},"west":{"uv":[4.5,5.25,3.5,6.3125],"rotation":90,"texture":"#0"},"up":{"uv":[0.75,1.875,1.8125,0],"rotation":90,"texture":"#0"},"down":{"uv":[1.125,3,2.0625,0],"rotation":90,"texture":"#0"}}},{"from":[4.2,18.6,4],"to":[7.8,22.2,6],"rotation":{"angle":0,"axis":"y","origin":[5,19.4,4]},"faces":{"north":{"uv":[10.5,7.5,11.375,8.375],"texture":"#0"},"east":{"uv":[6.5,10,7,10.875],"texture":"#0"},"south":{"uv":[10.5,8.5,11.375,9.375],"texture":"#0"},"west":{"uv":[0,10.75,0.5,11.625],"texture":"#0"},"up":{"uv":[1.375,11.25,0.5,10.75],"texture":"#0"},"down":{"uv":[10.375,11,9.5,11.5],"texture":"#0"}}},{"from":[3.9,11.5,4.9],"to":[12.1,23.5,11.1],"faces":{"north":{"uv":[0,0,2.0625,3],"texture":"#0"},"east":{"uv":[8,3,9.0625,6],"texture":"#0"},"south":{"uv":[0,0,2.0625,3],"texture":"#0"},"west":{"uv":[8,3,9.0625,6],"texture":"#0"},"up":{"uv":[11.5625,10.8125,9.5,9.75],"texture":"#0"},"down":{"uv":[5.3125,10,3.25,11.0625],"texture":"#0"}}},{"from":[-1.1,11.9,4.9],"to":[4,24.1,10.1],"rotation":{"angle":0,"axis":"y","origin":[0,0.5,0]},"faces":{"north":{"uv":[0,0,1.1875,3],"texture":"#0"},"east":{"uv":[1.125,0,2.0625,3],"texture":"#0"},"south":{"uv":[0,0,1.125,3],"texture":"#0"},"west":{"uv":[1.125,0,2.0625,3],"texture":"#0"},"up":{"uv":[4.5,6.3125,3.5,5.25],"texture":"#0"},"down":{"uv":[6.5,10,5.5,11.0625],"texture":"#0"}}},{"from":[8,-0.6,4.9],"to":[13.1,12.6,11.1],"rotation":{"angle":0,"axis":"y","origin":[8,5.5,8]},"faces":{"north":{"uv":[0,0,1.1875,3],"texture":"#0"},"east":{"uv":[1.125,0,2.0625,3],"texture":"#0"},"south":{"uv":[0,0,1.125,3],"texture":"#0"},"west":{"uv":[1.125,0,2.0625,3],"texture":"#0"},"up":{"uv":[4.5,6.3125,3.5,5.25],"texture":"#0"},"down":{"uv":[6.5,10,5.5,11.0625],"texture":"#0"}}},{"from":[2.9,-0.6,4.9],"to":[8,12.6,11.1],"rotation":{"angle":0,"axis":"y","origin":[8,5.5,8]},"faces":{"north":{"uv":[1.1875,0,0,3],"texture":"#0"},"east":{"uv":[2.0625,0,1.125,3],"texture":"#0"},"south":{"uv":[1.125,0,0,3],"texture":"#0"},"west":{"uv":[2.0625,0,1.125,3],"texture":"#0"},"up":{"uv":[3.5,6.3125,4.5,5.25],"texture":"#0"},"down":{"uv":[5.5,10,6.5,11.0625],"texture":"#0"}}},{"from":[12,11.9,4.9],"to":[17.1,24.1,11.1],"rotation":{"angle":0,"axis":"y","origin":[16,0.5,0]},"faces":{"north":{"uv":[1.1875,0,0,3],"texture":"#0"},"east":{"uv":[2.0625,0,1.125,3],"texture":"#0"},"south":{"uv":[1.125,0,0,3],"texture":"#0"},"west":{"uv":[2.0625,0,1.125,3],"texture":"#0"},"up":{"uv":[3.5,6.3125,4.5,5.25],"texture":"#0"},"down":{"uv":[5.5,10,6.5,11.0625],"texture":"#0"}}},{"from":[3.9,23.4,3.9],"to":[12.1,31.6,12.1],"faces":{"north":{"uv":[0,3,2.0625,5.0625],"texture":"#0"},"east":{"uv":[2.25,3,4.3125,5.0625],"texture":"#0"},"south":{"uv":[4.5,0,6.5625,2.0625],"texture":"#0"},"west":{"uv":[4.5,2.25,6.5625,4.3125],"texture":"#0"},"up":{"uv":[6.5625,6.5625,4.5,4.5],"texture":"#0"},"down":{"uv":[2.0625,5.25,0,7.3125],"texture":"#0"}}}],"display":{"head":{"translation":[0,-31.5,0],"scale":[1.7,1.7,1.7]}}}