{"credit":"Naruto RPG","texture_size":[32,32],"textures":{"0":"explosivo:item/c1_insecto","particle":"explosivo:item/c1_insecto"},"elements":[{"from":[6.48,1.28498,7.35784],"to":[9.52,3.56498,10.13784],"rotation":{"angle":0,"axis":"y","origin":[8,2.6214,8.77034]},"faces":{"north":{"uv":[0.75,5,4.75,8],"texture":"#0"},"east":{"uv":[8.25,1,5.25,4],"texture":"#0"},"south":{"uv":[4.75,5,8.75,8],"texture":"#0"},"west":{"uv":[5.25,1,8.25,4],"texture":"#0"},"up":{"uv":[0.75,4,4.75,1],"texture":"#0"},"down":{"uv":[12,0.5,16,3.5],"texture":"#0"}}},{"from":[6.86,1.28498,6.97784],"to":[9.14,3.56498,10.51784],"rotation":{"angle":0,"axis":"y","origin":[8,2.6214,8.77034]},"faces":{"north":{"uv":[1.25,5,4.25,8],"texture":"#0"},"east":{"uv":[8.75,1,4.75,4],"texture":"#0"},"south":{"uv":[5.25,5,8.25,8],"texture":"#0"},"west":{"uv":[4.75,1,8.75,4],"texture":"#0"},"up":{"uv":[1.25,4.5,4.25,0.5],"texture":"#0"},"down":{"uv":[12.5,0,15.5,4],"texture":"#0"}}},{"from":[6.86,0.90498,7.35784],"to":[9.14,3.94498,10.13784],"rotation":{"angle":0,"axis":"y","origin":[8,2.6214,8.77034]},"faces":{"north":{"uv":[1.25,4.5,4.25,8.5],"texture":"#0"},"east":{"uv":[8.25,0.5,5.25,4.5],"texture":"#0"},"south":{"uv":[5.25,4.5,8.25,8.5],"texture":"#0"},"west":{"uv":[5.25,0.5,8.25,4.5],"texture":"#0"},"up":{"uv":[1.25,4,4.25,1],"texture":"#0"},"down":{"uv":[12.5,0.5,15.5,3.5],"texture":"#0"}}},{"from":[7.11,-0.09502,7.35784],"to":[8.89,0.94498,10.13784],"rotation":{"angle":0,"axis":"y","origin":[8,1.6214,8.77034]},"faces":{"north":{"uv":[5.25,7,8.25,8.5],"texture":"#0"},"east":{"uv":[8.25,3,5.25,4.5],"texture":"#0"},"south":{"uv":[5.25,7,8.25,8.5],"texture":"#0"},"west":{"uv":[8.25,3,5.25,4.5],"texture":"#0"},"up":{"uv":[1.25,4,4.25,1],"texture":"#0"},"down":{"uv":[12.5,0.5,15.5,3.5],"texture":"#0"}}},{"from":[5.16851,0.17519,7.46784],"to":[7.54851,0.55519,7.84784],"rotation":{"angle":-22.5,"axis":"z","origin":[7.47373,0.28593,7.65784]},"faces":{"north":{"uv":[9,4.75,9.5,1.75],"rotation":90,"texture":"#0"},"east":{"uv":[11,1.5,11.5,2],"rotation":90,"texture":"#0"},"south":{"uv":[9.5,1.75,10,4.75],"rotation":90,"texture":"#0"},"west":{"uv":[11,1.5,11.5,2],"rotation":90,"texture":"#0"},"up":{"uv":[10.5,1.75,11,4.75],"rotation":90,"texture":"#0"},"down":{"uv":[10,1.75,10.5,4.75],"rotation":90,"texture":"#0"}}},{"from":[5.06703,-1.50314,7.46784],"to":[5.44703,1.41686,7.84784],"rotation":{"angle":0,"axis":"y","origin":[5.43203,1.40686,7.65784]},"faces":{"north":{"uv":[14,4,14.5,8.5],"rotation":180,"texture":"#0"},"east":{"uv":[15,4,15.5,8.5],"texture":"#0"},"south":{"uv":[14.5,4,15,8.5],"texture":"#0"},"west":{"uv":[15.5,4,16,8.5],"texture":"#0"},"up":{"uv":[12,3.5,12.5,4],"texture":"#0"},"down":{"uv":[15.5,3.5,16,4],"texture":"#0"}}},{"from":[8.45149,0.17519,7.46784],"to":[10.83149,0.55519,7.84784],"rotation":{"angle":22.5,"axis":"z","origin":[8.52627,0.28593,7.65784]},"faces":{"north":{"uv":[9,1.75,9.5,4.75],"rotation":90,"texture":"#0"},"east":{"uv":[11,2,11.5,1.5],"rotation":90,"texture":"#0"},"south":{"uv":[9.5,4.75,10,1.75],"rotation":90,"texture":"#0"},"west":{"uv":[11,2,11.5,1.5],"rotation":90,"texture":"#0"},"up":{"uv":[10.5,4.75,11,1.75],"rotation":90,"texture":"#0"},"down":{"uv":[10,4.75,10.5,1.75],"rotation":90,"texture":"#0"}}},{"from":[10.55297,-1.50314,7.46784],"to":[10.93297,1.41686,7.84784],"rotation":{"angle":0,"axis":"y","origin":[10.56797,1.40686,7.65784]},"faces":{"north":{"uv":[14.5,4,14,8.5],"rotation":180,"texture":"#0"},"east":{"uv":[16,4,15.5,8.5],"texture":"#0"},"south":{"uv":[15,4,14.5,8.5],"texture":"#0"},"west":{"uv":[15.5,4,15,8.5],"texture":"#0"},"up":{"uv":[12.5,3.5,12,4],"texture":"#0"},"down":{"uv":[16,3.5,15.5,4],"texture":"#0"}}},{"from":[5.16851,0.17519,8.56784],"to":[7.54851,0.55519,8.94784],"rotation":{"angle":-22.5,"axis":"z","origin":[7.47373,0.28593,8.75784]},"faces":{"north":{"uv":[9,4.75,9.5,1.75],"rotation":90,"texture":"#0"},"east":{"uv":[11,1.5,11.5,2],"rotation":90,"texture":"#0"},"south":{"uv":[9.5,1.75,10,4.75],"rotation":90,"texture":"#0"},"west":{"uv":[11,1.5,11.5,2],"rotation":90,"texture":"#0"},"up":{"uv":[10.5,1.75,11,4.75],"rotation":90,"texture":"#0"},"down":{"uv":[10,1.75,10.5,4.75],"rotation":90,"texture":"#0"}}},{"from":[5.06703,-1.50314,8.56784],"to":[5.44703,1.41686,8.94784],"rotation":{"angle":0,"axis":"y","origin":[5.43203,1.40686,8.75784]},"faces":{"north":{"uv":[14,4,14.5,8.5],"rotation":180,"texture":"#0"},"east":{"uv":[15,4,15.5,8.5],"texture":"#0"},"south":{"uv":[14.5,4,15,8.5],"texture":"#0"},"west":{"uv":[15.5,4,16,8.5],"texture":"#0"},"up":{"uv":[12,3.5,12.5,4],"texture":"#0"},"down":{"uv":[15.5,3.5,16,4],"texture":"#0"}}},{"from":[8.45149,0.17519,8.56784],"to":[10.83149,0.55519,8.94784],"rotation":{"angle":22.5,"axis":"z","origin":[8.52627,0.28593,8.75784]},"faces":{"north":{"uv":[9,1.75,9.5,4.75],"rotation":90,"texture":"#0"},"east":{"uv":[11,2,11.5,1.5],"rotation":90,"texture":"#0"},"south":{"uv":[9.5,4.75,10,1.75],"rotation":90,"texture":"#0"},"west":{"uv":[11,2,11.5,1.5],"rotation":90,"texture":"#0"},"up":{"uv":[10.5,4.75,11,1.75],"rotation":90,"texture":"#0"},"down":{"uv":[10,4.75,10.5,1.75],"rotation":90,"texture":"#0"}}},{"from":[10.55297,-1.50314,8.56784],"to":[10.93297,1.41686,8.94784],"rotation":{"angle":0,"axis":"y","origin":[10.56797,1.40686,8.75784]},"faces":{"north":{"uv":[14.5,4,14,8.5],"rotation":180,"texture":"#0"},"east":{"uv":[16,4,15.5,8.5],"texture":"#0"},"south":{"uv":[15,4,14.5,8.5],"texture":"#0"},"west":{"uv":[15.5,4,15,8.5],"texture":"#0"},"up":{"uv":[12.5,3.5,12,4],"texture":"#0"},"down":{"uv":[16,3.5,15.5,4],"texture":"#0"}}},{"from":[5.16851,0.17519,9.69284],"to":[7.54851,0.55519,10.07284],"rotation":{"angle":-22.5,"axis":"z","origin":[7.47373,0.28593,9.88284]},"faces":{"north":{"uv":[9,4.75,9.5,1.75],"rotation":90,"texture":"#0"},"east":{"uv":[11,1.5,11.5,2],"rotation":90,"texture":"#0"},"south":{"uv":[9.5,1.75,10,4.75],"rotation":90,"texture":"#0"},"west":{"uv":[11,1.5,11.5,2],"rotation":90,"texture":"#0"},"up":{"uv":[10.5,1.75,11,4.75],"rotation":90,"texture":"#0"},"down":{"uv":[10,1.75,10.5,4.75],"rotation":90,"texture":"#0"}}},{"from":[5.06703,-1.50314,9.69284],"to":[5.44703,1.41686,10.07284],"rotation":{"angle":0,"axis":"y","origin":[5.43203,1.40686,9.88284]},"faces":{"north":{"uv":[14,4,14.5,8.5],"rotation":180,"texture":"#0"},"east":{"uv":[15,4,15.5,8.5],"texture":"#0"},"south":{"uv":[14.5,4,15,8.5],"texture":"#0"},"west":{"uv":[15.5,4,16,8.5],"texture":"#0"},"up":{"uv":[12,3.5,12.5,4],"texture":"#0"},"down":{"uv":[15.5,3.5,16,4],"texture":"#0"}}},{"from":[8.45149,0.17519,9.69284],"to":[10.83149,0.55519,10.07284],"rotation":{"angle":22.5,"axis":"z","origin":[8.52627,0.28593,9.88284]},"faces":{"north":{"uv":[9,1.75,9.5,4.75],"rotation":90,"texture":"#0"},"east":{"uv":[11,2,11.5,1.5],"rotation":90,"texture":"#0"},"south":{"uv":[9.5,4.75,10,1.75],"rotation":90,"texture":"#0"},"west":{"uv":[11,2,11.5,1.5],"rotation":90,"texture":"#0"},"up":{"uv":[10.5,4.75,11,1.75],"rotation":90,"texture":"#0"},"down":{"uv":[10,4.75,10.5,1.75],"rotation":90,"texture":"#0"}}},{"from":[10.55297,-1.50314,9.69284],"to":[10.93297,1.41686,10.07284],"rotation":{"angle":0,"axis":"y","origin":[10.56797,1.40686,9.88284]},"faces":{"north":{"uv":[14.5,4,14,8.5],"rotation":180,"texture":"#0"},"east":{"uv":[16,4,15.5,8.5],"texture":"#0"},"south":{"uv":[15,4,14.5,8.5],"texture":"#0"},"west":{"uv":[15.5,4,15,8.5],"texture":"#0"},"up":{"uv":[12.5,3.5,12,4],"texture":"#0"},"down":{"uv":[16,3.5,15.5,4],"texture":"#0"}}},{"from":[2,3,6.5],"to":[7,3,12.5],"rotation":{"angle":-22.5,"axis":"z","origin":[4.5,3,9.5]},"faces":{"north":{"uv":[0,0,0,1.5],"rotation":90,"texture":"#0"},"east":{"uv":[0,0,2,0],"texture":"#0"},"south":{"uv":[0,0,0,1.5],"rotation":270,"texture":"#0"},"west":{"uv":[0,0,2,0],"rotation":180,"texture":"#0"},"up":{"uv":[8.25,9.25,0,16],"texture":"#0"},"down":{"uv":[0,9.25,8.25,16],"rotation":180,"texture":"#0"}}},{"from":[9,3,6.5],"to":[14,3,12.5],"rotation":{"angle":22.5,"axis":"z","origin":[11.5,3,9.5]},"faces":{"north":{"uv":[0,1.5,0,0],"rotation":90,"texture":"#0"},"east":{"uv":[2,0,0,0],"rotation":180,"texture":"#0"},"south":{"uv":[0,1.5,0,0],"rotation":270,"texture":"#0"},"west":{"uv":[2,0,0,0],"texture":"#0"},"up":{"uv":[0,9.25,8.25,16],"texture":"#0"},"down":{"uv":[8.25,9.25,0,16],"rotation":180,"texture":"#0"}}}],"display":{"head":{"translation":[0,-24,-2],"scale":[3,3,3]}}}