{"credit":"Naruto RPG","texture_size":[32,32],"textures":{"0":"explosivo:item/c1_murcielago","particle":"explosivo:item/c1_murcielago"},"elements":[{"from":[8.57,3.94498,7.07284],"to":[8.95,4.32498,7.45284],"rotation":{"angle":-22.5,"axis":"x","origin":[-0.55,3.18498,6.97784]},"faces":{"north":{"uv":[8,0,7.5,0.5],"texture":"#0"},"east":{"uv":[10.5,1,11,1.5],"texture":"#0"},"south":{"uv":[11.5,1,11,1.5],"texture":"#0"},"west":{"uv":[11.5,1,12,1.5],"texture":"#0"},"up":{"uv":[9,0,8.5,0.5],"texture":"#0"},"down":{"uv":[8.5,0,8,0.5],"texture":"#0"}}},{"from":[6.48,1.28498,7.35784],"to":[9.52,3.56498,9.63784],"rotation":{"angle":0,"axis":"y","origin":[6.1,0.90498,6.59784]},"faces":{"north":{"uv":[0.75,5,4.75,8],"texture":"#0"},"east":{"uv":[8.25,1,5.25,4],"texture":"#0"},"south":{"uv":[4.75,5,8.75,8],"texture":"#0"},"west":{"uv":[5.25,1,8.25,4],"texture":"#0"},"up":{"uv":[0.75,4,4.75,1],"texture":"#0"},"down":{"uv":[12,0.5,16,3.5],"texture":"#0"}}},{"from":[6.86,1.28498,6.97784],"to":[9.14,3.56498,10.01784],"rotation":{"angle":0,"axis":"y","origin":[6.1,0.90498,6.59784]},"faces":{"north":{"uv":[1.25,5,4.25,8],"texture":"#0"},"east":{"uv":[8.75,1,4.75,4],"texture":"#0"},"south":{"uv":[5.25,5,8.25,8],"texture":"#0"},"west":{"uv":[4.75,1,8.75,4],"texture":"#0"},"up":{"uv":[1.25,4.5,4.25,0.5],"texture":"#0"},"down":{"uv":[12.5,0,15.5,4],"texture":"#0"}}},{"from":[6.86,0.90498,7.35784],"to":[9.14,3.94498,9.63784],"rotation":{"angle":0,"axis":"y","origin":[6.1,0.90498,6.59784]},"faces":{"north":{"uv":[1.25,4.5,4.25,8.5],"texture":"#0"},"east":{"uv":[8.25,0.5,5.25,4.5],"texture":"#0"},"south":{"uv":[5.25,4.5,8.25,8.5],"texture":"#0"},"west":{"uv":[5.25,0.5,8.25,4.5],"texture":"#0"},"up":{"uv":[1.25,4,4.25,1],"texture":"#0"},"down":{"uv":[12.5,0.5,15.5,3.5],"texture":"#0"}}},{"from":[6.955,3.18498,6.97784],"to":[7.525,3.94498,7.54784],"rotation":{"angle":-22.5,"axis":"x","origin":[6.955,3.18498,6.97784]},"faces":{"north":{"uv":[9,0,9.75,1],"texture":"#0"},"east":{"uv":[10.5,0,11.25,1],"texture":"#0"},"south":{"uv":[11.25,0,12,1],"texture":"#0"},"west":{"uv":[9.75,0,10.5,1],"texture":"#0"},"up":{"uv":[9,1,9.75,1.75],"texture":"#0"},"down":{"uv":[9.75,1,10.5,1.75],"texture":"#0"}}},{"from":[7.05,3.94498,7.07284],"to":[7.43,4.32498,7.45284],"rotation":{"angle":-22.5,"axis":"x","origin":[8.19,3.18498,6.97784]},"faces":{"north":{"uv":[7.5,0,8,0.5],"texture":"#0"},"east":{"uv":[12,1,11.5,1.5],"texture":"#0"},"south":{"uv":[11,1,11.5,1.5],"texture":"#0"},"west":{"uv":[11,1,10.5,1.5],"texture":"#0"},"up":{"uv":[8.5,0,9,0.5],"texture":"#0"},"down":{"uv":[8,0,8.5,0.5],"texture":"#0"}}},{"from":[8.475,3.18498,6.97784],"to":[9.045,3.94498,7.54784],"rotation":{"angle":-22.5,"axis":"x","origin":[0.685,3.18498,6.97784]},"faces":{"north":{"uv":[9.75,0,9,1],"texture":"#0"},"east":{"uv":[10.5,0,9.75,1],"texture":"#0"},"south":{"uv":[12,0,11.25,1],"texture":"#0"},"west":{"uv":[11.25,0,10.5,1],"texture":"#0"},"up":{"uv":[9.75,1,9,1.75],"texture":"#0"},"down":{"uv":[10.5,1,9.75,1.75],"texture":"#0"}}},{"from":[0.4,2.61498,7.12984],"to":[6.48,2.61498,12.44984],"rotation":{"angle":0,"axis":"y","origin":[7.24,2.61498,8.45984]},"faces":{"north":{"uv":[0,0,16,0],"texture":"#0"},"east":{"uv":[0,0,14,0],"texture":"#0"},"south":{"uv":[0,0,16,0],"texture":"#0"},"west":{"uv":[0,0,14,0],"texture":"#0"},"up":{"uv":[8,9,0,16],"texture":"#0"},"down":{"uv":[8,16,0,9],"texture":"#0"}}},{"from":[-4.49501,2.60548,7.11833],"to":[1.20499,2.60548,12.43833],"rotation":{"angle":0,"axis":"y","origin":[0.25499,2.60548,9.39833]},"faces":{"north":{"uv":[0,0,15,0],"texture":"#0"},"east":{"uv":[0,0,14,0],"texture":"#0"},"south":{"uv":[0,0,15,0],"texture":"#0"},"west":{"uv":[0,0,14,0],"texture":"#0"},"up":{"uv":[8.5,9,16,16],"rotation":180,"texture":"#0"},"down":{"uv":[16,9,8.5,16],"texture":"#0"}}},{"from":[4.2,2.42498,8.11784],"to":[6.48,2.80498,8.49784],"rotation":{"angle":0,"axis":"y","origin":[7.24,2.61498,8.30784]},"faces":{"north":{"uv":[9,4.75,9.5,1.75],"rotation":90,"texture":"#0"},"east":{"uv":[11,1.5,11.5,2],"rotation":90,"texture":"#0"},"south":{"uv":[9.5,1.75,10,4.75],"rotation":90,"texture":"#0"},"west":{"uv":[11,1.5,11.5,2],"rotation":90,"texture":"#0"},"up":{"uv":[10.5,1.75,11,4.75],"rotation":90,"texture":"#0"},"down":{"uv":[10,1.75,10.5,4.75],"rotation":90,"texture":"#0"}}},{"from":[0.85271,2.42498,8.1323],"to":[4.27271,2.80498,8.5123],"rotation":{"angle":-22.5,"axis":"y","origin":[4.27271,2.61498,8.3223]},"faces":{"north":{"uv":[14,4,14.5,8.5],"rotation":90,"texture":"#0"},"east":{"uv":[12,3.5,12.5,4],"rotation":90,"texture":"#0"},"south":{"uv":[14.5,4,15,8.5],"rotation":90,"texture":"#0"},"west":{"uv":[15.5,3.5,16,4],"rotation":90,"texture":"#0"},"up":{"uv":[15.5,4,16,8.5],"rotation":90,"texture":"#0"},"down":{"uv":[15,4,15.5,8.5],"rotation":90,"texture":"#0"}}},{"from":[-2.16154,2.42498,6.82352],"to":[1.25846,2.80498,7.20352],"rotation":{"angle":22.5,"axis":"y","origin":[1.25846,2.61498,7.01352]},"faces":{"north":{"uv":[12,4,12.5,8.5],"rotation":90,"texture":"#0"},"east":{"uv":[11.5,2,12,2.5],"rotation":90,"texture":"#0"},"south":{"uv":[12.5,4,13,8.5],"rotation":90,"texture":"#0"},"west":{"uv":[11.5,1.5,12,2],"rotation":90,"texture":"#0"},"up":{"uv":[13,4,13.5,8.5],"rotation":90,"texture":"#0"},"down":{"uv":[13.5,4,14,8.5],"rotation":90,"texture":"#0"}}},{"from":[1.06846,2.42498,7.01352],"to":[1.44846,2.80498,9.67352],"rotation":{"angle":-22.5,"axis":"y","origin":[1.25846,2.61498,7.01352]},"faces":{"north":{"uv":[0.75,4.5,1.25,5],"rotation":90,"texture":"#0"},"east":{"uv":[0,5,0.5,8.5],"rotation":90,"texture":"#0"},"south":{"uv":[0.75,4,1.25,4.5],"rotation":90,"texture":"#0"},"west":{"uv":[0,8.5,3.5,9],"texture":"#0"},"up":{"uv":[3.5,8.5,7,9],"rotation":90,"texture":"#0"},"down":{"uv":[0,1.5,0.5,5],"texture":"#0"}}},{"from":[0.06499,2.42498,9.39833],"to":[0.44499,2.80498,12.05833],"rotation":{"angle":0,"axis":"y","origin":[0.25499,2.61498,9.39833]},"faces":{"north":{"uv":[8.25,4.5,8.75,5],"rotation":90,"texture":"#0"},"east":{"uv":[10,5,10.5,8.5],"rotation":90,"texture":"#0"},"south":{"uv":[8.25,4,8.75,4.5],"rotation":90,"texture":"#0"},"west":{"uv":[9,5,9.5,8.5],"rotation":90,"texture":"#0"},"up":{"uv":[10.5,5,11,8.5],"texture":"#0"},"down":{"uv":[9.5,5,10,8.5],"texture":"#0"}}},{"from":[-5.25957,2.42498,8.09111],"to":[-1.83957,2.80498,8.47111],"rotation":{"angle":45,"axis":"y","origin":[-1.83957,2.61498,8.28111]},"faces":{"north":{"uv":[11.5,4,12,8.5],"rotation":90,"texture":"#0"},"east":{"uv":[11.5,3,12,3.5],"rotation":90,"texture":"#0"},"south":{"uv":[7,8.5,11.5,9],"texture":"#0"},"west":{"uv":[11.5,2.5,12,3],"rotation":90,"texture":"#0"},"up":{"uv":[11.5,8.5,16,9],"texture":"#0"},"down":{"uv":[11,4,11.5,8.5],"rotation":90,"texture":"#0"}}},{"from":[9.52,2.61498,7.12984],"to":[15.6,2.61498,12.44984],"rotation":{"angle":0,"axis":"y","origin":[8.76,2.61498,8.45984]},"faces":{"north":{"uv":[16,0,0,0],"texture":"#0"},"east":{"uv":[14,0,0,0],"texture":"#0"},"south":{"uv":[16,0,0,0],"texture":"#0"},"west":{"uv":[14,0,0,0],"texture":"#0"},"up":{"uv":[0,9,8,16],"texture":"#0"},"down":{"uv":[0,16,8,9],"texture":"#0"}}},{"from":[14.79501,2.60548,7.11833],"to":[20.49501,2.60548,12.43833],"rotation":{"angle":0,"axis":"y","origin":[15.74501,2.60548,9.39833]},"faces":{"north":{"uv":[15,0,0,0],"texture":"#0"},"east":{"uv":[14,0,0,0],"texture":"#0"},"south":{"uv":[15,0,0,0],"texture":"#0"},"west":{"uv":[14,0,0,0],"texture":"#0"},"up":{"uv":[16,9,8.5,16],"rotation":180,"texture":"#0"},"down":{"uv":[8.5,9,16,16],"texture":"#0"}}},{"from":[9.52,2.42498,8.11784],"to":[11.8,2.80498,8.49784],"rotation":{"angle":0,"axis":"y","origin":[8.76,2.61498,8.30784]},"faces":{"north":{"uv":[9,1.75,9.5,4.75],"rotation":90,"texture":"#0"},"east":{"uv":[11,2,11.5,1.5],"rotation":90,"texture":"#0"},"south":{"uv":[9.5,4.75,10,1.75],"rotation":90,"texture":"#0"},"west":{"uv":[11,2,11.5,1.5],"rotation":90,"texture":"#0"},"up":{"uv":[10.5,4.75,11,1.75],"rotation":90,"texture":"#0"},"down":{"uv":[10,4.75,10.5,1.75],"rotation":90,"texture":"#0"}}},{"from":[11.72729,2.42498,8.1323],"to":[15.14729,2.80498,8.5123],"rotation":{"angle":22.5,"axis":"y","origin":[11.72729,2.61498,8.3223]},"faces":{"north":{"uv":[14,8.5,14.5,4],"rotation":90,"texture":"#0"},"east":{"uv":[15.5,4,16,3.5],"rotation":90,"texture":"#0"},"south":{"uv":[14.5,8.5,15,4],"rotation":90,"texture":"#0"},"west":{"uv":[12,4,12.5,3.5],"rotation":90,"texture":"#0"},"up":{"uv":[15.5,8.5,16,4],"rotation":90,"texture":"#0"},"down":{"uv":[15,8.5,15.5,4],"rotation":90,"texture":"#0"}}},{"from":[14.74154,2.42498,6.82352],"to":[18.16154,2.80498,7.20352],"rotation":{"angle":-22.5,"axis":"y","origin":[14.74154,2.61498,7.01352]},"faces":{"north":{"uv":[12,8.5,12.5,4],"rotation":90,"texture":"#0"},"east":{"uv":[11.5,2,12,1.5],"rotation":90,"texture":"#0"},"south":{"uv":[12.5,8.5,13,4],"rotation":90,"texture":"#0"},"west":{"uv":[11.5,2.5,12,2],"rotation":90,"texture":"#0"},"up":{"uv":[13,8.5,13.5,4],"rotation":90,"texture":"#0"},"down":{"uv":[13.5,8.5,14,4],"rotation":90,"texture":"#0"}}},{"from":[14.55154,2.42498,7.01352],"to":[14.93154,2.80498,9.67352],"rotation":{"angle":22.5,"axis":"y","origin":[14.74154,2.61498,7.01352]},"faces":{"north":{"uv":[0.75,5,1.25,4.5],"rotation":90,"texture":"#0"},"east":{"uv":[3.5,8.5,0,9],"texture":"#0"},"south":{"uv":[0.75,4.5,1.25,4],"rotation":90,"texture":"#0"},"west":{"uv":[0,8.5,0.5,5],"rotation":90,"texture":"#0"},"up":{"uv":[3.5,9,7,8.5],"rotation":90,"texture":"#0"},"down":{"uv":[0.5,1.5,0,5],"texture":"#0"}}},{"from":[15.55501,2.42498,9.39833],"to":[15.93501,2.80498,12.05833],"rotation":{"angle":0,"axis":"y","origin":[15.74501,2.61498,9.39833]},"faces":{"north":{"uv":[8.25,5,8.75,4.5],"rotation":90,"texture":"#0"},"east":{"uv":[9,8.5,9.5,5],"rotation":90,"texture":"#0"},"south":{"uv":[8.25,4.5,8.75,4],"rotation":90,"texture":"#0"},"west":{"uv":[10,8.5,10.5,5],"rotation":90,"texture":"#0"},"up":{"uv":[11,5,10.5,8.5],"texture":"#0"},"down":{"uv":[10,5,9.5,8.5],"texture":"#0"}}},{"from":[17.83957,2.42498,8.09111],"to":[21.25957,2.80498,8.47111],"rotation":{"angle":-45,"axis":"y","origin":[17.83957,2.61498,8.28111]},"faces":{"north":{"uv":[11.5,8.5,12,4],"rotation":90,"texture":"#0"},"east":{"uv":[11.5,3,12,2.5],"rotation":90,"texture":"#0"},"south":{"uv":[11.5,8.5,7,9],"texture":"#0"},"west":{"uv":[11.5,3.5,12,3],"rotation":90,"texture":"#0"},"up":{"uv":[16,8.5,11.5,9],"texture":"#0"},"down":{"uv":[11,8.5,11.5,4],"rotation":90,"texture":"#0"}}}],"display":{"head":{"translation":[0,-25.25,-1.25],"scale":[3,3,3]}}}