{"credit":"Naruto RPG","texture_size":[128,128],"textures":{"0":"explosivo:item/c2_grantrampa"},"elements":[{"from":[-3.75,-0.125,6.1875],"to":[-2.25,1.875,7.6875],"rotation":{"angle":0,"axis":"y","origin":[-3,0.875,7.0625]},"faces":{"north":{"uv":[0.5,0,3.5,4],"texture":"#0"},"east":{"uv":[4.5,0,7.5,4],"texture":"#0"},"south":{"uv":[8.5,0,11.5,4],"texture":"#0"},"west":{"uv":[7.5,0,4.5,4],"texture":"#0"},"up":{"uv":[4.5,4.5,7.5,7.5],"texture":"#0"},"down":{"uv":[4.5,4.5,7.5,7.5],"texture":"#0"}}},{"from":[-3.8125,0.0625,5.9375],"to":[-2.1875,1.6875,7.9375],"rotation":{"angle":0,"axis":"y","origin":[-3,0.875,7.0625]},"faces":{"north":{"uv":[0.375,0.375,3.625,3.625],"texture":"#0"},"east":{"uv":[4,0.375,8,3.625],"texture":"#0"},"south":{"uv":[0.375,0.375,3.625,3.625],"texture":"#0"},"west":{"uv":[4,0.375,8,3.625],"texture":"#0"},"up":{"uv":[0.375,4,3.625,8],"texture":"#0"},"down":{"uv":[4.375,4,7.625,8],"texture":"#0"}}},{"from":[-4,0.0625,6.125],"to":[-2,1.6875,7.75],"rotation":{"angle":0,"axis":"y","origin":[-3,0.875,7.0625]},"faces":{"north":{"uv":[0,0.375,4,3.625],"texture":"#0"},"east":{"uv":[0.375,0.375,3.625,3.625],"texture":"#0"},"south":{"uv":[8,0.375,12,3.625],"texture":"#0"},"west":{"uv":[0.375,0.375,3.625,3.625],"texture":"#0"},"up":{"uv":[0,4.375,4,7.625],"texture":"#0"},"down":{"uv":[4,4.375,8,7.625],"texture":"#0"}}},{"from":[7.25,-0.125,2.1875],"to":[8.75,1.875,3.6875],"rotation":{"angle":0,"axis":"y","origin":[8,0.875,3.0625]},"faces":{"north":{"uv":[0.5,0,3.5,4],"texture":"#0"},"east":{"uv":[4.5,0,7.5,4],"texture":"#0"},"south":{"uv":[8.5,0,11.5,4],"texture":"#0"},"west":{"uv":[7.5,0,4.5,4],"texture":"#0"},"up":{"uv":[4.5,4.5,7.5,7.5],"texture":"#0"},"down":{"uv":[4.5,4.5,7.5,7.5],"texture":"#0"}}},{"from":[7.1875,0.0625,1.9375],"to":[8.8125,1.6875,3.9375],"rotation":{"angle":0,"axis":"y","origin":[8,0.875,3.0625]},"faces":{"north":{"uv":[0.375,0.375,3.625,3.625],"texture":"#0"},"east":{"uv":[4,0.375,8,3.625],"texture":"#0"},"south":{"uv":[0.375,0.375,3.625,3.625],"texture":"#0"},"west":{"uv":[4,0.375,8,3.625],"texture":"#0"},"up":{"uv":[0.375,4,3.625,8],"texture":"#0"},"down":{"uv":[4.375,4,7.625,8],"texture":"#0"}}},{"from":[7,0.0625,2.125],"to":[9,1.6875,3.75],"rotation":{"angle":0,"axis":"y","origin":[8,0.875,3.0625]},"faces":{"north":{"uv":[0,0.375,4,3.625],"texture":"#0"},"east":{"uv":[0.375,0.375,3.625,3.625],"texture":"#0"},"south":{"uv":[8,0.375,12,3.625],"texture":"#0"},"west":{"uv":[0.375,0.375,3.625,3.625],"texture":"#0"},"up":{"uv":[0,4.375,4,7.625],"texture":"#0"},"down":{"uv":[4,4.375,8,7.625],"texture":"#0"}}},{"from":[7,0.0625,-11.675],"to":[9,1.6875,-10.05],"rotation":{"angle":0,"axis":"y","origin":[8,0.875,-10.7375]},"faces":{"north":{"uv":[0,0.375,4,3.625],"texture":"#0"},"east":{"uv":[0.375,0.375,3.625,3.625],"texture":"#0"},"south":{"uv":[8,0.375,12,3.625],"texture":"#0"},"west":{"uv":[0.375,0.375,3.625,3.625],"texture":"#0"},"up":{"uv":[0,4.375,4,7.625],"texture":"#0"},"down":{"uv":[4,4.375,8,7.625],"texture":"#0"}}},{"from":[7.1875,0.0625,-11.8625],"to":[8.8125,1.6875,-9.8625],"rotation":{"angle":0,"axis":"y","origin":[8,0.875,-10.7375]},"faces":{"north":{"uv":[0.375,0.375,3.625,3.625],"texture":"#0"},"east":{"uv":[4,0.375,8,3.625],"texture":"#0"},"south":{"uv":[0.375,0.375,3.625,3.625],"texture":"#0"},"west":{"uv":[4,0.375,8,3.625],"texture":"#0"},"up":{"uv":[0.375,4,3.625,8],"texture":"#0"},"down":{"uv":[4.375,4,7.625,8],"texture":"#0"}}},{"from":[7.25,-0.125,-11.6125],"to":[8.75,1.875,-10.1125],"rotation":{"angle":0,"axis":"y","origin":[8,0.875,-10.7375]},"faces":{"north":{"uv":[0.5,0,3.5,4],"texture":"#0"},"east":{"uv":[4.5,0,7.5,4],"texture":"#0"},"south":{"uv":[8.5,0,11.5,4],"texture":"#0"},"west":{"uv":[7.5,0,4.5,4],"texture":"#0"},"up":{"uv":[4.5,4.5,7.5,7.5],"texture":"#0"},"down":{"uv":[4.5,4.5,7.5,7.5],"texture":"#0"}}},{"from":[5,0.0625,15.125],"to":[7,1.6875,16.75],"rotation":{"angle":0,"axis":"y","origin":[6,0.875,16.0625]},"faces":{"north":{"uv":[0,0.375,4,3.625],"texture":"#0"},"east":{"uv":[0.375,0.375,3.625,3.625],"texture":"#0"},"south":{"uv":[8,0.375,12,3.625],"texture":"#0"},"west":{"uv":[0.375,0.375,3.625,3.625],"texture":"#0"},"up":{"uv":[0,4.375,4,7.625],"texture":"#0"},"down":{"uv":[4,4.375,8,7.625],"texture":"#0"}}},{"from":[5.1875,0.0625,14.9375],"to":[6.8125,1.6875,16.9375],"rotation":{"angle":0,"axis":"y","origin":[6,0.875,16.0625]},"faces":{"north":{"uv":[0.375,0.375,3.625,3.625],"texture":"#0"},"east":{"uv":[4,0.375,8,3.625],"texture":"#0"},"south":{"uv":[0.375,0.375,3.625,3.625],"texture":"#0"},"west":{"uv":[4,0.375,8,3.625],"texture":"#0"},"up":{"uv":[0.375,4,3.625,8],"texture":"#0"},"down":{"uv":[4.375,4,7.625,8],"texture":"#0"}}},{"from":[5.25,-0.125,15.1875],"to":[6.75,1.875,16.6875],"rotation":{"angle":0,"axis":"y","origin":[6,0.875,16.0625]},"faces":{"north":{"uv":[0.5,0,3.5,4],"texture":"#0"},"east":{"uv":[4.5,0,7.5,4],"texture":"#0"},"south":{"uv":[8.5,0,11.5,4],"texture":"#0"},"west":{"uv":[7.5,0,4.5,4],"texture":"#0"},"up":{"uv":[4.5,4.5,7.5,7.5],"texture":"#0"},"down":{"uv":[4.5,4.5,7.5,7.5],"texture":"#0"}}},{"from":[7,0.0625,25.125],"to":[9,1.6875,26.75],"rotation":{"angle":0,"axis":"y","origin":[8,0.875,26.0625]},"faces":{"north":{"uv":[0,0.375,4,3.625],"texture":"#0"},"east":{"uv":[0.375,0.375,3.625,3.625],"texture":"#0"},"south":{"uv":[8,0.375,12,3.625],"texture":"#0"},"west":{"uv":[0.375,0.375,3.625,3.625],"texture":"#0"},"up":{"uv":[0,4.375,4,7.625],"texture":"#0"},"down":{"uv":[4,4.375,8,7.625],"texture":"#0"}}},{"from":[7.1875,0.0625,24.9375],"to":[8.8125,1.6875,26.9375],"rotation":{"angle":0,"axis":"y","origin":[8,0.875,26.0625]},"faces":{"north":{"uv":[0.375,0.375,3.625,3.625],"texture":"#0"},"east":{"uv":[4,0.375,8,3.625],"texture":"#0"},"south":{"uv":[0.375,0.375,3.625,3.625],"texture":"#0"},"west":{"uv":[4,0.375,8,3.625],"texture":"#0"},"up":{"uv":[0.375,4,3.625,8],"texture":"#0"},"down":{"uv":[4.375,4,7.625,8],"texture":"#0"}}},{"from":[7.25,-0.125,25.1875],"to":[8.75,1.875,26.6875],"rotation":{"angle":0,"axis":"y","origin":[8,0.875,26.0625]},"faces":{"north":{"uv":[0.5,0,3.5,4],"texture":"#0"},"east":{"uv":[4.5,0,7.5,4],"texture":"#0"},"south":{"uv":[8.5,0,11.5,4],"texture":"#0"},"west":{"uv":[7.5,0,4.5,4],"texture":"#0"},"up":{"uv":[4.5,4.5,7.5,7.5],"texture":"#0"},"down":{"uv":[4.5,4.5,7.5,7.5],"texture":"#0"}}},{"from":[-15,0.0625,6.125],"to":[-13,1.6875,7.75],"rotation":{"angle":0,"axis":"y","origin":[-3,0.875,7.0625]},"faces":{"north":{"uv":[0,0.375,4,3.625],"texture":"#0"},"east":{"uv":[0.375,0.375,3.625,3.625],"texture":"#0"},"south":{"uv":[8,0.375,12,3.625],"texture":"#0"},"west":{"uv":[0.375,0.375,3.625,3.625],"texture":"#0"},"up":{"uv":[0,4.375,4,7.625],"texture":"#0"},"down":{"uv":[4,4.375,8,7.625],"texture":"#0"}}},{"from":[-14.8125,0.0625,5.9375],"to":[-13.1875,1.6875,7.9375],"rotation":{"angle":0,"axis":"y","origin":[-3,0.875,7.0625]},"faces":{"north":{"uv":[0.375,0.375,3.625,3.625],"texture":"#0"},"east":{"uv":[4,0.375,8,3.625],"texture":"#0"},"south":{"uv":[0.375,0.375,3.625,3.625],"texture":"#0"},"west":{"uv":[4,0.375,8,3.625],"texture":"#0"},"up":{"uv":[0.375,4,3.625,8],"texture":"#0"},"down":{"uv":[4.375,4,7.625,8],"texture":"#0"}}},{"from":[-14.75,-0.125,6.1875],"to":[-13.25,1.875,7.6875],"rotation":{"angle":0,"axis":"y","origin":[-3,0.875,7.0625]},"faces":{"north":{"uv":[0.5,0,3.5,4],"texture":"#0"},"east":{"uv":[4.5,0,7.5,4],"texture":"#0"},"south":{"uv":[8.5,0,11.5,4],"texture":"#0"},"west":{"uv":[7.5,0,4.5,4],"texture":"#0"},"up":{"uv":[4.5,4.5,7.5,7.5],"texture":"#0"},"down":{"uv":[4.5,4.5,7.5,7.5],"texture":"#0"}}},{"from":[-7,0.0625,-6.625],"to":[-5,1.6875,-5],"rotation":{"angle":0,"axis":"y","origin":[-3,0.875,7.0625]},"faces":{"north":{"uv":[0,0.375,4,3.625],"texture":"#0"},"east":{"uv":[0.375,0.375,3.625,3.625],"texture":"#0"},"south":{"uv":[8,0.375,12,3.625],"texture":"#0"},"west":{"uv":[0.375,0.375,3.625,3.625],"texture":"#0"},"up":{"uv":[0,4.375,4,7.625],"texture":"#0"},"down":{"uv":[4,4.375,8,7.625],"texture":"#0"}}},{"from":[-6.8125,0.0625,-6.8125],"to":[-5.1875,1.6875,-4.8125],"rotation":{"angle":0,"axis":"y","origin":[-3,0.875,7.0625]},"faces":{"north":{"uv":[0.375,0.375,3.625,3.625],"texture":"#0"},"east":{"uv":[4,0.375,8,3.625],"texture":"#0"},"south":{"uv":[0.375,0.375,3.625,3.625],"texture":"#0"},"west":{"uv":[4,0.375,8,3.625],"texture":"#0"},"up":{"uv":[0.375,4,3.625,8],"texture":"#0"},"down":{"uv":[4.375,4,7.625,8],"texture":"#0"}}},{"from":[-6.75,-0.125,-6.5625],"to":[-5.25,1.875,-5.0625],"rotation":{"angle":0,"axis":"y","origin":[-3,0.875,7.0625]},"faces":{"north":{"uv":[0.5,0,3.5,4],"texture":"#0"},"east":{"uv":[4.5,0,7.5,4],"texture":"#0"},"south":{"uv":[8.5,0,11.5,4],"texture":"#0"},"west":{"uv":[7.5,0,4.5,4],"texture":"#0"},"up":{"uv":[4.5,4.5,7.5,7.5],"texture":"#0"},"down":{"uv":[4.5,4.5,7.5,7.5],"texture":"#0"}}},{"from":[-7,0.0625,19.125],"to":[-5,1.6875,20.75],"rotation":{"angle":0,"axis":"y","origin":[-3,0.875,7.0625]},"faces":{"north":{"uv":[0,0.375,4,3.625],"texture":"#0"},"east":{"uv":[0.375,0.375,3.625,3.625],"texture":"#0"},"south":{"uv":[8,0.375,12,3.625],"texture":"#0"},"west":{"uv":[0.375,0.375,3.625,3.625],"texture":"#0"},"up":{"uv":[0,4.375,4,7.625],"texture":"#0"},"down":{"uv":[4,4.375,8,7.625],"texture":"#0"}}},{"from":[-6.8125,0.0625,18.9375],"to":[-5.1875,1.6875,20.9375],"rotation":{"angle":0,"axis":"y","origin":[-3,0.875,7.0625]},"faces":{"north":{"uv":[0.375,0.375,3.625,3.625],"texture":"#0"},"east":{"uv":[4,0.375,8,3.625],"texture":"#0"},"south":{"uv":[0.375,0.375,3.625,3.625],"texture":"#0"},"west":{"uv":[4,0.375,8,3.625],"texture":"#0"},"up":{"uv":[0.375,4,3.625,8],"texture":"#0"},"down":{"uv":[4.375,4,7.625,8],"texture":"#0"}}},{"from":[-6.75,-0.125,19.1875],"to":[-5.25,1.875,20.6875],"rotation":{"angle":0,"axis":"y","origin":[-3,0.875,7.0625]},"faces":{"north":{"uv":[0.5,0,3.5,4],"texture":"#0"},"east":{"uv":[4.5,0,7.5,4],"texture":"#0"},"south":{"uv":[8.5,0,11.5,4],"texture":"#0"},"west":{"uv":[7.5,0,4.5,4],"texture":"#0"},"up":{"uv":[4.5,4.5,7.5,7.5],"texture":"#0"},"down":{"uv":[4.5,4.5,7.5,7.5],"texture":"#0"}}},{"from":[18.25,-0.125,6.1875],"to":[19.75,1.875,7.6875],"rotation":{"angle":0,"axis":"y","origin":[19,0.875,7.0625]},"faces":{"north":{"uv":[3.5,0,0.5,4],"texture":"#0"},"east":{"uv":[4.5,0,7.5,4],"texture":"#0"},"south":{"uv":[11.5,0,8.5,4],"texture":"#0"},"west":{"uv":[7.5,0,4.5,4],"texture":"#0"},"up":{"uv":[7.5,4.5,4.5,7.5],"texture":"#0"},"down":{"uv":[7.5,4.5,4.5,7.5],"texture":"#0"}}},{"from":[18.1875,0.0625,5.9375],"to":[19.8125,1.6875,7.9375],"rotation":{"angle":0,"axis":"y","origin":[19,0.875,7.0625]},"faces":{"north":{"uv":[3.625,0.375,0.375,3.625],"texture":"#0"},"east":{"uv":[8,0.375,4,3.625],"texture":"#0"},"south":{"uv":[3.625,0.375,0.375,3.625],"texture":"#0"},"west":{"uv":[8,0.375,4,3.625],"texture":"#0"},"up":{"uv":[3.625,4,0.375,8],"texture":"#0"},"down":{"uv":[7.625,4,4.375,8],"texture":"#0"}}},{"from":[18,0.0625,6.125],"to":[20,1.6875,7.75],"rotation":{"angle":0,"axis":"y","origin":[19,0.875,7.0625]},"faces":{"north":{"uv":[4,0.375,0,3.625],"texture":"#0"},"east":{"uv":[3.625,0.375,0.375,3.625],"texture":"#0"},"south":{"uv":[12,0.375,8,3.625],"texture":"#0"},"west":{"uv":[3.625,0.375,0.375,3.625],"texture":"#0"},"up":{"uv":[4,4.375,0,7.625],"texture":"#0"},"down":{"uv":[8,4.375,4,7.625],"texture":"#0"}}},{"from":[29,0.0625,6.125],"to":[31,1.6875,7.75],"rotation":{"angle":0,"axis":"y","origin":[19,0.875,7.0625]},"faces":{"north":{"uv":[4,0.375,0,3.625],"texture":"#0"},"east":{"uv":[3.625,0.375,0.375,3.625],"texture":"#0"},"south":{"uv":[12,0.375,8,3.625],"texture":"#0"},"west":{"uv":[3.625,0.375,0.375,3.625],"texture":"#0"},"up":{"uv":[4,4.375,0,7.625],"texture":"#0"},"down":{"uv":[8,4.375,4,7.625],"texture":"#0"}}},{"from":[29.1875,0.0625,5.9375],"to":[30.8125,1.6875,7.9375],"rotation":{"angle":0,"axis":"y","origin":[19,0.875,7.0625]},"faces":{"north":{"uv":[3.625,0.375,0.375,3.625],"texture":"#0"},"east":{"uv":[8,0.375,4,3.625],"texture":"#0"},"south":{"uv":[3.625,0.375,0.375,3.625],"texture":"#0"},"west":{"uv":[8,0.375,4,3.625],"texture":"#0"},"up":{"uv":[3.625,4,0.375,8],"texture":"#0"},"down":{"uv":[7.625,4,4.375,8],"texture":"#0"}}},{"from":[29.25,-0.125,6.1875],"to":[30.75,1.875,7.6875],"rotation":{"angle":0,"axis":"y","origin":[19,0.875,7.0625]},"faces":{"north":{"uv":[3.5,0,0.5,4],"texture":"#0"},"east":{"uv":[4.5,0,7.5,4],"texture":"#0"},"south":{"uv":[11.5,0,8.5,4],"texture":"#0"},"west":{"uv":[7.5,0,4.5,4],"texture":"#0"},"up":{"uv":[7.5,4.5,4.5,7.5],"texture":"#0"},"down":{"uv":[7.5,4.5,4.5,7.5],"texture":"#0"}}},{"from":[21,0.0625,-6.625],"to":[23,1.6875,-5],"rotation":{"angle":0,"axis":"y","origin":[19,0.875,7.0625]},"faces":{"north":{"uv":[4,0.375,0,3.625],"texture":"#0"},"east":{"uv":[3.625,0.375,0.375,3.625],"texture":"#0"},"south":{"uv":[12,0.375,8,3.625],"texture":"#0"},"west":{"uv":[3.625,0.375,0.375,3.625],"texture":"#0"},"up":{"uv":[4,4.375,0,7.625],"texture":"#0"},"down":{"uv":[8,4.375,4,7.625],"texture":"#0"}}},{"from":[21.1875,0.0625,-6.8125],"to":[22.8125,1.6875,-4.8125],"rotation":{"angle":0,"axis":"y","origin":[19,0.875,7.0625]},"faces":{"north":{"uv":[3.625,0.375,0.375,3.625],"texture":"#0"},"east":{"uv":[8,0.375,4,3.625],"texture":"#0"},"south":{"uv":[3.625,0.375,0.375,3.625],"texture":"#0"},"west":{"uv":[8,0.375,4,3.625],"texture":"#0"},"up":{"uv":[3.625,4,0.375,8],"texture":"#0"},"down":{"uv":[7.625,4,4.375,8],"texture":"#0"}}},{"from":[21.25,-0.125,-6.5625],"to":[22.75,1.875,-5.0625],"rotation":{"angle":0,"axis":"y","origin":[19,0.875,7.0625]},"faces":{"north":{"uv":[3.5,0,0.5,4],"texture":"#0"},"east":{"uv":[4.5,0,7.5,4],"texture":"#0"},"south":{"uv":[11.5,0,8.5,4],"texture":"#0"},"west":{"uv":[7.5,0,4.5,4],"texture":"#0"},"up":{"uv":[7.5,4.5,4.5,7.5],"texture":"#0"},"down":{"uv":[7.5,4.5,4.5,7.5],"texture":"#0"}}},{"from":[21,0.0625,19.125],"to":[23,1.6875,20.75],"rotation":{"angle":0,"axis":"y","origin":[19,0.875,7.0625]},"faces":{"north":{"uv":[4,0.375,0,3.625],"texture":"#0"},"east":{"uv":[3.625,0.375,0.375,3.625],"texture":"#0"},"south":{"uv":[12,0.375,8,3.625],"texture":"#0"},"west":{"uv":[3.625,0.375,0.375,3.625],"texture":"#0"},"up":{"uv":[4,4.375,0,7.625],"texture":"#0"},"down":{"uv":[8,4.375,4,7.625],"texture":"#0"}}},{"from":[21.1875,0.0625,18.9375],"to":[22.8125,1.6875,20.9375],"rotation":{"angle":0,"axis":"y","origin":[19,0.875,7.0625]},"faces":{"north":{"uv":[3.625,0.375,0.375,3.625],"texture":"#0"},"east":{"uv":[8,0.375,4,3.625],"texture":"#0"},"south":{"uv":[3.625,0.375,0.375,3.625],"texture":"#0"},"west":{"uv":[8,0.375,4,3.625],"texture":"#0"},"up":{"uv":[3.625,4,0.375,8],"texture":"#0"},"down":{"uv":[7.625,4,4.375,8],"texture":"#0"}}},{"from":[21.25,-0.125,19.1875],"to":[22.75,1.875,20.6875],"rotation":{"angle":0,"axis":"y","origin":[19,0.875,7.0625]},"faces":{"north":{"uv":[3.5,0,0.5,4],"texture":"#0"},"east":{"uv":[4.5,0,7.5,4],"texture":"#0"},"south":{"uv":[11.5,0,8.5,4],"texture":"#0"},"west":{"uv":[7.5,0,4.5,4],"texture":"#0"},"up":{"uv":[7.5,4.5,4.5,7.5],"texture":"#0"},"down":{"uv":[7.5,4.5,4.5,7.5],"texture":"#0"}}}],"display":{"head":{"translation":[0,-11.25,0],"scale":[4,4,4]}}}