{"credit":"Naruto RPG","textures":{"0":"explosivo:item/explosivo_explosion_2","particle":"explosivo:item/explosivo_explosion_2"},"elements":[{"from":[8,-16,-16],"to":[8,32,32],"rotation":{"angle":-45,"axis":"y","origin":[8,6.68,8]},"faces":{"north":{"uv":[0,0,0,16],"texture":"#0"},"east":{"uv":[16,0,0,16],"texture":"#0"},"south":{"uv":[0,0,0,16],"texture":"#0"},"west":{"uv":[0,0,16,16],"texture":"#0"},"up":{"uv":[0,0,16,0],"rotation":270,"texture":"#0"},"down":{"uv":[0,0,16,0],"rotation":90,"texture":"#0"}}},{"from":[-16,-16,8],"to":[32,32,8],"rotation":{"angle":-45,"axis":"y","origin":[8,6.68,8]},"faces":{"north":{"uv":[0,0,16,16],"texture":"#0"},"east":{"uv":[0,0,0,16],"texture":"#0"},"south":{"uv":[16,0,0,16],"texture":"#0"},"west":{"uv":[0,0,0,16],"texture":"#0"},"up":{"uv":[0,0,16,0],"texture":"#0"},"down":{"uv":[0,0,16,0],"texture":"#0"}}}],"display":{"head":{"translation":[0,-11.5,-35.75],"scale":[2,2,2]}}}