{"format_version":"1.21.6","credit":"Naruto RPG","texture_size":[64,64],"textures":{"0":"consumibles:item/consumibles_cola","particle":"consumibles:item/consumibles_cola"},"elements":[{"from":[3.89429,0,3.89429],"to":[12.10571,1.56408,12.10571],"rotation":{"angle":0,"axis":"y","origin":[6.0449,0,6.0449]},"faces":{"north":{"uv":[7.25,6.5,9.25,6.875],"texture":"#0"},"east":{"uv":[7.5,2.5,9.5,2.875],"texture":"#0"},"south":{"uv":[7.5,3,9.5,3.375],"texture":"#0"},"west":{"uv":[7.5,3.5,9.5,3.875],"texture":"#0"},"up":{"uv":[4.25,9,2.25,7],"texture":"#0"},"down":{"uv":[6.25,7.25,4.25,9.25],"texture":"#0"}}},{"from":[3.50327,14.85876,3.50327],"to":[12.49673,16.42284,12.49673],"rotation":{"angle":0,"axis":"y","origin":[6.0449,14.85876,6.0449]},"faces":{"north":{"uv":[7.25,6.875,9.25,6.5],"texture":"#0"},"east":{"uv":[7.5,2.875,9.5,2.5],"texture":"#0"},"south":{"uv":[7.5,3.375,9.5,3],"texture":"#0"},"west":{"uv":[7.5,3.875,9.5,3.5],"texture":"#0"},"up":{"uv":[4.25,9,2.25,7],"texture":"#0"},"down":{"uv":[2.25,7,0,9.25],"texture":"#0"}}},{"from":[5.36062,14.85876,6.63143],"to":[5.36062,19.74651,9.36857],"rotation":{"angle":22.5,"axis":"z","origin":[5.36062,17.30264,8]},"faces":{"north":{"uv":[0,0,0,1.25],"texture":"#0"},"east":{"uv":[7.5,0,8.125,1.25],"texture":"#0"},"south":{"uv":[0,0,0,1.25],"texture":"#0"},"west":{"uv":[8.125,0,7.5,1.25],"texture":"#0"},"up":{"uv":[0,0.625,0,0],"texture":"#0"},"down":{"uv":[0,0,0,0.625],"texture":"#0"}}},{"from":[3.11225,1.56408,3.11225],"to":[12.88775,14.85876,12.88775],"rotation":{"angle":0,"axis":"y","origin":[6.0449,1.56408,6.0449]},"faces":{"north":{"uv":[0,0,2.5,3.375],"texture":"#0"},"east":{"uv":[2.5,3.5,5,6.875],"texture":"#0"},"south":{"uv":[0,0,2.5,3.375],"texture":"#0"},"west":{"uv":[2.5,3.5,5,6.875],"texture":"#0"},"up":{"uv":[7.5,2.5,5,0],"texture":"#0"},"down":{"uv":[7.5,2.5,5,5],"texture":"#0"}}}],"gui_light":"front","display":{"thirdperson_righthand":{"rotation":[81.25,0,0],"translation":[0,1.5,1],"scale":[0.3,0.3,0.3]},"thirdperson_lefthand":{"rotation":[81.25,0,0],"translation":[0,1.5,1],"scale":[0.3,0.3,0.3]},"firstperson_righthand":{"rotation":[-8.25,0,0],"translation":[0.5,2.5,1],"scale":[0.3,0.3,0.3]},"firstperson_lefthand":{"rotation":[-8.25,0,0],"translation":[0.5,2.5,1],"scale":[0.3,0.3,0.3]},"ground":{"rotation":[-12.16,-0.32,3],"translation":[0,5.25,0],"scale":[0.5,0.5,0.5]},"gui":{"rotation":[3.51,-27.15,-5.04],"translation":[0,-1,0],"scale":[0.65,0.8,1]},"head":{"scale":[0,0,0]},"fixed":{"translation":[0,-1.5,-1],"scale":[0.7,0.7,0.7]}}}