{"format_version":"1.21.6","credit":"Naruto RPG","texture_size":[64,64],"textures":{"2":"consumibles:item/consumibles_tsukemen","particle":"consumibles:item/consumibles_tsukemen"},"elements":[{"from":[2.96,1.04641,2.96],"to":[13.04,6.08641,13.04],"rotation":{"angle":0,"axis":"y","origin":[6.32,-0.63359,6.32]},"faces":{"north":{"uv":[8.5,2,11,3.25],"texture":"#2"},"east":{"uv":[8.5,3.25,11,4.5],"texture":"#2"},"south":{"uv":[8.5,4.5,11,5.75],"texture":"#2"},"west":{"uv":[0,10,2.5,11.25],"texture":"#2"},"up":{"uv":[2.5,2.5,0,0],"texture":"#2"},"down":{"uv":[2.5,2.5,0,5],"texture":"#2"}}},{"from":[2.96,6.08641,2.96],"to":[13.04,7.26241,2.96],"rotation":{"angle":0,"axis":"y","origin":[6.32,6.08641,6.32]},"faces":{"north":{"uv":[8.5,5.75,11,6],"texture":"#2"},"east":{"uv":[0,0,0,0.25],"texture":"#2"},"south":{"uv":[5.5,10,8,10.25],"texture":"#2"},"west":{"uv":[0,0,0,0.25],"texture":"#2"},"up":{"uv":[2.5,0,0,0],"texture":"#2"},"down":{"uv":[2.5,0,0,0],"texture":"#2"}}},{"from":[2.96,6.08641,13.04],"to":[13.04,7.26241,13.04],"rotation":{"angle":0,"axis":"y","origin":[6.32,6.08641,6.32]},"faces":{"north":{"uv":[10,7,12.5,7.25],"texture":"#2"},"east":{"uv":[0,0,0,0.25],"texture":"#2"},"south":{"uv":[10,7.25,12.5,7.5],"texture":"#2"},"west":{"uv":[0,0,0,0.25],"texture":"#2"},"up":{"uv":[2.5,0,0,0],"texture":"#2"},"down":{"uv":[2.5,0,0,0],"texture":"#2"}}},{"from":[13.04,6.08641,2.96],"to":[13.04,7.26241,13.04],"rotation":{"angle":0,"axis":"y","origin":[6.32,6.08641,6.32]},"faces":{"north":{"uv":[0,0,0,0.25],"texture":"#2"},"east":{"uv":[10,6.5,12.5,6.75],"texture":"#2"},"south":{"uv":[0,0,0,0.25],"texture":"#2"},"west":{"uv":[10,6.75,12.5,7],"texture":"#2"},"up":{"uv":[0,2.5,0,0],"texture":"#2"},"down":{"uv":[0,0,0,2.5],"texture":"#2"}}},{"from":[2.96,6.08641,2.96],"to":[2.96,7.26241,13.04],"rotation":{"angle":0,"axis":"y","origin":[6.32,6.08641,6.32]},"faces":{"north":{"uv":[0,0,0,0.25],"texture":"#2"},"east":{"uv":[10,6,12.5,6.25],"texture":"#2"},"south":{"uv":[0,0,0,0.25],"texture":"#2"},"west":{"uv":[10,6.25,12.5,6.5],"texture":"#2"},"up":{"uv":[0,2.5,0,0],"texture":"#2"},"down":{"uv":[0,0,0,2.5],"texture":"#2"}}},{"from":[3.8,5.3,7.7],"to":[7.3,6.9,10.2],"rotation":{"angle":-22.5,"axis":"z","origin":[5.4,6.5,8.95]},"faces":{"north":{"uv":[10,8,10.875,8.375],"texture":"#2"},"east":{"uv":[7.25,10.25,7.875,10.625],"texture":"#2"},"south":{"uv":[10,8.5,10.875,8.875],"texture":"#2"},"west":{"uv":[8,10.25,8.625,10.625],"texture":"#2"},"up":{"uv":[0.875,9.625,0,9],"texture":"#2"},"down":{"uv":[1.875,9,1,9.625],"texture":"#2"}}},{"from":[5.9,5.2,4.3],"to":[13.7,5.2,11.7],"rotation":{"angle":22.5,"axis":"z","origin":[8.8,3.2,7]},"faces":{"north":{"uv":[0,0,2,0],"texture":"#2"},"east":{"uv":[0,0,1.875,0],"texture":"#2"},"south":{"uv":[0,0,2,0],"texture":"#2"},"west":{"uv":[0,0,1.875,0],"texture":"#2"},"up":{"uv":[4.5,5.875,2.5,4],"texture":"#2"},"down":{"uv":[4.5,5.875,2.5,4],"texture":"#2"}}},{"from":[4.8,6.275,5.3],"to":[12.2,6.275,13.1],"rotation":{"angle":-22.5,"axis":"x","origin":[8.5,6.275,9.2]},"faces":{"north":{"uv":[0,0,1.875,0],"texture":"#2"},"east":{"uv":[0,0,2,0],"texture":"#2"},"south":{"uv":[0,0,1.875,0],"texture":"#2"},"west":{"uv":[0,0,2,0],"texture":"#2"},"up":{"uv":[1.875,7,0,5],"texture":"#2"},"down":{"uv":[3.875,6,2,8],"texture":"#2"}}},{"from":[3.575,5.25,3.75],"to":[10.975,5.25,11.55],"rotation":{"angle":22.5,"axis":"x","origin":[7.275,5.25,7.65]},"faces":{"north":{"uv":[0,0,1.875,0],"texture":"#2"},"east":{"uv":[0,0,2,0],"texture":"#2"},"south":{"uv":[0,0,1.875,0],"texture":"#2"},"west":{"uv":[0,0,2,0],"texture":"#2"},"up":{"uv":[5.875,8,4,6],"texture":"#2"},"down":{"uv":[7.875,10,6,8],"texture":"#2"}}},{"from":[3.375,6.175,4.3],"to":[11.175,6.175,11.7],"rotation":{"angle":-45,"axis":"y","origin":[7.275,6.175,8]},"faces":{"north":{"uv":[0,0,2,0],"texture":"#2"},"east":{"uv":[0,0,1.875,0],"texture":"#2"},"south":{"uv":[0,0,2,0],"texture":"#2"},"west":{"uv":[0,0,1.875,0],"texture":"#2"},"up":{"uv":[6.5,3.875,4.5,2],"texture":"#2"},"down":{"uv":[6.5,4,4.5,5.875],"texture":"#2"}}},{"from":[5.6,6.375,6.175],"to":[11,6.375,11.575],"rotation":{"angle":0,"axis":"y","origin":[7.3,4.375,7.875]},"faces":{"north":{"uv":[0,0,1.375,0],"texture":"#2"},"east":{"uv":[0,0,1.375,0],"texture":"#2"},"south":{"uv":[0,0,1.375,0],"texture":"#2"},"west":{"uv":[0,0,1.375,0],"texture":"#2"},"up":{"uv":[3.875,11.375,2.5,10],"texture":"#2"},"down":{"uv":[5.375,10,4,11.375],"texture":"#2"}}},{"from":[3.475,5.575,5.825],"to":[10.875,5.575,13.625],"rotation":{"angle":-22.5,"axis":"z","origin":[7.175,5.575,9.725]},"faces":{"north":{"uv":[0,0,1.875,0],"texture":"#2"},"east":{"uv":[0,0,2,0],"texture":"#2"},"south":{"uv":[0,0,1.875,0],"texture":"#2"},"west":{"uv":[0,0,2,0],"texture":"#2"},"up":{"uv":[8.375,2,6.5,0],"texture":"#2"},"down":{"uv":[8.375,2,6.5,0],"texture":"#2"}}},{"from":[4.9,6.2,2.375],"to":[12.3,6.2,10.175],"rotation":{"angle":22.5,"axis":"y","origin":[8.6,6.2,6.275]},"faces":{"north":{"uv":[0,0,1.875,0],"texture":"#2"},"east":{"uv":[0,0,2,0],"texture":"#2"},"south":{"uv":[0,0,1.875,0],"texture":"#2"},"west":{"uv":[0,0,2,0],"texture":"#2"},"up":{"uv":[8.375,6,6.5,4],"texture":"#2"},"down":{"uv":[1.875,7,0,9],"texture":"#2"}}},{"from":[4.9,6.25,4.375],"to":[12.3,6.25,12.175],"rotation":{"angle":22.5,"axis":"y","origin":[8.6,6.25,8.275]},"faces":{"north":{"uv":[0,0,1.875,0],"texture":"#2"},"east":{"uv":[0,0,2,0],"texture":"#2"},"south":{"uv":[0,0,1.875,0],"texture":"#2"},"west":{"uv":[0,0,2,0],"texture":"#2"},"up":{"uv":[7.875,10,6,8],"texture":"#2"},"down":{"uv":[7.875,10,6,8],"texture":"#2"}}},{"from":[4.35,6.275,3.75],"to":[11.75,6.275,11.55],"rotation":{"angle":-45,"axis":"y","origin":[8.05,6.275,7.65]},"faces":{"north":{"uv":[0,0,1.875,0],"texture":"#2"},"east":{"uv":[0,0,2,0],"texture":"#2"},"south":{"uv":[0,0,1.875,0],"texture":"#2"},"west":{"uv":[0,0,2,0],"texture":"#2"},"up":{"uv":[9.875,10,8,8],"texture":"#2"},"down":{"uv":[10.375,0,8.5,2],"texture":"#2"}}},{"from":[4.9,6.2,2.375],"to":[12.3,6.2,10.175],"rotation":{"angle":22.5,"axis":"y","origin":[8.6,6.2,6.275]},"faces":{"north":{"uv":[0,0,1.875,0],"texture":"#2"},"east":{"uv":[0,0,2,0],"texture":"#2"},"south":{"uv":[0,0,1.875,0],"texture":"#2"},"west":{"uv":[0,0,2,0],"texture":"#2"},"up":{"uv":[3.875,10,2,8],"texture":"#2"},"down":{"uv":[5.875,8,4,10],"texture":"#2"}}},{"from":[3.96,0.04641,3.96],"to":[12.04,1.08641,12.04],"rotation":{"angle":0,"axis":"y","origin":[6.32,-1.63359,6.32]},"faces":{"north":{"uv":[0,9.75,2,10],"texture":"#2"},"east":{"uv":[10,7.5,12,7.75],"texture":"#2"},"south":{"uv":[10,7.75,12,8],"texture":"#2"},"west":{"uv":[8,10,10,10.25],"texture":"#2"},"up":{"uv":[4.5,2,2.5,0],"texture":"#2"},"down":{"uv":[4.5,2,2.5,4],"texture":"#2"}}},{"from":[10,4.5,3],"to":[10.5,12.5,3.25],"rotation":{"angle":-22.5,"axis":"x","origin":[10.25,7.5,3.125]},"faces":{"north":{"uv":[10,9,10.125,11],"texture":"#2"},"east":{"uv":[5.5,10.25,5.625,12.25],"texture":"#2"},"south":{"uv":[5.75,10.25,5.875,12.25],"texture":"#2"},"west":{"uv":[6,10.25,6.125,12.25],"texture":"#2"},"up":{"uv":[2.125,5.125,2,5],"texture":"#2"},"down":{"uv":[2.375,5,2.25,5.125],"texture":"#2"}}},{"from":[12,4.5,4],"to":[12.5,12.5,4.25],"rotation":{"angle":-22.5,"axis":"z","origin":[12.25,7.5,4.125]},"faces":{"north":{"uv":[6.25,10.25,6.375,12.25],"texture":"#2"},"east":{"uv":[6.5,10.25,6.625,12.25],"texture":"#2"},"south":{"uv":[6.75,10.25,6.875,12.25],"texture":"#2"},"west":{"uv":[7,10.25,7.125,12.25],"texture":"#2"},"up":{"uv":[2.125,5.375,2,5.25],"texture":"#2"},"down":{"uv":[2.375,5.25,2.25,5.375],"texture":"#2"}}}],"gui_light":"front","display":{"thirdperson_righthand":{"rotation":[25.25,0,0],"translation":[0,3.25,2.5],"scale":[0.5,0.5,0.5]},"thirdperson_lefthand":{"rotation":[25.25,0,0],"translation":[0,3.25,2.5],"scale":[0.5,0.5,0.5]},"firstperson_righthand":{"rotation":[7.61,1.43,10.66],"translation":[0,6,0]},"firstperson_lefthand":{"rotation":[7.61,1.43,10.66],"translation":[0,6,0]},"ground":{"rotation":[-11.79,0.24,-2.19],"translation":[0,5.5,0],"scale":[0.7,0.7,0.7]},"gui":{"rotation":[44.04,-22.68,1.09],"translation":[0,3,0],"scale":[1.2,1.2,1.2]},"head":{"scale":[0,0,0]},"fixed":{"translation":[0,4,-4.25]}}}