{"format_version":"1.21.6","credit":"Naruto RPG","texture_size":[64,64],"textures":{"2":"consumibles:item/consumibles_shioramen","particle":"consumibles:item/consumibles_shioramen"},"elements":[{"from":[2.96,1.04641,2.96],"to":[13.04,6.08641,13.04],"rotation":{"angle":0,"axis":"y","origin":[6.32,-0.63359,6.32]},"faces":{"north":{"uv":[2.5,4,5,5.25],"texture":"#2"},"east":{"uv":[4.5,0,7,1.25],"texture":"#2"},"south":{"uv":[4.5,1.25,7,2.5],"texture":"#2"},"west":{"uv":[4.5,2.5,7,3.75],"texture":"#2"},"up":{"uv":[2.5,2.5,0,0],"texture":"#2"},"down":{"uv":[2.5,2.5,0,5],"texture":"#2"}}},{"from":[3.96,0.04641,3.96],"to":[12.04,1.08641,12.04],"rotation":{"angle":0,"axis":"y","origin":[6.32,-1.63359,6.32]},"faces":{"north":{"uv":[6.75,6.5,8.75,6.75],"texture":"#2"},"east":{"uv":[6.75,6.75,8.75,7],"texture":"#2"},"south":{"uv":[7,0,9,0.25],"texture":"#2"},"west":{"uv":[7,0.25,9,0.5],"texture":"#2"},"up":{"uv":[4.5,2,2.5,0],"texture":"#2"},"down":{"uv":[4.5,2,2.5,4],"texture":"#2"}}},{"from":[2.96,6.08641,2.96],"to":[13.04,7.26241,2.96],"rotation":{"angle":0,"axis":"y","origin":[6.32,6.08641,6.32]},"faces":{"north":{"uv":[1,6.25,3.5,6.5],"texture":"#2"},"east":{"uv":[0,0,0,0.25],"texture":"#2"},"south":{"uv":[1,6.5,3.5,6.75],"texture":"#2"},"west":{"uv":[0,0,0,0.25],"texture":"#2"},"up":{"uv":[2.5,0,0,0],"texture":"#2"},"down":{"uv":[2.5,0,0,0],"texture":"#2"}}},{"from":[2.96,6.08641,13.04],"to":[13.04,7.26241,13.04],"rotation":{"angle":0,"axis":"y","origin":[6.32,6.08641,6.32]},"faces":{"north":{"uv":[6.5,4.75,9,5],"texture":"#2"},"east":{"uv":[0,0,0,0.25],"texture":"#2"},"south":{"uv":[6.5,5,9,5.25],"texture":"#2"},"west":{"uv":[0,0,0,0.25],"texture":"#2"},"up":{"uv":[2.5,0,0,0],"texture":"#2"},"down":{"uv":[2.5,0,0,0],"texture":"#2"}}},{"from":[13.04,6.08641,2.96],"to":[13.04,7.26241,13.04],"rotation":{"angle":0,"axis":"y","origin":[6.32,6.08641,6.32]},"faces":{"north":{"uv":[0,0,0,0.25],"texture":"#2"},"east":{"uv":[6.5,4.25,9,4.5],"texture":"#2"},"south":{"uv":[0,0,0,0.25],"texture":"#2"},"west":{"uv":[6.5,4.5,9,4.75],"texture":"#2"},"up":{"uv":[0,2.5,0,0],"texture":"#2"},"down":{"uv":[0,0,0,2.5],"texture":"#2"}}},{"from":[2.96,6.08641,2.96],"to":[2.96,7.26241,13.04],"rotation":{"angle":0,"axis":"y","origin":[6.32,6.08641,6.32]},"faces":{"north":{"uv":[0,0,0,0.25],"texture":"#2"},"east":{"uv":[6.5,3.75,9,4],"texture":"#2"},"south":{"uv":[0,0,0,0.25],"texture":"#2"},"west":{"uv":[6.5,4,9,4.25],"texture":"#2"},"up":{"uv":[0,2.5,0,0],"texture":"#2"},"down":{"uv":[0,0,0,2.5],"texture":"#2"}}},{"from":[3.968,5.22841,9.254],"to":[6.428,6.74041,11.846],"rotation":{"angle":-22.5,"axis":"x","origin":[5.648,5.98441,10.85]},"faces":{"north":{"uv":[4.25,5.25,4.875,5.625],"texture":"#2"},"east":{"uv":[0.5,7.25,1.125,7.625],"texture":"#2"},"south":{"uv":[1.25,7.25,1.875,7.625],"texture":"#2"},"west":{"uv":[2,7.25,2.625,7.625],"texture":"#2"},"up":{"uv":[7.625,1.625,7,1],"texture":"#2"},"down":{"uv":[7.625,1.75,7,2.375],"texture":"#2"}}},{"from":[5.468,5.11361,8.67684],"to":[7.928,6.62561,11.26884],"rotation":{"angle":22.5,"axis":"y","origin":[6.698,5.86961,9.97284]},"faces":{"north":{"uv":[4.25,7.25,4.875,7.625],"texture":"#2"},"east":{"uv":[7.25,5.75,7.875,6.125],"texture":"#2"},"south":{"uv":[7.25,7,7.875,7.375],"texture":"#2"},"west":{"uv":[5,7.5,5.625,7.875],"texture":"#2"},"up":{"uv":[7.625,3.125,7,2.5],"texture":"#2"},"down":{"uv":[3.625,7,3,7.625],"texture":"#2"}}},{"from":[5.322,7.04041,5.004],"to":[6.882,7.74041,6.396],"rotation":{"angle":45,"axis":"y","origin":[6.102,6.88441,6.2]},"faces":{"north":{"uv":[4.5,3.75,4.875,3.875],"texture":"#2"},"east":{"uv":[1,6,1.375,6.125],"texture":"#2"},"south":{"uv":[3,6.75,3.375,6.875],"texture":"#2"},"west":{"uv":[1.25,7.75,1.625,7.875],"texture":"#2"},"up":{"uv":[6.125,7.875,5.75,7.5],"texture":"#2"},"down":{"uv":[8.125,1,7.75,1.375],"texture":"#2"}}},{"from":[4.722,7.14041,4.304],"to":[7.482,7.14041,7.096],"rotation":{"angle":45,"axis":"y","origin":[6.102,6.88441,6.2]},"faces":{"north":{"uv":[0,0,0.75,0],"texture":"#2"},"east":{"uv":[0,0,0.75,0],"texture":"#2"},"south":{"uv":[0,0,0.75,0],"texture":"#2"},"west":{"uv":[0,0,0.75,0],"texture":"#2"},"up":{"uv":[4.25,7,3.5,6.25],"texture":"#2"},"down":{"uv":[7.25,5.75,6.5,6.5],"texture":"#2"}}},{"from":[12.536,5.25041,5.32],"to":[12.536,10.61041,13.2],"rotation":{"angle":-22.5,"axis":"z","origin":[12.536,6.25841,10.1]},"faces":{"north":{"uv":[0,0,0,0.875],"texture":"#2"},"east":{"uv":[0,5,1.5,5.875],"texture":"#2"},"south":{"uv":[0,0,0,0.875],"texture":"#2"},"west":{"uv":[5,3.75,6.5,4.625],"texture":"#2"},"up":{"uv":[0,1.5,0,0],"texture":"#2"},"down":{"uv":[0,0,0,1.5],"texture":"#2"}}},{"from":[12.536,4.75041,6.82],"to":[12.536,10.11041,13.45],"rotation":{"angle":22.5,"axis":"x","origin":[12.536,4.75841,10.6]},"faces":{"north":{"uv":[0,0,0,0.875],"texture":"#2"},"east":{"uv":[0,5,1.5,5.875],"texture":"#2"},"south":{"uv":[0,0,0,0.875],"texture":"#2"},"west":{"uv":[5,3.75,6.5,4.625],"texture":"#2"},"up":{"uv":[0,1.5,0,0],"texture":"#2"},"down":{"uv":[0,0,0,1.5],"texture":"#2"}}},{"from":[1.364,4.50041,4.1],"to":[9.244,10.86041,4.1],"rotation":{"angle":-22.5,"axis":"x","origin":[4.464,5.50841,4.1]},"faces":{"north":{"uv":[1.5,5,0,5.875],"texture":"#2"},"east":{"uv":[0,0,0,0.875],"texture":"#2"},"south":{"uv":[6.5,3.75,5,4.625],"texture":"#2"},"west":{"uv":[0,0,0,0.875],"texture":"#2"},"up":{"uv":[0,1.5,0,0],"rotation":90,"texture":"#2"},"down":{"uv":[0,0,0,1.5],"rotation":270,"texture":"#2"}}},{"from":[3.714,4.75041,2.07],"to":[3.714,9.86041,8.2],"rotation":{"angle":22.5,"axis":"z","origin":[3.714,5.75841,6.85]},"faces":{"north":{"uv":[0,0,0,0.875],"texture":"#2"},"east":{"uv":[6.5,3.75,5,4.625],"texture":"#2"},"south":{"uv":[0,0,0,0.875],"texture":"#2"},"west":{"uv":[1.5,5,0,5.875],"texture":"#2"},"up":{"uv":[0,1.5,0,0],"texture":"#2"},"down":{"uv":[0,0,0,1.5],"texture":"#2"}}},{"from":[4.06845,5.84041,4.15045],"to":[7.42845,7.04041,7.34245],"rotation":{"angle":22.5,"axis":"y","origin":[5.74845,6.44041,5.74645]},"faces":{"north":{"uv":[1.5,5,2.375,5.25],"texture":"#2"},"east":{"uv":[7.25,7.5,8,7.75],"texture":"#2"},"south":{"uv":[7.25,6.25,8.125,6.5],"texture":"#2"},"west":{"uv":[0.5,7.75,1.25,8],"texture":"#2"},"up":{"uv":[6.375,6.5,5.5,5.75],"texture":"#2"},"down":{"uv":[0.875,6,0,6.75],"texture":"#2"}}},{"from":[6.992,4.91041,5.984],"to":[12.368,6.42241,9.68],"rotation":{"angle":22.5,"axis":"z","origin":[9.68,5.66641,8]},"faces":{"north":{"uv":[0,6.75,1.375,7.125],"texture":"#2"},"east":{"uv":[7,3.25,7.875,3.625],"texture":"#2"},"south":{"uv":[1.5,6.75,2.875,7.125],"texture":"#2"},"west":{"uv":[5.25,7,6.125,7.375],"texture":"#2"},"up":{"uv":[6.375,5.625,5,4.75],"texture":"#2"},"down":{"uv":[2.875,5.25,1.5,6.125],"texture":"#2"}}},{"from":[7.16,4.91041,8.504],"to":[11.864,6.92641,12.2],"rotation":{"angle":22.5,"axis":"z","origin":[9.848,5.66641,10.52]},"faces":{"north":{"uv":[6.5,5.25,7.625,5.75],"texture":"#2"},"east":{"uv":[4.25,6.75,5.125,7.25],"texture":"#2"},"south":{"uv":[5.5,6.5,6.625,7],"texture":"#2"},"west":{"uv":[7,0.5,7.875,1],"texture":"#2"},"up":{"uv":[4.125,6.125,3,5.25],"texture":"#2"},"down":{"uv":[5.375,5.75,4.25,6.625],"texture":"#2"}}},{"from":[10,4.5,3],"to":[10.5,12.5,3.25],"rotation":{"angle":-22.5,"axis":"x","origin":[10.25,7.5,3.125]},"faces":{"north":{"uv":[3.75,7,3.875,9],"texture":"#2"},"east":{"uv":[4,7,4.125,9],"texture":"#2"},"south":{"uv":[6.25,7,6.375,9],"texture":"#2"},"west":{"uv":[6.5,7,6.625,9],"texture":"#2"},"up":{"uv":[5.375,6.875,5.25,6.75],"texture":"#2"},"down":{"uv":[2.875,7.25,2.75,7.375],"texture":"#2"}}},{"from":[12.9,4.42388,4.01732],"to":[13.4,12.42388,4.26732],"rotation":{"angle":-22.5,"axis":"z","origin":[13.15,8.42388,4.14232]},"faces":{"north":{"uv":[3.75,7,3.875,9],"texture":"#2"},"east":{"uv":[4,7,4.125,9],"texture":"#2"},"south":{"uv":[6.25,7,6.375,9],"texture":"#2"},"west":{"uv":[6.5,7,6.625,9],"texture":"#2"},"up":{"uv":[5.375,6.875,5.25,6.75],"texture":"#2"},"down":{"uv":[2.875,7.25,2.75,7.375],"texture":"#2"}}}],"gui_light":"front","display":{"thirdperson_righthand":{"rotation":[25.25,0,0],"translation":[0,3.25,2.5],"scale":[0.5,0.5,0.5]},"thirdperson_lefthand":{"rotation":[25.25,0,0],"translation":[0,3.25,2.5],"scale":[0.5,0.5,0.5]},"firstperson_righthand":{"rotation":[7.61,1.43,10.66],"translation":[0,6,0]},"firstperson_lefthand":{"rotation":[7.61,1.43,10.66],"translation":[0,6,0]},"ground":{"rotation":[-11.79,0.24,-2.19],"translation":[0,5.5,0],"scale":[0.7,0.7,0.7]},"gui":{"rotation":[44.04,-22.68,1.09],"translation":[0,3,0],"scale":[1.2,1.2,1.2]},"head":{"scale":[0,0,0]},"fixed":{"translation":[0,4,-4.25]}}}