{"format_version":"1.21.6","credit":"Naruto RPG","texture_size":[64,64],"textures":{"1":"consumibles:item/consumibles_sopacalamares"},"elements":[{"from":[2.96,1.04641,2.96],"to":[13.04,6.08641,13.04],"rotation":{"angle":0,"axis":"y","origin":[6.32,-0.63359,6.32]},"faces":{"north":{"uv":[2.5,4,5,5.25],"texture":"#1"},"east":{"uv":[4.5,0,7,1.25],"texture":"#1"},"south":{"uv":[4.5,1.25,7,2.5],"texture":"#1"},"west":{"uv":[4.5,2.5,7,3.75],"texture":"#1"},"up":{"uv":[2.5,2.5,0,0],"texture":"#1"},"down":{"uv":[2.5,2.5,0,5],"texture":"#1"}}},{"from":[2.96,6.08641,2.96],"to":[13.04,7.26241,2.96],"rotation":{"angle":0,"axis":"y","origin":[6.32,6.08641,6.32]},"faces":{"north":{"uv":[2.5,5.25,5,5.5],"texture":"#1"},"east":{"uv":[0,0,0,0.25],"texture":"#1"},"south":{"uv":[5,5.25,7.5,5.5],"texture":"#1"},"west":{"uv":[0,0,0,0.25],"texture":"#1"},"up":{"uv":[2.5,0,0,0],"texture":"#1"},"down":{"uv":[2.5,0,0,0],"texture":"#1"}}},{"from":[2.96,6.08641,13.04],"to":[13.04,7.26241,13.04],"rotation":{"angle":0,"axis":"y","origin":[6.32,6.08641,6.32]},"faces":{"north":{"uv":[5,5.75,7.5,6],"texture":"#1"},"east":{"uv":[0,0,0,0.25],"texture":"#1"},"south":{"uv":[0,6,2.5,6.25],"texture":"#1"},"west":{"uv":[0,0,0,0.25],"texture":"#1"},"up":{"uv":[2.5,0,0,0],"texture":"#1"},"down":{"uv":[2.5,0,0,0],"texture":"#1"}}},{"from":[13.04,6.08641,2.96],"to":[13.04,7.26241,13.04],"rotation":{"angle":0,"axis":"y","origin":[6.32,6.08641,6.32]},"faces":{"north":{"uv":[0,0,0,0.25],"texture":"#1"},"east":{"uv":[0,5.75,2.5,6],"texture":"#1"},"south":{"uv":[0,0,0,0.25],"texture":"#1"},"west":{"uv":[2.5,5.75,5,6],"texture":"#1"},"up":{"uv":[0,2.5,0,0],"texture":"#1"},"down":{"uv":[0,0,0,2.5],"texture":"#1"}}},{"from":[2.96,6.08641,2.96],"to":[2.96,7.26241,13.04],"rotation":{"angle":0,"axis":"y","origin":[6.32,6.08641,6.32]},"faces":{"north":{"uv":[0,0,0,0.25],"texture":"#1"},"east":{"uv":[2.5,5.5,5,5.75],"texture":"#1"},"south":{"uv":[0,0,0,0.25],"texture":"#1"},"west":{"uv":[5,5.5,7.5,5.75],"texture":"#1"},"up":{"uv":[0,2.5,0,0],"texture":"#1"},"down":{"uv":[0,0,0,2.5],"texture":"#1"}}},{"from":[4.268,5.22841,8.554],"to":[7.028,6.74041,11.546],"rotation":{"angle":-22.5,"axis":"x","origin":[5.648,5.98441,10.15]},"faces":{"north":{"uv":[7,1.5,7.75,1.875],"texture":"#1"},"east":{"uv":[7,2,7.75,2.375],"texture":"#1"},"south":{"uv":[7,2.5,7.75,2.875],"texture":"#1"},"west":{"uv":[7,3,7.75,3.375],"texture":"#1"},"up":{"uv":[3.25,6.75,2.5,6],"texture":"#1"},"down":{"uv":[4,6,3.25,6.75],"texture":"#1"}}},{"from":[8.972,5.19014,4.04639],"to":[11.732,6.70214,7.03839],"rotation":{"angle":-22.5,"axis":"y","origin":[10.352,5.94614,5.54239]},"faces":{"north":{"uv":[7,3.5,7.75,3.875],"texture":"#1"},"east":{"uv":[7,4,7.75,4.375],"texture":"#1"},"south":{"uv":[7,4.5,7.75,4.875],"texture":"#1"},"west":{"uv":[6,7,6.75,7.375],"texture":"#1"},"up":{"uv":[4.75,6.75,4,6],"texture":"#1"},"down":{"uv":[5.5,6,4.75,6.75],"texture":"#1"}}},{"from":[7.392,5.21041,9.384],"to":[12.068,6.72241,12.08],"rotation":{"angle":45,"axis":"y","origin":[9.53,5.96641,10.732]},"faces":{"north":{"uv":[7,0.5,8.125,0.875],"texture":"#1"},"east":{"uv":[7,6,7.625,6.375],"texture":"#1"},"south":{"uv":[7,1,8.125,1.375],"texture":"#1"},"west":{"uv":[1.25,7.25,1.875,7.625],"texture":"#1"},"up":{"uv":[6.125,4.375,5,3.75],"texture":"#1"},"down":{"uv":[6.125,4.5,5,5.125],"texture":"#1"}}},{"from":[7.43342,6.71041,10.59058],"to":[11.90942,9.72241,10.59058],"rotation":{"angle":45,"axis":"y","origin":[9.67142,8.21641,10.59058]},"faces":{"north":{"uv":[0,5,1.125,5.75],"texture":"#1"},"east":{"uv":[0,0,0,0.75],"texture":"#1"},"south":{"uv":[1.25,5,2.375,5.75],"texture":"#1"},"west":{"uv":[0,0,0,0.75],"texture":"#1"},"up":{"uv":[1.125,0,0,0],"texture":"#1"},"down":{"uv":[1.125,0,0,0],"texture":"#1"}}},{"from":[3.6,6.3,3.6],"to":[6.4,6.9,6.4],"rotation":{"angle":-22.5,"axis":"y","origin":[5,6.45,5]},"faces":{"north":{"uv":[7,5,7.75,5.125],"texture":"#1"},"east":{"uv":[7,6.5,7.75,6.625],"texture":"#1"},"south":{"uv":[7.25,7,8,7.125],"texture":"#1"},"west":{"uv":[7.25,7.25,8,7.375],"texture":"#1"},"up":{"uv":[1.5,7,0.75,6.25],"texture":"#1"},"down":{"uv":[2.25,6.25,1.5,7],"texture":"#1"}}},{"from":[3.6,6.3,3.6],"to":[6.4,6.3,6.4],"rotation":{"angle":-22.5,"axis":"y","origin":[5,6.45,5]},"faces":{"north":{"uv":[0,0,0.75,0],"texture":"#1"},"east":{"uv":[0,0,0.75,0],"texture":"#1"},"south":{"uv":[0,0,0.75,0],"texture":"#1"},"west":{"uv":[0,0,0.75,0],"texture":"#1"},"up":{"uv":[6.25,6.75,5.5,6],"texture":"#1"},"down":{"uv":[0.75,6.25,0,7],"texture":"#1"}}},{"from":[8,6.3,5.5],"to":[10.8,6.3,8.3],"rotation":{"angle":22.5,"axis":"z","origin":[9.4,6.45,6.9]},"faces":{"north":{"uv":[0,0,0.75,0],"texture":"#1"},"east":{"uv":[0,0,0.75,0],"texture":"#1"},"south":{"uv":[0,0,0.75,0],"texture":"#1"},"west":{"uv":[0,0,0.75,0],"texture":"#1"},"up":{"uv":[5.25,7.5,4.5,6.75],"texture":"#1"},"down":{"uv":[6,6.75,5.25,7.5],"texture":"#1"}}},{"from":[8,6.3,5.5],"to":[10.8,6.9,8.3],"rotation":{"angle":22.5,"axis":"z","origin":[9.4,6.45,6.9]},"faces":{"north":{"uv":[5.25,7.5,6,7.625],"texture":"#1"},"east":{"uv":[7.5,5.25,8.25,5.375],"texture":"#1"},"south":{"uv":[7.5,5.5,8.25,5.625],"texture":"#1"},"west":{"uv":[7.5,5.75,8.25,5.875],"texture":"#1"},"up":{"uv":[3.75,7.5,3,6.75],"texture":"#1"},"down":{"uv":[4.5,6.75,3.75,7.5],"texture":"#1"}}},{"from":[6,6.3,9.2],"to":[8.8,6.3,12],"rotation":{"angle":22.5,"axis":"z","origin":[7.4,6.45,10.6]},"faces":{"north":{"uv":[0,0,0.75,0],"texture":"#1"},"east":{"uv":[0,0,0.75,0],"texture":"#1"},"south":{"uv":[0,0,0.75,0],"texture":"#1"},"west":{"uv":[0,0,0.75,0],"texture":"#1"},"up":{"uv":[7,6.75,6.25,6],"texture":"#1"},"down":{"uv":[3,6.75,2.25,7.5],"texture":"#1"}}},{"from":[6,6.3,9.2],"to":[8.8,6.9,12],"rotation":{"angle":22.5,"axis":"z","origin":[7.4,6.45,10.6]},"faces":{"north":{"uv":[2.25,7.5,3,7.625],"texture":"#1"},"east":{"uv":[3,7.5,3.75,7.625],"texture":"#1"},"south":{"uv":[3.75,7.5,4.5,7.625],"texture":"#1"},"west":{"uv":[4.5,7.5,5.25,7.625],"texture":"#1"},"up":{"uv":[7,4.5,6.25,3.75],"texture":"#1"},"down":{"uv":[7,4.5,6.25,5.25],"texture":"#1"}}},{"from":[3.96,0.04641,3.96],"to":[12.04,1.08641,12.04],"rotation":{"angle":0,"axis":"y","origin":[6.32,-1.63359,6.32]},"faces":{"north":{"uv":[6,6.75,8,7],"texture":"#1"},"east":{"uv":[0,7,2,7.25],"texture":"#1"},"south":{"uv":[7,0,9,0.25],"texture":"#1"},"west":{"uv":[7,0.25,9,0.5],"texture":"#1"},"up":{"uv":[4.5,2,2.5,0],"texture":"#1"},"down":{"uv":[4.5,2,2.5,4],"texture":"#1"}}},{"from":[10,4.5,3],"to":[10.5,12.5,3.25],"rotation":{"angle":-22.5,"axis":"x","origin":[10.25,7.5,3.125]},"faces":{"north":{"uv":[2,7,2.125,9],"texture":"#1"},"east":{"uv":[6.75,7,6.875,9],"texture":"#1"},"south":{"uv":[7,7,7.125,9],"texture":"#1"},"west":{"uv":[0,7.25,0.125,9.25],"texture":"#1"},"up":{"uv":[4.625,3.875,4.5,3.75],"texture":"#1"},"down":{"uv":[4.875,3.75,4.75,3.875],"texture":"#1"}}},{"from":[12,4.5,4],"to":[12.5,12.5,4.25],"rotation":{"angle":-22.5,"axis":"z","origin":[12.25,7.5,4.125]},"faces":{"north":{"uv":[0.25,7.25,0.375,9.25],"texture":"#1"},"east":{"uv":[0.5,7.25,0.625,9.25],"texture":"#1"},"south":{"uv":[0.75,7.25,0.875,9.25],"texture":"#1"},"west":{"uv":[1,7.25,1.125,9.25],"texture":"#1"},"up":{"uv":[2.375,6.375,2.25,6.25],"texture":"#1"},"down":{"uv":[2.375,6.5,2.25,6.625],"texture":"#1"}}}],"gui_light":"front","display":{"thirdperson_righthand":{"rotation":[25.25,0,0],"translation":[0,3.25,2.5],"scale":[0.5,0.5,0.5]},"thirdperson_lefthand":{"rotation":[25.25,0,0],"translation":[0,3.25,2.5],"scale":[0.5,0.5,0.5]},"firstperson_righthand":{"rotation":[7.61,1.43,10.66],"translation":[0,6,0]},"firstperson_lefthand":{"rotation":[7.61,1.43,10.66],"translation":[0,6,0]},"ground":{"rotation":[-11.79,0.24,-2.19],"translation":[0,5.5,0],"scale":[0.7,0.7,0.7]},"gui":{"rotation":[44.04,-22.68,1.09],"translation":[0,3,0],"scale":[1.2,1.2,1.2]},"head":{"scale":[0,0,0]},"fixed":{"translation":[0,4,-4.25]}}}