{"format_version":"1.21.6","credit":"Naruto RPG","texture_size":[32,32],"textures":{"1":"consumibles:item/consumibles_sopatomates"},"elements":[{"from":[2.96,1.04641,2.96],"to":[13.04,6.08641,13.04],"rotation":{"angle":0,"axis":"y","origin":[6.32,-0.63359,6.32]},"faces":{"north":{"uv":[5,8,10,10.5],"texture":"#1"},"east":{"uv":[9,0,14,2.5],"texture":"#1"},"south":{"uv":[9,2.5,14,5],"texture":"#1"},"west":{"uv":[9,5,14,7.5],"texture":"#1"},"up":{"uv":[5,5,0,0],"texture":"#1"},"down":{"uv":[5,5,0,10],"texture":"#1"}}},{"from":[2.96,6.08641,2.96],"to":[13.04,7.26241,2.96],"rotation":{"angle":0,"axis":"y","origin":[6.32,6.08641,6.32]},"faces":{"north":{"uv":[9,7.5,14,8],"texture":"#1"},"east":{"uv":[0,0,0,0.5],"texture":"#1"},"south":{"uv":[10,8,15,8.5],"texture":"#1"},"west":{"uv":[0,0,0,0.5],"texture":"#1"},"up":{"uv":[5,0,0,0],"texture":"#1"},"down":{"uv":[5,0,0,0],"texture":"#1"}}},{"from":[2.96,6.08641,13.04],"to":[13.04,7.26241,13.04],"rotation":{"angle":0,"axis":"y","origin":[6.32,6.08641,6.32]},"faces":{"north":{"uv":[4,10.5,9,11],"texture":"#1"},"east":{"uv":[0,0,0,0.5],"texture":"#1"},"south":{"uv":[9,10.5,14,11],"texture":"#1"},"west":{"uv":[0,0,0,0.5],"texture":"#1"},"up":{"uv":[5,0,0,0],"texture":"#1"},"down":{"uv":[5,0,0,0],"texture":"#1"}}},{"from":[13.04,6.08641,2.96],"to":[13.04,7.26241,13.04],"rotation":{"angle":0,"axis":"y","origin":[6.32,6.08641,6.32]},"faces":{"north":{"uv":[0,0,0,0.5],"texture":"#1"},"east":{"uv":[10,9.5,15,10],"texture":"#1"},"south":{"uv":[0,0,0,0.5],"texture":"#1"},"west":{"uv":[10,10,15,10.5],"texture":"#1"},"up":{"uv":[0,5,0,0],"texture":"#1"},"down":{"uv":[0,0,0,5],"texture":"#1"}}},{"from":[2.96,6.08641,2.96],"to":[2.96,7.26241,13.04],"rotation":{"angle":0,"axis":"y","origin":[6.32,6.08641,6.32]},"faces":{"north":{"uv":[0,0,0,0.5],"texture":"#1"},"east":{"uv":[10,8.5,15,9],"texture":"#1"},"south":{"uv":[0,0,0,0.5],"texture":"#1"},"west":{"uv":[10,9,15,9.5],"texture":"#1"},"up":{"uv":[0,5,0,0],"texture":"#1"},"down":{"uv":[0,0,0,5],"texture":"#1"}}},{"from":[6.47355,6.14041,5.95755],"to":[10.23355,6.14041,9.74955],"rotation":{"angle":45,"axis":"y","origin":[8.35355,5.98441,8.35355]},"faces":{"north":{"uv":[0,0,2,0],"texture":"#1"},"east":{"uv":[0,0,2,0],"texture":"#1"},"south":{"uv":[0,0,2,0],"texture":"#1"},"west":{"uv":[0,0,2,0],"texture":"#1"},"up":{"uv":[2,12,0,10],"texture":"#1"},"down":{"uv":[4,10,2,12],"texture":"#1"}}},{"from":[3.96,0.04641,3.96],"to":[12.04,1.08641,12.04],"rotation":{"angle":0,"axis":"y","origin":[6.32,-1.63359,6.32]},"faces":{"north":{"uv":[4,11,8,11.5],"texture":"#1"},"east":{"uv":[8,11,12,11.5],"texture":"#1"},"south":{"uv":[4,11.5,8,12],"texture":"#1"},"west":{"uv":[8,11.5,12,12],"texture":"#1"},"up":{"uv":[9,4,5,0],"texture":"#1"},"down":{"uv":[9,4,5,8],"texture":"#1"}}},{"from":[10,4.5,3],"to":[10.5,12.5,3.25],"rotation":{"angle":-22.5,"axis":"x","origin":[10.25,7.5,3.125]},"faces":{"north":{"uv":[0,12,0.25,16],"texture":"#1"},"east":{"uv":[0.5,12,0.75,16],"texture":"#1"},"south":{"uv":[1,12,1.25,16],"texture":"#1"},"west":{"uv":[1.5,12,1.75,16],"texture":"#1"},"up":{"uv":[4.25,10.25,4,10],"texture":"#1"},"down":{"uv":[4.75,10,4.5,10.25],"texture":"#1"}}},{"from":[12,4.5,4],"to":[12.5,12.5,4.25],"rotation":{"angle":-22.5,"axis":"z","origin":[12.25,7.5,4.125]},"faces":{"north":{"uv":[2,12,2.25,16],"texture":"#1"},"east":{"uv":[2.5,12,2.75,16],"texture":"#1"},"south":{"uv":[3,12,3.25,16],"texture":"#1"},"west":{"uv":[3.5,12,3.75,16],"texture":"#1"},"up":{"uv":[4.25,12.25,4,12],"texture":"#1"},"down":{"uv":[4.75,12,4.5,12.25],"texture":"#1"}}},{"from":[10.05,5.75,5.85],"to":[12.25,7.1,8.35],"rotation":{"angle":-45,"axis":"y","origin":[11.15,6.55,6.85]},"faces":{"north":{"uv":[7.25,13.25,5.75,12.5],"texture":"#1"},"east":{"uv":[7.5,13.25,5.5,12.5],"texture":"#1"},"south":{"uv":[7.25,13.25,5.75,12.5],"texture":"#1"},"west":{"uv":[7.5,13.25,5.5,12.5],"texture":"#1"},"up":{"uv":[6.5,14.25,5.5,12.5],"texture":"#1"},"down":{"uv":[6.5,14.25,5.5,12.5],"texture":"#1"}}},{"from":[9.47355,7.14041,4.95755],"to":[13.23355,7.14041,8.74955],"rotation":{"angle":45,"axis":"y","origin":[11.35355,6.98441,7.35355]},"faces":{"north":{"uv":[0,0,2,0],"texture":"#1"},"east":{"uv":[0,0,2,0],"texture":"#1"},"south":{"uv":[0,0,2,0],"texture":"#1"},"west":{"uv":[0,0,2,0],"texture":"#1"},"up":{"uv":[2,12,0,10],"texture":"#1"},"down":{"uv":[2,10,0,12],"texture":"#1"}}},{"from":[4.55,5.75,3.85],"to":[6.75,7.1,6.35],"rotation":{"angle":-45,"axis":"y","origin":[5.65,6.55,4.85]},"faces":{"north":{"uv":[7.25,13.25,5.75,12.5],"texture":"#1"},"east":{"uv":[7.5,13.25,5.5,12.5],"texture":"#1"},"south":{"uv":[7.25,13.25,5.75,12.5],"texture":"#1"},"west":{"uv":[7.5,13.25,5.5,12.5],"texture":"#1"},"up":{"uv":[6.5,14.25,5.5,12.5],"texture":"#1"},"down":{"uv":[6.5,14.25,5.5,12.5],"texture":"#1"}}},{"from":[3.97355,7.14041,2.95755],"to":[7.73355,7.14041,6.74955],"rotation":{"angle":0,"axis":"y","origin":[5.85355,6.98441,5.35355]},"faces":{"north":{"uv":[0,0,2,0],"texture":"#1"},"east":{"uv":[0,0,2,0],"texture":"#1"},"south":{"uv":[0,0,2,0],"texture":"#1"},"west":{"uv":[0,0,2,0],"texture":"#1"},"up":{"uv":[2,12,0,10],"texture":"#1"},"down":{"uv":[2,10,0,12],"texture":"#1"}}},{"from":[4.55,5,9.1],"to":[6.75,6.35,11.6],"rotation":{"angle":-45,"axis":"y","origin":[5.65,5.8,10.1]},"faces":{"north":{"uv":[7.25,13.25,5.75,12.5],"texture":"#1"},"east":{"uv":[7.5,13.25,5.5,12.5],"texture":"#1"},"south":{"uv":[7.25,13.25,5.75,12.5],"texture":"#1"},"west":{"uv":[7.5,13.25,5.5,12.5],"texture":"#1"},"up":{"uv":[6.5,14.25,5.5,12.5],"texture":"#1"},"down":{"uv":[6.5,14.25,5.5,12.5],"texture":"#1"}}},{"from":[3.97355,6.39041,8.20755],"to":[7.23355,6.39041,11.99955],"rotation":{"angle":45,"axis":"y","origin":[5.85355,6.23441,10.60355]},"faces":{"north":{"uv":[0,0,2,0],"texture":"#1"},"east":{"uv":[0,0,2,0],"texture":"#1"},"south":{"uv":[0,0,2,0],"texture":"#1"},"west":{"uv":[0,0,2,0],"texture":"#1"},"up":{"uv":[2,12,0,10],"texture":"#1"},"down":{"uv":[2,10,0,12],"texture":"#1"}}}],"gui_light":"front","display":{"thirdperson_righthand":{"rotation":[25.25,0,0],"translation":[0,3.25,2.5],"scale":[0.5,0.5,0.5]},"thirdperson_lefthand":{"rotation":[25.25,0,0],"translation":[0,3.25,2.5],"scale":[0.5,0.5,0.5]},"firstperson_righthand":{"rotation":[7.61,1.43,10.66],"translation":[0,6,0]},"firstperson_lefthand":{"rotation":[7.61,1.43,10.66],"translation":[0,6,0]},"ground":{"rotation":[-11.79,0.24,-2.19],"translation":[0,5.5,0],"scale":[0.7,0.7,0.7]},"gui":{"rotation":[44.04,-22.68,1.09],"translation":[0,3,0],"scale":[1.2,1.2,1.2]},"head":{"scale":[0,0,0]},"fixed":{"translation":[0,4,-4.25]}}}