{"format_version":"1.21.6","credit":"Naruto RPG","texture_size":[32,32],"textures":{"0":"consumibles:item/consumibles_pildoraalimento","particle":"consumibles:item/consumibles_pildoraalimento"},"elements":[{"from":[5.58859,0.0347,6.25115],"to":[10.94859,0.0347,10.27115],"rotation":{"angle":0,"axis":"y","origin":[7.59859,0.0347,8.26115]},"faces":{"north":{"uv":[0,0,2.75,0],"texture":"#0"},"east":{"uv":[0,0,2,0],"texture":"#0"},"south":{"uv":[0,0,2.75,0],"texture":"#0"},"west":{"uv":[0,0,2,0],"texture":"#0"},"up":{"uv":[8.25,8,5.5,6],"texture":"#0"},"down":{"uv":[8.25,8,5.5,10],"texture":"#0"}}},{"from":[5.58859,1.45638,9.68338],"to":[11.75259,1.45638,14.50738],"rotation":{"angle":-45,"axis":"x","origin":[7.59859,1.45638,11.69338]},"faces":{"north":{"uv":[0,0,3,0],"texture":"#0"},"east":{"uv":[0,0,2.5,0],"texture":"#0"},"south":{"uv":[0,0,3,0],"texture":"#0"},"west":{"uv":[0,0,2.5,0],"texture":"#0"},"up":{"uv":[3,6,0,3.5],"texture":"#0"},"down":{"uv":[3,3.5,0,6],"texture":"#0"}}},{"from":[5.58859,0.95781,1.61037],"to":[11.75259,0.95781,6.43437],"rotation":{"angle":22.5,"axis":"x","origin":[8.67059,0.95781,4.02237]},"faces":{"north":{"uv":[3,0,0,0],"texture":"#0"},"east":{"uv":[2.5,0,0,0],"texture":"#0"},"south":{"uv":[3,0,0,0],"texture":"#0"},"west":{"uv":[2.5,0,0,0],"texture":"#0"},"up":{"uv":[3,3.5,0,6],"texture":"#0"},"down":{"uv":[3,6,0,3.5],"texture":"#0"}}},{"from":[0.78308,0.804,6.25115],"to":[5.74108,0.804,11.87915],"rotation":{"angle":-22.5,"axis":"z","origin":[3.73108,0.804,8.26115]},"faces":{"north":{"uv":[0,0,2.5,0],"texture":"#0"},"east":{"uv":[0,0,2.75,0],"texture":"#0"},"south":{"uv":[0,0,2.5,0],"texture":"#0"},"west":{"uv":[0,0,2.75,0],"texture":"#0"},"up":{"uv":[8.5,5.25,6,2.5],"texture":"#0"},"down":{"uv":[8.5,2.5,6,5.25],"texture":"#0"}}},{"from":[10.22322,1.78791,6.25115],"to":[15.18122,1.78791,11.87915],"rotation":{"angle":45,"axis":"z","origin":[12.70222,1.78791,9.06515]},"faces":{"north":{"uv":[2.5,0,0,0],"texture":"#0"},"east":{"uv":[2.75,0,0,0],"texture":"#0"},"south":{"uv":[2.5,0,0,0],"texture":"#0"},"west":{"uv":[2.75,0,0,0],"texture":"#0"},"up":{"uv":[6,5.25,8.5,2.5],"texture":"#0"},"down":{"uv":[6,2.5,8.5,5.25],"texture":"#0"}}},{"from":[7.75059,0,6.53666],"to":[9.09059,1.34,7.87666],"rotation":{"angle":-22.5,"axis":"x","origin":[8.42059,0.67,7.20666]},"faces":{"north":{"uv":[8.5,5.5,9.25,6.25],"texture":"#0"},"east":{"uv":[8.5,6.5,9.25,7.25],"texture":"#0"},"south":{"uv":[8.5,7.5,9.25,8.25],"texture":"#0"},"west":{"uv":[8.5,8.5,9.25,9.25],"texture":"#0"},"up":{"uv":[9.75,0.75,9,0],"texture":"#0"},"down":{"uv":[9.75,1,9,1.75],"texture":"#0"}}},{"from":[6.69659,0,8.24066],"to":[8.03659,1.34,9.58066],"rotation":{"angle":22.5,"axis":"x","origin":[7.36659,0.67,8.91066]},"faces":{"north":{"uv":[8.5,7.5,9.25,8.25],"texture":"#0"},"east":{"uv":[8.5,8.5,9.25,9.25],"texture":"#0"},"south":{"uv":[8.5,5.5,9.25,6.25],"texture":"#0"},"west":{"uv":[8.5,6.5,9.25,7.25],"texture":"#0"},"up":{"uv":[9,0,9.75,0.75],"texture":"#0"},"down":{"uv":[9,1.75,9.75,1],"texture":"#0"}}},{"from":[8.80059,0,7.84066],"to":[10.14059,1.34,9.18066],"rotation":{"angle":-45,"axis":"z","origin":[9.47059,0.67,8.51066]},"faces":{"north":{"uv":[9.25,7.5,8.5,8.25],"texture":"#0"},"east":{"uv":[9.25,6.5,8.5,7.25],"texture":"#0"},"south":{"uv":[9.25,5.5,8.5,6.25],"texture":"#0"},"west":{"uv":[9.25,8.5,8.5,9.25],"texture":"#0"},"up":{"uv":[9.75,0,9,0.75],"texture":"#0"},"down":{"uv":[9.75,1.75,9,1],"texture":"#0"}}}],"gui_light":"front","display":{"thirdperson_righthand":{"rotation":[56,0,0],"translation":[0,4.25,4],"scale":[0.6,0.6,0.6]},"thirdperson_lefthand":{"rotation":[56,0,0],"translation":[0,4.25,4],"scale":[0.6,0.6,0.6]},"firstperson_righthand":{"rotation":[33.75,0,0],"translation":[0.25,5.25,2.5],"scale":[0.6,0.6,0.6]},"firstperson_lefthand":{"rotation":[25.08,-9.29,24.43],"translation":[-1.25,5.25,1.5],"scale":[0.6,0.6,0.6]},"ground":{"rotation":[-17.03,0.98,-6.48],"translation":[2.5,9.75,-3],"scale":[1.1,1.1,1.1]},"gui":{"rotation":[149.17,76.06,-124.38],"translation":[3,8.75,0],"scale":[1.9,1.8,1.7]},"head":{"scale":[0,0,0]}}}