{"format_version":"1.21.6","credit":"Naruto RPG","texture_size":[64,64],"textures":{"2":"consumibles:item/consumibles_curryvida","particle":"consumibles:item/consumibles_curryvida"},"elements":[{"from":[2.96,1.04641,2.96],"to":[13.04,6.08641,13.04],"rotation":{"angle":0,"axis":"y","origin":[6.32,-0.63359,6.32]},"faces":{"north":{"uv":[2.5,4,5,5.25],"texture":"#2"},"east":{"uv":[4.5,0,7,1.25],"texture":"#2"},"south":{"uv":[4.5,1.25,7,2.5],"texture":"#2"},"west":{"uv":[4.5,2.5,7,3.75],"texture":"#2"},"up":{"uv":[2.5,2.5,0,0],"texture":"#2"},"down":{"uv":[2.5,2.5,0,5],"texture":"#2"}}},{"from":[2.96,6.08641,2.96],"to":[13.04,7.26241,2.96],"rotation":{"angle":0,"axis":"y","origin":[6.32,6.08641,6.32]},"faces":{"north":{"uv":[7,0,9.5,0.25],"texture":"#2"},"east":{"uv":[0,0,0,0.25],"texture":"#2"},"south":{"uv":[7,0.25,9.5,0.5],"texture":"#2"},"west":{"uv":[0,0,0,0.25],"texture":"#2"},"up":{"uv":[2.5,0,0,0],"texture":"#2"},"down":{"uv":[2.5,0,0,0],"texture":"#2"}}},{"from":[2.96,6.08641,13.04],"to":[13.04,7.26241,13.04],"rotation":{"angle":0,"axis":"y","origin":[6.32,6.08641,6.32]},"faces":{"north":{"uv":[7,1.5,9.5,1.75],"texture":"#2"},"east":{"uv":[0,0,0,0.25],"texture":"#2"},"south":{"uv":[7,1.75,9.5,2],"texture":"#2"},"west":{"uv":[0,0,0,0.25],"texture":"#2"},"up":{"uv":[2.5,0,0,0],"texture":"#2"},"down":{"uv":[2.5,0,0,0],"texture":"#2"}}},{"from":[13.04,6.08641,2.96],"to":[13.04,7.26241,13.04],"rotation":{"angle":0,"axis":"y","origin":[6.32,6.08641,6.32]},"faces":{"north":{"uv":[0,0,0,0.25],"texture":"#2"},"east":{"uv":[7,1,9.5,1.25],"texture":"#2"},"south":{"uv":[0,0,0,0.25],"texture":"#2"},"west":{"uv":[7,1.25,9.5,1.5],"texture":"#2"},"up":{"uv":[0,2.5,0,0],"texture":"#2"},"down":{"uv":[0,0,0,2.5],"texture":"#2"}}},{"from":[2.96,6.08641,2.96],"to":[2.96,7.26241,13.04],"rotation":{"angle":0,"axis":"y","origin":[6.32,6.08641,6.32]},"faces":{"north":{"uv":[0,0,0,0.25],"texture":"#2"},"east":{"uv":[7,0.5,9.5,0.75],"texture":"#2"},"south":{"uv":[0,0,0,0.25],"texture":"#2"},"west":{"uv":[7,0.75,9.5,1],"texture":"#2"},"up":{"uv":[0,2.5,0,0],"texture":"#2"},"down":{"uv":[0,0,0,2.5],"texture":"#2"}}},{"from":[2.7,7.525,5.6],"to":[5.9,7.525,8.4],"rotation":{"angle":-22.5,"axis":"z","origin":[5.4,7.125,7.55]},"faces":{"north":{"uv":[0,0,0.75,0],"texture":"#2"},"east":{"uv":[0,0,0.75,0],"texture":"#2"},"south":{"uv":[0,0,0.75,0],"texture":"#2"},"west":{"uv":[0,0,0.75,0],"texture":"#2"},"up":{"uv":[0.75,7.75,0,7],"texture":"#2"},"down":{"uv":[1.5,7,0.75,7.75],"texture":"#2"}}},{"from":[3.575,7.9,3.825],"to":[6.775,7.9,6.625],"rotation":{"angle":22.5,"axis":"x","origin":[5.175,7.9,5.225]},"faces":{"north":{"uv":[0,0,0.75,0],"texture":"#2"},"east":{"uv":[0,0,0.75,0],"texture":"#2"},"south":{"uv":[0,0,0.75,0],"texture":"#2"},"west":{"uv":[0,0,0.75,0],"texture":"#2"},"up":{"uv":[7.75,2.75,7,2],"texture":"#2"},"down":{"uv":[7.75,2.75,7,3.5],"texture":"#2"}}},{"from":[5.71625,5.56389,4.44274],"to":[7.76625,6.93889,7.49274],"rotation":{"angle":22.5,"axis":"y","origin":[6.64125,6.36389,5.54274]},"faces":{"north":{"uv":[4.5,5.25,5,5.625],"texture":"#2"},"east":{"uv":[8.25,8.5,9,8.875],"texture":"#2"},"south":{"uv":[2.25,8.75,2.75,9.125],"texture":"#2"},"west":{"uv":[0,8.75,0.75,9.125],"texture":"#2"},"up":{"uv":[6.5,8,6,7.25],"texture":"#2"},"down":{"uv":[6.25,8,5.75,8.75],"texture":"#2"}}},{"from":[3.72128,5.16389,7.67212],"to":[7.17128,6.93889,10.32212],"rotation":{"angle":-22.5,"axis":"z","origin":[5.64628,6.25139,8.99712]},"faces":{"north":{"uv":[3.75,8,4.625,8.5],"texture":"#2"},"east":{"uv":[8.5,5.25,9.125,5.75],"texture":"#2"},"south":{"uv":[4.75,8,5.625,8.5],"texture":"#2"},"west":{"uv":[8.5,5.75,9.125,6.25],"texture":"#2"},"up":{"uv":[3.875,7.875,3,7.25],"texture":"#2"},"down":{"uv":[4.875,7.25,4,7.875],"texture":"#2"}}},{"from":[3.88497,5.25565,9.57212],"to":[7.33497,7.03065,12.22212],"rotation":{"angle":45,"axis":"y","origin":[5.60997,6.14315,10.89712]},"faces":{"north":{"uv":[7.5,8,8.375,8.5],"texture":"#2"},"east":{"uv":[8.5,6.25,9.125,6.75],"texture":"#2"},"south":{"uv":[0,8.25,0.875,8.75],"texture":"#2"},"west":{"uv":[8.5,6.75,9.125,7.25],"texture":"#2"},"up":{"uv":[5.875,7.875,5,7.25],"texture":"#2"},"down":{"uv":[8.375,5.25,7.5,5.875],"texture":"#2"}}},{"from":[6.96503,5.25565,3.77788],"to":[10.41503,7.03065,6.42788],"rotation":{"angle":45,"axis":"y","origin":[8.69003,6.14315,5.10288]},"faces":{"north":{"uv":[1,8.25,1.875,8.75],"texture":"#2"},"east":{"uv":[7.5,8.5,8.125,9],"texture":"#2"},"south":{"uv":[2,8.25,2.875,8.75],"texture":"#2"},"west":{"uv":[8.5,8,9.125,8.5],"texture":"#2"},"up":{"uv":[8.375,6.625,7.5,6],"texture":"#2"},"down":{"uv":[8.375,6.75,7.5,7.375],"texture":"#2"}}},{"from":[4.17128,5.56389,5.47212],"to":[7.22128,7.43889,8.12212],"rotation":{"angle":-22.5,"axis":"y","origin":[5.69628,6.25139,6.49712]},"faces":{"north":{"uv":[6.25,8.25,7,8.75],"texture":"#2"},"east":{"uv":[8.5,4.25,9.125,4.75],"texture":"#2"},"south":{"uv":[8.5,2.75,9.25,3.25],"texture":"#2"},"west":{"uv":[8.5,4.75,9.125,5.25],"texture":"#2"},"up":{"uv":[8.5,3.375,7.75,2.75],"texture":"#2"},"down":{"uv":[3.75,8,3,8.625],"texture":"#2"}}},{"from":[8.3,5.875,6.175],"to":[12,7.375,11.575],"rotation":{"angle":0,"axis":"y","origin":[7.3,3.875,7.875]},"faces":{"north":{"uv":[8.5,3.75,9.375,4.125],"texture":"#2"},"east":{"uv":[7.5,7.5,8.875,7.875],"texture":"#2"},"south":{"uv":[4.25,8.5,5.125,8.875],"texture":"#2"},"west":{"uv":[0,7.75,1.375,8.125],"texture":"#2"},"up":{"uv":[7.375,6.625,6.5,5.25],"texture":"#2"},"down":{"uv":[7.375,6.75,6.5,8.125],"texture":"#2"}}},{"from":[7.4,6.275,5.175],"to":[12.9,6.275,13.075],"rotation":{"angle":0,"axis":"y","origin":[7.3,3.875,8.475]},"faces":{"north":{"uv":[0,0,1.375,0],"texture":"#2"},"east":{"uv":[0,0,2,0],"texture":"#2"},"south":{"uv":[0,0,1.375,0],"texture":"#2"},"west":{"uv":[0,0,2,0],"texture":"#2"},"up":{"uv":[1.375,7,0,5],"texture":"#2"},"down":{"uv":[6.375,3.75,5,5.75],"texture":"#2"}}},{"from":[4.825,6.225,3.075],"to":[12.725,6.225,8.575],"rotation":{"angle":0,"axis":"y","origin":[8.775,6.225,5.825]},"faces":{"north":{"uv":[0,0,2,0],"texture":"#2"},"east":{"uv":[0,0,1.375,0],"texture":"#2"},"south":{"uv":[0,0,2,0],"texture":"#2"},"west":{"uv":[0,0,1.375,0],"texture":"#2"},"up":{"uv":[6.5,7.125,4.5,5.75],"texture":"#2"},"down":{"uv":[8.5,3.75,6.5,5.125],"texture":"#2"}}},{"from":[5.9,6.35,5.175],"to":[11.4,6.35,13.075],"rotation":{"angle":-45,"axis":"y","origin":[8.65,6.35,9.125]},"faces":{"north":{"uv":[0,0,1.375,0],"texture":"#2"},"east":{"uv":[0,0,2,0],"texture":"#2"},"south":{"uv":[0,0,1.375,0],"texture":"#2"},"west":{"uv":[0,0,2,0],"texture":"#2"},"up":{"uv":[2.875,7.25,1.5,5.25],"texture":"#2"},"down":{"uv":[4.375,5.25,3,7.25],"texture":"#2"}}},{"from":[7.8,5.875,9.075],"to":[10,7.075,11.875],"rotation":{"angle":-22.5,"axis":"y","origin":[9.35,6.625,9.175]},"faces":{"north":{"uv":[4.5,3.75,5,4],"texture":"#2"},"east":{"uv":[8.5,7.25,9.25,7.5],"texture":"#2"},"south":{"uv":[6.5,8.75,7,9],"texture":"#2"},"west":{"uv":[2.75,8.75,3.5,9],"texture":"#2"},"up":{"uv":[7.5,9,7,8.25],"texture":"#2"},"down":{"uv":[4.25,8.5,3.75,9.25],"texture":"#2"}}},{"from":[8.9,5.775,4.575],"to":[11.6,6.775,7.975],"rotation":{"angle":22.5,"axis":"y","origin":[9.75,6.275,7.275]},"faces":{"north":{"uv":[5.75,8.75,6.375,9],"texture":"#2"},"east":{"uv":[1.5,5,2.375,5.25],"texture":"#2"},"south":{"uv":[2.75,9,3.375,9.25],"texture":"#2"},"west":{"uv":[8.5,3.25,9.375,3.5],"texture":"#2"},"up":{"uv":[2.125,8.125,1.5,7.25],"texture":"#2"},"down":{"uv":[2.875,7.25,2.25,8.125],"texture":"#2"}}},{"from":[3.96,0.04641,3.96],"to":[12.04,1.08641,12.04],"rotation":{"angle":0,"axis":"y","origin":[6.32,-1.63359,6.32]},"faces":{"north":{"uv":[7,3.5,9,3.75],"texture":"#2"},"east":{"uv":[7.75,2,9.75,2.25],"texture":"#2"},"south":{"uv":[7.75,2.25,9.75,2.5],"texture":"#2"},"west":{"uv":[7.75,2.5,9.75,2.75],"texture":"#2"},"up":{"uv":[4.5,2,2.5,0],"texture":"#2"},"down":{"uv":[4.5,2,2.5,4],"texture":"#2"}}},{"from":[10,4.5,3],"to":[10.5,12.5,3.25],"rotation":{"angle":-22.5,"axis":"x","origin":[10.25,7.5,3.125]},"faces":{"north":{"uv":[5.25,8.5,5.375,10.5],"texture":"#2"},"east":{"uv":[5.5,8.5,5.625,10.5],"texture":"#2"},"south":{"uv":[0.75,8.75,0.875,10.75],"texture":"#2"},"west":{"uv":[1,8.75,1.125,10.75],"texture":"#2"},"up":{"uv":[6.375,8.125,6.25,8],"texture":"#2"},"down":{"uv":[3.625,8.75,3.5,8.875],"texture":"#2"}}},{"from":[12,4.5,4],"to":[12.5,12.5,4.25],"rotation":{"angle":-22.5,"axis":"z","origin":[12.25,7.5,4.125]},"faces":{"north":{"uv":[1.25,8.75,1.375,10.75],"texture":"#2"},"east":{"uv":[1.5,8.75,1.625,10.75],"texture":"#2"},"south":{"uv":[1.75,8.75,1.875,10.75],"texture":"#2"},"west":{"uv":[2,8.75,2.125,10.75],"texture":"#2"},"up":{"uv":[3.625,9.125,3.5,9],"texture":"#2"},"down":{"uv":[9.125,3.5,9,3.625],"texture":"#2"}}}],"gui_light":"front","display":{"thirdperson_righthand":{"rotation":[25.25,0,0],"translation":[0,3.25,2.5],"scale":[0.5,0.5,0.5]},"thirdperson_lefthand":{"rotation":[25.25,0,0],"translation":[0,3.25,2.5],"scale":[0.5,0.5,0.5]},"firstperson_righthand":{"rotation":[7.61,1.43,10.66],"translation":[0,6,0]},"firstperson_lefthand":{"rotation":[7.61,1.43,10.66],"translation":[0,6,0]},"ground":{"rotation":[-11.79,0.24,-2.19],"translation":[0,5.5,0],"scale":[0.7,0.7,0.7]},"gui":{"rotation":[44.04,-22.68,1.09],"translation":[0,3,0],"scale":[1.2,1.2,1.2]},"head":{"scale":[0,0,0]},"fixed":{"translation":[0,4,-4.25]}}}