{"format_version":"1.21.6","credit":"Naruto RPG","texture_size":[32,32],"textures":{"0":"consumibles:item/consumibles_teverde","particle":"consumibles:item/consumibles_teverde"},"elements":[{"from":[6.8,1.2,6.7],"to":[9.2,1.9,9.3],"rotation":{"angle":0,"axis":"y","origin":[7,0.7,7]},"faces":{"north":{"uv":[8.5,1,9.75,1.25],"texture":"#0"},"east":{"uv":[9,6,10.25,6.25],"texture":"#0"},"south":{"uv":[9,6.5,10.25,6.75],"texture":"#0"},"west":{"uv":[9,7,10.25,7.25],"texture":"#0"},"up":{"uv":[7.25,7.25,6,6],"texture":"#0"},"down":{"uv":[7.75,2,6.5,3.25],"texture":"#0"}}},{"from":[6.8,4.5,6.7],"to":[9.2,4.5,9.3],"rotation":{"angle":0,"axis":"y","origin":[7,3.3,7]},"faces":{"north":{"uv":[0,0,1.25,0],"texture":"#0"},"east":{"uv":[0,0,1.25,0],"texture":"#0"},"south":{"uv":[0,0,1.25,0],"texture":"#0"},"west":{"uv":[0,0,1.25,0],"texture":"#0"},"up":{"uv":[7.75,4.75,6.5,3.5],"texture":"#0"},"down":{"uv":[8.25,0,7,1.25],"texture":"#0"}}},{"from":[6.8,1.2,9.2],"to":[9.2,5.4,9.8],"rotation":{"angle":0,"axis":"y","origin":[7,0.7,7]},"faces":{"north":{"uv":[5,2,6.25,4],"texture":"#0"},"east":{"uv":[3,9,3.25,11],"texture":"#0"},"south":{"uv":[5,4,6.25,6],"texture":"#0"},"west":{"uv":[3.5,9,3.75,11],"texture":"#0"},"up":{"uv":[10.75,0.25,9.5,0],"texture":"#0"},"down":{"uv":[10.75,0.5,9.5,0.75],"texture":"#0"}}},{"from":[6.8,1.2,6.2],"to":[9.2,5.4,6.8],"rotation":{"angle":0,"axis":"y","origin":[7,0.7,9]},"faces":{"north":{"uv":[0,6,1.25,8],"texture":"#0"},"east":{"uv":[4,9,4.25,11],"texture":"#0"},"south":{"uv":[1.5,6,2.75,8],"texture":"#0"},"west":{"uv":[4.5,9,4.75,11],"texture":"#0"},"up":{"uv":[2.75,9.75,1.5,9.5],"texture":"#0"},"down":{"uv":[10.75,2,9.5,2.25],"texture":"#0"}}},{"from":[7.1,5.9,5.7],"to":[7.7,5.9,7.2],"rotation":{"angle":0,"axis":"y","origin":[7,0.7,9]},"faces":{"north":{"uv":[1.5,8,2,9.5],"texture":"#0"},"east":{"uv":[3,7.5,3.75,9],"texture":"#0"},"south":{"uv":[2,8,2.5,9.5],"texture":"#0"},"west":{"uv":[4,7.5,4.75,9],"texture":"#0"},"up":{"uv":[9,0.75,8.5,0],"texture":"#0"},"down":{"uv":[9,0,8.5,0.75],"texture":"#0"}}},{"from":[7.1,3.1,5.7],"to":[7.7,5.9,5.7],"rotation":{"angle":0,"axis":"y","origin":[7,0.7,9]},"faces":{"north":{"uv":[1.5,8,2,9.5],"texture":"#0"},"east":{"uv":[3,7.5,3.75,9],"texture":"#0"},"south":{"uv":[2,8,2.5,9.5],"texture":"#0"},"west":{"uv":[4,7.5,4.75,9],"texture":"#0"},"up":{"uv":[9,0.75,8.5,0],"texture":"#0"},"down":{"uv":[9,0,8.5,0.75],"texture":"#0"}}},{"from":[7.1,3.1,7.2],"to":[7.7,5.9,7.2],"rotation":{"angle":0,"axis":"y","origin":[7,0.7,9]},"faces":{"north":{"uv":[1.5,8,2,9.5],"texture":"#0"},"east":{"uv":[3,7.5,3.75,9],"texture":"#0"},"south":{"uv":[2,8,2.5,9.5],"texture":"#0"},"west":{"uv":[4,7.5,4.75,9],"texture":"#0"},"up":{"uv":[9,0.75,8.5,0],"texture":"#0"},"down":{"uv":[9,0,8.5,0.75],"texture":"#0"}}},{"from":[7.1,3.1,7.2],"to":[7.7,5.9,7.2],"rotation":{"angle":0,"axis":"y","origin":[7,0.7,9]},"faces":{"north":{"uv":[1.5,8,2,9.5],"texture":"#0"},"east":{"uv":[3,7.5,3.75,9],"texture":"#0"},"south":{"uv":[2,8,2.5,9.5],"texture":"#0"},"west":{"uv":[4,7.5,4.75,9],"texture":"#0"},"up":{"uv":[9,0.75,8.5,0],"texture":"#0"},"down":{"uv":[9.5,0,9,0.75],"texture":"#0"}}},{"from":[6.7,2.8,5.5],"to":[7.9,4.4,5.9],"rotation":{"angle":0,"axis":"y","origin":[6.9,0.7,9]},"faces":{"north":{"uv":[8,8,8.75,8.75],"texture":"#0"},"east":{"uv":[5,9.5,5.25,10.25],"texture":"#0"},"south":{"uv":[0,8.5,0.75,9.25],"texture":"#0"},"west":{"uv":[9.5,5,9.75,5.75],"texture":"#0"},"up":{"uv":[6.25,9.75,5.5,9.5],"texture":"#0"},"down":{"uv":[10.25,7.5,9.5,7.75],"texture":"#0"}}},{"from":[6.2,1.2,6.2],"to":[6.8,5.4,9.8],"rotation":{"angle":0,"axis":"y","origin":[7,0.7,7]},"faces":{"north":{"uv":[7,8.5,7.25,10.5],"texture":"#0"},"east":{"uv":[3,4,4.75,6],"texture":"#0"},"south":{"uv":[7.5,8.5,7.75,10.5],"texture":"#0"},"west":{"uv":[5,0,6.75,2],"texture":"#0"},"up":{"uv":[8.75,10.75,8.5,9],"texture":"#0"},"down":{"uv":[0.25,9.5,0,11.25],"texture":"#0"}}},{"from":[4.2,1.5,7.6],"to":[6.6,2.3,8.4],"rotation":{"angle":-22.5,"axis":"z","origin":[6,1.9,8]},"faces":{"north":{"uv":[8,2,9.25,2.5],"texture":"#0"},"east":{"uv":[0.5,9.5,1,10],"texture":"#0"},"south":{"uv":[8,2.5,9.25,3],"texture":"#0"},"west":{"uv":[9.5,2.5,10,3],"texture":"#0"},"up":{"uv":[9.25,3.5,8,3],"texture":"#0"},"down":{"uv":[9.25,3.5,8,4],"texture":"#0"}}},{"from":[4.15,3.925,7.6],"to":[6.6,4.725,8.4],"rotation":{"angle":0,"axis":"y","origin":[6,4.325,8]},"faces":{"north":{"uv":[8,4,9.25,4.5],"texture":"#0"},"east":{"uv":[9.5,4,10,4.5],"texture":"#0"},"south":{"uv":[8,4.5,9.25,5],"texture":"#0"},"west":{"uv":[9.5,4.5,10,5],"texture":"#0"},"up":{"uv":[7.75,8.5,6.5,8],"texture":"#0"},"down":{"uv":[9.25,7.5,8,8],"texture":"#0"}}},{"from":[4.175,2.275,7.625],"to":[4.975,4.7,8.375],"rotation":{"angle":0,"axis":"y","origin":[5.475,2.8,8]},"faces":{"north":{"uv":[2.5,8,3,9.25],"texture":"#0"},"east":{"uv":[5,8,5.5,9.25],"texture":"#0"},"south":{"uv":[5.5,8,6,9.25],"texture":"#0"},"west":{"uv":[6,8,6.5,9.25],"texture":"#0"},"up":{"uv":[10,3.5,9.5,3],"texture":"#0"},"down":{"uv":[10,3.5,9.5,4],"texture":"#0"}}},{"from":[9.2,1.2,6.2],"to":[9.8,5.4,9.8],"rotation":{"angle":0,"axis":"y","origin":[7,0.7,7]},"faces":{"north":{"uv":[1,8.5,1.25,10.5],"texture":"#0"},"east":{"uv":[3,0,4.75,2],"texture":"#0"},"south":{"uv":[6.5,8.5,6.75,10.5],"texture":"#0"},"west":{"uv":[3,2,4.75,4],"texture":"#0"},"up":{"uv":[8.25,10.75,8,9],"texture":"#0"},"down":{"uv":[9.25,8,9,9.75],"texture":"#0"}}},{"from":[6.6,0.7,6.6],"to":[9.4,1.5,9.4],"rotation":{"angle":0,"axis":"y","origin":[7,0.2,7]},"faces":{"north":{"uv":[7.5,6,9,6.5],"texture":"#0"},"east":{"uv":[7.5,6.5,9,7],"texture":"#0"},"south":{"uv":[7.5,7,9,7.5],"texture":"#0"},"west":{"uv":[0,8,1.5,8.5],"texture":"#0"},"up":{"uv":[4.5,7.5,3,6],"texture":"#0"},"down":{"uv":[6,6,4.5,7.5],"texture":"#0"}}}],"gui_light":"front","display":{"thirdperson_righthand":{"rotation":[85.5,0,0],"translation":[0,2.25,7.25]},"thirdperson_lefthand":{"rotation":[85.5,0,0],"translation":[0,2.25,7.25]},"firstperson_righthand":{"rotation":[6.5,0,0],"translation":[0.75,9,2.25],"scale":[1,1,0.85742]},"firstperson_lefthand":{"rotation":[6.5,0,0],"translation":[0.75,9,2.25],"scale":[1,1,0.85742]},"ground":{"rotation":[-8.81,1.1,-14.42],"translation":[0.5,8.5,0],"scale":[1.4,1.4,1.4]},"gui":{"rotation":[-171.65,19.56,-175.36],"translation":[0.5,9,0],"scale":[2,2,2]},"head":{"scale":[0,0,0]},"fixed":{"translation":[0,9,0],"scale":[2,2,2]}}}