{"format_version":"1.21.6","credit":"Naruto RPG","texture_size":[64,64],"textures":{"2":"consumibles:item/consumibles_pescadovapor","particle":"consumibles:item/consumibles_pescadovapor"},"elements":[{"from":[6,0.125,6],"to":[12,2.125,10],"rotation":{"angle":0,"axis":"y","origin":[8,0.125,7]},"faces":{"north":{"uv":[7.5,8,9,8.5],"texture":"#2"},"east":{"uv":[8.25,0,9.25,0.5],"texture":"#2"},"south":{"uv":[0,8.25,1.5,8.75],"texture":"#2"},"west":{"uv":[8.25,0.5,9.25,1],"texture":"#2"},"up":{"uv":[8.5,5.75,7,4.75],"texture":"#2"},"down":{"uv":[8.5,5.75,7,6.75],"texture":"#2"}}},{"from":[9,0.05,8],"to":[12,2.25,10.8],"rotation":{"angle":22.5,"axis":"y","origin":[10.5,1.15,8.8]},"faces":{"north":{"uv":[8.5,4.5,9.25,5],"texture":"#2"},"east":{"uv":[4.75,8.5,5.5,9],"texture":"#2"},"south":{"uv":[8.5,5,9.25,5.5],"texture":"#2"},"west":{"uv":[5.5,8.5,6.25,9],"texture":"#2"},"up":{"uv":[7,5.5,6.25,4.75],"texture":"#2"},"down":{"uv":[7,7.25,6.25,8],"texture":"#2"}}},{"from":[4.675,0.4,7.625],"to":[9.75,1.8,10.825],"rotation":{"angle":0,"axis":"y","origin":[8.075,0.1,7.825]},"faces":{"north":{"uv":[2.25,8.25,3.5,8.625],"texture":"#2"},"east":{"uv":[7.5,8.5,8.25,8.875],"texture":"#2"},"south":{"uv":[3.5,8.25,4.75,8.625],"texture":"#2"},"west":{"uv":[8.25,8.5,9,8.875],"texture":"#2"},"up":{"uv":[9,4.5,7.75,3.75],"texture":"#2"},"down":{"uv":[7.5,8,6.25,8.75],"texture":"#2"}}},{"from":[4.675,1.1,8.425],"to":[9.75,1.1,13.025],"rotation":{"angle":0,"axis":"y","origin":[8.075,0.1,8.625]},"faces":{"north":{"uv":[0,0,1.25,0],"texture":"#2"},"east":{"uv":[0,0,1.125,0],"texture":"#2"},"south":{"uv":[0,0,1.25,0],"texture":"#2"},"west":{"uv":[0,0,1.125,0],"texture":"#2"},"up":{"uv":[8.25,7.875,7,6.75],"texture":"#2"},"down":{"uv":[6.25,7.25,5,8.375],"texture":"#2"}}},{"from":[2.075,0.45,5.475],"to":[7.15,1.75,9.625],"rotation":{"angle":-22.5,"axis":"y","origin":[4.6125,1.1,8.025]},"faces":{"north":{"uv":[8.25,6.75,9.5,7.125],"texture":"#2"},"east":{"uv":[8.5,5.5,9.5,5.875],"texture":"#2"},"south":{"uv":[8.25,7.25,9.5,7.625],"texture":"#2"},"west":{"uv":[8.5,6,9.5,6.375],"texture":"#2"},"up":{"uv":[9,2.75,7.75,1.75],"texture":"#2"},"down":{"uv":[9,2.75,7.75,3.75],"texture":"#2"}}},{"from":[-0.725,1.1,3.675],"to":[5.05,1.1,9.125],"rotation":{"angle":-22.5,"axis":"y","origin":[2.1625,1.1,6.4]},"faces":{"north":{"uv":[0,0,1.5,0],"texture":"#2"},"east":{"uv":[0,0,1.375,0],"texture":"#2"},"south":{"uv":[0,0,1.5,0],"texture":"#2"},"west":{"uv":[0,0,1.375,0],"texture":"#2"},"up":{"uv":[7.75,3.125,6.25,1.75],"texture":"#2"},"down":{"uv":[7.75,3.25,6.25,4.625],"texture":"#2"}}},{"from":[4.1,1.1,3],"to":[11.9,1.1,10],"rotation":{"angle":0,"axis":"y","origin":[7.5,0.1,7]},"faces":{"north":{"uv":[0,0,2,0],"texture":"#2"},"east":{"uv":[0,0,1.75,0],"texture":"#2"},"south":{"uv":[0,0,2,0],"texture":"#2"},"west":{"uv":[0,0,1.75,0],"texture":"#2"},"up":{"uv":[7,7.25,5,5.5],"texture":"#2"},"down":{"uv":[8.25,0,6.25,1.75],"texture":"#2"}}},{"from":[-0.7,0.025,2.5],"to":[13.7,0.025,13.5],"rotation":{"angle":0,"axis":"y","origin":[7,0.025,7]},"faces":{"north":{"uv":[0,0,3.625,0],"texture":"#2"},"east":{"uv":[0,0,2.75,0],"texture":"#2"},"south":{"uv":[0,0,3.625,0],"texture":"#2"},"west":{"uv":[0,0,2.75,0],"texture":"#2"},"up":{"uv":[3.625,2.75,0,0],"texture":"#2"},"down":{"uv":[3.625,0,0,2.75],"texture":"#2"}}},{"from":[13.15231,2.7804,2.5],"to":[22.45231,2.7804,13.5],"rotation":{"angle":22.5,"axis":"z","origin":[20.35231,2.7804,8]},"faces":{"north":{"uv":[0,0,2.375,0],"texture":"#2"},"east":{"uv":[0,0,2.75,0],"texture":"#2"},"south":{"uv":[0,0,2.375,0],"texture":"#2"},"west":{"uv":[0,0,2.75,0],"texture":"#2"},"up":{"uv":[2.375,8.25,0,5.5],"texture":"#2"},"down":{"uv":[2.375,5.5,0,8.25],"texture":"#2"}}},{"from":[-10.25231,2.7804,2.5],"to":[-0.15231,2.7804,13.5],"rotation":{"angle":-22.5,"axis":"z","origin":[-7.35231,2.7804,8]},"faces":{"north":{"uv":[0,0,2.5,0],"texture":"#2"},"east":{"uv":[0,0,2.75,0],"texture":"#2"},"south":{"uv":[0,0,2.5,0],"texture":"#2"},"west":{"uv":[0,0,2.75,0],"texture":"#2"},"up":{"uv":[6.25,2.75,3.75,0],"texture":"#2"},"down":{"uv":[6.25,0,3.75,2.75],"texture":"#2"}}},{"from":[10,0.05,4.8],"to":[12,0.55,6.8],"rotation":{"angle":45,"axis":"y","origin":[11,0.3,5.8]},"faces":{"north":{"uv":[7.75,4.5,8.25,4.625],"texture":"#2"},"east":{"uv":[8.25,7.75,8.75,7.875],"texture":"#2"},"south":{"uv":[8.5,6.5,9,6.625],"texture":"#2"},"west":{"uv":[1,8.75,1.5,8.875],"texture":"#2"},"up":{"uv":[0.5,9.25,0,8.75],"texture":"#2"},"down":{"uv":[1,8.75,0.5,9.25],"texture":"#2"}}},{"from":[1.8,0.05,4.2],"to":[2.7,1.05,5],"rotation":{"angle":22.5,"axis":"y","origin":[2.25,0.55,4.6]},"faces":{"north":{"uv":[8.25,4.5,8.5,4.75],"texture":"#2"},"east":{"uv":[4.75,8.25,5,8.5],"texture":"#2"},"south":{"uv":[2.25,8.75,2.5,9],"texture":"#2"},"west":{"uv":[2.5,8.75,2.75,9],"texture":"#2"},"up":{"uv":[3,9,2.75,8.75],"texture":"#2"},"down":{"uv":[3.25,8.75,3,9],"texture":"#2"}}},{"from":[4.1,1,3.4],"to":[6.7,1,6.2],"rotation":{"angle":22.5,"axis":"x","origin":[5.4,1,4.8]},"faces":{"north":{"uv":[0,0,0.625,0],"texture":"#2"},"east":{"uv":[0,0,0.75,0],"texture":"#2"},"south":{"uv":[0,0,0.625,0],"texture":"#2"},"west":{"uv":[0,0,0.75,0],"texture":"#2"},"up":{"uv":[8.875,1.75,8.25,1],"texture":"#2"},"down":{"uv":[8.875,1,8.25,1.75],"texture":"#2"}}},{"from":[6.9,0.05,4.3],"to":[8.9,0.55,6.3],"rotation":{"angle":-22.5,"axis":"y","origin":[7.9,0.3,5.3]},"faces":{"north":{"uv":[8.25,7.75,8.75,7.875],"texture":"#2"},"east":{"uv":[8.5,6.5,9,6.625],"texture":"#2"},"south":{"uv":[1,8.75,1.5,8.875],"texture":"#2"},"west":{"uv":[7.75,4.5,8.25,4.625],"texture":"#2"},"up":{"uv":[0.5,9.25,0,8.75],"rotation":270,"texture":"#2"},"down":{"uv":[1,8.75,0.5,9.25],"rotation":90,"texture":"#2"}}},{"from":[4.1,0.05,4.3],"to":[6.1,0.55,6.3],"rotation":{"angle":0,"axis":"y","origin":[5.1,0.3,5.3]},"faces":{"north":{"uv":[7.75,4.5,8.25,4.625],"texture":"#2"},"east":{"uv":[8.25,7.75,8.75,7.875],"texture":"#2"},"south":{"uv":[8.5,6.5,9,6.625],"texture":"#2"},"west":{"uv":[1,8.75,1.5,8.875],"texture":"#2"},"up":{"uv":[0.5,9.25,0,8.75],"texture":"#2"},"down":{"uv":[1,8.75,0.5,9.25],"texture":"#2"}}},{"from":[3.4,0.05,3.8],"to":[4.3,1.05,4.6],"rotation":{"angle":-22.5,"axis":"y","origin":[3.85,0.55,4.2]},"faces":{"north":{"uv":[8.25,4.5,8.5,4.75],"texture":"#2"},"east":{"uv":[4.75,8.25,5,8.5],"texture":"#2"},"south":{"uv":[2.25,8.75,2.5,9],"texture":"#2"},"west":{"uv":[2.5,8.75,2.75,9],"texture":"#2"},"up":{"uv":[3,9,2.75,8.75],"texture":"#2"},"down":{"uv":[3.25,8.75,3,9],"texture":"#2"}}},{"from":[9.4,0.05,4.6],"to":[10.3,1.05,5.4],"rotation":{"angle":22.5,"axis":"y","origin":[9.85,0.55,5]},"faces":{"north":{"uv":[8.5,4.5,8.25,4.75],"texture":"#2"},"east":{"uv":[2.75,8.75,2.5,9],"texture":"#2"},"south":{"uv":[2.5,8.75,2.25,9],"texture":"#2"},"west":{"uv":[5,8.25,4.75,8.5],"texture":"#2"},"up":{"uv":[2.75,9,3,8.75],"texture":"#2"},"down":{"uv":[3,8.75,3.25,9],"texture":"#2"}}},{"from":[9.3,1,4],"to":[11.9,1,6.8],"rotation":{"angle":22.5,"axis":"x","origin":[10.6,1,5.4]},"faces":{"north":{"uv":[0.625,0,0,0],"texture":"#2"},"east":{"uv":[0.75,0,0,0],"texture":"#2"},"south":{"uv":[0.625,0,0,0],"texture":"#2"},"west":{"uv":[0.75,0,0,0],"texture":"#2"},"up":{"uv":[8.25,1.75,8.875,1],"texture":"#2"},"down":{"uv":[8.25,1,8.875,1.75],"texture":"#2"}}}],"gui_light":"front","display":{"thirdperson_righthand":{"rotation":[28.25,0,0],"translation":[0,5.75,3.75],"scale":[0.6,0.6,0.6]},"thirdperson_lefthand":{"rotation":[28.25,0,0],"translation":[0,5.75,3.75],"scale":[0.6,0.6,0.6]},"firstperson_righthand":{"rotation":[28.25,0,0],"translation":[0,6.5,3],"scale":[0.6,0.6,0.6]},"firstperson_lefthand":{"rotation":[28.25,0,0],"translation":[0,6.5,3],"scale":[0.6,0.6,0.475]},"ground":{"rotation":[2.72,0.42,18.46],"translation":[1.5,10,0]},"gui":{"rotation":[-116.71,23.34,-171.33],"translation":[-0.5,4.25,0],"scale":[0.99688,1.24,1.27]},"head":{"scale":[0,0,0]},"fixed":{"rotation":[-90,0,0],"translation":[1.5,0,-7.5]}}}