{"format_version":"1.21.6","credit":"Naruto RPG","texture_size":[32,32],"textures":{"1":"consumibles:item/consumibles_dango"},"elements":[{"from":[7.52,-3.2,7.52],"to":[8.48,3.2,8.48],"rotation":{"angle":0,"axis":"y","origin":[8,1.6,8]},"faces":{"north":{"uv":[1.5,6,2,9.25],"texture":"#1"},"east":{"uv":[6,1.5,6.5,4.75],"texture":"#1"},"south":{"uv":[2,6,2.5,9.25],"texture":"#1"},"west":{"uv":[2.5,6,3,9.25],"texture":"#1"},"up":{"uv":[3.5,6.5,3,6],"texture":"#1"},"down":{"uv":[4,6,3.5,6.5],"texture":"#1"}}},{"from":[6.4,6.4,6.4],"to":[9.6,9.6,9.6],"rotation":{"angle":-22.5,"axis":"y","origin":[8,8,8]},"faces":{"north":{"uv":[0,0,1.5,1.5],"texture":"#1"},"east":{"uv":[1.5,0,0,1.5],"texture":"#1"},"south":{"uv":[3,1.5,1.5,3],"texture":"#1"},"west":{"uv":[1.5,1.5,3,3],"texture":"#1"},"up":{"uv":[1.5,4.5,0,3],"texture":"#1"},"down":{"uv":[4.5,0,3,1.5],"texture":"#1"}}},{"from":[6.4,0,6.4],"to":[9.6,3.2,9.6],"rotation":{"angle":-22.5,"axis":"y","origin":[8,1.6,8]},"faces":{"north":{"uv":[4.5,1.5,6,3],"texture":"#1"},"east":{"uv":[6,1.5,4.5,3],"texture":"#1"},"south":{"uv":[6,4.5,4.5,6],"texture":"#1"},"west":{"uv":[4.5,4.5,6,6],"texture":"#1"},"up":{"uv":[1.5,7.5,0,6],"texture":"#1"},"down":{"uv":[7.5,0,6,1.5],"texture":"#1"}}},{"from":[6.4,3.2,6.4],"to":[9.6,6.4,9.6],"rotation":{"angle":-45,"axis":"y","origin":[8,4.8,8]},"faces":{"north":{"uv":[1.5,3,3,4.5],"texture":"#1"},"east":{"uv":[3,3,1.5,4.5],"texture":"#1"},"south":{"uv":[1.5,4.5,0,6],"texture":"#1"},"west":{"uv":[0,4.5,1.5,6],"texture":"#1"},"up":{"uv":[6,1.5,4.5,0],"texture":"#1"},"down":{"uv":[3,4.5,1.5,6],"texture":"#1"}}}],"gui_light":"front","display":{"thirdperson_righthand":{"translation":[0,6.25,1.25],"scale":[0.6,0.6,0.6]},"thirdperson_lefthand":{"translation":[0,6.25,1.25],"scale":[0.6,0.6,0.6]},"firstperson_righthand":{"rotation":[-13.5,0,0],"translation":[1.25,6.75,0.5],"scale":[0.6,0.6,0.6]},"firstperson_lefthand":{"rotation":[-13.5,0,0],"translation":[1.25,6.75,0.5],"scale":[0.6,0.6,0.6]},"ground":{"rotation":[-19.58,1.23,-7.36],"translation":[0,8.5,0]},"gui":{"rotation":[-24.35,-46.6,-57.46],"translation":[3.25,4,0],"scale":[1.3,1.37031,1.3]},"head":{"scale":[0,0,0]},"fixed":{"translation":[0,4.5,0]}}}