{"format_version":"1.21.6","credit":"Naruto RPG","texture_size":[64,64],"textures":{"1":"consumibles:item/consumibles_ebiramen"},"elements":[{"from":[2.96,1.04641,2.96],"to":[13.04,6.08641,13.04],"rotation":{"angle":0,"axis":"y","origin":[6.32,-0.63359,6.32]},"faces":{"north":{"uv":[2.5,4,5,5.25],"texture":"#1"},"east":{"uv":[4.5,0,7,1.25],"texture":"#1"},"south":{"uv":[4.5,1.25,7,2.5],"texture":"#1"},"west":{"uv":[4.5,2.5,7,3.75],"texture":"#1"},"up":{"uv":[2.5,2.5,0,0],"texture":"#1"},"down":{"uv":[2.5,2.5,0,5],"texture":"#1"}}},{"from":[2.96,6.08641,2.96],"to":[13.04,7.26241,2.96],"rotation":{"angle":0,"axis":"y","origin":[6.32,6.08641,6.32]},"faces":{"north":{"uv":[1.25,6,3.75,6.25],"texture":"#1"},"east":{"uv":[0,0,0,0.25],"texture":"#1"},"south":{"uv":[1.25,6.25,3.75,6.5],"texture":"#1"},"west":{"uv":[0,0,0,0.25],"texture":"#1"},"up":{"uv":[2.5,0,0,0],"texture":"#1"},"down":{"uv":[2.5,0,0,0],"texture":"#1"}}},{"from":[2.96,6.08641,13.04],"to":[13.04,7.26241,13.04],"rotation":{"angle":0,"axis":"y","origin":[6.32,6.08641,6.32]},"faces":{"north":{"uv":[6.25,6.25,8.75,6.5],"texture":"#1"},"east":{"uv":[0,0,0,0.25],"texture":"#1"},"south":{"uv":[1.25,6.5,3.75,6.75],"texture":"#1"},"west":{"uv":[0,0,0,0.25],"texture":"#1"},"up":{"uv":[2.5,0,0,0],"texture":"#1"},"down":{"uv":[2.5,0,0,0],"texture":"#1"}}},{"from":[13.04,6.08641,2.96],"to":[13.04,7.26241,13.04],"rotation":{"angle":0,"axis":"y","origin":[6.32,6.08641,6.32]},"faces":{"north":{"uv":[0,0,0,0.25],"texture":"#1"},"east":{"uv":[6.25,5,8.75,5.25],"texture":"#1"},"south":{"uv":[0,0,0,0.25],"texture":"#1"},"west":{"uv":[6.25,5.25,8.75,5.5],"texture":"#1"},"up":{"uv":[0,2.5,0,0],"texture":"#1"},"down":{"uv":[0,0,0,2.5],"texture":"#1"}}},{"from":[2.96,6.08641,2.96],"to":[2.96,7.26241,13.04],"rotation":{"angle":0,"axis":"y","origin":[6.32,6.08641,6.32]},"faces":{"north":{"uv":[0,0,0,0.25],"texture":"#1"},"east":{"uv":[3.75,6.25,6.25,6.5],"texture":"#1"},"south":{"uv":[0,0,0,0.25],"texture":"#1"},"west":{"uv":[6.25,4.75,8.75,5],"texture":"#1"},"up":{"uv":[0,2.5,0,0],"texture":"#1"},"down":{"uv":[0,0,0,2.5],"texture":"#1"}}},{"from":[4.268,5.22841,8.554],"to":[7.028,6.74041,11.546],"rotation":{"angle":-22.5,"axis":"x","origin":[5.648,5.98441,10.15]},"faces":{"north":{"uv":[7,2.5,7.75,2.875],"texture":"#1"},"east":{"uv":[7,3,7.75,3.375],"texture":"#1"},"south":{"uv":[3.25,7,4,7.375],"texture":"#1"},"west":{"uv":[4,7,4.75,7.375],"texture":"#1"},"up":{"uv":[5.75,7.25,5,6.5],"texture":"#1"},"down":{"uv":[7.25,5.5,6.5,6.25],"texture":"#1"}}},{"from":[8.972,5.19014,4.04639],"to":[11.732,6.70214,7.03839],"rotation":{"angle":-22.5,"axis":"y","origin":[10.352,5.94614,5.54239]},"faces":{"north":{"uv":[0,7.25,0.75,7.625],"texture":"#1"},"east":{"uv":[0.75,7.25,1.5,7.625],"texture":"#1"},"south":{"uv":[1.5,7.25,2.25,7.625],"texture":"#1"},"west":{"uv":[2.25,7.25,3,7.625],"texture":"#1"},"up":{"uv":[6.5,7.25,5.75,6.5],"texture":"#1"},"down":{"uv":[7.25,6.5,6.5,7.25],"texture":"#1"}}},{"from":[12.536,5.75041,6.32],"to":[12.536,9.11041,12.2],"rotation":{"angle":-45,"axis":"z","origin":[12.536,6.75841,10.1]},"faces":{"north":{"uv":[0,0,0,0.875],"texture":"#1"},"east":{"uv":[0,5,1.5,5.875],"texture":"#1"},"south":{"uv":[0,0,0,0.875],"texture":"#1"},"west":{"uv":[5,3.75,6.5,4.625],"texture":"#1"},"up":{"uv":[0,1.5,0,0],"texture":"#1"},"down":{"uv":[0,0,0,1.5],"texture":"#1"}}},{"from":[6.992,5.21041,7.684],"to":[12.068,6.72241,10.38],"rotation":{"angle":22.5,"axis":"z","origin":[9.68,5.96641,8.7]},"faces":{"north":{"uv":[2,6.75,3.25,7.125],"texture":"#1"},"east":{"uv":[7.5,7,8.125,7.375],"texture":"#1"},"south":{"uv":[7,0,8.25,0.375],"texture":"#1"},"west":{"uv":[7.5,7.5,8.125,7.875],"texture":"#1"},"up":{"uv":[4,5.875,2.75,5.25],"texture":"#1"},"down":{"uv":[5.25,5.5,4,6.125],"texture":"#1"}}},{"from":[6.992,5.21041,5.984],"to":[11.693,6.59741,8.48],"rotation":{"angle":22.5,"axis":"z","origin":[9.68,5.96641,7]},"faces":{"north":{"uv":[7,0.5,8.125,0.875],"texture":"#1"},"east":{"uv":[0,7.75,0.625,8.125],"texture":"#1"},"south":{"uv":[7,1,8.125,1.375],"texture":"#1"},"west":{"uv":[0.75,7.75,1.375,8.125],"texture":"#1"},"up":{"uv":[6.375,6.125,5.25,5.5],"texture":"#1"},"down":{"uv":[1.125,6,0,6.625],"texture":"#1"}}},{"from":[7.16,4.91041,9.804],"to":[11.664,6.92641,12.9],"rotation":{"angle":22.5,"axis":"z","origin":[9.848,5.66641,11.22]},"faces":{"north":{"uv":[3.75,6.5,4.875,7],"texture":"#1"},"east":{"uv":[7,1.5,7.75,2],"texture":"#1"},"south":{"uv":[6.5,3.75,7.625,4.25],"texture":"#1"},"west":{"uv":[7,2,7.75,2.5],"texture":"#1"},"up":{"uv":[6.125,5.5,5,4.75],"texture":"#1"},"down":{"uv":[2.625,5.25,1.5,6],"texture":"#1"}}},{"from":[3.5,6.4,3.675],"to":[5.5,6.4,5.6],"rotation":{"angle":22.5,"axis":"y","origin":[5,6.4,4.5]},"faces":{"north":{"uv":[0,0,0.5,0],"texture":"#1"},"east":{"uv":[0,0,0.5,0],"texture":"#1"},"south":{"uv":[0,0,0.5,0],"texture":"#1"},"west":{"uv":[0,0,0.5,0],"texture":"#1"},"up":{"uv":[5.25,7.75,4.75,7.25],"texture":"#1"},"down":{"uv":[5.75,7.25,5.25,7.75],"texture":"#1"}}},{"from":[4.5,6.075,4.275],"to":[5.5,6.725,5],"rotation":{"angle":22.5,"axis":"y","origin":[5,6.4,4.5]},"faces":{"north":{"uv":[7.75,3.75,8,3.875],"texture":"#1"},"east":{"uv":[7.75,6,7.875,6.125],"texture":"#1"},"south":{"uv":[7.75,4,8,4.125],"texture":"#1"},"west":{"uv":[6.25,7.75,6.375,7.875],"texture":"#1"},"up":{"uv":[4.5,7.875,4.25,7.75],"texture":"#1"},"down":{"uv":[4.75,7.75,4.5,7.875],"texture":"#1"}}},{"from":[5.3,6.025,4],"to":[6.3,6.775,5],"rotation":{"angle":0,"axis":"y","origin":[5.8,6.4,4.5]},"faces":{"north":{"uv":[4,5.25,4.25,5.5],"texture":"#1"},"east":{"uv":[4.25,5.25,4.5,5.5],"texture":"#1"},"south":{"uv":[4.5,5.25,4.75,5.5],"texture":"#1"},"west":{"uv":[4.75,5.25,5,5.5],"texture":"#1"},"up":{"uv":[4,6.25,3.75,6],"texture":"#1"},"down":{"uv":[3.5,6.75,3.25,7],"texture":"#1"}}},{"from":[6,6,4.3],"to":[7,6.8,5.3],"rotation":{"angle":-22.5,"axis":"y","origin":[6.5,6.5,4.8]},"faces":{"north":{"uv":[4.5,3.75,4.75,4],"texture":"#1"},"east":{"uv":[4.75,3.75,5,4],"texture":"#1"},"south":{"uv":[1.5,5,1.75,5.25],"texture":"#1"},"west":{"uv":[1.75,5,2,5.25],"texture":"#1"},"up":{"uv":[2.25,5.25,2,5],"texture":"#1"},"down":{"uv":[2.5,5,2.25,5.25],"texture":"#1"}}},{"from":[3,6.55,3.25],"to":[5,8.475,3.25],"rotation":{"angle":22.5,"axis":"z","origin":[4.5,7.65,3.25]},"faces":{"north":{"uv":[4.75,7.75,5.25,7.25],"texture":"#1"},"east":{"uv":[0,0,0.5,0],"rotation":270,"texture":"#1"},"south":{"uv":[5.25,7.75,4.75,7.25],"texture":"#1"},"west":{"uv":[0,0,0.5,0],"rotation":90,"texture":"#1"},"up":{"uv":[0,0,0.5,0],"rotation":180,"texture":"#1"},"down":{"uv":[0,0,0.5,0],"texture":"#1"}}},{"from":[4,7.15,2.925],"to":[5,7.875,3.575],"rotation":{"angle":22.5,"axis":"z","origin":[4.5,7.65,3.25]},"faces":{"north":{"uv":[4.25,7.875,4.5,7.75],"texture":"#1"},"east":{"uv":[7.75,6,7.875,6.125],"rotation":270,"texture":"#1"},"south":{"uv":[4.5,7.875,4.25,7.75],"texture":"#1"},"west":{"uv":[6.25,7.75,6.375,7.875],"rotation":90,"texture":"#1"},"up":{"uv":[7.75,3.75,8,3.875],"rotation":180,"texture":"#1"},"down":{"uv":[7.75,4,8,4.125],"texture":"#1"}}},{"from":[4.8,7.15,2.875],"to":[5.8,8.15,3.625],"rotation":{"angle":22.5,"axis":"z","origin":[5.3,7.65,3.25]},"faces":{"north":{"uv":[3.75,6.25,4,6],"texture":"#1"},"east":{"uv":[4.25,5.25,4.5,5.5],"rotation":270,"texture":"#1"},"south":{"uv":[4,6.25,3.75,6],"texture":"#1"},"west":{"uv":[4.75,5.25,5,5.5],"rotation":90,"texture":"#1"},"up":{"uv":[4,5.25,4.25,5.5],"rotation":180,"texture":"#1"},"down":{"uv":[4.5,5.25,4.75,5.5],"texture":"#1"}}},{"from":[5.5,7.25,3.05],"to":[6.5,8.25,3.85],"rotation":{"angle":22.5,"axis":"z","origin":[6,7.75,3.55]},"faces":{"north":{"uv":[2,5.25,2.25,5],"texture":"#1"},"east":{"uv":[4.75,3.75,5,4],"rotation":270,"texture":"#1"},"south":{"uv":[2.25,5.25,2,5],"texture":"#1"},"west":{"uv":[1.75,5,2,5.25],"rotation":90,"texture":"#1"},"up":{"uv":[4.5,3.75,4.75,4],"rotation":180,"texture":"#1"},"down":{"uv":[1.5,5,1.75,5.25],"texture":"#1"}}},{"from":[6,5.83724,3.5204],"to":[8,7.76224,3.5204],"rotation":{"angle":-22.5,"axis":"x","origin":[8,6.86735,3.60381]},"faces":{"north":{"uv":[4.75,7.75,5.25,7.25],"texture":"#1"},"east":{"uv":[0,0,0.5,0],"rotation":270,"texture":"#1"},"south":{"uv":[5.25,7.75,4.75,7.25],"texture":"#1"},"west":{"uv":[0,0,0.5,0],"rotation":90,"texture":"#1"},"up":{"uv":[0,0,0.5,0],"rotation":180,"texture":"#1"},"down":{"uv":[0,0,0.5,0],"texture":"#1"}}},{"from":[7,6.43724,3.1954],"to":[8,7.16224,3.8454],"rotation":{"angle":-22.5,"axis":"x","origin":[8,6.86735,3.60381]},"faces":{"north":{"uv":[4.25,7.875,4.5,7.75],"texture":"#1"},"east":{"uv":[7.75,6,7.875,6.125],"rotation":270,"texture":"#1"},"south":{"uv":[4.5,7.875,4.25,7.75],"texture":"#1"},"west":{"uv":[6.25,7.75,6.375,7.875],"rotation":90,"texture":"#1"},"up":{"uv":[7.75,3.75,8,3.875],"rotation":180,"texture":"#1"},"down":{"uv":[7.75,4,8,4.125],"texture":"#1"}}},{"from":[7.8,6.43724,3.1454],"to":[8.8,7.43724,3.8954],"rotation":{"angle":-22.5,"axis":"x","origin":[8,6.86735,3.60381]},"faces":{"north":{"uv":[3.75,6.25,4,6],"texture":"#1"},"east":{"uv":[4.25,5.25,4.5,5.5],"rotation":270,"texture":"#1"},"south":{"uv":[4,6.25,3.75,6],"texture":"#1"},"west":{"uv":[4.75,5.25,5,5.5],"rotation":90,"texture":"#1"},"up":{"uv":[4,5.25,4.25,5.5],"rotation":180,"texture":"#1"},"down":{"uv":[4.5,5.25,4.75,5.5],"texture":"#1"}}},{"from":[8.5,6.41482,3.33583],"to":[9.5,7.41482,4.13583],"rotation":{"angle":-22.5,"axis":"x","origin":[8,6.86735,3.60381]},"faces":{"north":{"uv":[2,5.25,2.25,5],"texture":"#1"},"east":{"uv":[4.75,3.75,5,4],"rotation":270,"texture":"#1"},"south":{"uv":[2.25,5.25,2,5],"texture":"#1"},"west":{"uv":[1.75,5,2,5.25],"rotation":90,"texture":"#1"},"up":{"uv":[4.5,3.75,4.75,4],"rotation":180,"texture":"#1"},"down":{"uv":[1.5,5,1.75,5.25],"texture":"#1"}}},{"from":[3.16659,6.08724,6.85381],"to":[3.16659,8.01224,8.85381],"rotation":{"angle":-22.5,"axis":"x","origin":[3.27431,7.11849,6.85381]},"faces":{"north":{"uv":[0,0,0.5,0],"rotation":270,"texture":"#1"},"east":{"uv":[5.25,7.75,4.75,7.25],"texture":"#1"},"south":{"uv":[0,0,0.5,0],"rotation":90,"texture":"#1"},"west":{"uv":[4.75,7.75,5.25,7.25],"texture":"#1"},"up":{"uv":[0,0,0.5,0],"rotation":90,"texture":"#1"},"down":{"uv":[0,0,0.5,0],"rotation":90,"texture":"#1"}}},{"from":[2.84159,6.68724,6.85381],"to":[3.49159,7.41224,7.85381],"rotation":{"angle":-22.5,"axis":"x","origin":[3.27431,7.11849,6.85381]},"faces":{"north":{"uv":[7.75,6,7.875,6.125],"rotation":270,"texture":"#1"},"east":{"uv":[4.5,7.875,4.25,7.75],"texture":"#1"},"south":{"uv":[6.25,7.75,6.375,7.875],"rotation":90,"texture":"#1"},"west":{"uv":[4.25,7.875,4.5,7.75],"texture":"#1"},"up":{"uv":[7.75,3.75,8,3.875],"rotation":90,"texture":"#1"},"down":{"uv":[7.75,4,8,4.125],"rotation":90,"texture":"#1"}}},{"from":[2.79159,6.68724,6.05381],"to":[3.54159,7.68724,7.05381],"rotation":{"angle":-22.5,"axis":"x","origin":[3.27431,7.11849,6.85381]},"faces":{"north":{"uv":[4.25,5.25,4.5,5.5],"rotation":270,"texture":"#1"},"east":{"uv":[4,6.25,3.75,6],"texture":"#1"},"south":{"uv":[4.75,5.25,5,5.5],"rotation":90,"texture":"#1"},"west":{"uv":[3.75,6.25,4,6],"texture":"#1"},"up":{"uv":[4,5.25,4.25,5.5],"rotation":90,"texture":"#1"},"down":{"uv":[4.5,5.25,4.75,5.5],"rotation":90,"texture":"#1"}}},{"from":[2.98202,6.66482,5.35381],"to":[3.78202,7.66482,6.35381],"rotation":{"angle":-22.5,"axis":"x","origin":[3.27431,7.11849,6.85381]},"faces":{"north":{"uv":[4.75,3.75,5,4],"rotation":270,"texture":"#1"},"east":{"uv":[2.25,5.25,2,5],"texture":"#1"},"south":{"uv":[1.75,5,2,5.25],"rotation":90,"texture":"#1"},"west":{"uv":[2,5.25,2.25,5],"texture":"#1"},"up":{"uv":[4.5,3.75,4.75,4],"rotation":90,"texture":"#1"},"down":{"uv":[1.5,5,1.75,5.25],"rotation":90,"texture":"#1"}}},{"from":[6.3,6.05,5.6],"to":[7.3,6.85,6.6],"rotation":{"angle":-22.5,"axis":"y","origin":[6.8,6.55,6.1]},"faces":{"north":{"uv":[4.25,7.5,4.5,7.75],"texture":"#1"},"east":{"uv":[4.5,7.5,4.75,7.75],"texture":"#1"},"south":{"uv":[7.5,6,7.75,6.25],"texture":"#1"},"west":{"uv":[1.5,7.75,1.75,8],"texture":"#1"},"up":{"uv":[8,1.75,7.75,1.5],"texture":"#1"},"down":{"uv":[2,7.75,1.75,8],"texture":"#1"}}},{"from":[5.6,6.075,5.3],"to":[6.6,6.825,6.3],"rotation":{"angle":0,"axis":"y","origin":[6.1,6.45,5.8]},"faces":{"north":{"uv":[3.5,6.75,3.75,7],"texture":"#1"},"east":{"uv":[7,3.5,7.25,3.75],"texture":"#1"},"south":{"uv":[4.75,7,5,7.25],"texture":"#1"},"west":{"uv":[7.25,3.5,7.5,3.75],"texture":"#1"},"up":{"uv":[7.5,6.25,7.25,6],"texture":"#1"},"down":{"uv":[7.75,3.5,7.5,3.75],"texture":"#1"}}},{"from":[4.8,6.125,5.575],"to":[5.8,6.775,6.3],"rotation":{"angle":22.5,"axis":"y","origin":[5.3,6.45,5.8]},"faces":{"north":{"uv":[4.75,7.75,5,7.875],"texture":"#1"},"east":{"uv":[6.5,7.75,6.625,7.875],"texture":"#1"},"south":{"uv":[5,7.75,5.25,7.875],"texture":"#1"},"west":{"uv":[7.75,6.5,7.875,6.625],"texture":"#1"},"up":{"uv":[5.5,7.875,5.25,7.75],"texture":"#1"},"down":{"uv":[5.75,7.75,5.5,7.875],"texture":"#1"}}},{"from":[3.8,6.45,4.975],"to":[5.8,6.45,6.9],"rotation":{"angle":22.5,"axis":"y","origin":[5.3,6.45,5.8]},"faces":{"north":{"uv":[0,0,0.5,0],"texture":"#1"},"east":{"uv":[0,0,0.5,0],"texture":"#1"},"south":{"uv":[0,0,0.5,0],"texture":"#1"},"west":{"uv":[0,0,0.5,0],"texture":"#1"},"up":{"uv":[7.75,6,7.25,5.5],"texture":"#1"},"down":{"uv":[6.25,7.25,5.75,7.75],"texture":"#1"}}},{"from":[6.3,5.875,7],"to":[7.3,6.675,8],"rotation":{"angle":-22.5,"axis":"y","origin":[6.8,6.375,7.5]},"faces":{"north":{"uv":[7.75,2.5,8,2.75],"texture":"#1"},"east":{"uv":[2.75,7.75,3,8],"texture":"#1"},"south":{"uv":[7.75,2.75,8,3],"texture":"#1"},"west":{"uv":[7.75,3,8,3.25],"texture":"#1"},"up":{"uv":[8,3.5,7.75,3.25],"texture":"#1"},"down":{"uv":[8,3.5,7.75,3.75],"texture":"#1"}}},{"from":[5.6,5.9,6.7],"to":[6.6,6.65,7.7],"rotation":{"angle":0,"axis":"y","origin":[6.1,6.275,7.2]},"faces":{"north":{"uv":[7.75,1.75,8,2],"texture":"#1"},"east":{"uv":[2,7.75,2.25,8],"texture":"#1"},"south":{"uv":[7.75,2,8,2.25],"texture":"#1"},"west":{"uv":[2.25,7.75,2.5,8],"texture":"#1"},"up":{"uv":[8,2.5,7.75,2.25],"texture":"#1"},"down":{"uv":[2.75,7.75,2.5,8],"texture":"#1"}}},{"from":[4.8,5.95,6.975],"to":[5.8,6.6,7.7],"rotation":{"angle":22.5,"axis":"y","origin":[5.3,6.275,7.2]},"faces":{"north":{"uv":[7.75,5.5,8,5.625],"texture":"#1"},"east":{"uv":[7.75,6.75,7.875,6.875],"texture":"#1"},"south":{"uv":[5.75,7.75,6,7.875],"texture":"#1"},"west":{"uv":[1.5,8,1.625,8.125],"texture":"#1"},"up":{"uv":[8,5.875,7.75,5.75],"texture":"#1"},"down":{"uv":[6.25,7.75,6,7.875],"texture":"#1"}}},{"from":[3.8,6.275,6.375],"to":[5.8,6.275,8.3],"rotation":{"angle":22.5,"axis":"y","origin":[5.3,6.275,7.2]},"faces":{"north":{"uv":[0,0,0.5,0],"texture":"#1"},"east":{"uv":[0,0,0.5,0],"texture":"#1"},"south":{"uv":[0,0,0.5,0],"texture":"#1"},"west":{"uv":[0,0,0.5,0],"texture":"#1"},"up":{"uv":[6.75,7.75,6.25,7.25],"texture":"#1"},"down":{"uv":[7.75,6.5,7.25,7],"texture":"#1"}}},{"from":[3.96,0.04641,3.96],"to":[12.04,1.08641,12.04],"rotation":{"angle":0,"axis":"y","origin":[6.32,-1.63359,6.32]},"faces":{"north":{"uv":[6.5,4.25,8.5,4.5],"texture":"#1"},"east":{"uv":[6.5,4.5,8.5,4.75],"texture":"#1"},"south":{"uv":[0,6.75,2,7],"texture":"#1"},"west":{"uv":[0,7,2,7.25],"texture":"#1"},"up":{"uv":[4.5,2,2.5,0],"texture":"#1"},"down":{"uv":[4.5,2,2.5,4],"texture":"#1"}}},{"from":[10,4.5,3],"to":[10.5,12.5,3.25],"rotation":{"angle":-22.5,"axis":"x","origin":[10.25,7.5,3.125]},"faces":{"north":{"uv":[3,7.25,3.125,9.25],"texture":"#1"},"east":{"uv":[6.75,7.25,6.875,9.25],"texture":"#1"},"south":{"uv":[7,7.25,7.125,9.25],"texture":"#1"},"west":{"uv":[7.25,7,7.375,9],"texture":"#1"},"up":{"uv":[8.125,1.625,8,1.5],"texture":"#1"},"down":{"uv":[1.875,8,1.75,8.125],"texture":"#1"}}},{"from":[12,4.5,4],"to":[12.5,12.5,4.25],"rotation":{"angle":-22.5,"axis":"z","origin":[12.25,7.5,4.125]},"faces":{"north":{"uv":[3.25,7.5,3.375,9.5],"texture":"#1"},"east":{"uv":[3.5,7.5,3.625,9.5],"texture":"#1"},"south":{"uv":[3.75,7.5,3.875,9.5],"texture":"#1"},"west":{"uv":[4,7.5,4.125,9.5],"texture":"#1"},"up":{"uv":[8.125,1.875,8,1.75],"texture":"#1"},"down":{"uv":[2.125,8,2,8.125],"texture":"#1"}}}],"gui_light":"front","display":{"thirdperson_righthand":{"rotation":[25.25,0,0],"translation":[0,3.25,2.5],"scale":[0.5,0.5,0.5]},"thirdperson_lefthand":{"rotation":[25.25,0,0],"translation":[0,3.25,2.5],"scale":[0.5,0.5,0.5]},"firstperson_righthand":{"rotation":[7.61,1.43,10.66],"translation":[0,6,0]},"firstperson_lefthand":{"rotation":[7.61,1.43,10.66],"translation":[0,6,0]},"ground":{"rotation":[-11.79,0.24,-2.19],"translation":[0,5.5,0],"scale":[0.7,0.7,0.7]},"gui":{"rotation":[44.04,-22.68,1.09],"translation":[0,3,0],"scale":[1.2,1.2,1.2]},"head":{"scale":[0,0,0]},"fixed":{"translation":[0,4,-4.25]}}}