{"format_version":"1.21.6","credit":"Naruto RPG","texture_size":[64,64],"textures":{"0":"consumibles:item/consumibles_sake","particle":"consumibles:item/consumibles_sake"},"elements":[{"from":[4.6142,0,4.6142],"to":[11.3858,18.0576,11.3858],"rotation":{"angle":0,"axis":"y","origin":[5.7428,0,5.7428]},"faces":{"north":{"uv":[5.25,0,3.5,4.5],"texture":"#0"},"east":{"uv":[1.75,4.5,0,9],"texture":"#0"},"south":{"uv":[3.5,0,5.25,4.5],"texture":"#0"},"west":{"uv":[0,4.5,1.75,9],"texture":"#0"},"up":{"uv":[3.5,6.25,1.75,4.5],"texture":"#0"},"down":{"uv":[5.25,4.5,3.5,6.25],"texture":"#0"}}},{"from":[5.96852,18.0576,5.96852],"to":[10.03148,27.0864,10.03148],"rotation":{"angle":0,"axis":"y","origin":[5.7428,18.0576,5.7428]},"faces":{"north":{"uv":[5.25,0,6.25,2.25],"texture":"#0"},"east":{"uv":[5.25,2.25,6.25,4.5],"texture":"#0"},"south":{"uv":[5.25,4.5,6.25,6.75],"texture":"#0"},"west":{"uv":[6.25,0,7.25,2.25],"texture":"#0"},"up":{"uv":[4,7.25,3,6.25],"texture":"#0"},"down":{"uv":[7.25,3.5,6.25,4.5],"texture":"#0"}}},{"from":[5.7428,24.37776,5.7428],"to":[10.2572,27.98928,10.2572],"rotation":{"angle":0,"axis":"y","origin":[5.7428,18.0576,5.7428]},"faces":{"north":{"uv":[4,6.25,5.125,7.125],"texture":"#0"},"east":{"uv":[6.25,4.5,7.375,5.375],"texture":"#0"},"south":{"uv":[6.25,5.5,7.375,6.375],"texture":"#0"},"west":{"uv":[6.25,6.5,7.375,7.375],"texture":"#0"},"up":{"uv":[2.875,7.375,1.75,6.25],"texture":"#0"},"down":{"uv":[7.375,2.25,6.25,3.375],"texture":"#0"}}}],"gui_light":"front","display":{"thirdperson_righthand":{"rotation":[81.25,0,0],"translation":[0,1.25,1],"scale":[0.3,0.3,0.3]},"thirdperson_lefthand":{"rotation":[81.25,0,0],"translation":[0,1.25,1],"scale":[0.3,0.3,0.3]},"firstperson_righthand":{"rotation":[-8.25,0,0],"translation":[0.5,2.5,1],"scale":[0.3,0.3,0.3]},"firstperson_lefthand":{"rotation":[-8.25,0,0],"translation":[0.5,2.5,1],"scale":[0.3,0.3,0.3]},"ground":{"rotation":[-12.16,-0.32,3],"translation":[0,5.25,0],"scale":[0.5,0.5,0.5]},"gui":{"rotation":[0.01,-27.34,-12.6],"translation":[0,-3.5,0],"scale":[0.7,0.65,0.7]},"head":{"scale":[0,0,0]},"fixed":{"translation":[0,-4.25,-1],"scale":[0.7,0.7,0.7]}}}