{"format_version":"1.21.6","credit":"Naruto RPG","texture_size":[64,64],"textures":{"1":"consumibles:item/consumibles_misoramen"},"elements":[{"from":[2.96,1.04641,2.96],"to":[13.04,6.08641,13.04],"rotation":{"angle":0,"axis":"y","origin":[6.32,-0.63359,6.32]},"faces":{"north":{"uv":[2.5,4,5,5.25],"texture":"#1"},"east":{"uv":[4.5,0,7,1.25],"texture":"#1"},"south":{"uv":[4.5,1.25,7,2.5],"texture":"#1"},"west":{"uv":[4.5,2.5,7,3.75],"texture":"#1"},"up":{"uv":[2.5,2.5,0,0],"texture":"#1"},"down":{"uv":[2.5,2.5,0,5],"texture":"#1"}}},{"from":[2.96,6.08641,2.96],"to":[13.04,7.26241,2.96],"rotation":{"angle":0,"axis":"y","origin":[6.32,6.08641,6.32]},"faces":{"north":{"uv":[6.5,4.5,9,4.75],"texture":"#1"},"east":{"uv":[0,0,0,0.25],"texture":"#1"},"south":{"uv":[6.5,5.75,9,6],"texture":"#1"},"west":{"uv":[0,0,0,0.25],"texture":"#1"},"up":{"uv":[2.5,0,0,0],"texture":"#1"},"down":{"uv":[2.5,0,0,0],"texture":"#1"}}},{"from":[2.96,6.08641,13.04],"to":[13.04,7.26241,13.04],"rotation":{"angle":0,"axis":"y","origin":[6.32,6.08641,6.32]},"faces":{"north":{"uv":[6.75,6.75,9.25,7],"texture":"#1"},"east":{"uv":[0,0,0,0.25],"texture":"#1"},"south":{"uv":[7,0,9.5,0.25],"texture":"#1"},"west":{"uv":[0,0,0,0.25],"texture":"#1"},"up":{"uv":[2.5,0,0,0],"texture":"#1"},"down":{"uv":[2.5,0,0,0],"texture":"#1"}}},{"from":[13.04,6.08641,2.96],"to":[13.04,7.26241,13.04],"rotation":{"angle":0,"axis":"y","origin":[6.32,6.08641,6.32]},"faces":{"north":{"uv":[0,0,0,0.25],"texture":"#1"},"east":{"uv":[6.5,6.5,9,6.75],"texture":"#1"},"south":{"uv":[0,0,0,0.25],"texture":"#1"},"west":{"uv":[4.25,6.75,6.75,7],"texture":"#1"},"up":{"uv":[0,2.5,0,0],"texture":"#1"},"down":{"uv":[0,0,0,2.5],"texture":"#1"}}},{"from":[2.96,6.08641,2.96],"to":[2.96,7.26241,13.04],"rotation":{"angle":0,"axis":"y","origin":[6.32,6.08641,6.32]},"faces":{"north":{"uv":[0,0,0,0.25],"texture":"#1"},"east":{"uv":[6.5,6,9,6.25],"texture":"#1"},"south":{"uv":[0,0,0,0.25],"texture":"#1"},"west":{"uv":[6.5,6.25,9,6.5],"texture":"#1"},"up":{"uv":[0,2.5,0,0],"texture":"#1"},"down":{"uv":[0,0,0,2.5],"texture":"#1"}}},{"from":[3.968,5.22841,8.554],"to":[7.328,6.74041,11.746],"rotation":{"angle":-22.5,"axis":"x","origin":[5.648,5.98441,10.15]},"faces":{"north":{"uv":[3,7.25,3.875,7.625],"texture":"#1"},"east":{"uv":[7.5,3.75,8.25,4.125],"texture":"#1"},"south":{"uv":[4,7.25,4.875,7.625],"texture":"#1"},"west":{"uv":[5,7.5,5.75,7.875],"texture":"#1"},"up":{"uv":[4.125,7,3.25,6.25],"texture":"#1"},"down":{"uv":[7.375,3.75,6.5,4.5],"texture":"#1"}}},{"from":[7.568,5.22841,4.854],"to":[10.128,6.74041,6.746],"rotation":{"angle":22.5,"axis":"x","origin":[8.848,5.98441,5.15]},"faces":{"north":{"uv":[7.75,0.75,8.375,1.125],"texture":"#1"},"east":{"uv":[4.5,5.25,5,5.625],"texture":"#1"},"south":{"uv":[3.5,7.75,4.125,8.125],"texture":"#1"},"west":{"uv":[8,3.25,8.5,3.625],"texture":"#1"},"up":{"uv":[7.875,5.25,7.25,4.75],"texture":"#1"},"down":{"uv":[7.875,5.25,7.25,5.75],"texture":"#1"}}},{"from":[7.493,5.22841,3.554],"to":[10.053,6.74041,5.446],"rotation":{"angle":22.5,"axis":"x","origin":[8.773,5.98441,3.85]},"faces":{"north":{"uv":[4.25,7.75,4.875,8.125],"texture":"#1"},"east":{"uv":[8,4.75,8.5,5.125],"texture":"#1"},"south":{"uv":[0,8,0.625,8.375],"texture":"#1"},"west":{"uv":[5,8,5.5,8.375],"texture":"#1"},"up":{"uv":[7.875,7.5,7.25,7],"texture":"#1"},"down":{"uv":[0.625,7.5,0,8],"texture":"#1"}}},{"from":[4.222,6.14041,3.804],"to":[7.982,6.14041,7.596],"rotation":{"angle":45,"axis":"y","origin":[6.102,5.98441,6.2]},"faces":{"north":{"uv":[0,0,1,0],"texture":"#1"},"east":{"uv":[0,0,1,0],"texture":"#1"},"south":{"uv":[0,0,1,0],"texture":"#1"},"west":{"uv":[0,0,1,0],"texture":"#1"},"up":{"uv":[2.5,6,1.5,5],"texture":"#1"},"down":{"uv":[6,4.75,5,5.75],"texture":"#1"}}},{"from":[3.85245,6.31541,5.46645],"to":[7.64445,6.31541,9.22645],"rotation":{"angle":-22.5,"axis":"y","origin":[5.74845,6.31541,7.34645]},"faces":{"north":{"uv":[0,0,1,0],"texture":"#1"},"east":{"uv":[0,0,1,0],"texture":"#1"},"south":{"uv":[0,0,1,0],"texture":"#1"},"west":{"uv":[0,0,1,0],"texture":"#1"},"up":{"uv":[3.5,6.25,2.5,5.25],"texture":"#1"},"down":{"uv":[4.5,5.25,3.5,6.25],"texture":"#1"}}},{"from":[3.20245,6.34041,6.46645],"to":[6.99445,6.34041,10.22645],"rotation":{"angle":22.5,"axis":"y","origin":[5.09845,6.34041,8.34645]},"faces":{"north":{"uv":[0,0,1,0],"texture":"#1"},"east":{"uv":[0,0,1,0],"texture":"#1"},"south":{"uv":[0,0,1,0],"texture":"#1"},"west":{"uv":[0,0,1,0],"texture":"#1"},"up":{"uv":[5.5,6.75,4.5,5.75],"texture":"#1"},"down":{"uv":[6.5,5.75,5.5,6.75],"texture":"#1"}}},{"from":[4.50245,6.24041,2.96645],"to":[8.29445,6.24041,6.72645],"rotation":{"angle":22.5,"axis":"y","origin":[6.39845,6.24041,4.84645]},"faces":{"north":{"uv":[0,0,1,0],"texture":"#1"},"east":{"uv":[0,0,1,0],"texture":"#1"},"south":{"uv":[0,0,1,0],"texture":"#1"},"west":{"uv":[0,0,1,0],"texture":"#1"},"up":{"uv":[1,7,0,6],"texture":"#1"},"down":{"uv":[2,6,1,7],"texture":"#1"}}},{"from":[4.42745,5.64041,4.16645],"to":[7.21945,7.04041,6.92645],"rotation":{"angle":-22.5,"axis":"y","origin":[5.82345,6.34041,5.54645]},"faces":{"north":{"uv":[5.75,7.5,6.5,7.875],"texture":"#1"},"east":{"uv":[6.5,7.5,7.25,7.875],"texture":"#1"},"south":{"uv":[7.25,7.5,8,7.875],"texture":"#1"},"west":{"uv":[0.75,7.75,1.5,8.125],"texture":"#1"},"up":{"uv":[7.75,1.5,7,0.75],"texture":"#1"},"down":{"uv":[2,7,1.25,7.75],"texture":"#1"}}},{"from":[3.94345,4.94441,2.34645],"to":[6.45345,7.73641,3.49645],"rotation":{"angle":-22.5,"axis":"x","origin":[5.21095,7.59041,2.92145]},"faces":{"north":{"uv":[7.75,1.5,7,0.75],"rotation":90,"texture":"#1"},"east":{"uv":[0.75,7.75,1.5,8.125],"rotation":270,"texture":"#1"},"south":{"uv":[7.75,1.5,7,0.75],"rotation":90,"texture":"#1"},"west":{"uv":[0.75,7.75,1.5,8.125],"rotation":90,"texture":"#1"},"up":{"uv":[0.75,7.75,1.5,8.125],"rotation":180,"texture":"#1"},"down":{"uv":[0.75,7.75,1.5,8.125],"texture":"#1"}}},{"from":[4.31845,7.69441,2.49645],"to":[6.07845,9.28641,3.34645],"rotation":{"angle":-22.5,"axis":"x","origin":[5.21095,7.59041,2.92145]},"faces":{"north":{"uv":[7.75,1.5,7,0.75],"rotation":90,"texture":"#1"},"east":{"uv":[0.75,7.75,1.5,8.125],"rotation":270,"texture":"#1"},"south":{"uv":[7.75,1.5,7,0.75],"rotation":90,"texture":"#1"},"west":{"uv":[0.75,7.75,1.5,8.125],"rotation":90,"texture":"#1"},"up":{"uv":[0.75,7.75,1.5,8.125],"rotation":180,"texture":"#1"},"down":{"uv":[0.75,7.75,1.5,8.125],"texture":"#1"}}},{"from":[3.95245,7.71041,3.52145],"to":[6.49445,9.97041,3.52145],"rotation":{"angle":-22.5,"axis":"x","origin":[5.21095,7.59041,2.92145]},"faces":{"north":{"uv":[4.5,6.75,5.5,5.75],"texture":"#1"},"east":{"uv":[0,0,1,0],"rotation":270,"texture":"#1"},"south":{"uv":[5.5,6.75,4.5,5.75],"texture":"#1"},"west":{"uv":[0,0,1,0],"rotation":90,"texture":"#1"},"up":{"uv":[0,0,1,0],"rotation":180,"texture":"#1"},"down":{"uv":[0,0,1,0],"texture":"#1"}}},{"from":[3.95245,7.71041,2.32145],"to":[6.49445,9.97041,2.32145],"rotation":{"angle":-22.5,"axis":"x","origin":[5.21095,7.59041,2.92145]},"faces":{"north":{"uv":[4.5,6.75,5.5,5.75],"texture":"#1"},"east":{"uv":[0,0,1,0],"rotation":270,"texture":"#1"},"south":{"uv":[5.5,6.75,4.5,5.75],"texture":"#1"},"west":{"uv":[0,0,1,0],"rotation":90,"texture":"#1"},"up":{"uv":[0,0,1,0],"rotation":180,"texture":"#1"},"down":{"uv":[0,0,1,0],"texture":"#1"}}},{"from":[2.63595,4.94441,5.17895],"to":[3.78595,7.73641,7.68895],"rotation":{"angle":22.5,"axis":"z","origin":[3.21095,7.59041,6.42145]},"faces":{"north":{"uv":[0.75,7.75,1.5,8.125],"rotation":270,"texture":"#1"},"east":{"uv":[7.75,1.5,7,0.75],"rotation":90,"texture":"#1"},"south":{"uv":[0.75,7.75,1.5,8.125],"rotation":90,"texture":"#1"},"west":{"uv":[7.75,1.5,7,0.75],"rotation":90,"texture":"#1"},"up":{"uv":[0.75,7.75,1.5,8.125],"rotation":90,"texture":"#1"},"down":{"uv":[0.75,7.75,1.5,8.125],"rotation":90,"texture":"#1"}}},{"from":[2.78595,7.69441,5.55395],"to":[3.63595,9.28641,7.31395],"rotation":{"angle":22.5,"axis":"z","origin":[3.21095,7.59041,6.42145]},"faces":{"north":{"uv":[0.75,7.75,1.5,8.125],"rotation":270,"texture":"#1"},"east":{"uv":[7.75,1.5,7,0.75],"rotation":90,"texture":"#1"},"south":{"uv":[0.75,7.75,1.5,8.125],"rotation":90,"texture":"#1"},"west":{"uv":[7.75,1.5,7,0.75],"rotation":90,"texture":"#1"},"up":{"uv":[0.75,7.75,1.5,8.125],"rotation":90,"texture":"#1"},"down":{"uv":[0.75,7.75,1.5,8.125],"rotation":90,"texture":"#1"}}},{"from":[3.81095,7.71041,5.13795],"to":[3.81095,9.97041,7.67995],"rotation":{"angle":22.5,"axis":"z","origin":[3.21095,7.59041,6.42145]},"faces":{"north":{"uv":[0,0,1,0],"rotation":270,"texture":"#1"},"east":{"uv":[5.5,6.75,4.5,5.75],"texture":"#1"},"south":{"uv":[0,0,1,0],"rotation":90,"texture":"#1"},"west":{"uv":[4.5,6.75,5.5,5.75],"texture":"#1"},"up":{"uv":[0,0,1,0],"rotation":90,"texture":"#1"},"down":{"uv":[0,0,1,0],"rotation":90,"texture":"#1"}}},{"from":[2.61095,7.71041,5.13795],"to":[2.61095,9.97041,7.67995],"rotation":{"angle":22.5,"axis":"z","origin":[3.21095,7.59041,6.42145]},"faces":{"north":{"uv":[0,0,1,0],"rotation":270,"texture":"#1"},"east":{"uv":[5.5,6.75,4.5,5.75],"texture":"#1"},"south":{"uv":[0,0,1,0],"rotation":90,"texture":"#1"},"west":{"uv":[4.5,6.75,5.5,5.75],"texture":"#1"},"up":{"uv":[0,0,1,0],"rotation":90,"texture":"#1"},"down":{"uv":[0,0,1,0],"rotation":90,"texture":"#1"}}},{"from":[6.992,4.91041,5.984],"to":[12.368,6.42241,9.68],"rotation":{"angle":22.5,"axis":"z","origin":[9.68,5.66641,8]},"faces":{"north":{"uv":[7,1.5,8.375,1.875],"texture":"#1"},"east":{"uv":[6.25,7,7.125,7.375],"texture":"#1"},"south":{"uv":[7,2,8.375,2.375],"texture":"#1"},"west":{"uv":[2,7.25,2.875,7.625],"texture":"#1"},"up":{"uv":[1.375,5.875,0,5],"texture":"#1"},"down":{"uv":[6.375,3.75,5,4.625],"texture":"#1"}}},{"from":[7.16,4.91041,8.504],"to":[11.864,6.92641,12.2],"rotation":{"angle":22.5,"axis":"z","origin":[9.848,5.66641,10.52]},"faces":{"north":{"uv":[0,7,1.125,7.5],"texture":"#1"},"east":{"uv":[7,3.25,7.875,3.75],"texture":"#1"},"south":{"uv":[7,0.25,8.125,0.75],"texture":"#1"},"west":{"uv":[5.25,7,6.125,7.5],"texture":"#1"},"up":{"uv":[7.125,5.625,6,4.75],"texture":"#1"},"down":{"uv":[3.125,6.25,2,7.125],"texture":"#1"}}},{"from":[3.96,0.04641,3.96],"to":[12.04,1.08641,12.04],"rotation":{"angle":0,"axis":"y","origin":[6.32,-1.63359,6.32]},"faces":{"north":{"uv":[7,2.5,9,2.75],"texture":"#1"},"east":{"uv":[7,2.75,9,3],"texture":"#1"},"south":{"uv":[7,3,9,3.25],"texture":"#1"},"west":{"uv":[3.25,7,5.25,7.25],"texture":"#1"},"up":{"uv":[4.5,2,2.5,0],"texture":"#1"},"down":{"uv":[4.5,2,2.5,4],"texture":"#1"}}},{"from":[10,4.5,3],"to":[10.5,12.5,3.25],"rotation":{"angle":-22.5,"axis":"x","origin":[10.25,7.5,3.125]},"faces":{"north":{"uv":[1.5,7.75,1.625,9.75],"texture":"#1"},"east":{"uv":[1.75,7.75,1.875,9.75],"texture":"#1"},"south":{"uv":[2,7.75,2.125,9.75],"texture":"#1"},"west":{"uv":[2.25,7.75,2.375,9.75],"texture":"#1"},"up":{"uv":[4.625,3.875,4.5,3.75],"texture":"#1"},"down":{"uv":[4.875,3.75,4.75,3.875],"texture":"#1"}}},{"from":[12,4.5,4],"to":[12.5,12.5,4.25],"rotation":{"angle":-22.5,"axis":"z","origin":[12.25,7.5,4.125]},"faces":{"north":{"uv":[2.5,7.75,2.625,9.75],"texture":"#1"},"east":{"uv":[2.75,7.75,2.875,9.75],"texture":"#1"},"south":{"uv":[3,7.75,3.125,9.75],"texture":"#1"},"west":{"uv":[3.25,7.75,3.375,9.75],"texture":"#1"},"up":{"uv":[2.125,6.125,2,6],"texture":"#1"},"down":{"uv":[2.375,6,2.25,6.125],"texture":"#1"}}}],"gui_light":"front","display":{"thirdperson_righthand":{"rotation":[25.25,0,0],"translation":[0,3.25,2.5],"scale":[0.5,0.5,0.5]},"thirdperson_lefthand":{"rotation":[25.25,0,0],"translation":[0,3.25,2.5],"scale":[0.5,0.5,0.5]},"firstperson_righthand":{"rotation":[7.61,1.43,10.66],"translation":[0,6,0]},"firstperson_lefthand":{"rotation":[7.61,1.43,10.66],"translation":[0,6,0]},"ground":{"rotation":[-11.79,0.24,-2.19],"translation":[0,5.5,0],"scale":[0.7,0.7,0.7]},"gui":{"rotation":[44.04,-22.68,1.09],"translation":[0,3,0],"scale":[1.2,1.2,1.2]},"head":{"scale":[0,0,0]},"fixed":{"translation":[0,4,-4.25]}}}