{"format_version":"1.21.6","credit":"Naruto RPG","texture_size":[32,32],"textures":{"0":"consumibles:item/consumibles_onigiri","particle":"consumibles:item/consumibles_onigiri"},"elements":[{"from":[7.116,0,7.514],"to":[9.37,1.599,8.891],"rotation":{"angle":0,"axis":"y","origin":[8.25264,1.48262,8.2025]},"faces":{"north":{"uv":[2.5,0,4.25,1.5],"texture":"#0"},"east":{"uv":[4.5,1,5.5,2.5],"texture":"#0"},"south":{"uv":[2.5,0,4.25,1.5],"texture":"#0"},"west":{"uv":[5,2.5,6,4],"texture":"#0"},"up":{"uv":[4.75,5,3,4],"texture":"#0"},"down":{"uv":[6.25,0,4.5,1],"texture":"#0"}}},{"from":[7.49711,0.71346,7.57475],"to":[9.98786,3.20421,8.83025],"rotation":{"angle":45,"axis":"z","origin":[8.25264,1.48262,8.2025]},"faces":{"north":{"uv":[0,4,1.5,5.5],"texture":"#0"},"east":{"uv":[3,5,4,6.5],"texture":"#0"},"south":{"uv":[1.5,4,3,5.5],"texture":"#0"},"west":{"uv":[4,5,5,6.5],"texture":"#0"},"up":{"uv":[6.5,5,5,4],"texture":"#0"},"down":{"uv":[6.5,5,5,6],"texture":"#0"}}},{"from":[6.47709,0.29565,7.56665],"to":[10.03704,2.1546,8.83835],"rotation":{"angle":0,"axis":"y","origin":[8.25264,1.48262,8.2025]},"faces":{"north":{"uv":[0,0,2.25,1.25],"texture":"#0"},"east":{"uv":[0,5.5,1,6.75],"texture":"#0"},"south":{"uv":[0,1.5,2.25,2.75],"texture":"#0"},"west":{"uv":[1,5.5,2,6.75],"texture":"#0"},"up":{"uv":[2.25,4,0,3],"texture":"#0"},"down":{"uv":[4.75,3,2.5,4],"texture":"#0"}}}],"gui_light":"front","display":{"thirdperson_righthand":{"rotation":[67.25,0,0],"translation":[0.25,3.75,7.25]},"thirdperson_lefthand":{"rotation":[67.25,0,0],"translation":[0.25,3.75,7.25]},"firstperson_righthand":{"rotation":[0,0,6.25],"translation":[-0.25,11,1.25],"scale":[1.3,1.3,0.97383]},"firstperson_lefthand":{"rotation":[0,0,6.25],"translation":[-0.25,11,1.25],"scale":[1.3,1.3,0.97383]},"ground":{"rotation":[7.97,0.2,2.89],"translation":[0,9.25,0.5],"scale":[1.7,1.7,1.7]},"gui":{"rotation":[19.25,-14.25,0],"translation":[-1,18.75,0],"scale":[3.2,3.2,3.2]},"head":{"scale":[0,0,0]},"fixed":{"translation":[-1.25,24.25,0],"scale":[4,4,4]}}}