{"format_version":"1.21.6","credit":"Naruto RPG","textures":{"0":"consumibles:item/consumibles_pildoraverde","particle":"consumibles:item/consumibles_pildoraverde"},"elements":[{"from":[6.7,0.5,6.7],"to":[9.3,3.1,9.3],"rotation":{"angle":0,"axis":"y","origin":[7,0.8,7]},"faces":{"north":{"uv":[4,8,6.5,10.5],"texture":"#0"},"east":{"uv":[8,4,10.5,6.5],"texture":"#0"},"south":{"uv":[7,8,9.5,10.5],"texture":"#0"},"west":{"uv":[10,7,12.5,9.5],"texture":"#0"},"up":{"uv":[12.5,12.5,10,10],"texture":"#0"},"down":{"uv":[6.5,11,4,13.5],"texture":"#0"}}},{"from":[6.1,-0.1,6.1],"to":[9.9,3.7,9.9],"rotation":{"angle":0,"axis":"y","origin":[7,0.8,7]},"faces":{"north":{"uv":[0,0,4,4],"texture":"#0"},"east":{"uv":[0,4,4,8],"texture":"#0"},"south":{"uv":[4,0,8,4],"texture":"#0"},"west":{"uv":[4,4,8,8],"texture":"#0"},"up":{"uv":[4,12,0,8],"texture":"#0"},"down":{"uv":[12,0,8,4],"texture":"#0"}}}],"gui_light":"front","display":{"thirdperson_righthand":{"translation":[0,5.75,2],"scale":[0.7,0.7,0.7]},"thirdperson_lefthand":{"translation":[0,5.75,2],"scale":[0.7,0.7,0.7]},"firstperson_righthand":{"translation":[0,8,2],"scale":[0.7,0.7,0.7]},"firstperson_lefthand":{"translation":[0,8,2],"scale":[0.7,0.7,0.7]},"ground":{"rotation":[-5.01,0.27,-6.21],"translation":[0.75,11.25,0],"scale":[1.3,1.3,1.3]},"gui":{"rotation":[22.25,32.75,0],"translation":[0,11.25,0],"scale":[2,2,2]},"head":{"scale":[0,0,0]},"fixed":{"translation":[0,15,-1.75],"scale":[2.5,2.5,2.5]}}}