{"format_version":"1.21.6","credit":"Naruto RPG","texture_size":[32,32],"textures":{"1":"consumibles:item/consumibles_yakiniku"},"elements":[{"from":[9.25,2.15,9.45],"to":[9.5,2.35,11.55],"rotation":{"angle":0,"axis":"y","origin":[7.5,0.75,9.45]},"faces":{"north":{"uv":[3.25,15,2.25,15.5],"texture":"#1"},"east":{"uv":[10.75,14.5,8.75,15],"texture":"#1"},"south":{"uv":[3.25,14.5,2.25,15],"texture":"#1"},"west":{"uv":[11.25,14,9.25,14.5],"texture":"#1"},"up":{"uv":[2.25,12.5,1.25,14.5],"texture":"#1"},"down":{"uv":[3.25,14.5,2.25,12.5],"texture":"#1"}}},{"from":[10.5,2.15,9.45],"to":[10.75,2.35,11.55],"rotation":{"angle":0,"axis":"y","origin":[8.75,0.75,9.45]},"faces":{"north":{"uv":[3.25,15,2.25,15.5],"texture":"#1"},"east":{"uv":[10.75,14.5,8.75,15],"texture":"#1"},"south":{"uv":[3.25,14.5,2.25,15],"texture":"#1"},"west":{"uv":[11.25,14,9.25,14.5],"texture":"#1"},"up":{"uv":[2.25,12.5,1.25,14.5],"texture":"#1"},"down":{"uv":[3.25,14.5,2.25,12.5],"texture":"#1"}}},{"from":[10,2.65,8.95],"to":[10.25,2.85,11.05],"rotation":{"angle":22.5,"axis":"x","origin":[8.25,1.25,8.95]},"faces":{"north":{"uv":[3.25,15,2.25,15.5],"texture":"#1"},"east":{"uv":[10.75,14.5,8.75,15],"texture":"#1"},"south":{"uv":[3.25,14.5,2.25,15],"texture":"#1"},"west":{"uv":[11.25,14,9.25,14.5],"texture":"#1"},"up":{"uv":[2.25,12.5,1.25,14.5],"texture":"#1"},"down":{"uv":[3.25,14.5,2.25,12.5],"texture":"#1"}}},{"from":[8.75,2.15,9.45],"to":[9,2.35,11.55],"rotation":{"angle":0,"axis":"y","origin":[7,0.75,9.45]},"faces":{"north":{"uv":[3.25,15,2.25,15.5],"texture":"#1"},"east":{"uv":[10.75,14.5,8.75,15],"texture":"#1"},"south":{"uv":[3.25,14.5,2.25,15],"texture":"#1"},"west":{"uv":[11.25,14,9.25,14.5],"texture":"#1"},"up":{"uv":[2.25,12.5,1.25,14.5],"texture":"#1"},"down":{"uv":[3.25,14.5,2.25,12.5],"texture":"#1"}}},{"from":[9,2.4,9.45],"to":[9.25,2.6,11.55],"rotation":{"angle":0,"axis":"y","origin":[7.25,1,9.45]},"faces":{"north":{"uv":[3.25,15,2.25,15.5],"texture":"#1"},"east":{"uv":[10.75,14.5,8.75,15],"texture":"#1"},"south":{"uv":[3.25,14.5,2.25,15],"texture":"#1"},"west":{"uv":[11.25,14,9.25,14.5],"texture":"#1"},"up":{"uv":[2.25,12.5,1.25,14.5],"texture":"#1"},"down":{"uv":[3.25,14.5,2.25,12.5],"texture":"#1"}}},{"from":[9.75,2.4,9.45],"to":[10,2.6,11.55],"rotation":{"angle":22.5,"axis":"x","origin":[9.875,2.5,10.5]},"faces":{"north":{"uv":[3.25,15,2.25,15.5],"texture":"#1"},"east":{"uv":[10.75,14.5,8.75,15],"texture":"#1"},"south":{"uv":[3.25,14.5,2.25,15],"texture":"#1"},"west":{"uv":[11.25,14,9.25,14.5],"texture":"#1"},"up":{"uv":[2.25,12.5,1.25,14.5],"texture":"#1"},"down":{"uv":[3.25,14.5,2.25,12.5],"texture":"#1"}}},{"from":[6.5,2.15,9.45],"to":[6.75,2.35,11.55],"rotation":{"angle":0,"axis":"y","origin":[8.5,0.75,9.45]},"faces":{"north":{"uv":[2.25,15,3.25,15.5],"texture":"#1"},"east":{"uv":[9.25,14,11.25,14.5],"texture":"#1"},"south":{"uv":[2.25,14.5,3.25,15],"texture":"#1"},"west":{"uv":[8.75,14.5,10.75,15],"texture":"#1"},"up":{"uv":[1.25,12.5,2.25,14.5],"texture":"#1"},"down":{"uv":[2.25,14.5,3.25,12.5],"texture":"#1"}}},{"from":[6.75,2.4,9.45],"to":[7,2.6,11.55],"rotation":{"angle":0,"axis":"y","origin":[8.75,1,9.45]},"faces":{"north":{"uv":[2.25,15,3.25,15.5],"texture":"#1"},"east":{"uv":[9.25,14,11.25,14.5],"texture":"#1"},"south":{"uv":[2.25,14.5,3.25,15],"texture":"#1"},"west":{"uv":[8.75,14.5,10.75,15],"texture":"#1"},"up":{"uv":[1.25,12.5,2.25,14.5],"texture":"#1"},"down":{"uv":[2.25,14.5,3.25,12.5],"texture":"#1"}}},{"from":[7,2.15,9.45],"to":[7.25,2.35,11.55],"rotation":{"angle":0,"axis":"y","origin":[9,0.75,9.45]},"faces":{"north":{"uv":[2.25,15,3.25,15.5],"texture":"#1"},"east":{"uv":[9.25,14,11.25,14.5],"texture":"#1"},"south":{"uv":[2.25,14.5,3.25,15],"texture":"#1"},"west":{"uv":[8.75,14.5,10.75,15],"texture":"#1"},"up":{"uv":[1.25,12.5,2.25,14.5],"texture":"#1"},"down":{"uv":[2.25,14.5,3.25,12.5],"texture":"#1"}}},{"from":[6,2.4,9.45],"to":[6.25,2.6,11.55],"rotation":{"angle":22.5,"axis":"x","origin":[6.125,2.5,10.5]},"faces":{"north":{"uv":[2.25,15,3.25,15.5],"texture":"#1"},"east":{"uv":[9.25,14,11.25,14.5],"texture":"#1"},"south":{"uv":[2.25,14.5,3.25,15],"texture":"#1"},"west":{"uv":[8.75,14.5,10.75,15],"texture":"#1"},"up":{"uv":[1.25,12.5,2.25,14.5],"texture":"#1"},"down":{"uv":[2.25,14.5,3.25,12.5],"texture":"#1"}}},{"from":[5.75,2.65,8.95],"to":[6,2.85,11.05],"rotation":{"angle":22.5,"axis":"x","origin":[7.75,1.25,8.95]},"faces":{"north":{"uv":[2.25,15,3.25,15.5],"texture":"#1"},"east":{"uv":[9.25,14,11.25,14.5],"texture":"#1"},"south":{"uv":[2.25,14.5,3.25,15],"texture":"#1"},"west":{"uv":[8.75,14.5,10.75,15],"texture":"#1"},"up":{"uv":[1.25,12.5,2.25,14.5],"texture":"#1"},"down":{"uv":[2.25,14.5,3.25,12.5],"texture":"#1"}}},{"from":[5.25,2.15,9.45],"to":[5.5,2.35,11.55],"rotation":{"angle":0,"axis":"y","origin":[7.25,0.75,9.45]},"faces":{"north":{"uv":[2.25,15,3.25,15.5],"texture":"#1"},"east":{"uv":[9.25,14,11.25,14.5],"texture":"#1"},"south":{"uv":[2.25,14.5,3.25,15],"texture":"#1"},"west":{"uv":[8.75,14.5,10.75,15],"texture":"#1"},"up":{"uv":[1.25,12.5,2.25,14.5],"texture":"#1"},"down":{"uv":[2.25,14.5,3.25,12.5],"texture":"#1"}}},{"from":[6,0.05,6],"to":[10,1.15,10],"rotation":{"angle":0,"axis":"y","origin":[7,0.05,7]},"faces":{"north":{"uv":[10,1.5,12,2],"texture":"#1"},"east":{"uv":[10,8,12,8.5],"texture":"#1"},"south":{"uv":[10,8.5,12,9],"texture":"#1"},"west":{"uv":[10,9,12,9.5],"texture":"#1"},"up":{"uv":[2,10,0,8],"texture":"#1"},"down":{"uv":[10,0,8,2],"texture":"#1"}}},{"from":[4,1.1,4],"to":[12,2,12],"rotation":{"angle":0,"axis":"y","origin":[7,1.1,7]},"faces":{"north":{"uv":[8,2,12,2.5],"texture":"#1"},"east":{"uv":[8,2.5,12,3],"texture":"#1"},"south":{"uv":[8,3,12,3.5],"texture":"#1"},"west":{"uv":[8,3.5,12,4],"texture":"#1"},"up":{"uv":[4,4,0,0],"texture":"#1"},"down":{"uv":[4,4,0,8],"texture":"#1"}}},{"from":[4,2,4],"to":[4,2.9,12],"rotation":{"angle":0,"axis":"y","origin":[7,2,7]},"faces":{"north":{"uv":[0,0,0,0.5],"texture":"#1"},"east":{"uv":[8,4,12,4.5],"texture":"#1"},"south":{"uv":[0,0,0,0.5],"texture":"#1"},"west":{"uv":[8,4.5,12,5],"texture":"#1"},"up":{"uv":[0,4,0,0],"texture":"#1"},"down":{"uv":[0,0,0,4],"texture":"#1"}}},{"from":[12,2,4],"to":[12,2.9,12],"rotation":{"angle":0,"axis":"y","origin":[9,2,7]},"faces":{"north":{"uv":[0,0,0,0.5],"texture":"#1"},"east":{"uv":[8,5,12,5.5],"texture":"#1"},"south":{"uv":[0,0,0,0.5],"texture":"#1"},"west":{"uv":[8,5.5,12,6],"texture":"#1"},"up":{"uv":[0,4,0,0],"texture":"#1"},"down":{"uv":[0,0,0,4],"texture":"#1"}}},{"from":[4,2,12],"to":[12,2.9,12],"rotation":{"angle":0,"axis":"y","origin":[9,2,7]},"faces":{"north":{"uv":[8,6,12,6.5],"texture":"#1"},"east":{"uv":[0,0,0,0.5],"texture":"#1"},"south":{"uv":[8,6.5,12,7],"texture":"#1"},"west":{"uv":[0,0,0,0.5],"texture":"#1"},"up":{"uv":[4,0,0,0],"texture":"#1"},"down":{"uv":[4,0,0,0],"texture":"#1"}}},{"from":[4,2,4],"to":[12,2.9,4],"rotation":{"angle":0,"axis":"y","origin":[9,2,9]},"faces":{"north":{"uv":[8,7,12,7.5],"texture":"#1"},"east":{"uv":[0,0,0,0.5],"texture":"#1"},"south":{"uv":[8,7.5,12,8],"texture":"#1"},"west":{"uv":[0,0,0,0.5],"texture":"#1"},"up":{"uv":[4,0,0,0],"texture":"#1"},"down":{"uv":[4,0,0,0],"texture":"#1"}}},{"from":[7,2.4,4.45],"to":[9,3.6,8.55],"rotation":{"angle":0,"axis":"y","origin":[7,2,6.45]},"faces":{"north":{"uv":[4,10.5,3,11],"texture":"#1"},"east":{"uv":[11.5,10,9.5,10.5],"texture":"#1"},"south":{"uv":[4,10,3,10.5],"texture":"#1"},"west":{"uv":[12,9.5,10,10],"texture":"#1"},"up":{"uv":[3,8,2,10],"texture":"#1"},"down":{"uv":[4,10,3,8],"texture":"#1"}}},{"from":[6.6,3.6,5.8],"to":[9.4,6.1,5.8],"rotation":{"angle":0,"axis":"y","origin":[7,3.2,6.45]},"faces":{"north":{"uv":[0,10,1.5,11.25],"texture":"#1"},"east":{"uv":[0,0,0,1.25],"texture":"#1"},"south":{"uv":[1.5,10,0,11.25],"texture":"#1"},"west":{"uv":[0,0,0,1.25],"texture":"#1"},"up":{"uv":[1.5,0,0,0],"texture":"#1"},"down":{"uv":[1.5,0,0,0],"texture":"#1"}}},{"from":[8,3.6,4.2],"to":[8,6.1,7.4],"rotation":{"angle":0,"axis":"y","origin":[7,3.2,6.45]},"faces":{"north":{"uv":[0,0,0,1.25],"texture":"#1"},"east":{"uv":[0,10,1.5,11.25],"texture":"#1"},"south":{"uv":[0,0,0,1.25],"texture":"#1"},"west":{"uv":[1.5,10,0,11.25],"texture":"#1"},"up":{"uv":[0,0,0,1.5],"texture":"#1"},"down":{"uv":[0,1.5,0,0],"texture":"#1"}}},{"from":[6,3.075,5.15],"to":[10,3.075,11.25],"rotation":{"angle":22.5,"axis":"x","origin":[7,2.075,7.15]},"faces":{"north":{"uv":[2,0,0,0],"texture":"#1"},"east":{"uv":[3,0,0,0],"texture":"#1"},"south":{"uv":[2,0,0,0],"texture":"#1"},"west":{"uv":[3,0,0,0],"texture":"#1"},"up":{"uv":[6,0,4,3],"texture":"#1"},"down":{"uv":[6,3,4,0],"texture":"#1"}}},{"from":[3.6,3.075,4.95],"to":[7.6,3.075,11.05],"rotation":{"angle":22.5,"axis":"x","origin":[5.6,3.075,8]},"faces":{"north":{"uv":[2,0,0,0],"texture":"#1"},"east":{"uv":[3,0,0,0],"texture":"#1"},"south":{"uv":[2,0,0,0],"texture":"#1"},"west":{"uv":[3,0,0,0],"texture":"#1"},"up":{"uv":[6,0,4,3],"texture":"#1"},"down":{"uv":[6,3,4,0],"texture":"#1"}}},{"from":[8.3,3.075,5.15],"to":[12.3,3.075,11.25],"rotation":{"angle":22.5,"axis":"x","origin":[10.3,3.075,8.2]},"faces":{"north":{"uv":[0,0,2,0],"texture":"#1"},"east":{"uv":[0,0,3,0],"texture":"#1"},"south":{"uv":[0,0,2,0],"texture":"#1"},"west":{"uv":[0,0,3,0],"texture":"#1"},"up":{"uv":[4,0,6,3],"texture":"#1"},"down":{"uv":[4,3,6,0],"texture":"#1"}}},{"from":[8.6,2.5,4.45],"to":[10.6,3.5,8.55],"rotation":{"angle":22.5,"axis":"y","origin":[9.6,3,6.5]},"faces":{"north":{"uv":[4,10.5,3,11],"texture":"#1"},"east":{"uv":[11.5,10,9.5,10.5],"texture":"#1"},"south":{"uv":[4,10,3,10.5],"texture":"#1"},"west":{"uv":[12,9.5,10,10],"texture":"#1"},"up":{"uv":[3,8,2,10],"texture":"#1"},"down":{"uv":[4,10,3,8],"texture":"#1"}}},{"from":[5.4,2.5,4.45],"to":[7.4,3.5,8.55],"rotation":{"angle":-22.5,"axis":"y","origin":[6.4,3,6.5]},"faces":{"north":{"uv":[4,10.5,3,11],"texture":"#1"},"east":{"uv":[11.5,10,9.5,10.5],"texture":"#1"},"south":{"uv":[4,10,3,10.5],"texture":"#1"},"west":{"uv":[12,9.5,10,10],"texture":"#1"},"up":{"uv":[3,8,2,10],"texture":"#1"},"down":{"uv":[4,10,3,8],"texture":"#1"}}},{"from":[5.25179,2.0795,7.75151],"to":[9.62579,2.0795,12.28751],"rotation":{"angle":-22.5,"axis":"y","origin":[9.4385,2.26175,8.709]},"faces":{"north":{"uv":[0,0,2.75,0],"texture":"#1"},"east":{"uv":[0,0,2.75,0],"texture":"#1"},"south":{"uv":[0,0,2.75,0],"texture":"#1"},"west":{"uv":[0,0,2.75,0],"texture":"#1"},"up":{"uv":[12.5,11.25,15.25,14],"rotation":90,"texture":"#1"},"down":{"uv":[3,8.75,5.75,6],"rotation":270,"texture":"#1"}}},{"from":[7.12421,2.0795,6.25151],"to":[11.49821,2.0795,10.78751],"rotation":{"angle":22.5,"axis":"y","origin":[7.3115,2.26175,7.209]},"faces":{"north":{"uv":[2.75,0,0,0],"texture":"#1"},"east":{"uv":[2.75,0,0,0],"texture":"#1"},"south":{"uv":[2.75,0,0,0],"texture":"#1"},"west":{"uv":[2.75,0,0,0],"texture":"#1"},"up":{"uv":[12.5,14,15.25,11.25],"rotation":90,"texture":"#1"},"down":{"uv":[3,6,5.75,8.75],"rotation":270,"texture":"#1"}}}],"gui_light":"front","display":{"thirdperson_righthand":{"rotation":[85.75,0,0],"translation":[0,3.25,5.75],"scale":[0.7,0.7,0.7]},"thirdperson_lefthand":{"rotation":[85.75,0,0],"translation":[0,3.25,5.75],"scale":[0.7,0.7,0.7]},"firstperson_righthand":{"rotation":[12.75,0,0],"translation":[0,6.75,1.5],"scale":[0.8,0.8,0.8]},"firstperson_lefthand":{"rotation":[12.75,0,0],"translation":[0,6.75,1.5],"scale":[0.8,0.8,0.8]},"ground":{"rotation":[12.62,-0.84,-7.53],"translation":[0.75,7.25,1.5],"scale":[1.1,1.1,1.1]},"gui":{"rotation":[29.25,-14.25,0],"translation":[0,10.5,0],"scale":[1.7,2,2.3]},"head":{"scale":[0,0,0]},"fixed":{"rotation":[-90,0,0],"translation":[0,0.75,-10.25],"scale":[1.7,1.7,1.7]}}}