{"format_version":"1.21.6","credit":"Naruto RPG","texture_size":[64,64],"textures":{"2":"consumibles:item/consumibles_shoyuramen","particle":"consumibles:item/consumibles_shoyuramen"},"elements":[{"from":[2.96,1.04641,2.96],"to":[13.04,6.08641,13.04],"rotation":{"angle":0,"axis":"y","origin":[6.32,-0.63359,6.32]},"faces":{"north":{"uv":[2.5,4,5,5.25],"texture":"#2"},"east":{"uv":[4.5,0,7,1.25],"texture":"#2"},"south":{"uv":[4.5,1.25,7,2.5],"texture":"#2"},"west":{"uv":[4.5,2.5,7,3.75],"texture":"#2"},"up":{"uv":[2.5,2.5,0,0],"texture":"#2"},"down":{"uv":[2.5,2.5,0,5],"texture":"#2"}}},{"from":[2.96,6.08641,2.96],"to":[13.04,7.26241,2.96],"rotation":{"angle":0,"axis":"y","origin":[6.32,6.08641,6.32]},"faces":{"north":{"uv":[6.25,6.75,8.75,7],"texture":"#2"},"east":{"uv":[0,0,0,0.25],"texture":"#2"},"south":{"uv":[7,0,9.5,0.25],"texture":"#2"},"west":{"uv":[0,0,0,0.25],"texture":"#2"},"up":{"uv":[2.5,0,0,0],"texture":"#2"},"down":{"uv":[2.5,0,0,0],"texture":"#2"}}},{"from":[2.96,6.08641,13.04],"to":[13.04,7.26241,13.04],"rotation":{"angle":0,"axis":"y","origin":[6.32,6.08641,6.32]},"faces":{"north":{"uv":[7,1.25,9.5,1.5],"texture":"#2"},"east":{"uv":[0,0,0,0.25],"texture":"#2"},"south":{"uv":[7,1.5,9.5,1.75],"texture":"#2"},"west":{"uv":[0,0,0,0.25],"texture":"#2"},"up":{"uv":[2.5,0,0,0],"texture":"#2"},"down":{"uv":[2.5,0,0,0],"texture":"#2"}}},{"from":[13.04,6.08641,2.96],"to":[13.04,7.26241,13.04],"rotation":{"angle":0,"axis":"y","origin":[6.32,6.08641,6.32]},"faces":{"north":{"uv":[0,0,0,0.25],"texture":"#2"},"east":{"uv":[7,0.75,9.5,1],"texture":"#2"},"south":{"uv":[0,0,0,0.25],"texture":"#2"},"west":{"uv":[7,1,9.5,1.25],"texture":"#2"},"up":{"uv":[0,2.5,0,0],"texture":"#2"},"down":{"uv":[0,0,0,2.5],"texture":"#2"}}},{"from":[2.96,6.08641,2.96],"to":[2.96,7.26241,13.04],"rotation":{"angle":0,"axis":"y","origin":[6.32,6.08641,6.32]},"faces":{"north":{"uv":[0,0,0,0.25],"texture":"#2"},"east":{"uv":[7,0.25,9.5,0.5],"texture":"#2"},"south":{"uv":[0,0,0,0.25],"texture":"#2"},"west":{"uv":[7,0.5,9.5,0.75],"texture":"#2"},"up":{"uv":[0,2.5,0,0],"texture":"#2"},"down":{"uv":[0,0,0,2.5],"texture":"#2"}}},{"from":[3.968,5.22841,8.554],"to":[7.328,6.74041,11.746],"rotation":{"angle":-22.5,"axis":"x","origin":[5.648,5.98441,10.15]},"faces":{"north":{"uv":[7.25,7.25,8.125,7.625],"texture":"#2"},"east":{"uv":[5.25,6.25,6,6.625],"texture":"#2"},"south":{"uv":[0,7.5,0.875,7.875],"texture":"#2"},"west":{"uv":[2.25,6.75,3,7.125],"texture":"#2"},"up":{"uv":[2.125,7.5,1.25,6.75],"texture":"#2"},"down":{"uv":[6.125,6.75,5.25,7.5],"texture":"#2"}}},{"from":[4.222,6.14041,3.804],"to":[7.982,6.14041,7.596],"rotation":{"angle":45,"axis":"y","origin":[6.102,5.98441,6.2]},"faces":{"north":{"uv":[0,0,1,0],"texture":"#2"},"east":{"uv":[0,0,1,0],"texture":"#2"},"south":{"uv":[0,0,1,0],"texture":"#2"},"west":{"uv":[0,0,1,0],"texture":"#2"},"up":{"uv":[7,6.75,6,5.75],"texture":"#2"},"down":{"uv":[4,6.25,3,7.25],"texture":"#2"}}},{"from":[12.536,5.75041,6.32],"to":[12.536,9.11041,12.2],"rotation":{"angle":-45,"axis":"z","origin":[12.536,6.75841,10.1]},"faces":{"north":{"uv":[0,0,0,0.875],"texture":"#2"},"east":{"uv":[3,5.25,4.5,6.125],"texture":"#2"},"south":{"uv":[0,0,0,0.875],"texture":"#2"},"west":{"uv":[4.5,5.25,6,6.125],"texture":"#2"},"up":{"uv":[0,1.5,0,0],"texture":"#2"},"down":{"uv":[0,0,0,1.5],"texture":"#2"}}},{"from":[6.992,4.91041,5.984],"to":[12.368,6.42241,9.68],"rotation":{"angle":22.5,"axis":"z","origin":[9.68,5.66641,8]},"faces":{"north":{"uv":[7,2.75,8.375,3.125],"texture":"#2"},"east":{"uv":[4.25,7.25,5.125,7.625],"texture":"#2"},"south":{"uv":[7,3.25,8.375,3.625],"texture":"#2"},"west":{"uv":[6.25,7.25,7.125,7.625],"texture":"#2"},"up":{"uv":[7.375,4.625,6,3.75],"texture":"#2"},"down":{"uv":[7.375,4.75,6,5.625],"texture":"#2"}}},{"from":[7.16,4.91041,8.504],"to":[11.864,6.92641,12.2],"rotation":{"angle":22.5,"axis":"z","origin":[9.848,5.66641,10.52]},"faces":{"north":{"uv":[7,1.75,8.125,2.25],"texture":"#2"},"east":{"uv":[2.25,7.25,3.125,7.75],"texture":"#2"},"south":{"uv":[7,2.25,8.125,2.75],"texture":"#2"},"west":{"uv":[3.25,7.25,4.125,7.75],"texture":"#2"},"up":{"uv":[5.125,7.125,4,6.25],"texture":"#2"},"down":{"uv":[1.125,6.5,0,7.375],"texture":"#2"}}},{"from":[3.96,0.04641,3.96],"to":[12.04,1.08641,12.04],"rotation":{"angle":0,"axis":"y","origin":[6.32,-1.63359,6.32]},"faces":{"north":{"uv":[7,5.75,9,6],"texture":"#2"},"east":{"uv":[7,6,9,6.25],"texture":"#2"},"south":{"uv":[6.25,7,8.25,7.25],"texture":"#2"},"west":{"uv":[7,6.25,9,6.5],"texture":"#2"},"up":{"uv":[4.5,2,2.5,0],"texture":"#2"},"down":{"uv":[4.5,2,2.5,4],"texture":"#2"}}},{"from":[12,4.5,4],"to":[12.5,12.5,4.25],"rotation":{"angle":-22.5,"axis":"z","origin":[12.25,7.5,4.125]},"faces":{"north":{"uv":[0.125,8.125,0.25,10.125],"texture":"#2"},"east":{"uv":[0.125,8.125,0.25,10.125],"texture":"#2"},"south":{"uv":[0.125,8.125,0.25,10.125],"texture":"#2"},"west":{"uv":[0.125,8.125,0.25,10.125],"texture":"#2"},"up":{"uv":[0.125,8.75,0.25,8.875],"texture":"#2"},"down":{"uv":[0.125,8.75,0.25,8.875],"texture":"#2"}}},{"from":[10,4.5,3],"to":[10.5,12.5,3.25],"rotation":{"angle":-22.5,"axis":"x","origin":[10.25,7.5,3.125]},"faces":{"north":{"uv":[0.125,8.125,0.25,10.125],"texture":"#2"},"east":{"uv":[0.125,8.125,0.25,10.125],"texture":"#2"},"south":{"uv":[0.125,8.125,0.25,10.125],"texture":"#2"},"west":{"uv":[0.125,8.125,0.25,10.125],"texture":"#2"},"up":{"uv":[0.125,8.75,0.25,8.875],"texture":"#2"},"down":{"uv":[0.125,8.75,0.25,8.875],"texture":"#2"}}}],"gui_light":"front","display":{"thirdperson_righthand":{"rotation":[25.25,0,0],"translation":[0,3.25,2.5],"scale":[0.5,0.5,0.5]},"thirdperson_lefthand":{"rotation":[25.25,0,0],"translation":[0,3.25,2.5],"scale":[0.5,0.5,0.5]},"firstperson_righthand":{"rotation":[7.61,1.43,10.66],"translation":[0,6,0]},"firstperson_lefthand":{"rotation":[7.61,1.43,10.66],"translation":[0,6,0]},"ground":{"rotation":[-11.79,0.24,-2.19],"translation":[0,5.5,0],"scale":[0.7,0.7,0.7]},"gui":{"rotation":[44.04,-22.68,1.09],"translation":[0,3,0],"scale":[1.2,1.2,1.2]},"head":{"scale":[0,0,0]},"fixed":{"translation":[0,4,-4.25]}}}