{"credit":"Naruto RPG","texture_size":[32,32],"textures":{"0":"rinnegan:item/rinnegan_barras","particle":"rinnegan:item/rinnegan_barras"},"elements":[{"from":[7,3,6.5],"to":[10,32,10],"rotation":{"angle":0,"axis":"y","origin":[8,3,7]},"faces":{"north":{"uv":[4,0,5.5,14.5],"texture":"#0"},"east":{"uv":[0,0,1.75,14.5],"texture":"#0"},"south":{"uv":[5.5,0,7,14.5],"texture":"#0"},"west":{"uv":[2,0,3.75,14.5],"texture":"#0"},"up":{"uv":[8.5,1.75,7,0],"texture":"#0"},"down":{"uv":[8.5,2,7,3.75],"texture":"#0"}}},{"from":[7,0,7.5],"to":[10,3,10],"rotation":{"angle":0,"axis":"y","origin":[8,-16,7]},"faces":{"north":{"uv":[7,4,8.5,5.5],"texture":"#0"},"east":{"uv":[7,7,8.25,8.5],"texture":"#0"},"south":{"uv":[7,5.5,8.5,7],"texture":"#0"},"west":{"uv":[8.5,0,9.75,1.5],"texture":"#0"},"up":{"uv":[10,2.75,8.5,1.5],"texture":"#0"},"down":{"uv":[10,3,8.5,4.25],"texture":"#0"}}}],"display":{"thirdperson_righthand":{"rotation":[90,180,0],"translation":[0,-2,-5.75],"scale":[0.25,0.25,0.25]},"thirdperson_lefthand":{"rotation":[90,180,0],"translation":[0,-2,-5.75],"scale":[0.25,0.25,0.25]},"firstperson_righthand":{"rotation":[-24,0,-180],"translation":[1.5,4.75,-1.75],"scale":[0.3,0.3,0.3]},"firstperson_lefthand":{"rotation":[-24,0,-180],"translation":[1.5,4.75,-1.75],"scale":[0.3,0.3,0.3]},"ground":{"rotation":[0.33,12.5,14.73],"translation":[0,3.75,0],"scale":[0.5,0.5,0.5]},"gui":{"rotation":[-41.87,-51.03,-40.85],"translation":[-2,-3.5,0],"scale":[0.5,0.5,0.5]},"head":{"scale":[0,0,0]},"fixed":{"rotation":[-146.68,51.65,140],"translation":[2.75,-3.75,0],"scale":[0.5,0.5,0.5]}}}