{"credit":"Naruto RPG","texture_size":[64,64],"textures":{"1":"sennin:item/sennin_pa","4":"sennin:item/sennin_ma","particle":"sennin:item/sennin_pa"},"elements":[{"from":[21,0,5.5],"to":[29,5,12.5],"rotation":{"angle":0,"axis":"y","origin":[26.5,0,13.75]},"faces":{"north":{"uv":[0,1,2.5,2.25],"texture":"#4"},"east":{"uv":[7.25,6.75,9,8],"texture":"#4"},"south":{"uv":[0,2.25,2.5,4.5],"texture":"#4"},"west":{"uv":[7.5,4.5,9.25,5.75],"texture":"#4"},"up":{"uv":[7.75,3.5,5.25,1.75],"texture":"#4"},"down":{"uv":[7.25,5.75,4.75,7.5],"texture":"#4"}}},{"from":[21,5,5.5],"to":[29,9,12.5],"rotation":{"angle":0,"axis":"y","origin":[26.5,0,13.75]},"faces":{"north":{"uv":[0,0,2.5,1],"texture":"#4"},"east":{"uv":[7.25,5.75,9,6.75],"texture":"#4"},"south":{"uv":[0,2.25,2.5,4.5],"texture":"#4"},"west":{"uv":[7.5,3.5,9.25,4.5],"texture":"#4"},"up":{"uv":[7.75,3.5,5.25,1.75],"texture":"#4"},"down":{"uv":[7.25,5.75,4.75,7.5],"texture":"#4"}}},{"from":[19.625,9,5],"to":[30.375,12,13],"rotation":{"angle":0,"axis":"y","origin":[26.625,0,13.75]},"faces":{"north":{"uv":[8.25,8,11,8.75],"texture":"#4"},"east":{"uv":[2.75,9.25,4.75,10],"texture":"#4"},"south":{"uv":[0,8.75,2.75,9.5],"texture":"#4"},"west":{"uv":[9.25,3.5,11.25,4.25],"texture":"#4"},"up":{"uv":[5.25,2,2.5,0],"texture":"#4"},"down":{"uv":[5.25,2,2.5,4],"texture":"#4"}}},{"from":[20.625,17,4],"to":[29.375,20,13],"rotation":{"angle":0,"axis":"y","origin":[24.875,19.5,8.5]},"faces":{"north":{"uv":[8.25,8.75,10.5,9.5],"texture":"#4"},"east":{"uv":[9,5.75,11.25,6.5],"texture":"#4"},"south":{"uv":[9,6.5,11.25,7.25],"texture":"#4"},"west":{"uv":[9,7.25,11.25,8],"texture":"#4"},"up":{"uv":[4.75,6.25,2.5,4],"texture":"#4"},"down":{"uv":[2.25,4.5,0,6.75],"texture":"#4"}}},{"from":[19.625,16,5],"to":[30.375,23,5],"rotation":{"angle":0,"axis":"y","origin":[24.875,19.5,8.5]},"faces":{"north":{"uv":[4.75,4,7.5,5.75],"texture":"#4"},"east":{"uv":[0,0,0,1.75],"texture":"#4"},"south":{"uv":[5.25,0,8,1.75],"texture":"#4"},"west":{"uv":[0,0,0,1.75],"texture":"#4"},"up":{"uv":[2.75,0,0,0],"texture":"#4"},"down":{"uv":[2.75,0,0,0],"texture":"#4"}}},{"from":[19.625,16,8],"to":[30.375,23,8],"rotation":{"angle":0,"axis":"y","origin":[24.875,19.5,8.5]},"faces":{"north":{"uv":[4.75,4,7.5,5.75],"texture":"#4"},"east":{"uv":[0,0,0,1.75],"texture":"#4"},"south":{"uv":[5.25,0,8,1.75],"texture":"#4"},"west":{"uv":[0,0,0,1.75],"texture":"#4"},"up":{"uv":[2.75,0,0,0],"texture":"#4"},"down":{"uv":[2.75,0,0,0],"texture":"#4"}}},{"from":[19.625,16,11],"to":[30.375,23,11],"rotation":{"angle":0,"axis":"y","origin":[24.875,19.5,8.5]},"faces":{"north":{"uv":[4.75,4,7.5,5.75],"texture":"#4"},"east":{"uv":[0,0,0,1.75],"texture":"#4"},"south":{"uv":[5.25,0,8,1.75],"texture":"#4"},"west":{"uv":[0,0,0,1.75],"texture":"#4"},"up":{"uv":[2.75,0,0,0],"texture":"#4"},"down":{"uv":[2.75,0,0,0],"texture":"#4"}}},{"from":[27.5,16,3.125],"to":[27.5,23,13.875],"rotation":{"angle":0,"axis":"y","origin":[26,19.5,8.875]},"faces":{"north":{"uv":[0,0,0,1.75],"texture":"#4"},"east":{"uv":[4.75,4,7.5,5.75],"texture":"#4"},"south":{"uv":[0,0,0,1.75],"texture":"#4"},"west":{"uv":[7.5,4,4.75,5.75],"texture":"#4"},"up":{"uv":[2.75,0,0,0],"rotation":90,"texture":"#4"},"down":{"uv":[2.75,0,0,0],"rotation":270,"texture":"#4"}}},{"from":[22.5,16,3.125],"to":[22.5,23,13.875],"rotation":{"angle":0,"axis":"y","origin":[24,19.5,8.875]},"faces":{"north":{"uv":[0,0,0,1.75],"texture":"#4"},"east":{"uv":[4.75,4,7.5,5.75],"texture":"#4"},"south":{"uv":[0,0,0,1.75],"texture":"#4"},"west":{"uv":[7.5,4,4.75,5.75],"texture":"#4"},"up":{"uv":[2.75,0,0,0],"rotation":90,"texture":"#4"},"down":{"uv":[2.75,0,0,0],"rotation":270,"texture":"#4"}}},{"from":[25,16,3.125],"to":[25,23,13.875],"rotation":{"angle":0,"axis":"y","origin":[23.5,19.5,8.875]},"faces":{"north":{"uv":[0,0,0,1.75],"texture":"#4"},"east":{"uv":[4.75,4,7.5,5.75],"texture":"#4"},"south":{"uv":[0,0,0,1.75],"texture":"#4"},"west":{"uv":[7.5,4,4.75,5.75],"texture":"#4"},"up":{"uv":[2.75,0,0,0],"rotation":90,"texture":"#4"},"down":{"uv":[2.75,0,0,0],"rotation":270,"texture":"#4"}}},{"from":[21,12,4.5],"to":[29,19,12.5],"rotation":{"angle":0,"axis":"y","origin":[26.5,0,13.75]},"faces":{"north":{"uv":[0,10.75,3.5,14.25],"texture":"#4"},"east":{"uv":[10.5,10.75,14,14.25],"texture":"#4"},"south":{"uv":[7,10.75,10.5,14.25],"texture":"#4"},"west":{"uv":[3.5,10.75,7,14.25],"texture":"#4"},"up":{"uv":[4.25,8.25,2.25,6.25],"texture":"#4"},"down":{"uv":[2,6.75,0,8.75],"texture":"#4"}}},{"from":[26.7,16.25,4.375],"to":[27.95,16.75,4.375],"rotation":{"angle":0,"axis":"y","origin":[2,0,15.375]},"faces":{"north":{"uv":[14.5,12.5,14.8125,12.625],"texture":"#4"},"east":{"uv":[2.75,4.5,3,5],"texture":"#4"},"south":{"uv":[14.5,12.5,14.8125,12.625],"texture":"#4"},"west":{"uv":[2.75,5,3,5.5],"texture":"#4"},"up":{"uv":[7.25,5.5,6.75,5.25],"texture":"#4"},"down":{"uv":[7.5,2,7,2.25],"texture":"#4"}}},{"from":[22.05,16.25,4.375],"to":[23.3,16.75,4.375],"rotation":{"angle":0,"axis":"y","origin":[48,0,15.375]},"faces":{"north":{"uv":[14.8125,12.5,14.5,12.625],"texture":"#4"},"east":{"uv":[3,5,2.75,5.5],"texture":"#4"},"south":{"uv":[14.8125,12.5,14.5,12.625],"texture":"#4"},"west":{"uv":[3,4.5,2.75,5],"texture":"#4"},"up":{"uv":[6.75,5.5,7.25,5.25],"texture":"#4"},"down":{"uv":[7,2,7.5,2.25],"texture":"#4"}}},{"from":[26,0,5.25],"to":[31,9,12.75],"rotation":{"angle":22.5,"axis":"z","origin":[28,4.5,9]},"faces":{"north":{"uv":[0,0,1.25,2.25],"texture":"#4"},"east":{"uv":[7.25,5.75,9,8],"texture":"#4"},"south":{"uv":[1.25,2.25,2.5,4.5],"texture":"#4"},"west":{"uv":[7.5,3.5,9.25,5.75],"texture":"#4"},"up":{"uv":[7.75,3.5,5.25,1.75],"texture":"#4"},"down":{"uv":[7.25,5.75,4.75,7.5],"texture":"#4"}}},{"from":[19,0,5.35],"to":[24,9,12.65],"rotation":{"angle":-22.5,"axis":"z","origin":[22,4.5,9]},"faces":{"north":{"uv":[1.25,0,0,2.25],"texture":"#4"},"east":{"uv":[9.25,3.5,7.5,5.75],"texture":"#4"},"south":{"uv":[2.5,2.25,1.25,4.5],"texture":"#4"},"west":{"uv":[9,5.75,7.25,8],"texture":"#4"},"up":{"uv":[5.25,3.5,7.75,1.75],"texture":"#4"},"down":{"uv":[4.75,5.75,7.25,7.5],"texture":"#4"}}},{"from":[-12,11.8,4.5],"to":[-4,18.8,12.5],"rotation":{"angle":0,"axis":"y","origin":[-6.5,0,13.75]},"faces":{"north":{"uv":[0,11.75,3.5,15.25],"texture":"#1"},"east":{"uv":[10.5,11.75,14,15.25],"texture":"#1"},"south":{"uv":[7,11.75,10.5,15.25],"texture":"#1"},"west":{"uv":[3.5,11.75,7,15.25],"texture":"#1"},"up":{"uv":[13.5,8.5,11.5,6.5],"texture":"#1"},"down":{"uv":[15.5,6.5,13.5,8.5],"texture":"#1"}}},{"from":[-12,5,5.5],"to":[-4,9,12.5],"rotation":{"angle":0,"axis":"y","origin":[-6.5,0,13.75]},"faces":{"north":{"uv":[2.75,0,4.75,1],"texture":"#1"},"east":{"uv":[4,4.5,5.75,5.5],"texture":"#1"},"south":{"uv":[2.75,2.25,4.75,3.25],"texture":"#1"},"west":{"uv":[5.75,4.5,4,5.5],"texture":"#1"},"up":{"uv":[2,8,0,6.25],"texture":"#1"},"down":{"uv":[8.5,0,6.5,1.75],"texture":"#1"}}},{"from":[-13.375,9,5],"to":[-2.625,12,13],"rotation":{"angle":0,"axis":"y","origin":[-6.375,0,13.75]},"faces":{"north":{"uv":[7.5,5.75,10.25,6.5],"texture":"#1"},"east":{"uv":[8.5,7.25,10.5,8],"texture":"#1"},"south":{"uv":[8.5,6.5,11.25,7.25],"texture":"#1"},"west":{"uv":[8.5,8,10.5,8.75],"texture":"#1"},"up":{"uv":[2.75,2,0,0],"texture":"#1"},"down":{"uv":[2.75,2,0,4],"texture":"#1"}}},{"from":[-6.3,16.05,4.375],"to":[-5.05,16.55,4.375],"rotation":{"angle":0,"axis":"y","origin":[-31,0,15.375]},"faces":{"north":{"uv":[7.25,3.75,7.5,4],"texture":"#1"},"east":{"uv":[0,0,0,0.25],"texture":"#1"},"south":{"uv":[7.25,4,7.5,4.25],"texture":"#1"},"west":{"uv":[0,0,0,0.25],"texture":"#1"},"up":{"uv":[0.25,0,0,0],"texture":"#1"},"down":{"uv":[0.25,0,0,0],"texture":"#1"}}},{"from":[-10.95,16.05,4.375],"to":[-9.7,16.55,4.375],"rotation":{"angle":0,"axis":"y","origin":[15,0,15.375]},"faces":{"north":{"uv":[7.5,6.5,7.75,6.75],"texture":"#1"},"east":{"uv":[0,0,0,0.25],"texture":"#1"},"south":{"uv":[7.75,6.5,8,6.75],"texture":"#1"},"west":{"uv":[0,0,0,0.25],"texture":"#1"},"up":{"uv":[0.25,0,0,0],"texture":"#1"},"down":{"uv":[0.25,0,0,0],"texture":"#1"}}},{"from":[-14,0,5.25],"to":[-9,9,12.75],"rotation":{"angle":-22.5,"axis":"z","origin":[-11,4.5,9]},"faces":{"north":{"uv":[3.5,6.75,4.75,9],"texture":"#1"},"east":{"uv":[4.75,2.25,6.5,4.5],"texture":"#1"},"south":{"uv":[4.75,6.75,6,9],"texture":"#1"},"west":{"uv":[5.75,4.5,7.5,6.75],"texture":"#1"},"up":{"uv":[9.25,3.5,8,1.75],"texture":"#1"},"down":{"uv":[9.75,0,8.5,1.75],"texture":"#1"}}},{"from":[-7,0,5.15],"to":[-2,9,12.85],"rotation":{"angle":22.5,"axis":"z","origin":[-5,4.5,9]},"faces":{"north":{"uv":[6,6.75,7.25,9],"texture":"#1"},"east":{"uv":[0,4,2,6.25],"texture":"#1"},"south":{"uv":[7.25,6.75,8.5,9],"texture":"#1"},"west":{"uv":[2,4.5,4,6.75],"texture":"#1"},"up":{"uv":[8.75,5.75,7.5,3.75],"texture":"#1"},"down":{"uv":[1.25,8,0,10],"texture":"#1"}}},{"from":[-11,19,8.5],"to":[-5,27,8.5],"rotation":{"angle":0,"axis":"y","origin":[-8,23,8]},"faces":{"north":{"uv":[6.5,1.75,8,3.75],"texture":"#1"},"east":{"uv":[0,0,0,2],"texture":"#1"},"south":{"uv":[8,1.75,6.5,3.75],"texture":"#1"},"west":{"uv":[0,0,0,2],"texture":"#1"},"up":{"uv":[1.5,0,0,0],"texture":"#1"},"down":{"uv":[1.5,0,0,0],"texture":"#1"}}},{"from":[-9,11,4.125],"to":[-7,13,5.125],"rotation":{"angle":0,"axis":"y","origin":[-31,0,15.375]},"faces":{"north":{"uv":[2,4,2.5,4.5],"texture":"#1"},"east":{"uv":[2.5,4,2.75,4.5],"texture":"#1"},"south":{"uv":[6.5,3.75,7,4.25],"texture":"#1"},"west":{"uv":[7,3.75,7.25,4.25],"texture":"#1"},"up":{"uv":[7,4.5,6.5,4.25],"texture":"#1"},"down":{"uv":[7.5,4.25,7,4.5],"texture":"#1"}}},{"from":[-8.5,19,5],"to":[-8.5,27,11],"rotation":{"angle":0,"axis":"y","origin":[-8,23,8]},"faces":{"north":{"uv":[0,0,0,2],"texture":"#1"},"east":{"uv":[6.5,1.75,8,3.75],"texture":"#1"},"south":{"uv":[0,0,0,2],"texture":"#1"},"west":{"uv":[8,1.75,6.5,3.75],"texture":"#1"},"up":{"uv":[1.5,0,0,0],"rotation":90,"texture":"#1"},"down":{"uv":[1.5,0,0,0],"rotation":270,"texture":"#1"}}},{"from":[-15,13.1,4.175],"to":[-1,20.1,4.175],"rotation":{"angle":0,"axis":"y","origin":[-31,0,15.375]},"faces":{"north":{"uv":[10.25,0,16,2.75],"texture":"#1"},"east":{"uv":[0,0,0,1.75],"texture":"#1"},"south":{"uv":[16,0,10.25,2.75],"texture":"#1"},"west":{"uv":[0,0,0,1.75],"texture":"#1"},"up":{"uv":[3.5,0,0,0],"texture":"#1"},"down":{"uv":[3.5,0,0,0],"texture":"#1"}}},{"from":[-12,0,5.5],"to":[-4,5,12.5],"rotation":{"angle":0,"axis":"y","origin":[-6.5,0,13.75]},"faces":{"north":{"uv":[2.75,1,4.75,2.25],"texture":"#1"},"east":{"uv":[4,5.5,5.75,6.75],"texture":"#1"},"south":{"uv":[2.75,3.25,4.75,4.5],"texture":"#1"},"west":{"uv":[5.75,5.5,4,6.75],"texture":"#1"},"up":{"uv":[2,8,0,6.25],"texture":"#1"},"down":{"uv":[8.5,0,6.5,1.75],"texture":"#1"}}}],"display":{"head":{"translation":[0,-38,0],"scale":[0.6,0.6,0.6]}}}